[2026-07-23T16:26:10+02:00] [INFO] [architecture:request] Processing event: source=handler payload={"type": "api", "description": "API REST pour monitoring", "target_dir": "/home/aza/eva-adam-v2"}
[2026-07-23T16:26:10+02:00] [INFO] [architecture:request] architecture:request — type=api desc=API REST pour monitoring
[2026-07-23T16:26:10+02:00] [INFO] [architecture:request] Project context: 2807 files, 1130587 lines
[2026-07-23T16:26:10+02:00] [INFO] [architecture:request] Patterns: packages=318 setup=no docker=no ci=no
[2026-07-23T16:26:10+02:00] [INFO] [architecture:request] Proposition d'architecture publiée sur architecture:proposal
[2026-07-23T16:30:39+02:00] [INFO] [skill:created] Processing event: source=watcher-skills payload={"path": "/home/aza/.hermes/skills/agents/adam-v2-infrastructure/references/agents-architect-scribe-treasurer.md", "action": "created", "extension": ".md", "size": 5470, "skill_name": "agents", "is_skill": true}
[2026-07-23T16:30:39+02:00] [INFO] [skill:created] skill:created —  à /home/aza/.hermes/skills/agents/adam-v2-infrastructure/references/agents-architect-scribe-treasurer.md
[2026-07-23T16:30:39+02:00] [INFO] [skill:created] Skill structure: references=no templates=no scripts=no
[2026-07-23T17:03:52+02:00] [INFO] [skill:created] Processing event: source=watcher-skills payload={"path": "/home/aza/.hermes/skills/multi-agent/adam-event-bus-system/SKILL.md", "action": "created", "extension": ".md", "size": 9528, "skill_name": "multi-agent", "is_skill": true}
[2026-07-23T17:03:52+02:00] [INFO] [skill:created] skill:created —  à /home/aza/.hermes/skills/multi-agent/adam-event-bus-system/SKILL.md
[2026-07-23T17:03:52+02:00] [INFO] [skill:created] Skill structure: references=no templates=no scripts=no
[2026-07-23T17:04:30+02:00] [INFO] [skill:created] Processing event: source=watcher-skills payload={"path": "/home/aza/.hermes/skills/multi-agent/adam-event-bus-system/references/adam-event-bus-architecture.md", "action": "created", "extension": ".md", "size": 5364, "skill_name": "multi-agent", "is_skill": true}
[2026-07-23T17:04:30+02:00] [INFO] [skill:created] skill:created —  à /home/aza/.hermes/skills/multi-agent/adam-event-bus-system/references/adam-event-bus-architecture.md
[2026-07-23T17:04:30+02:00] [INFO] [skill:created] Skill structure: references=no templates=no scripts=no
[2026-07-23T17:17:15+02:00] [INFO] [evolution:code_review] Processing event: source=adam-evolution payload={"scan_root": "/home/aza/eva-adam-v2", "files_scanned": 13, "total_lines": 6270, "summary": {"total": 31, "critical": 1, "warning": 10, "info": 20, "by_type": {"high_complexity": 10, "unused_import": 14, "syntax_error": 1, "factorization": 6}}, "critical_findings": [{"type": "syntax_error", "severity": "critical", "file": "/home/aza/eva-adam-v2/scripts/bad_syntax.py", "line": 1, "message": "Erreur de syntaxe: unterminated string literal (detected at line 1)", "suggestion": ""}], "timestamp": "2026-07-23T13:13:49.743240+00:00"}
[2026-07-23T17:17:15+02:00] [INFO] [evolution:code_review] Processing event: source=adam-evolution payload={"scan_root": "/home/aza/eva-adam-v2", "files_scanned": 13, "total_lines": 6273, "summary": {"total": 31, "critical": 1, "warning": 10, "info": 20, "by_type": {"high_complexity": 10, "unused_import": 14, "syntax_error": 1, "factorization": 6}}, "critical_findings": [{"type": "syntax_error", "severity": "critical", "file": "/home/aza/eva-adam-v2/scripts/bad_syntax.py", "line": 1, "message": "Erreur de syntaxe: unterminated string literal (detected at line 1)", "suggestion": ""}], "timestamp": "2026-07-23T13:17:34.447322+00:00"}
[2026-07-23T17:17:15+02:00] [INFO] [evolution:code_review] Processing event: source=handler payload={"scan_root": "/home/aza/eva-adam-v2", "files_scanned": 13, "total_lines": 6273, "summary": {"total": 31, "critical": 1, "warning": 10, "info": 20}, "critical_findings": [], "timestamp": "2026-07-23T15:17:15Z"}
[2026-07-23T17:17:15+02:00] [INFO] [evolution:code_review] evolution:code_review —  findings ( critiques)
[2026-07-23T17:17:15+02:00] [INFO] [evolution:code_review] Pas de findings critiques, pas de refactor nécessaire
[2026-07-23T17:17:15+02:00] [INFO] [evolution:code_review] evolution:code_review —  findings ( critiques)
[2026-07-23T17:17:15+02:00] [INFO] [evolution:code_review] Pas de findings critiques, pas de refactor nécessaire
[2026-07-23T17:17:15+02:00] [INFO] [evolution:code_review] evolution:code_review —  findings ( critiques)
[2026-07-23T17:17:15+02:00] [INFO] [evolution:code_review] Pas de findings critiques, pas de refactor nécessaire
[2026-07-23T17:38:00+02:00] [INFO] [skill:created] Processing event: source=watcher-skills payload={"path": "/home/aza/.hermes/skills/agents/adam-v2-infrastructure/references/daemon-debugging-session2.md", "action": "created", "extension": ".md", "size": 8458, "skill_name": "agents", "is_skill": true}
[2026-07-23T17:38:00+02:00] [INFO] [skill:created] skill:created —  à /home/aza/.hermes/skills/agents/adam-v2-infrastructure/references/daemon-debugging-session2.md
[2026-07-23T17:38:00+02:00] [INFO] [skill:created] Skill structure: references=no templates=no scripts=no
[2026-07-23T17:44:42+02:00] [INFO] [skill:created] Processing event: source=watcher-skills payload={"path": "/home/aza/.hermes/skills/dependency-auditor/SKILL.md", "action": "created", "extension": ".md", "size": 4591, "skill_name": "dependency-auditor", "is_skill": true}
[2026-07-23T17:44:42+02:00] [INFO] [skill:created] Processing event: source=watcher-skills payload={"path": "/home/aza/.hermes/skills/dependency-auditor/README.md", "action": "created", "extension": ".md", "size": 15211, "skill_name": "dependency-auditor", "is_skill": true}
[2026-07-23T17:44:42+02:00] [INFO] [skill:created] skill:created —  à /home/aza/.hermes/skills/dependency-auditor/SKILL.md
[2026-07-23T17:44:42+02:00] [INFO] [skill:created] Skill structure: references=yes templates=no scripts=yes
[2026-07-23T17:44:42+02:00] [INFO] [skill:created] skill:created —  à /home/aza/.hermes/skills/dependency-auditor/README.md
[2026-07-23T17:44:42+02:00] [INFO] [skill:created] Skill structure: references=yes templates=no scripts=yes
[2026-07-23T17:44:45+02:00] [INFO] [skill:created] Processing event: source=watcher-skills payload={"path": "/home/aza/.hermes/skills/dependency-auditor/references/dependency_management_best_practices.md", "action": "created", "extension": ".md", "size": 18189, "skill_name": "dependency-auditor", "is_skill": true}
[2026-07-23T17:44:45+02:00] [INFO] [skill:created] skill:created —  à /home/aza/.hermes/skills/dependency-auditor/references/dependency_management_best_practices.md
[2026-07-23T17:44:45+02:00] [INFO] [skill:created] Skill structure: references=no templates=no scripts=no
[2026-07-23T17:44:47+02:00] [INFO] [skill:created] Processing event: source=watcher-skills payload={"path": "/home/aza/.hermes/skills/dependency-auditor/references/license_compatibility_matrix.md", "action": "created", "extension": ".md", "size": 8860, "skill_name": "dependency-auditor", "is_skill": true}
[2026-07-23T17:44:47+02:00] [INFO] [skill:created] Processing event: source=watcher-skills payload={"path": "/home/aza/.hermes/skills/dependency-auditor/references/vulnerability_assessment_guide.md", "action": "created", "extension": ".md", "size": 14453, "skill_name": "dependency-auditor", "is_skill": true}
[2026-07-23T17:44:47+02:00] [INFO] [skill:created] skill:created —  à /home/aza/.hermes/skills/dependency-auditor/references/license_compatibility_matrix.md
[2026-07-23T17:44:47+02:00] [INFO] [skill:created] skill:created —  à /home/aza/.hermes/skills/dependency-auditor/references/vulnerability_assessment_guide.md
[2026-07-23T17:44:47+02:00] [INFO] [skill:created] Skill structure: references=no templates=no scripts=no
[2026-07-23T17:44:47+02:00] [INFO] [skill:created] Skill structure: references=no templates=no scripts=no
[2026-07-23T17:44:49+02:00] [INFO] [skill:created] Processing event: source=watcher-skills payload={"path": "/home/aza/.hermes/skills/pulse/SKILL.md", "action": "created", "extension": ".md", "size": 14306, "skill_name": "pulse", "is_skill": true}
[2026-07-23T17:44:49+02:00] [INFO] [skill:created] Processing event: source=watcher-skills payload={"path": "/home/aza/.hermes/skills/pulse/references/cross_platform_synthesis.md", "action": "created", "extension": ".md", "size": 9058, "skill_name": "pulse", "is_skill": true}
[2026-07-23T17:44:49+02:00] [INFO] [skill:created] skill:created —  à /home/aza/.hermes/skills/pulse/SKILL.md
[2026-07-23T17:44:49+02:00] [INFO] [skill:created] skill:created —  à /home/aza/.hermes/skills/pulse/references/cross_platform_synthesis.md
[2026-07-23T17:44:49+02:00] [INFO] [skill:created] Skill structure: references=yes templates=no scripts=yes
[2026-07-23T17:44:49+02:00] [INFO] [skill:created] Skill structure: references=no templates=no scripts=no
[2026-07-23T17:44:51+02:00] [INFO] [skill:created] Processing event: source=watcher-skills payload={"path": "/home/aza/.hermes/skills/pulse/references/parallel_execution_discipline.md", "action": "created", "extension": ".md", "size": 8601, "skill_name": "pulse", "is_skill": true}
[2026-07-23T17:44:51+02:00] [INFO] [skill:created] Processing event: source=watcher-skills payload={"path": "/home/aza/.hermes/skills/pulse/references/research_pack_conventions.md", "action": "created", "extension": ".md", "size": 8651, "skill_name": "pulse", "is_skill": true}
[2026-07-23T17:44:51+02:00] [INFO] [skill:created] skill:created —  à /home/aza/.hermes/skills/pulse/references/parallel_execution_discipline.md
[2026-07-23T17:44:51+02:00] [INFO] [skill:created] skill:created —  à /home/aza/.hermes/skills/pulse/references/research_pack_conventions.md
[2026-07-23T17:44:51+02:00] [INFO] [skill:created] Skill structure: references=no templates=no scripts=no
[2026-07-23T17:44:51+02:00] [INFO] [skill:created] Skill structure: references=no templates=no scripts=no
[2026-07-23T17:44:53+02:00] [INFO] [skill:created] Processing event: source=watcher-skills payload={"path": "/home/aza/.hermes/skills/sql-database-assistant/SKILL.md", "action": "created", "extension": ".md", "size": 16077, "skill_name": "sql-database-assistant", "is_skill": true}
[2026-07-23T17:44:53+02:00] [INFO] [skill:created] Processing event: source=watcher-skills payload={"path": "/home/aza/.hermes/skills/sql-database-assistant/references/query_patterns.md", "action": "created", "extension": ".md", "size": 9787, "skill_name": "sql-database-assistant", "is_skill": true}
[2026-07-23T17:44:53+02:00] [INFO] [skill:created] skill:created —  à /home/aza/.hermes/skills/sql-database-assistant/SKILL.md
[2026-07-23T17:44:53+02:00] [INFO] [skill:created] skill:created —  à /home/aza/.hermes/skills/sql-database-assistant/references/query_patterns.md
[2026-07-23T17:44:53+02:00] [INFO] [skill:created] Skill structure: references=yes templates=no scripts=yes
[2026-07-23T17:44:53+02:00] [INFO] [skill:created] Skill structure: references=no templates=no scripts=no
[2026-07-23T17:44:55+02:00] [INFO] [skill:created] Processing event: source=watcher-skills payload={"path": "/home/aza/.hermes/skills/sql-database-assistant/references/orm_patterns.md", "action": "created", "extension": ".md", "size": 12565, "skill_name": "sql-database-assistant", "is_skill": true}
[2026-07-23T17:44:55+02:00] [INFO] [skill:created] Processing event: source=watcher-skills payload={"path": "/home/aza/.hermes/skills/sql-database-assistant/references/optimization_guide.md", "action": "created", "extension": ".md", "size": 10699, "skill_name": "sql-database-assistant", "is_skill": true}
[2026-07-23T17:44:55+02:00] [INFO] [skill:created] skill:created —  à /home/aza/.hermes/skills/sql-database-assistant/references/orm_patterns.md
[2026-07-23T17:44:55+02:00] [INFO] [skill:created] skill:created —  à /home/aza/.hermes/skills/sql-database-assistant/references/optimization_guide.md
[2026-07-23T17:44:55+02:00] [INFO] [skill:created] Skill structure: references=no templates=no scripts=no
[2026-07-23T17:44:55+02:00] [INFO] [skill:created] Skill structure: references=no templates=no scripts=no
[2026-07-23T17:44:57+02:00] [INFO] [skill:created] Processing event: source=watcher-skills payload={"path": "/home/aza/.hermes/skills/deep-research/SKILL.md", "action": "created", "extension": ".md", "size": 7834, "skill_name": "deep-research", "is_skill": true}
[2026-07-23T17:44:57+02:00] [INFO] [skill:created] Processing event: source=watcher-skills payload={"path": "/home/aza/.hermes/skills/deep-research/references/full-catalog.md", "action": "created", "extension": ".md", "size": 980, "skill_name": "deep-research", "is_skill": true}
[2026-07-23T17:44:57+02:00] [INFO] [skill:created] skill:created —  à /home/aza/.hermes/skills/deep-research/references/full-catalog.md
[2026-07-23T17:44:57+02:00] [INFO] [skill:created] skill:created —  à /home/aza/.hermes/skills/deep-research/SKILL.md
[2026-07-23T17:44:57+02:00] [INFO] [skill:created] Skill structure: references=no templates=no scripts=no
[2026-07-23T17:44:57+02:00] [INFO] [skill:created] Skill structure: references=yes templates=no scripts=no
[2026-07-23T17:44:59+02:00] [INFO] [skill:created] Processing event: source=watcher-skills payload={"path": "/home/aza/.hermes/skills/customer-success-manager/SKILL.md", "action": "created", "extension": ".md", "size": 9222, "skill_name": "customer-success-manager", "is_skill": true}
[2026-07-23T17:44:59+02:00] [INFO] [skill:created] Processing event: source=watcher-skills payload={"path": "/home/aza/.hermes/skills/customer-success-manager/assets/success_plan_template.md", "action": "created", "extension": ".md", "size": 5889, "skill_name": "customer-success-manager", "is_skill": true}
[2026-07-23T17:44:59+02:00] [INFO] [skill:created] skill:created —  à /home/aza/.hermes/skills/customer-success-manager/SKILL.md
[2026-07-23T17:44:59+02:00] [INFO] [skill:created] Skill structure: references=yes templates=no scripts=yes
[2026-07-23T17:44:59+02:00] [INFO] [skill:created] skill:created —  à /home/aza/.hermes/skills/customer-success-manager/assets/success_plan_template.md
[2026-07-23T17:44:59+02:00] [INFO] [skill:created] Skill structure: references=no templates=no scripts=no
[2026-07-23T17:45:01+02:00] [INFO] [skill:created] Processing event: source=watcher-skills payload={"path": "/home/aza/.hermes/skills/customer-success-manager/assets/onboarding_checklist_template.md", "action": "created", "extension": ".md", "size": 7353, "skill_name": "customer-success-manager", "is_skill": true}
[2026-07-23T17:45:01+02:00] [INFO] [skill:created] Processing event: source=watcher-skills payload={"path": "/home/aza/.hermes/skills/customer-success-manager/assets/executive_business_review_template.md", "action": "created", "extension": ".md", "size": 6951, "skill_name": "customer-success-manager", "is_skill": true}
[2026-07-23T17:45:01+02:00] [INFO] [skill:created] skill:created —  à /home/aza/.hermes/skills/customer-success-manager/assets/executive_business_review_template.md
[2026-07-23T17:45:01+02:00] [INFO] [skill:created] skill:created —  à /home/aza/.hermes/skills/customer-success-manager/assets/onboarding_checklist_template.md
[2026-07-23T17:45:01+02:00] [INFO] [skill:created] Skill structure: references=no templates=no scripts=no
[2026-07-23T17:45:01+02:00] [INFO] [skill:created] Skill structure: references=no templates=no scripts=no
[2026-07-23T17:45:03+02:00] [INFO] [skill:created] Processing event: source=watcher-skills payload={"path": "/home/aza/.hermes/skills/customer-success-manager/assets/qbr_template.md", "action": "created", "extension": ".md", "size": 4711, "skill_name": "customer-success-manager", "is_skill": true}
[2026-07-23T17:45:03+02:00] [INFO] [skill:created] Processing event: source=watcher-skills payload={"path": "/home/aza/.hermes/skills/customer-success-manager/references/cs-metrics-benchmarks.md", "action": "created", "extension": ".md", "size": 9116, "skill_name": "customer-success-manager", "is_skill": true}
[2026-07-23T17:45:03+02:00] [INFO] [skill:created] skill:created —  à /home/aza/.hermes/skills/customer-success-manager/references/cs-metrics-benchmarks.md
[2026-07-23T17:45:03+02:00] [INFO] [skill:created] Skill structure: references=no templates=no scripts=no
[2026-07-23T17:45:03+02:00] [INFO] [skill:created] skill:created —  à /home/aza/.hermes/skills/customer-success-manager/assets/qbr_template.md
[2026-07-23T17:45:03+02:00] [INFO] [skill:created] Skill structure: references=no templates=no scripts=no
[2026-07-23T17:45:05+02:00] [INFO] [skill:created] Processing event: source=watcher-skills payload={"path": "/home/aza/.hermes/skills/customer-success-manager/references/cs-playbooks.md", "action": "created", "extension": ".md", "size": 10656, "skill_name": "customer-success-manager", "is_skill": true}
[2026-07-23T17:45:05+02:00] [INFO] [skill:created] Processing event: source=watcher-skills payload={"path": "/home/aza/.hermes/skills/customer-success-manager/references/health-scoring-framework.md", "action": "created", "extension": ".md", "size": 8540, "skill_name": "customer-success-manager", "is_skill": true}
[2026-07-23T17:45:05+02:00] [INFO] [skill:created] skill:created —  à /home/aza/.hermes/skills/customer-success-manager/references/cs-playbooks.md
[2026-07-23T17:45:05+02:00] [INFO] [skill:created] skill:created —  à /home/aza/.hermes/skills/customer-success-manager/references/health-scoring-framework.md
[2026-07-23T17:45:05+02:00] [INFO] [skill:created] Skill structure: references=no templates=no scripts=no
[2026-07-23T17:45:05+02:00] [INFO] [skill:created] Skill structure: references=no templates=no scripts=no
[2026-07-23T17:45:07+02:00] [INFO] [skill:created] Processing event: source=watcher-skills payload={"path": "/home/aza/.hermes/skills/ci-cd-pipeline-builder/SKILL.md", "action": "created", "extension": ".md", "size": 3228, "skill_name": "ci-cd-pipeline-builder", "is_skill": true}
[2026-07-23T17:45:07+02:00] [INFO] [skill:created] Processing event: source=watcher-skills payload={"path": "/home/aza/.hermes/skills/ci-cd-pipeline-builder/README.md", "action": "created", "extension": ".md", "size": 1165, "skill_name": "ci-cd-pipeline-builder", "is_skill": true}
[2026-07-23T17:45:07+02:00] [INFO] [skill:created] skill:created —  à /home/aza/.hermes/skills/ci-cd-pipeline-builder/SKILL.md
[2026-07-23T17:45:07+02:00] [INFO] [skill:created] skill:created —  à /home/aza/.hermes/skills/ci-cd-pipeline-builder/README.md
[2026-07-23T17:45:07+02:00] [INFO] [skill:created] Skill structure: references=yes templates=no scripts=yes
[2026-07-23T17:45:07+02:00] [INFO] [skill:created] Skill structure: references=yes templates=no scripts=yes
[2026-07-23T17:45:09+02:00] [INFO] [skill:created] Processing event: source=watcher-skills payload={"path": "/home/aza/.hermes/skills/ci-cd-pipeline-builder/references/gitlab-ci-templates.md", "action": "created", "extension": ".md", "size": 476, "skill_name": "ci-cd-pipeline-builder", "is_skill": true}
[2026-07-23T17:45:09+02:00] [INFO] [skill:created] Processing event: source=watcher-skills payload={"path": "/home/aza/.hermes/skills/ci-cd-pipeline-builder/references/pipeline-design-notes.md", "action": "created", "extension": ".md", "size": 2270, "skill_name": "ci-cd-pipeline-builder", "is_skill": true}
[2026-07-23T17:45:09+02:00] [INFO] [skill:created] skill:created —  à /home/aza/.hermes/skills/ci-cd-pipeline-builder/references/gitlab-ci-templates.md
[2026-07-23T17:45:09+02:00] [INFO] [skill:created] Skill structure: references=no templates=no scripts=no
[2026-07-23T17:45:09+02:00] [INFO] [skill:created] skill:created —  à /home/aza/.hermes/skills/ci-cd-pipeline-builder/references/pipeline-design-notes.md
[2026-07-23T17:45:09+02:00] [INFO] [skill:created] Skill structure: references=no templates=no scripts=no
[2026-07-23T17:45:11+02:00] [INFO] [skill:created] Processing event: source=watcher-skills payload={"path": "/home/aza/.hermes/skills/ci-cd-pipeline-builder/references/deployment-gates.md", "action": "created", "extension": ".md", "size": 429, "skill_name": "ci-cd-pipeline-builder", "is_skill": true}
[2026-07-23T17:45:11+02:00] [INFO] [skill:created] Processing event: source=watcher-skills payload={"path": "/home/aza/.hermes/skills/ci-cd-pipeline-builder/references/github-actions-templates.md", "action": "created", "extension": ".md", "size": 758, "skill_name": "ci-cd-pipeline-builder", "is_skill": true}
[2026-07-23T17:45:11+02:00] [INFO] [skill:created] skill:created —  à /home/aza/.hermes/skills/ci-cd-pipeline-builder/references/github-actions-templates.md
[2026-07-23T17:45:11+02:00] [INFO] [skill:created] skill:created —  à /home/aza/.hermes/skills/ci-cd-pipeline-builder/references/deployment-gates.md
[2026-07-23T17:45:11+02:00] [INFO] [skill:created] Skill structure: references=no templates=no scripts=no
[2026-07-23T17:45:11+02:00] [INFO] [skill:created] Skill structure: references=no templates=no scripts=no
[2026-07-23T17:45:13+02:00] [INFO] [skill:created] Processing event: source=watcher-skills payload={"path": "/home/aza/.hermes/skills/patent/SKILL.md", "action": "created", "extension": ".md", "size": 16509, "skill_name": "patent", "is_skill": true}
[2026-07-23T17:45:13+02:00] [INFO] [skill:created] Processing event: source=watcher-skills payload={"path": "/home/aza/.hermes/skills/patent/references/sub_use_case_routing.md", "action": "created", "extension": ".md", "size": 11017, "skill_name": "patent", "is_skill": true}
[2026-07-23T17:45:13+02:00] [INFO] [skill:created] skill:created —  à /home/aza/.hermes/skills/patent/references/sub_use_case_routing.md
[2026-07-23T17:45:13+02:00] [INFO] [skill:created] Skill structure: references=no templates=no scripts=no
[2026-07-23T17:45:13+02:00] [INFO] [skill:created] skill:created —  à /home/aza/.hermes/skills/patent/SKILL.md
[2026-07-23T17:45:13+02:00] [INFO] [skill:created] Skill structure: references=yes templates=no scripts=yes
[2026-07-23T17:45:15+02:00] [INFO] [skill:created] Processing event: source=watcher-skills payload={"path": "/home/aza/.hermes/skills/patent/references/cpc_classification_canon.md", "action": "created", "extension": ".md", "size": 8666, "skill_name": "patent", "is_skill": true}
[2026-07-23T17:45:15+02:00] [INFO] [skill:created] Processing event: source=watcher-skills payload={"path": "/home/aza/.hermes/skills/patent/references/legal_disclaimer_discipline.md", "action": "created", "extension": ".md", "size": 8022, "skill_name": "patent", "is_skill": true}
[2026-07-23T17:45:15+02:00] [INFO] [skill:created] skill:created —  à /home/aza/.hermes/skills/patent/references/cpc_classification_canon.md
[2026-07-23T17:45:15+02:00] [INFO] [skill:created] skill:created —  à /home/aza/.hermes/skills/patent/references/legal_disclaimer_discipline.md
[2026-07-23T17:45:15+02:00] [INFO] [skill:created] Skill structure: references=no templates=no scripts=no
[2026-07-23T17:45:15+02:00] [INFO] [skill:created] Skill structure: references=no templates=no scripts=no
[2026-07-23T17:45:17+02:00] [INFO] [skill:created] Processing event: source=watcher-skills payload={"path": "/home/aza/.hermes/skills/self-eval/SKILL.md", "action": "created", "extension": ".md", "size": 8457, "skill_name": "self-eval", "is_skill": true}
[2026-07-23T17:45:17+02:00] [INFO] [skill:created] Processing event: source=watcher-skills payload={"path": "/home/aza/.hermes/skills/landing/SKILL.md", "action": "created", "extension": ".md", "size": 15089, "skill_name": "landing", "is_skill": true}
[2026-07-23T17:45:17+02:00] [INFO] [skill:created] skill:created —  à /home/aza/.hermes/skills/self-eval/SKILL.md
[2026-07-23T17:45:17+02:00] [INFO] [skill:created] skill:created —  à /home/aza/.hermes/skills/landing/SKILL.md
[2026-07-23T17:45:17+02:00] [INFO] [skill:created] Skill structure: references=no templates=no scripts=no
[2026-07-23T17:45:17+02:00] [INFO] [skill:created] Skill structure: references=yes templates=no scripts=yes
[2026-07-23T17:45:19+02:00] [INFO] [skill:created] Processing event: source=watcher-skills payload={"path": "/home/aza/.hermes/skills/landing/references/single_file_html_discipline.md", "action": "created", "extension": ".md", "size": 8528, "skill_name": "landing", "is_skill": true}
[2026-07-23T17:45:19+02:00] [INFO] [skill:created] Processing event: source=watcher-skills payload={"path": "/home/aza/.hermes/skills/landing/references/brand_system_design.md", "action": "created", "extension": ".md", "size": 8401, "skill_name": "landing", "is_skill": true}
[2026-07-23T17:45:19+02:00] [INFO] [skill:created] skill:created —  à /home/aza/.hermes/skills/landing/references/single_file_html_discipline.md
[2026-07-23T17:45:19+02:00] [INFO] [skill:created] skill:created —  à /home/aza/.hermes/skills/landing/references/brand_system_design.md
[2026-07-23T17:45:19+02:00] [INFO] [skill:created] Skill structure: references=no templates=no scripts=no
[2026-07-23T17:45:19+02:00] [INFO] [skill:created] Skill structure: references=no templates=no scripts=no
[2026-07-23T17:45:21+02:00] [INFO] [skill:created] Processing event: source=watcher-skills payload={"path": "/home/aza/.hermes/skills/landing/references/gsap_animation_patterns.md", "action": "created", "extension": ".md", "size": 9654, "skill_name": "landing", "is_skill": true}
[2026-07-23T17:45:21+02:00] [INFO] [skill:created] Processing event: source=watcher-skills payload={"path": "/home/aza/.hermes/skills/ship-gate/SKILL.md", "action": "created", "extension": ".md", "size": 6606, "skill_name": "ship-gate", "is_skill": true}
[2026-07-23T17:45:21+02:00] [INFO] [skill:created] skill:created —  à /home/aza/.hermes/skills/ship-gate/SKILL.md
[2026-07-23T17:45:21+02:00] [INFO] [skill:created] skill:created —  à /home/aza/.hermes/skills/landing/references/gsap_animation_patterns.md
[2026-07-23T17:45:21+02:00] [INFO] [skill:created] Skill structure: references=yes templates=no scripts=yes
[2026-07-23T17:45:21+02:00] [INFO] [skill:created] Skill structure: references=no templates=no scripts=no
[2026-07-23T17:45:23+02:00] [INFO] [skill:created] Processing event: source=watcher-skills payload={"path": "/home/aza/.hermes/skills/ship-gate/references/patterns.md", "action": "created", "extension": ".md", "size": 16780, "skill_name": "ship-gate", "is_skill": true}
[2026-07-23T17:45:23+02:00] [INFO] [skill:created] Processing event: source=watcher-skills payload={"path": "/home/aza/.hermes/skills/ship-gate/references/checks.md", "action": "created", "extension": ".md", "size": 19088, "skill_name": "ship-gate", "is_skill": true}
[2026-07-23T17:45:23+02:00] [INFO] [skill:created] skill:created —  à /home/aza/.hermes/skills/ship-gate/references/patterns.md
[2026-07-23T17:45:23+02:00] [INFO] [skill:created] Skill structure: references=no templates=no scripts=no
[2026-07-23T17:45:23+02:00] [INFO] [skill:created] skill:created —  à /home/aza/.hermes/skills/ship-gate/references/checks.md
[2026-07-23T17:45:23+02:00] [INFO] [skill:created] Skill structure: references=no templates=no scripts=no
[2026-07-23T17:45:25+02:00] [INFO] [skill:created] Processing event: source=watcher-skills payload={"path": "/home/aza/.hermes/skills/litreview/SKILL.md", "action": "created", "extension": ".md", "size": 18586, "skill_name": "litreview", "is_skill": true}
[2026-07-23T17:45:25+02:00] [INFO] [skill:created] Processing event: source=watcher-skills payload={"path": "/home/aza/.hermes/skills/litreview/references/framework_selection.md", "action": "created", "extension": ".md", "size": 9235, "skill_name": "litreview", "is_skill": true}
[2026-07-23T17:45:25+02:00] [INFO] [skill:created] skill:created —  à /home/aza/.hermes/skills/litreview/references/framework_selection.md
[2026-07-23T17:45:25+02:00] [INFO] [skill:created] skill:created —  à /home/aza/.hermes/skills/litreview/SKILL.md
[2026-07-23T17:45:25+02:00] [INFO] [skill:created] Skill structure: references=no templates=no scripts=no
[2026-07-23T17:45:25+02:00] [INFO] [skill:created] Skill structure: references=yes templates=no scripts=yes
[2026-07-23T17:45:27+02:00] [INFO] [skill:created] Processing event: source=watcher-skills payload={"path": "/home/aza/.hermes/skills/litreview/references/docx_8_sections.md", "action": "created", "extension": ".md", "size": 12172, "skill_name": "litreview", "is_skill": true}
[2026-07-23T17:45:27+02:00] [INFO] [skill:created] Processing event: source=watcher-skills payload={"path": "/home/aza/.hermes/skills/litreview/references/search_budget_allocation.md", "action": "created", "extension": ".md", "size": 10326, "skill_name": "litreview", "is_skill": true}
[2026-07-23T17:45:27+02:00] [INFO] [skill:created] skill:created —  à /home/aza/.hermes/skills/litreview/references/search_budget_allocation.md
[2026-07-23T17:45:27+02:00] [INFO] [skill:created] skill:created —  à /home/aza/.hermes/skills/litreview/references/docx_8_sections.md
[2026-07-23T17:45:27+02:00] [INFO] [skill:created] Skill structure: references=no templates=no scripts=no
[2026-07-23T17:45:27+02:00] [INFO] [skill:created] Skill structure: references=no templates=no scripts=no
[2026-07-23T17:45:29+02:00] [INFO] [skill:created] Processing event: source=watcher-skills payload={"path": "/home/aza/.hermes/skills/market-research/SKILL.md", "action": "created", "extension": ".md", "size": 10276, "skill_name": "market-research", "is_skill": true}
[2026-07-23T17:45:29+02:00] [INFO] [skill:created] Processing event: source=watcher-skills payload={"path": "/home/aza/.hermes/skills/market-research/assets/market_research_brief_template.md", "action": "created", "extension": ".md", "size": 1638, "skill_name": "market-research", "is_skill": true}
[2026-07-23T17:45:29+02:00] [INFO] [skill:created] skill:created —  à /home/aza/.hermes/skills/market-research/assets/market_research_brief_template.md
[2026-07-23T17:45:29+02:00] [INFO] [skill:created] skill:created —  à /home/aza/.hermes/skills/market-research/SKILL.md
[2026-07-23T17:45:29+02:00] [INFO] [skill:created] Skill structure: references=no templates=no scripts=no
[2026-07-23T17:45:29+02:00] [INFO] [skill:created] Skill structure: references=yes templates=no scripts=yes
[2026-07-23T17:45:31+02:00] [INFO] [skill:created] Processing event: source=watcher-skills payload={"path": "/home/aza/.hermes/skills/market-research/references/segmentation_and_ci.md", "action": "created", "extension": ".md", "size": 2888, "skill_name": "market-research", "is_skill": true}
[2026-07-23T17:45:31+02:00] [INFO] [skill:created] Processing event: source=watcher-skills payload={"path": "/home/aza/.hermes/skills/market-research/references/survey_methodology.md", "action": "created", "extension": ".md", "size": 2631, "skill_name": "market-research", "is_skill": true}
[2026-07-23T17:45:31+02:00] [INFO] [skill:created] skill:created —  à /home/aza/.hermes/skills/market-research/references/survey_methodology.md
[2026-07-23T17:45:31+02:00] [INFO] [skill:created] Skill structure: references=no templates=no scripts=no
[2026-07-23T17:45:31+02:00] [INFO] [skill:created] skill:created —  à /home/aza/.hermes/skills/market-research/references/segmentation_and_ci.md
[2026-07-23T17:45:31+02:00] [INFO] [skill:created] Skill structure: references=no templates=no scripts=no
[2026-07-23T17:45:33+02:00] [INFO] [skill:created] Processing event: source=watcher-skills payload={"path": "/home/aza/.hermes/skills/market-research/references/market_sizing_canon.md", "action": "created", "extension": ".md", "size": 2650, "skill_name": "market-research", "is_skill": true}
[2026-07-23T17:45:33+02:00] [INFO] [skill:created] Processing event: source=watcher-skills payload={"path": "/home/aza/.hermes/skills/tech-debt-tracker/SKILL.md", "action": "created", "extension": ".md", "size": 4743, "skill_name": "tech-debt-tracker", "is_skill": true}
[2026-07-23T17:45:33+02:00] [INFO] [skill:created] skill:created —  à /home/aza/.hermes/skills/market-research/references/market_sizing_canon.md
[2026-07-23T17:45:33+02:00] [INFO] [skill:created] Skill structure: references=no templates=no scripts=no
[2026-07-23T17:45:33+02:00] [INFO] [skill:created] skill:created —  à /home/aza/.hermes/skills/tech-debt-tracker/SKILL.md
[2026-07-23T17:45:33+02:00] [INFO] [skill:created] Skill structure: references=yes templates=no scripts=yes
[2026-07-23T17:45:35+02:00] [INFO] [skill:created] Processing event: source=watcher-skills payload={"path": "/home/aza/.hermes/skills/tech-debt-tracker/README.md", "action": "created", "extension": ".md", "size": 9509, "skill_name": "tech-debt-tracker", "is_skill": true}
[2026-07-23T17:45:35+02:00] [INFO] [skill:created] Processing event: source=watcher-skills payload={"path": "/home/aza/.hermes/skills/tech-debt-tracker/references/debt-frameworks.md", "action": "created", "extension": ".md", "size": 14015, "skill_name": "tech-debt-tracker", "is_skill": true}
[2026-07-23T17:45:35+02:00] [INFO] [skill:created] skill:created —  à /home/aza/.hermes/skills/tech-debt-tracker/README.md
[2026-07-23T17:45:35+02:00] [INFO] [skill:created] Skill structure: references=yes templates=no scripts=yes
[2026-07-23T17:45:35+02:00] [INFO] [skill:created] skill:created —  à /home/aza/.hermes/skills/tech-debt-tracker/references/debt-frameworks.md
[2026-07-23T17:45:35+02:00] [INFO] [skill:created] Skill structure: references=no templates=no scripts=no
[2026-07-23T17:45:37+02:00] [INFO] [skill:created] Processing event: source=watcher-skills payload={"path": "/home/aza/.hermes/skills/tech-debt-tracker/references/stakeholder-communication-templates.md", "action": "created", "extension": ".md", "size": 12904, "skill_name": "tech-debt-tracker", "is_skill": true}
[2026-07-23T17:45:37+02:00] [INFO] [skill:created] Processing event: source=watcher-skills payload={"path": "/home/aza/.hermes/skills/tech-debt-tracker/references/prioritization-framework.md", "action": "created", "extension": ".md", "size": 10889, "skill_name": "tech-debt-tracker", "is_skill": true}
[2026-07-23T17:45:37+02:00] [INFO] [skill:created] skill:created —  à /home/aza/.hermes/skills/tech-debt-tracker/references/prioritization-framework.md
[2026-07-23T17:45:37+02:00] [INFO] [skill:created] Skill structure: references=no templates=no scripts=no
[2026-07-23T17:45:37+02:00] [INFO] [skill:created] skill:created —  à /home/aza/.hermes/skills/tech-debt-tracker/references/stakeholder-communication-templates.md
[2026-07-23T17:45:37+02:00] [INFO] [skill:created] Skill structure: references=no templates=no scripts=no
[2026-07-23T17:45:39+02:00] [INFO] [skill:created] Processing event: source=watcher-skills payload={"path": "/home/aza/.hermes/skills/tech-debt-tracker/references/debt-classification-taxonomy.md", "action": "created", "extension": ".md", "size": 10424, "skill_name": "tech-debt-tracker", "is_skill": true}
[2026-07-23T17:45:39+02:00] [INFO] [skill:created] Processing event: source=watcher-skills payload={"path": "/home/aza/.hermes/skills/pr-review-expert/SKILL.md", "action": "created", "extension": ".md", "size": 12647, "skill_name": "pr-review-expert", "is_skill": true}
[2026-07-23T17:45:39+02:00] [INFO] [skill:created] skill:created —  à /home/aza/.hermes/skills/tech-debt-tracker/references/debt-classification-taxonomy.md
[2026-07-23T17:45:39+02:00] [INFO] [skill:created] skill:created —  à /home/aza/.hermes/skills/pr-review-expert/SKILL.md
[2026-07-23T17:45:39+02:00] [INFO] [skill:created] Skill structure: references=no templates=no scripts=no
[2026-07-23T17:45:39+02:00] [INFO] [skill:created] Skill structure: references=no templates=no scripts=no
[2026-07-23T17:45:41+02:00] [INFO] [skill:created] Processing event: source=watcher-skills payload={"path": "/home/aza/.hermes/skills/spec-driven-workflow/SKILL.md", "action": "created", "extension": ".md", "size": 15646, "skill_name": "spec-driven-workflow", "is_skill": true}
[2026-07-23T17:45:41+02:00] [INFO] [skill:created] Processing event: source=watcher-skills payload={"path": "/home/aza/.hermes/skills/spec-driven-workflow/references/spec_format_guide.md", "action": "created", "extension": ".md", "size": 19127, "skill_name": "spec-driven-workflow", "is_skill": true}
[2026-07-23T17:45:41+02:00] [INFO] [skill:created] skill:created —  à /home/aza/.hermes/skills/spec-driven-workflow/SKILL.md
[2026-07-23T17:45:41+02:00] [INFO] [skill:created] skill:created —  à /home/aza/.hermes/skills/spec-driven-workflow/references/spec_format_guide.md
[2026-07-23T17:45:41+02:00] [INFO] [skill:created] Skill structure: references=yes templates=no scripts=yes
[2026-07-23T17:45:41+02:00] [INFO] [skill:created] Skill structure: references=no templates=no scripts=no
[2026-07-23T17:45:43+02:00] [INFO] [skill:created] Processing event: source=watcher-skills payload={"path": "/home/aza/.hermes/skills/spec-driven-workflow/references/bounded_autonomy_rules.md", "action": "created", "extension": ".md", "size": 11607, "skill_name": "spec-driven-workflow", "is_skill": true}
[2026-07-23T17:45:43+02:00] [INFO] [skill:created] Processing event: source=watcher-skills payload={"path": "/home/aza/.hermes/skills/spec-driven-workflow/references/acceptance_criteria_patterns.md", "action": "created", "extension": ".md", "size": 15278, "skill_name": "spec-driven-workflow", "is_skill": true}
[2026-07-23T17:45:43+02:00] [INFO] [skill:created] skill:created —  à /home/aza/.hermes/skills/spec-driven-workflow/references/bounded_autonomy_rules.md
[2026-07-23T17:45:43+02:00] [INFO] [skill:created] Skill structure: references=no templates=no scripts=no
[2026-07-23T17:45:43+02:00] [INFO] [skill:created] skill:created —  à /home/aza/.hermes/skills/spec-driven-workflow/references/acceptance_criteria_patterns.md
[2026-07-23T17:45:43+02:00] [INFO] [skill:created] Skill structure: references=no templates=no scripts=no
[2026-07-23T17:45:45+02:00] [INFO] [skill:created] Processing event: source=watcher-skills payload={"path": "/home/aza/.hermes/skills/observability-designer/SKILL.md", "action": "created", "extension": ".md", "size": 13894, "skill_name": "observability-designer", "is_skill": true}
[2026-07-23T17:45:45+02:00] [INFO] [skill:created] Processing event: source=watcher-skills payload={"path": "/home/aza/.hermes/skills/focused-fix/SKILL.md", "action": "created", "extension": ".md", "size": 13778, "skill_name": "focused-fix", "is_skill": true}
[2026-07-23T17:45:45+02:00] [INFO] [skill:created] skill:created —  à /home/aza/.hermes/skills/focused-fix/SKILL.md
[2026-07-23T17:45:45+02:00] [INFO] [skill:created] skill:created —  à /home/aza/.hermes/skills/observability-designer/SKILL.md
[2026-07-23T17:45:45+02:00] [INFO] [skill:created] Skill structure: references=no templates=no scripts=no
[2026-07-23T17:45:45+02:00] [INFO] [skill:created] Skill structure: references=yes templates=no scripts=yes
[2026-07-23T17:45:47+02:00] [INFO] [skill:created] Processing event: source=watcher-skills payload={"path": "/home/aza/.hermes/skills/observability-designer/README.md", "action": "created", "extension": ".md", "size": 11877, "skill_name": "observability-designer", "is_skill": true}
[2026-07-23T17:45:47+02:00] [INFO] [skill:created] Processing event: source=watcher-skills payload={"path": "/home/aza/.hermes/skills/observability-designer/references/alert_design_patterns.md", "action": "created", "extension": ".md", "size": 11972, "skill_name": "observability-designer", "is_skill": true}
[2026-07-23T17:45:47+02:00] [INFO] [skill:created] skill:created —  à /home/aza/.hermes/skills/observability-designer/README.md
[2026-07-23T17:45:47+02:00] [INFO] [skill:created] Skill structure: references=yes templates=no scripts=yes
[2026-07-23T17:45:47+02:00] [INFO] [skill:created] skill:created —  à /home/aza/.hermes/skills/observability-designer/references/alert_design_patterns.md
[2026-07-23T17:45:47+02:00] [INFO] [skill:created] Skill structure: references=no templates=no scripts=no
[2026-07-23T17:45:49+02:00] [INFO] [skill:created] Processing event: source=watcher-skills payload={"path": "/home/aza/.hermes/skills/observability-designer/references/slo_cookbook.md", "action": "created", "extension": ".md", "size": 10608, "skill_name": "observability-designer", "is_skill": true}
[2026-07-23T17:45:49+02:00] [INFO] [skill:created] Processing event: source=watcher-skills payload={"path": "/home/aza/.hermes/skills/observability-designer/references/dashboard_best_practices.md", "action": "created", "extension": ".md", "size": 14117, "skill_name": "observability-designer", "is_skill": true}
[2026-07-23T17:45:49+02:00] [INFO] [skill:created] skill:created —  à /home/aza/.hermes/skills/observability-designer/references/dashboard_best_practices.md
[2026-07-23T17:45:49+02:00] [INFO] [skill:created] skill:created —  à /home/aza/.hermes/skills/observability-designer/references/slo_cookbook.md
[2026-07-23T17:45:49+02:00] [INFO] [skill:created] Skill structure: references=no templates=no scripts=no
[2026-07-23T17:45:49+02:00] [INFO] [skill:created] Skill structure: references=no templates=no scripts=no
[2026-07-23T17:45:51+02:00] [INFO] [skill:created] Processing event: source=watcher-skills payload={"path": "/home/aza/.hermes/skills/database-schema-designer/SKILL.md", "action": "created", "extension": ".md", "size": 7502, "skill_name": "database-schema-designer", "is_skill": true}
[2026-07-23T17:45:51+02:00] [INFO] [skill:created] Processing event: source=watcher-skills payload={"path": "/home/aza/.hermes/skills/database-schema-designer/references/full-schema-examples.md", "action": "created", "extension": ".md", "size": 10443, "skill_name": "database-schema-designer", "is_skill": true}
[2026-07-23T17:45:51+02:00] [INFO] [skill:created] skill:created —  à /home/aza/.hermes/skills/database-schema-designer/SKILL.md
[2026-07-23T17:45:51+02:00] [INFO] [skill:created] Skill structure: references=yes templates=no scripts=no
[2026-07-23T17:45:51+02:00] [INFO] [skill:created] skill:created —  à /home/aza/.hermes/skills/database-schema-designer/references/full-schema-examples.md
[2026-07-23T17:45:51+02:00] [INFO] [skill:created] Skill structure: references=no templates=no scripts=no
[2026-07-23T17:45:53+02:00] [INFO] [skill:created] Processing event: source=watcher-skills payload={"path": "/home/aza/.hermes/skills/migration-architect/SKILL.md", "action": "created", "extension": ".md", "size": 16727, "skill_name": "migration-architect", "is_skill": true}
[2026-07-23T17:45:53+02:00] [INFO] [skill:created] Processing event: source=watcher-skills payload={"path": "/home/aza/.hermes/skills/migration-architect/README.md", "action": "created", "extension": ".md", "size": 11789, "skill_name": "migration-architect", "is_skill": true}
[2026-07-23T17:45:53+02:00] [INFO] [skill:created] skill:created —  à /home/aza/.hermes/skills/migration-architect/SKILL.md
[2026-07-23T17:45:53+02:00] [INFO] [skill:created] skill:created —  à /home/aza/.hermes/skills/migration-architect/README.md
[2026-07-23T17:45:53+02:00] [INFO] [skill:created] Skill structure: references=yes templates=no scripts=yes
[2026-07-23T17:45:53+02:00] [INFO] [skill:created] Skill structure: references=yes templates=no scripts=yes
[2026-07-23T17:45:55+02:00] [INFO] [skill:created] Processing event: source=watcher-skills payload={"path": "/home/aza/.hermes/skills/migration-architect/references/zero_downtime_techniques.md", "action": "created", "extension": ".md", "size": 31881, "skill_name": "migration-architect", "is_skill": true}
[2026-07-23T17:45:55+02:00] [INFO] [skill:created] Processing event: source=watcher-skills payload={"path": "/home/aza/.hermes/skills/migration-architect/references/data_reconciliation_strategies.md", "action": "created", "extension": ".md", "size": 47395, "skill_name": "migration-architect", "is_skill": true}
[2026-07-23T17:45:55+02:00] [INFO] [skill:created] skill:created —  à /home/aza/.hermes/skills/migration-architect/references/zero_downtime_techniques.md
[2026-07-23T17:45:55+02:00] [INFO] [skill:created] Skill structure: references=no templates=no scripts=no
[2026-07-23T17:45:55+02:00] [INFO] [skill:created] skill:created —  à /home/aza/.hermes/skills/migration-architect/references/data_reconciliation_strategies.md
[2026-07-23T17:45:55+02:00] [INFO] [skill:created] Skill structure: references=no templates=no scripts=no
[2026-07-23T17:45:57+02:00] [INFO] [skill:created] Processing event: source=watcher-skills payload={"path": "/home/aza/.hermes/skills/migration-architect/references/migration_patterns_catalog.md", "action": "created", "extension": ".md", "size": 19602, "skill_name": "migration-architect", "is_skill": true}
[2026-07-23T17:45:57+02:00] [INFO] [skill:created] Processing event: source=watcher-skills payload={"path": "/home/aza/.hermes/skills/api-design-reviewer/SKILL.md", "action": "created", "extension": ".md", "size": 12904, "skill_name": "api-design-reviewer", "is_skill": true}
[2026-07-23T17:45:57+02:00] [INFO] [skill:created] skill:created —  à /home/aza/.hermes/skills/api-design-reviewer/SKILL.md
[2026-07-23T17:45:57+02:00] [INFO] [skill:created] Skill structure: references=yes templates=no scripts=yes
[2026-07-23T17:45:57+02:00] [INFO] [skill:created] skill:created —  à /home/aza/.hermes/skills/migration-architect/references/migration_patterns_catalog.md
[2026-07-23T17:45:57+02:00] [INFO] [skill:created] Skill structure: references=no templates=no scripts=no
[2026-07-23T17:45:59+02:00] [INFO] [skill:created] Processing event: source=watcher-skills payload={"path": "/home/aza/.hermes/skills/api-design-reviewer/references/rest_design_rules.md", "action": "created", "extension": ".md", "size": 10444, "skill_name": "api-design-reviewer", "is_skill": true}
[2026-07-23T17:45:59+02:00] [INFO] [skill:created] Processing event: source=watcher-skills payload={"path": "/home/aza/.hermes/skills/api-design-reviewer/references/api_antipatterns.md", "action": "created", "extension": ".md", "size": 13707, "skill_name": "api-design-reviewer", "is_skill": true}
[2026-07-23T17:45:59+02:00] [INFO] [skill:created] skill:created —  à /home/aza/.hermes/skills/api-design-reviewer/references/api_antipatterns.md
[2026-07-23T17:45:59+02:00] [INFO] [skill:created] skill:created —  à /home/aza/.hermes/skills/api-design-reviewer/references/rest_design_rules.md
[2026-07-23T17:45:59+02:00] [INFO] [skill:created] Skill structure: references=no templates=no scripts=no
[2026-07-23T17:45:59+02:00] [INFO] [skill:created] Skill structure: references=no templates=no scripts=no
[2026-07-23T17:46:01+02:00] [INFO] [skill:created] Processing event: source=watcher-skills payload={"path": "/home/aza/.hermes/skills/loop-library/SKILL.md", "action": "created", "extension": ".md", "size": 11482, "skill_name": "loop-library", "is_skill": true}
[2026-07-23T17:46:01+02:00] [INFO] [skill:created] Processing event: source=watcher-skills payload={"path": "/home/aza/.hermes/skills/loop-library/README.md", "action": "created", "extension": ".md", "size": 2076, "skill_name": "loop-library", "is_skill": true}
[2026-07-23T17:46:01+02:00] [INFO] [skill:created] skill:created —  à /home/aza/.hermes/skills/loop-library/SKILL.md
[2026-07-23T17:46:01+02:00] [INFO] [skill:created] Skill structure: references=yes templates=no scripts=no
[2026-07-23T17:46:01+02:00] [INFO] [skill:created] skill:created —  à /home/aza/.hermes/skills/loop-library/README.md
[2026-07-23T17:46:01+02:00] [INFO] [skill:created] Skill structure: references=yes templates=no scripts=no
[2026-07-23T17:46:03+02:00] [INFO] [skill:created] Processing event: source=watcher-skills payload={"path": "/home/aza/.hermes/skills/loop-library/references/discover.md", "action": "created", "extension": ".md", "size": 3872, "skill_name": "loop-library", "is_skill": true}
[2026-07-23T17:46:03+02:00] [INFO] [skill:created] Processing event: source=watcher-skills payload={"path": "/home/aza/.hermes/skills/loop-library/references/audit.md", "action": "created", "extension": ".md", "size": 2742, "skill_name": "loop-library", "is_skill": true}
[2026-07-23T17:46:03+02:00] [INFO] [skill:created] skill:created —  à /home/aza/.hermes/skills/loop-library/references/discover.md
[2026-07-23T17:46:03+02:00] [INFO] [skill:created] Skill structure: references=no templates=no scripts=no
[2026-07-23T17:46:03+02:00] [INFO] [skill:created] skill:created —  à /home/aza/.hermes/skills/loop-library/references/audit.md
[2026-07-23T17:46:03+02:00] [INFO] [skill:created] Skill structure: references=no templates=no scripts=no
[2026-07-23T17:46:05+02:00] [INFO] [skill:created] Processing event: source=watcher-skills payload={"path": "/home/aza/.hermes/skills/financial-analyst/SKILL.md", "action": "created", "extension": ".md", "size": 7204, "skill_name": "financial-analyst", "is_skill": true}
[2026-07-23T17:46:05+02:00] [INFO] [skill:created] Processing event: source=watcher-skills payload={"path": "/home/aza/.hermes/skills/financial-analyst/assets/forecast_report_template.md", "action": "created", "extension": ".md", "size": 5189, "skill_name": "financial-analyst", "is_skill": true}
[2026-07-23T17:46:05+02:00] [INFO] [skill:created] skill:created —  à /home/aza/.hermes/skills/financial-analyst/SKILL.md
[2026-07-23T17:46:05+02:00] [INFO] [skill:created] skill:created —  à /home/aza/.hermes/skills/financial-analyst/assets/forecast_report_template.md
[2026-07-23T17:46:05+02:00] [INFO] [skill:created] Skill structure: references=yes templates=no scripts=yes
[2026-07-23T17:46:05+02:00] [INFO] [skill:created] Skill structure: references=no templates=no scripts=no
[2026-07-23T17:46:07+02:00] [INFO] [skill:created] Processing event: source=watcher-skills payload={"path": "/home/aza/.hermes/skills/financial-analyst/assets/dcf_analysis_template.md", "action": "created", "extension": ".md", "size": 5930, "skill_name": "financial-analyst", "is_skill": true}
[2026-07-23T17:46:07+02:00] [INFO] [skill:created] Processing event: source=watcher-skills payload={"path": "/home/aza/.hermes/skills/financial-analyst/assets/variance_report_template.md", "action": "created", "extension": ".md", "size": 3863, "skill_name": "financial-analyst", "is_skill": true}
[2026-07-23T17:46:07+02:00] [INFO] [skill:created] skill:created —  à /home/aza/.hermes/skills/financial-analyst/assets/dcf_analysis_template.md
[2026-07-23T17:46:07+02:00] [INFO] [skill:created] skill:created —  à /home/aza/.hermes/skills/financial-analyst/assets/variance_report_template.md
[2026-07-23T17:46:07+02:00] [INFO] [skill:created] Skill structure: references=no templates=no scripts=no
[2026-07-23T17:46:07+02:00] [INFO] [skill:created] Skill structure: references=no templates=no scripts=no
[2026-07-23T17:46:09+02:00] [INFO] [skill:created] Processing event: source=watcher-skills payload={"path": "/home/aza/.hermes/skills/financial-analyst/references/financial-ratios-guide.md", "action": "created", "extension": ".md", "size": 9212, "skill_name": "financial-analyst", "is_skill": true}
[2026-07-23T17:46:09+02:00] [INFO] [skill:created] Processing event: source=watcher-skills payload={"path": "/home/aza/.hermes/skills/financial-analyst/references/forecasting-best-practices.md", "action": "created", "extension": ".md", "size": 10012, "skill_name": "financial-analyst", "is_skill": true}
[2026-07-23T17:46:09+02:00] [INFO] [skill:created] skill:created —  à /home/aza/.hermes/skills/financial-analyst/references/financial-ratios-guide.md
[2026-07-23T17:46:09+02:00] [INFO] [skill:created] skill:created —  à /home/aza/.hermes/skills/financial-analyst/references/forecasting-best-practices.md
[2026-07-23T17:46:09+02:00] [INFO] [skill:created] Skill structure: references=no templates=no scripts=no
[2026-07-23T17:46:09+02:00] [INFO] [skill:created] Skill structure: references=no templates=no scripts=no
[2026-07-23T17:46:11+02:00] [INFO] [skill:created] Processing event: source=watcher-skills payload={"path": "/home/aza/.hermes/skills/financial-analyst/references/valuation-methodology.md", "action": "created", "extension": ".md", "size": 7922, "skill_name": "financial-analyst", "is_skill": true}
[2026-07-23T17:46:11+02:00] [INFO] [skill:created] Processing event: source=watcher-skills payload={"path": "/home/aza/.hermes/skills/financial-analyst/references/industry-adaptations.md", "action": "created", "extension": ".md", "size": 2914, "skill_name": "financial-analyst", "is_skill": true}
[2026-07-23T17:46:11+02:00] [INFO] [skill:created] skill:created —  à /home/aza/.hermes/skills/financial-analyst/references/valuation-methodology.md
[2026-07-23T17:46:11+02:00] [INFO] [skill:created] Skill structure: references=no templates=no scripts=no
[2026-07-23T17:46:11+02:00] [INFO] [skill:created] skill:created —  à /home/aza/.hermes/skills/financial-analyst/references/industry-adaptations.md
[2026-07-23T17:46:11+02:00] [INFO] [skill:created] Skill structure: references=no templates=no scripts=no
[2026-07-23T17:46:13+02:00] [INFO] [skill:created] Processing event: source=watcher-skills payload={"path": "/home/aza/.hermes/skills/saas-metrics-coach/SKILL.md", "action": "created", "extension": ".md", "size": 5748, "skill_name": "saas-metrics-coach", "is_skill": true}
[2026-07-23T17:46:13+02:00] [INFO] [skill:created] Processing event: source=watcher-skills payload={"path": "/home/aza/.hermes/skills/saas-metrics-coach/assets/input-template.md", "action": "created", "extension": ".md", "size": 718, "skill_name": "saas-metrics-coach", "is_skill": true}
[2026-07-23T17:46:13+02:00] [INFO] [skill:created] skill:created —  à /home/aza/.hermes/skills/saas-metrics-coach/SKILL.md
[2026-07-23T17:46:13+02:00] [INFO] [skill:created] Skill structure: references=yes templates=no scripts=yes
[2026-07-23T17:46:13+02:00] [INFO] [skill:created] skill:created —  à /home/aza/.hermes/skills/saas-metrics-coach/assets/input-template.md
[2026-07-23T17:46:13+02:00] [INFO] [skill:created] Skill structure: references=no templates=no scripts=no
[2026-07-23T17:46:15+02:00] [INFO] [skill:created] Processing event: source=watcher-skills payload={"path": "/home/aza/.hermes/skills/saas-metrics-coach/references/formulas.md", "action": "created", "extension": ".md", "size": 2493, "skill_name": "saas-metrics-coach", "is_skill": true}
[2026-07-23T17:46:15+02:00] [INFO] [skill:created] Processing event: source=watcher-skills payload={"path": "/home/aza/.hermes/skills/saas-metrics-coach/references/benchmarks.md", "action": "created", "extension": ".md", "size": 2530, "skill_name": "saas-metrics-coach", "is_skill": true}
[2026-07-23T17:46:15+02:00] [INFO] [skill:created] skill:created —  à /home/aza/.hermes/skills/saas-metrics-coach/references/benchmarks.md
[2026-07-23T17:46:15+02:00] [INFO] [skill:created] skill:created —  à /home/aza/.hermes/skills/saas-metrics-coach/references/formulas.md
[2026-07-23T17:46:15+02:00] [INFO] [skill:created] Skill structure: references=no templates=no scripts=no
[2026-07-23T17:46:15+02:00] [INFO] [skill:created] Skill structure: references=no templates=no scripts=no
[2026-07-23T17:46:17+02:00] [INFO] [skill:created] Processing event: source=watcher-skills payload={"path": "/home/aza/.hermes/skills/research-finance/SKILL.md", "action": "created", "extension": ".md", "size": 10664, "skill_name": "research-finance", "is_skill": true}
[2026-07-23T17:46:17+02:00] [INFO] [skill:created] Processing event: source=watcher-skills payload={"path": "/home/aza/.hermes/skills/research-finance/assets/rd_program_budget_template.md", "action": "created", "extension": ".md", "size": 1792, "skill_name": "research-finance", "is_skill": true}
[2026-07-23T17:46:17+02:00] [INFO] [skill:created] skill:created —  à /home/aza/.hermes/skills/research-finance/assets/rd_program_budget_template.md
[2026-07-23T17:46:17+02:00] [INFO] [skill:created] Skill structure: references=no templates=no scripts=no
[2026-07-23T17:46:17+02:00] [INFO] [skill:created] skill:created —  à /home/aza/.hermes/skills/research-finance/SKILL.md
[2026-07-23T17:46:17+02:00] [INFO] [skill:created] Skill structure: references=yes templates=no scripts=yes
[2026-07-23T17:46:19+02:00] [INFO] [skill:created] Processing event: source=watcher-skills payload={"path": "/home/aza/.hermes/skills/research-finance/references/indirect_rate_modeling.md", "action": "created", "extension": ".md", "size": 2459, "skill_name": "research-finance", "is_skill": true}
[2026-07-23T17:46:19+02:00] [INFO] [skill:created] Processing event: source=watcher-skills payload={"path": "/home/aza/.hermes/skills/research-finance/references/rd_program_finance_canon.md", "action": "created", "extension": ".md", "size": 2833, "skill_name": "research-finance", "is_skill": true}
[2026-07-23T17:46:19+02:00] [INFO] [skill:created] skill:created —  à /home/aza/.hermes/skills/research-finance/references/rd_program_finance_canon.md
[2026-07-23T17:46:19+02:00] [INFO] [skill:created] skill:created —  à /home/aza/.hermes/skills/research-finance/references/indirect_rate_modeling.md
[2026-07-23T17:46:19+02:00] [INFO] [skill:created] Skill structure: references=no templates=no scripts=no
[2026-07-23T17:46:19+02:00] [INFO] [skill:created] Skill structure: references=no templates=no scripts=no
[2026-07-23T17:46:21+02:00] [INFO] [skill:created] Processing event: source=watcher-skills payload={"path": "/home/aza/.hermes/skills/research-finance/references/burn_and_portfolio.md", "action": "created", "extension": ".md", "size": 2776, "skill_name": "research-finance", "is_skill": true}
[2026-07-23T17:46:21+02:00] [INFO] [skill:created] Processing event: source=watcher-skills payload={"path": "/home/aza/.hermes/skills/codebase-onboarding/SKILL.md", "action": "created", "extension": ".md", "size": 2606, "skill_name": "codebase-onboarding", "is_skill": true}
[2026-07-23T17:46:21+02:00] [INFO] [skill:created] skill:created —  à /home/aza/.hermes/skills/research-finance/references/burn_and_portfolio.md
[2026-07-23T17:46:21+02:00] [INFO] [skill:created] Skill structure: references=no templates=no scripts=no
[2026-07-23T17:46:21+02:00] [INFO] [skill:created] skill:created —  à /home/aza/.hermes/skills/codebase-onboarding/SKILL.md
[2026-07-23T17:46:21+02:00] [INFO] [skill:created] Skill structure: references=yes templates=no scripts=yes
[2026-07-23T17:46:23+02:00] [INFO] [skill:created] Processing event: source=watcher-skills payload={"path": "/home/aza/.hermes/skills/codebase-onboarding/references/output-format-templates.md", "action": "created", "extension": ".md", "size": 978, "skill_name": "codebase-onboarding", "is_skill": true}
[2026-07-23T17:46:23+02:00] [INFO] [skill:created] Processing event: source=watcher-skills payload={"path": "/home/aza/.hermes/skills/codebase-onboarding/references/onboarding-template.md", "action": "created", "extension": ".md", "size": 3414, "skill_name": "codebase-onboarding", "is_skill": true}
[2026-07-23T17:46:23+02:00] [INFO] [skill:created] skill:created —  à /home/aza/.hermes/skills/codebase-onboarding/references/onboarding-template.md
[2026-07-23T17:46:23+02:00] [INFO] [skill:created] Skill structure: references=no templates=no scripts=no
[2026-07-23T17:46:23+02:00] [INFO] [skill:created] skill:created —  à /home/aza/.hermes/skills/codebase-onboarding/references/output-format-templates.md
[2026-07-23T17:46:23+02:00] [INFO] [skill:created] Skill structure: references=no templates=no scripts=no
[2026-07-23T17:46:25+02:00] [INFO] [skill:created] Processing event: source=watcher-skills payload={"path": "/home/aza/.hermes/skills/env-secrets-manager/SKILL.md", "action": "created", "extension": ".md", "size": 10700, "skill_name": "env-secrets-manager", "is_skill": true}
[2026-07-23T17:46:25+02:00] [INFO] [skill:created] Processing event: source=watcher-skills payload={"path": "/home/aza/.hermes/skills/env-secrets-manager/references/secret-patterns.md", "action": "created", "extension": ".md", "size": 1140, "skill_name": "env-secrets-manager", "is_skill": true}
[2026-07-23T17:46:25+02:00] [INFO] [skill:created] skill:created —  à /home/aza/.hermes/skills/env-secrets-manager/references/secret-patterns.md
[2026-07-23T17:46:25+02:00] [INFO] [skill:created] skill:created —  à /home/aza/.hermes/skills/env-secrets-manager/SKILL.md
[2026-07-23T17:46:25+02:00] [INFO] [skill:created] Skill structure: references=no templates=no scripts=no
[2026-07-23T17:46:25+02:00] [INFO] [skill:created] Skill structure: references=yes templates=no scripts=yes
[2026-07-23T17:46:27+02:00] [INFO] [skill:created] Processing event: source=watcher-skills payload={"path": "/home/aza/.hermes/skills/env-secrets-manager/references/validation-detection-rotation.md", "action": "created", "extension": ".md", "size": 9457, "skill_name": "env-secrets-manager", "is_skill": true}
[2026-07-23T17:46:27+02:00] [INFO] [skill:created] Processing event: source=watcher-skills payload={"path": "/home/aza/.hermes/skills/finance-skills/SKILL.md", "action": "created", "extension": ".md", "size": 2054, "skill_name": "finance-skills", "is_skill": true}
[2026-07-23T17:46:27+02:00] [INFO] [skill:created] skill:created —  à /home/aza/.hermes/skills/env-secrets-manager/references/validation-detection-rotation.md
[2026-07-23T17:46:27+02:00] [INFO] [skill:created] skill:created —  à /home/aza/.hermes/skills/finance-skills/SKILL.md
[2026-07-23T17:46:27+02:00] [INFO] [skill:created] Skill structure: references=no templates=no scripts=no
[2026-07-23T17:46:27+02:00] [INFO] [skill:created] Skill structure: references=no templates=no scripts=no
[2026-07-23T17:46:29+02:00] [INFO] [skill:created] Processing event: source=watcher-skills payload={"path": "/home/aza/.hermes/skills/business-investment-advisor/SKILL.md", "action": "created", "extension": ".md", "size": 10008, "skill_name": "business-investment-advisor", "is_skill": true}
[2026-07-23T17:46:29+02:00] [INFO] [skill:created] Processing event: source=watcher-skills payload={"path": "/home/aza/.hermes/skills/clinical-research/SKILL.md", "action": "created", "extension": ".md", "size": 10956, "skill_name": "clinical-research", "is_skill": true}
[2026-07-23T17:46:29+02:00] [INFO] [skill:created] skill:created —  à /home/aza/.hermes/skills/clinical-research/SKILL.md
[2026-07-23T17:46:29+02:00] [INFO] [skill:created] skill:created —  à /home/aza/.hermes/skills/business-investment-advisor/SKILL.md
[2026-07-23T17:46:29+02:00] [INFO] [skill:created] Skill structure: references=yes templates=no scripts=yes
[2026-07-23T17:46:29+02:00] [INFO] [skill:created] Skill structure: references=no templates=no scripts=no
[2026-07-23T17:46:31+02:00] [INFO] [skill:created] Processing event: source=watcher-skills payload={"path": "/home/aza/.hermes/skills/clinical-research/assets/protocol_synopsis_template.md", "action": "created", "extension": ".md", "size": 1950, "skill_name": "clinical-research", "is_skill": true}
[2026-07-23T17:46:31+02:00] [INFO] [skill:created] Processing event: source=watcher-skills payload={"path": "/home/aza/.hermes/skills/clinical-research/references/endpoint_and_power.md", "action": "created", "extension": ".md", "size": 3110, "skill_name": "clinical-research", "is_skill": true}
[2026-07-23T17:46:31+02:00] [INFO] [skill:created] skill:created —  à /home/aza/.hermes/skills/clinical-research/assets/protocol_synopsis_template.md
[2026-07-23T17:46:31+02:00] [INFO] [skill:created] skill:created —  à /home/aza/.hermes/skills/clinical-research/references/endpoint_and_power.md
[2026-07-23T17:46:31+02:00] [INFO] [skill:created] Skill structure: references=no templates=no scripts=no
[2026-07-23T17:46:31+02:00] [INFO] [skill:created] Skill structure: references=no templates=no scripts=no
[2026-07-23T17:46:33+02:00] [INFO] [skill:created] Processing event: source=watcher-skills payload={"path": "/home/aza/.hermes/skills/clinical-research/references/trial_operations.md", "action": "created", "extension": ".md", "size": 2957, "skill_name": "clinical-research", "is_skill": true}
[2026-07-23T17:46:33+02:00] [INFO] [skill:created] Processing event: source=watcher-skills payload={"path": "/home/aza/.hermes/skills/clinical-research/references/study_design_canon.md", "action": "created", "extension": ".md", "size": 3078, "skill_name": "clinical-research", "is_skill": true}
[2026-07-23T17:46:33+02:00] [INFO] [skill:created] skill:created —  à /home/aza/.hermes/skills/clinical-research/references/study_design_canon.md
[2026-07-23T17:46:33+02:00] [INFO] [skill:created] Skill structure: references=no templates=no scripts=no
[2026-07-23T17:46:33+02:00] [INFO] [skill:created] skill:created —  à /home/aza/.hermes/skills/clinical-research/references/trial_operations.md
[2026-07-23T17:46:33+02:00] [INFO] [skill:created] Skill structure: references=no templates=no scripts=no
[2026-07-23T17:46:35+02:00] [INFO] [skill:created] Processing event: source=watcher-skills payload={"path": "/home/aza/.hermes/skills/runbook-generator/SKILL.md", "action": "created", "extension": ".md", "size": 2139, "skill_name": "runbook-generator", "is_skill": true}
[2026-07-23T17:46:35+02:00] [INFO] [skill:created] Processing event: source=watcher-skills payload={"path": "/home/aza/.hermes/skills/runbook-generator/references/runbook-templates.md", "action": "created", "extension": ".md", "size": 1079, "skill_name": "runbook-generator", "is_skill": true}
[2026-07-23T17:46:35+02:00] [INFO] [skill:created] skill:created —  à /home/aza/.hermes/skills/runbook-generator/SKILL.md
[2026-07-23T17:46:35+02:00] [INFO] [skill:created] Skill structure: references=yes templates=no scripts=yes
[2026-07-23T17:46:35+02:00] [INFO] [skill:created] skill:created —  à /home/aza/.hermes/skills/runbook-generator/references/runbook-templates.md
[2026-07-23T17:46:35+02:00] [INFO] [skill:created] Skill structure: references=no templates=no scripts=no
[2026-07-23T17:46:37+02:00] [INFO] [skill:created] Processing event: source=watcher-skills payload={"path": "/home/aza/.hermes/skills/secrets-vault-manager/SKILL.md", "action": "created", "extension": ".md", "size": 14586, "skill_name": "secrets-vault-manager", "is_skill": true}
[2026-07-23T17:46:37+02:00] [INFO] [skill:created] Processing event: source=watcher-skills payload={"path": "/home/aza/.hermes/skills/secrets-vault-manager/references/cloud_secret_stores.md", "action": "created", "extension": ".md", "size": 11466, "skill_name": "secrets-vault-manager", "is_skill": true}
[2026-07-23T17:46:37+02:00] [INFO] [skill:created] skill:created —  à /home/aza/.hermes/skills/secrets-vault-manager/SKILL.md
[2026-07-23T17:46:37+02:00] [INFO] [skill:created] skill:created —  à /home/aza/.hermes/skills/secrets-vault-manager/references/cloud_secret_stores.md
[2026-07-23T17:46:37+02:00] [INFO] [skill:created] Skill structure: references=yes templates=no scripts=yes
[2026-07-23T17:46:37+02:00] [INFO] [skill:created] Skill structure: references=no templates=no scripts=no
[2026-07-23T17:46:39+02:00] [INFO] [skill:created] Processing event: source=watcher-skills payload={"path": "/home/aza/.hermes/skills/secrets-vault-manager/references/emergency_procedures.md", "action": "created", "extension": ".md", "size": 9939, "skill_name": "secrets-vault-manager", "is_skill": true}
[2026-07-23T17:46:39+02:00] [INFO] [skill:created] Processing event: source=watcher-skills payload={"path": "/home/aza/.hermes/skills/secrets-vault-manager/references/vault_patterns.md", "action": "created", "extension": ".md", "size": 10496, "skill_name": "secrets-vault-manager", "is_skill": true}
[2026-07-23T17:46:39+02:00] [INFO] [skill:created] skill:created —  à /home/aza/.hermes/skills/secrets-vault-manager/references/emergency_procedures.md
[2026-07-23T17:46:39+02:00] [INFO] [skill:created] skill:created —  à /home/aza/.hermes/skills/secrets-vault-manager/references/vault_patterns.md
[2026-07-23T17:46:39+02:00] [INFO] [skill:created] Skill structure: references=no templates=no scripts=no
[2026-07-23T17:46:39+02:00] [INFO] [skill:created] Skill structure: references=no templates=no scripts=no
[2026-07-23T17:46:41+02:00] [INFO] [skill:created] Processing event: source=watcher-skills payload={"path": "/home/aza/.hermes/skills/mcp-server-builder/SKILL.md", "action": "created", "extension": ".md", "size": 3944, "skill_name": "mcp-server-builder", "is_skill": true}
[2026-07-23T17:46:41+02:00] [INFO] [skill:created] Processing event: source=watcher-skills payload={"path": "/home/aza/.hermes/skills/mcp-server-builder/README.md", "action": "created", "extension": ".md", "size": 1240, "skill_name": "mcp-server-builder", "is_skill": true}
[2026-07-23T17:46:41+02:00] [INFO] [skill:created] skill:created —  à /home/aza/.hermes/skills/mcp-server-builder/SKILL.md
[2026-07-23T17:46:41+02:00] [INFO] [skill:created] Skill structure: references=yes templates=no scripts=yes
[2026-07-23T17:46:41+02:00] [INFO] [skill:created] skill:created —  à /home/aza/.hermes/skills/mcp-server-builder/README.md
[2026-07-23T17:46:41+02:00] [INFO] [skill:created] Skill structure: references=yes templates=no scripts=yes
[2026-07-23T17:46:43+02:00] [INFO] [skill:created] Processing event: source=watcher-skills payload={"path": "/home/aza/.hermes/skills/mcp-server-builder/references/validation-checklist.md", "action": "created", "extension": ".md", "size": 1338, "skill_name": "mcp-server-builder", "is_skill": true}
[2026-07-23T17:46:43+02:00] [INFO] [skill:created] Processing event: source=watcher-skills payload={"path": "/home/aza/.hermes/skills/mcp-server-builder/references/typescript-server-template.md", "action": "created", "extension": ".md", "size": 346, "skill_name": "mcp-server-builder", "is_skill": true}
[2026-07-23T17:46:43+02:00] [INFO] [skill:created] skill:created —  à /home/aza/.hermes/skills/mcp-server-builder/references/validation-checklist.md
[2026-07-23T17:46:43+02:00] [INFO] [skill:created] skill:created —  à /home/aza/.hermes/skills/mcp-server-builder/references/typescript-server-template.md
[2026-07-23T17:46:43+02:00] [INFO] [skill:created] Skill structure: references=no templates=no scripts=no
[2026-07-23T17:46:43+02:00] [INFO] [skill:created] Skill structure: references=no templates=no scripts=no
[2026-07-23T17:46:45+02:00] [INFO] [skill:created] Processing event: source=watcher-skills payload={"path": "/home/aza/.hermes/skills/mcp-server-builder/references/production-hardening-guide.md", "action": "created", "extension": ".md", "size": 2999, "skill_name": "mcp-server-builder", "is_skill": true}
[2026-07-23T17:46:45+02:00] [INFO] [skill:created] Processing event: source=watcher-skills payload={"path": "/home/aza/.hermes/skills/mcp-server-builder/references/python-server-template.md", "action": "created", "extension": ".md", "size": 610, "skill_name": "mcp-server-builder", "is_skill": true}
[2026-07-23T17:46:45+02:00] [INFO] [skill:created] skill:created —  à /home/aza/.hermes/skills/mcp-server-builder/references/python-server-template.md
[2026-07-23T17:46:45+02:00] [INFO] [skill:created] skill:created —  à /home/aza/.hermes/skills/mcp-server-builder/references/production-hardening-guide.md
[2026-07-23T17:46:45+02:00] [INFO] [skill:created] Skill structure: references=no templates=no scripts=no
[2026-07-23T17:46:45+02:00] [INFO] [skill:created] Skill structure: references=no templates=no scripts=no
[2026-07-23T17:46:47+02:00] [INFO] [skill:created] Processing event: source=watcher-skills payload={"path": "/home/aza/.hermes/skills/mcp-server-builder/references/openapi-extraction-guide.md", "action": "created", "extension": ".md", "size": 867, "skill_name": "mcp-server-builder", "is_skill": true}
[2026-07-23T17:46:47+02:00] [INFO] [skill:created] Processing event: source=watcher-skills payload={"path": "/home/aza/.hermes/skills/feature-flags-architect/SKILL.md", "action": "created", "extension": ".md", "size": 9795, "skill_name": "feature-flags-architect", "is_skill": true}
[2026-07-23T17:46:47+02:00] [INFO] [skill:created] skill:created —  à /home/aza/.hermes/skills/mcp-server-builder/references/openapi-extraction-guide.md
[2026-07-23T17:46:47+02:00] [INFO] [skill:created] Skill structure: references=no templates=no scripts=no
[2026-07-23T17:46:47+02:00] [INFO] [skill:created] skill:created —  à /home/aza/.hermes/skills/feature-flags-architect/SKILL.md
[2026-07-23T17:46:47+02:00] [INFO] [skill:created] Skill structure: references=yes templates=no scripts=yes
[2026-07-23T17:46:49+02:00] [INFO] [skill:created] Processing event: source=watcher-skills payload={"path": "/home/aza/.hermes/skills/feature-flags-architect/assets/flag_request_template.md", "action": "created", "extension": ".md", "size": 1770, "skill_name": "feature-flags-architect", "is_skill": true}
[2026-07-23T17:46:49+02:00] [INFO] [skill:created] Processing event: source=watcher-skills payload={"path": "/home/aza/.hermes/skills/feature-flags-architect/references/flag_taxonomy.md", "action": "created", "extension": ".md", "size": 4511, "skill_name": "feature-flags-architect", "is_skill": true}
[2026-07-23T17:46:49+02:00] [INFO] [skill:created] skill:created —  à /home/aza/.hermes/skills/feature-flags-architect/assets/flag_request_template.md
[2026-07-23T17:46:49+02:00] [INFO] [skill:created] skill:created —  à /home/aza/.hermes/skills/feature-flags-architect/references/flag_taxonomy.md
[2026-07-23T17:46:49+02:00] [INFO] [skill:created] Skill structure: references=no templates=no scripts=no
[2026-07-23T17:46:49+02:00] [INFO] [skill:created] Skill structure: references=no templates=no scripts=no
[2026-07-23T17:46:51+02:00] [INFO] [skill:created] Processing event: source=watcher-skills payload={"path": "/home/aza/.hermes/skills/feature-flags-architect/references/provider_comparison.md", "action": "created", "extension": ".md", "size": 5148, "skill_name": "feature-flags-architect", "is_skill": true}
[2026-07-23T17:46:51+02:00] [INFO] [skill:created] Processing event: source=watcher-skills payload={"path": "/home/aza/.hermes/skills/feature-flags-architect/references/rollout_strategies.md", "action": "created", "extension": ".md", "size": 5024, "skill_name": "feature-flags-architect", "is_skill": true}
[2026-07-23T17:46:51+02:00] [INFO] [skill:created] skill:created —  à /home/aza/.hermes/skills/feature-flags-architect/references/provider_comparison.md
[2026-07-23T17:46:51+02:00] [INFO] [skill:created] skill:created —  à /home/aza/.hermes/skills/feature-flags-architect/references/rollout_strategies.md
[2026-07-23T17:46:51+02:00] [INFO] [skill:created] Skill structure: references=no templates=no scripts=no
[2026-07-23T17:46:51+02:00] [INFO] [skill:created] Skill structure: references=no templates=no scripts=no
[2026-07-23T17:46:53+02:00] [INFO] [skill:created] Processing event: source=watcher-skills payload={"path": "/home/aza/.hermes/skills/feature-flags-architect/references/flag_lifecycle.md", "action": "created", "extension": ".md", "size": 5869, "skill_name": "feature-flags-architect", "is_skill": true}
[2026-07-23T17:46:53+02:00] [INFO] [skill:created] Processing event: source=watcher-skills payload={"path": "/home/aza/.hermes/skills/revenue-operations/SKILL.md", "action": "created", "extension": ".md", "size": 9435, "skill_name": "revenue-operations", "is_skill": true}
[2026-07-23T17:46:53+02:00] [INFO] [skill:created] skill:created —  à /home/aza/.hermes/skills/revenue-operations/SKILL.md
[2026-07-23T17:46:53+02:00] [INFO] [skill:created] skill:created —  à /home/aza/.hermes/skills/feature-flags-architect/references/flag_lifecycle.md
[2026-07-23T17:46:53+02:00] [INFO] [skill:created] Skill structure: references=no templates=no scripts=no
[2026-07-23T17:46:53+02:00] [INFO] [skill:created] Skill structure: references=yes templates=no scripts=yes
[2026-07-23T17:46:55+02:00] [INFO] [skill:created] Processing event: source=watcher-skills payload={"path": "/home/aza/.hermes/skills/revenue-operations/assets/forecast_report_template.md", "action": "created", "extension": ".md", "size": 3710, "skill_name": "revenue-operations", "is_skill": true}
[2026-07-23T17:46:55+02:00] [INFO] [skill:created] Processing event: source=watcher-skills payload={"path": "/home/aza/.hermes/skills/revenue-operations/assets/gtm_dashboard_template.md", "action": "created", "extension": ".md", "size": 5310, "skill_name": "revenue-operations", "is_skill": true}
[2026-07-23T17:46:55+02:00] [INFO] [skill:created] skill:created —  à /home/aza/.hermes/skills/revenue-operations/assets/gtm_dashboard_template.md
[2026-07-23T17:46:55+02:00] [INFO] [skill:created] skill:created —  à /home/aza/.hermes/skills/revenue-operations/assets/forecast_report_template.md
[2026-07-23T17:46:55+02:00] [INFO] [skill:created] Skill structure: references=no templates=no scripts=no
[2026-07-23T17:46:55+02:00] [INFO] [skill:created] Skill structure: references=no templates=no scripts=no
[2026-07-23T17:46:57+02:00] [INFO] [skill:created] Processing event: source=watcher-skills payload={"path": "/home/aza/.hermes/skills/revenue-operations/assets/pipeline_review_template.md", "action": "created", "extension": ".md", "size": 3259, "skill_name": "revenue-operations", "is_skill": true}
[2026-07-23T17:46:57+02:00] [INFO] [skill:created] Processing event: source=watcher-skills payload={"path": "/home/aza/.hermes/skills/revenue-operations/references/revops-metrics-guide.md", "action": "created", "extension": ".md", "size": 10151, "skill_name": "revenue-operations", "is_skill": true}
[2026-07-23T17:46:57+02:00] [INFO] [skill:created] skill:created —  à /home/aza/.hermes/skills/revenue-operations/assets/pipeline_review_template.md
[2026-07-23T17:46:57+02:00] [INFO] [skill:created] skill:created —  à /home/aza/.hermes/skills/revenue-operations/references/revops-metrics-guide.md
[2026-07-23T17:46:57+02:00] [INFO] [skill:created] Skill structure: references=no templates=no scripts=no
[2026-07-23T17:46:57+02:00] [INFO] [skill:created] Skill structure: references=no templates=no scripts=no
[2026-07-23T17:46:59+02:00] [INFO] [skill:created] Processing event: source=watcher-skills payload={"path": "/home/aza/.hermes/skills/revenue-operations/references/pipeline-management-framework.md", "action": "created", "extension": ".md", "size": 9710, "skill_name": "revenue-operations", "is_skill": true}
[2026-07-23T17:46:59+02:00] [INFO] [skill:created] Processing event: source=watcher-skills payload={"path": "/home/aza/.hermes/skills/revenue-operations/references/gtm-efficiency-benchmarks.md", "action": "created", "extension": ".md", "size": 10850, "skill_name": "revenue-operations", "is_skill": true}
[2026-07-23T17:46:59+02:00] [INFO] [skill:created] skill:created —  à /home/aza/.hermes/skills/revenue-operations/references/pipeline-management-framework.md
[2026-07-23T17:46:59+02:00] [INFO] [skill:created] skill:created —  à /home/aza/.hermes/skills/revenue-operations/references/gtm-efficiency-benchmarks.md
[2026-07-23T17:46:59+02:00] [INFO] [skill:created] Skill structure: references=no templates=no scripts=no
[2026-07-23T17:46:59+02:00] [INFO] [skill:created] Skill structure: references=no templates=no scripts=no
[2026-07-23T17:47:01+02:00] [INFO] [skill:created] Processing event: source=watcher-skills payload={"path": "/home/aza/.hermes/skills/handoff/SKILL.md", "action": "created", "extension": ".md", "size": 9960, "skill_name": "handoff", "is_skill": true}
[2026-07-23T17:47:01+02:00] [INFO] [skill:created] Processing event: source=watcher-skills payload={"path": "/home/aza/.hermes/skills/handoff/README.md", "action": "created", "extension": ".md", "size": 1204, "skill_name": "handoff", "is_skill": true}
[2026-07-23T17:47:01+02:00] [INFO] [skill:created] skill:created —  à /home/aza/.hermes/skills/handoff/SKILL.md
[2026-07-23T17:47:01+02:00] [INFO] [skill:created] Skill structure: references=yes templates=no scripts=yes
[2026-07-23T17:47:01+02:00] [INFO] [skill:created] skill:created —  à /home/aza/.hermes/skills/handoff/README.md
[2026-07-23T17:47:01+02:00] [INFO] [skill:created] Skill structure: references=yes templates=no scripts=yes
[2026-07-23T17:47:03+02:00] [INFO] [skill:created] Processing event: source=watcher-skills payload={"path": "/home/aza/.hermes/skills/handoff/assets/example_handoff.md", "action": "created", "extension": ".md", "size": 2315, "skill_name": "handoff", "is_skill": true}
[2026-07-23T17:47:03+02:00] [INFO] [skill:created] Processing event: source=watcher-skills payload={"path": "/home/aza/.hermes/skills/handoff/references/handoff_prompt.md", "action": "created", "extension": ".md", "size": 4366, "skill_name": "handoff", "is_skill": true}
[2026-07-23T17:47:03+02:00] [INFO] [skill:created] skill:created —  à /home/aza/.hermes/skills/handoff/references/handoff_prompt.md
[2026-07-23T17:47:03+02:00] [INFO] [skill:created] Skill structure: references=no templates=no scripts=no
[2026-07-23T17:47:03+02:00] [INFO] [skill:created] skill:created —  à /home/aza/.hermes/skills/handoff/assets/example_handoff.md
[2026-07-23T17:47:03+02:00] [INFO] [skill:created] Skill structure: references=no templates=no scripts=no
[2026-07-23T17:47:05+02:00] [INFO] [skill:created] Processing event: source=watcher-skills payload={"path": "/home/aza/.hermes/skills/handoff/references/redaction_checklist.md", "action": "created", "extension": ".md", "size": 4739, "skill_name": "handoff", "is_skill": true}
[2026-07-23T17:47:05+02:00] [INFO] [skill:created] Processing event: source=watcher-skills payload={"path": "/home/aza/.hermes/skills/handoff/references/deduplication_discipline.md", "action": "created", "extension": ".md", "size": 4633, "skill_name": "handoff", "is_skill": true}
[2026-07-23T17:47:05+02:00] [INFO] [skill:created] skill:created —  à /home/aza/.hermes/skills/handoff/references/redaction_checklist.md
[2026-07-23T17:47:05+02:00] [INFO] [skill:created] skill:created —  à /home/aza/.hermes/skills/handoff/references/deduplication_discipline.md
[2026-07-23T17:47:05+02:00] [INFO] [skill:created] Skill structure: references=no templates=no scripts=no
[2026-07-23T17:47:05+02:00] [INFO] [skill:created] Skill structure: references=no templates=no scripts=no
[2026-07-23T17:47:07+02:00] [INFO] [skill:created] Processing event: source=watcher-skills payload={"path": "/home/aza/.hermes/skills/handoff/references/configuration.md", "action": "created", "extension": ".md", "size": 5399, "skill_name": "handoff", "is_skill": true}
[2026-07-23T17:47:07+02:00] [INFO] [skill:created] Processing event: source=watcher-skills payload={"path": "/home/aza/.hermes/skills/handoff/references/handoff_structure.md", "action": "created", "extension": ".md", "size": 4563, "skill_name": "handoff", "is_skill": true}
[2026-07-23T17:47:07+02:00] [INFO] [skill:created] skill:created —  à /home/aza/.hermes/skills/handoff/references/handoff_structure.md
[2026-07-23T17:47:07+02:00] [INFO] [skill:created] skill:created —  à /home/aza/.hermes/skills/handoff/references/configuration.md
[2026-07-23T17:47:07+02:00] [INFO] [skill:created] Skill structure: references=no templates=no scripts=no
[2026-07-23T17:47:07+02:00] [INFO] [skill:created] Skill structure: references=no templates=no scripts=no
[2026-07-23T17:47:09+02:00] [INFO] [skill:created] Processing event: source=watcher-skills payload={"path": "/home/aza/.hermes/skills/performance-profiler/SKILL.md", "action": "created", "extension": ".md", "size": 2761, "skill_name": "performance-profiler", "is_skill": true}
[2026-07-23T17:47:09+02:00] [INFO] [skill:created] Processing event: source=watcher-skills payload={"path": "/home/aza/.hermes/skills/performance-profiler/references/profiling-recipes.md", "action": "created", "extension": ".md", "size": 11531, "skill_name": "performance-profiler", "is_skill": true}
[2026-07-23T17:47:09+02:00] [INFO] [skill:created] skill:created —  à /home/aza/.hermes/skills/performance-profiler/SKILL.md
[2026-07-23T17:47:09+02:00] [INFO] [skill:created] skill:created —  à /home/aza/.hermes/skills/performance-profiler/references/profiling-recipes.md
[2026-07-23T17:47:09+02:00] [INFO] [skill:created] Skill structure: references=yes templates=no scripts=yes
[2026-07-23T17:47:09+02:00] [INFO] [skill:created] Skill structure: references=no templates=no scripts=no
[2026-07-23T17:47:11+02:00] [INFO] [skill:created] Processing event: source=watcher-skills payload={"path": "/home/aza/.hermes/skills/performance-profiler/references/optimization-playbook.md", "action": "created", "extension": ".md", "size": 3262, "skill_name": "performance-profiler", "is_skill": true}
[2026-07-23T17:47:11+02:00] [INFO] [skill:created] Processing event: source=watcher-skills payload={"path": "/home/aza/.hermes/skills/rag-architect/SKILL.md", "action": "created", "extension": ".md", "size": 4506, "skill_name": "rag-architect", "is_skill": true}
[2026-07-23T17:47:11+02:00] [INFO] [skill:created] skill:created —  à /home/aza/.hermes/skills/performance-profiler/references/optimization-playbook.md
[2026-07-23T17:47:11+02:00] [INFO] [skill:created] skill:created —  à /home/aza/.hermes/skills/rag-architect/SKILL.md
[2026-07-23T17:47:11+02:00] [INFO] [skill:created] Skill structure: references=no templates=no scripts=no
[2026-07-23T17:47:11+02:00] [INFO] [skill:created] Skill structure: references=yes templates=no scripts=no
[2026-07-23T17:47:13+02:00] [INFO] [skill:created] Processing event: source=watcher-skills payload={"path": "/home/aza/.hermes/skills/rag-architect/references/rag_evaluation_framework.md", "action": "created", "extension": ".md", "size": 15137, "skill_name": "rag-architect", "is_skill": true}
[2026-07-23T17:47:13+02:00] [INFO] [skill:created] Processing event: source=watcher-skills payload={"path": "/home/aza/.hermes/skills/rag-architect/references/chunking_strategies_comparison.md", "action": "created", "extension": ".md", "size": 10181, "skill_name": "rag-architect", "is_skill": true}
[2026-07-23T17:47:13+02:00] [INFO] [skill:created] skill:created —  à /home/aza/.hermes/skills/rag-architect/references/rag_evaluation_framework.md
[2026-07-23T17:47:13+02:00] [INFO] [skill:created] Skill structure: references=no templates=no scripts=no
[2026-07-23T17:47:13+02:00] [INFO] [skill:created] skill:created —  à /home/aza/.hermes/skills/rag-architect/references/chunking_strategies_comparison.md
[2026-07-23T17:47:13+02:00] [INFO] [skill:created] Skill structure: references=no templates=no scripts=no
[2026-07-23T17:47:15+02:00] [INFO] [skill:created] Processing event: source=watcher-skills payload={"path": "/home/aza/.hermes/skills/rag-architect/references/embedding_model_benchmark.md", "action": "created", "extension": ".md", "size": 12729, "skill_name": "rag-architect", "is_skill": true}
[2026-07-23T17:47:15+02:00] [INFO] [skill:created] Processing event: source=watcher-skills payload={"path": "/home/aza/.hermes/skills/grants/SKILL.md", "action": "created", "extension": ".md", "size": 14774, "skill_name": "grants", "is_skill": true}
[2026-07-23T17:47:15+02:00] [INFO] [skill:created] skill:created —  à /home/aza/.hermes/skills/grants/SKILL.md
[2026-07-23T17:47:15+02:00] [INFO] [skill:created] Skill structure: references=yes templates=no scripts=yes
[2026-07-23T17:47:15+02:00] [INFO] [skill:created] skill:created —  à /home/aza/.hermes/skills/rag-architect/references/embedding_model_benchmark.md
[2026-07-23T17:47:15+02:00] [INFO] [skill:created] Skill structure: references=no templates=no scripts=no
[2026-07-23T17:47:17+02:00] [INFO] [skill:created] Processing event: source=watcher-skills payload={"path": "/home/aza/.hermes/skills/grants/references/reporter_post_patterns.md", "action": "created", "extension": ".md", "size": 7652, "skill_name": "grants", "is_skill": true}
[2026-07-23T17:47:17+02:00] [INFO] [skill:created] Processing event: source=watcher-skills payload={"path": "/home/aza/.hermes/skills/grants/references/nih_mechanism_matching.md", "action": "created", "extension": ".md", "size": 8507, "skill_name": "grants", "is_skill": true}
[2026-07-23T17:47:17+02:00] [INFO] [skill:created] skill:created —  à /home/aza/.hermes/skills/grants/references/nih_mechanism_matching.md
[2026-07-23T17:47:17+02:00] [INFO] [skill:created] Skill structure: references=no templates=no scripts=no
[2026-07-23T17:47:17+02:00] [INFO] [skill:created] skill:created —  à /home/aza/.hermes/skills/grants/references/reporter_post_patterns.md
[2026-07-23T17:47:17+02:00] [INFO] [skill:created] Skill structure: references=no templates=no scripts=no
[2026-07-23T17:47:19+02:00] [INFO] [skill:created] Processing event: source=watcher-skills payload={"path": "/home/aza/.hermes/skills/grants/references/docx_9_sections.md", "action": "created", "extension": ".md", "size": 10958, "skill_name": "grants", "is_skill": true}
[2026-07-23T17:47:19+02:00] [INFO] [skill:created] Processing event: source=watcher-skills payload={"path": "/home/aza/.hermes/skills/slo-architect/SKILL.md", "action": "created", "extension": ".md", "size": 10533, "skill_name": "slo-architect", "is_skill": true}
[2026-07-23T17:47:19+02:00] [INFO] [skill:created] skill:created —  à /home/aza/.hermes/skills/grants/references/docx_9_sections.md
[2026-07-23T17:47:19+02:00] [INFO] [skill:created] Skill structure: references=no templates=no scripts=no
[2026-07-23T17:47:19+02:00] [INFO] [skill:created] skill:created —  à /home/aza/.hermes/skills/slo-architect/SKILL.md
[2026-07-23T17:47:19+02:00] [INFO] [skill:created] Skill structure: references=yes templates=no scripts=yes
[2026-07-23T17:47:21+02:00] [INFO] [skill:created] Processing event: source=watcher-skills payload={"path": "/home/aza/.hermes/skills/slo-architect/assets/error_budget_policy.md", "action": "created", "extension": ".md", "size": 2641, "skill_name": "slo-architect", "is_skill": true}
[2026-07-23T17:47:21+02:00] [INFO] [skill:created] Processing event: source=watcher-skills payload={"path": "/home/aza/.hermes/skills/slo-architect/references/sli_design.md", "action": "created", "extension": ".md", "size": 5451, "skill_name": "slo-architect", "is_skill": true}
[2026-07-23T17:47:21+02:00] [INFO] [skill:created] skill:created —  à /home/aza/.hermes/skills/slo-architect/references/sli_design.md
[2026-07-23T17:47:21+02:00] [INFO] [skill:created] Skill structure: references=no templates=no scripts=no
[2026-07-23T17:47:21+02:00] [INFO] [skill:created] skill:created —  à /home/aza/.hermes/skills/slo-architect/assets/error_budget_policy.md
[2026-07-23T17:47:21+02:00] [INFO] [skill:created] Skill structure: references=no templates=no scripts=no
[2026-07-23T17:47:23+02:00] [INFO] [skill:created] Processing event: source=watcher-skills payload={"path": "/home/aza/.hermes/skills/slo-architect/references/composition.md", "action": "created", "extension": ".md", "size": 5266, "skill_name": "slo-architect", "is_skill": true}
[2026-07-23T17:47:23+02:00] [INFO] [skill:created] Processing event: source=watcher-skills payload={"path": "/home/aza/.hermes/skills/slo-architect/references/error_budget.md", "action": "created", "extension": ".md", "size": 4588, "skill_name": "slo-architect", "is_skill": true}
[2026-07-23T17:47:23+02:00] [INFO] [skill:created] skill:created —  à /home/aza/.hermes/skills/slo-architect/references/composition.md
[2026-07-23T17:47:23+02:00] [INFO] [skill:created] skill:created —  à /home/aza/.hermes/skills/slo-architect/references/error_budget.md
[2026-07-23T17:47:23+02:00] [INFO] [skill:created] Skill structure: references=no templates=no scripts=no
[2026-07-23T17:47:23+02:00] [INFO] [skill:created] Skill structure: references=no templates=no scripts=no
[2026-07-23T17:47:25+02:00] [INFO] [skill:created] Processing event: source=watcher-skills payload={"path": "/home/aza/.hermes/skills/slo-architect/references/slo_principles.md", "action": "created", "extension": ".md", "size": 5333, "skill_name": "slo-architect", "is_skill": true}
[2026-07-23T17:47:25+02:00] [INFO] [skill:created] Processing event: source=watcher-skills payload={"path": "/home/aza/.hermes/skills/changelog-generator/SKILL.md", "action": "created", "extension": ".md", "size": 7524, "skill_name": "changelog-generator", "is_skill": true}
[2026-07-23T17:47:25+02:00] [INFO] [skill:created] skill:created —  à /home/aza/.hermes/skills/slo-architect/references/slo_principles.md
[2026-07-23T17:47:25+02:00] [INFO] [skill:created] skill:created —  à /home/aza/.hermes/skills/changelog-generator/SKILL.md
[2026-07-23T17:47:25+02:00] [INFO] [skill:created] Skill structure: references=no templates=no scripts=no
[2026-07-23T17:47:25+02:00] [INFO] [skill:created] Skill structure: references=yes templates=no scripts=yes
[2026-07-23T17:47:27+02:00] [INFO] [skill:created] Processing event: source=watcher-skills payload={"path": "/home/aza/.hermes/skills/changelog-generator/README.md", "action": "created", "extension": ".md", "size": 1451, "skill_name": "changelog-generator", "is_skill": true}
[2026-07-23T17:47:27+02:00] [INFO] [skill:created] Processing event: source=watcher-skills payload={"path": "/home/aza/.hermes/skills/changelog-generator/references/ci-integration.md", "action": "created", "extension": ".md", "size": 509, "skill_name": "changelog-generator", "is_skill": true}
[2026-07-23T17:47:27+02:00] [INFO] [skill:created] skill:created —  à /home/aza/.hermes/skills/changelog-generator/README.md
[2026-07-23T17:47:27+02:00] [INFO] [skill:created] Skill structure: references=yes templates=no scripts=yes
[2026-07-23T17:47:27+02:00] [INFO] [skill:created] skill:created —  à /home/aza/.hermes/skills/changelog-generator/references/ci-integration.md
[2026-07-23T17:47:27+02:00] [INFO] [skill:created] Skill structure: references=no templates=no scripts=no
[2026-07-23T17:47:29+02:00] [INFO] [skill:created] Processing event: source=watcher-skills payload={"path": "/home/aza/.hermes/skills/changelog-generator/references/changelog-formatting-guide.md", "action": "created", "extension": ".md", "size": 316, "skill_name": "changelog-generator", "is_skill": true}
[2026-07-23T17:47:29+02:00] [INFO] [skill:created] Processing event: source=watcher-skills payload={"path": "/home/aza/.hermes/skills/changelog-generator/references/hotfix-procedures.md", "action": "created", "extension": ".md", "size": 15809, "skill_name": "changelog-generator", "is_skill": true}
[2026-07-23T17:47:29+02:00] [INFO] [skill:created] skill:created —  à /home/aza/.hermes/skills/changelog-generator/references/hotfix-procedures.md
[2026-07-23T17:47:29+02:00] [INFO] [skill:created] Skill structure: references=no templates=no scripts=no
[2026-07-23T17:47:29+02:00] [INFO] [skill:created] skill:created —  à /home/aza/.hermes/skills/changelog-generator/references/changelog-formatting-guide.md
[2026-07-23T17:47:29+02:00] [INFO] [skill:created] Skill structure: references=no templates=no scripts=no
[2026-07-23T17:47:32+02:00] [INFO] [skill:created] Processing event: source=watcher-skills payload={"path": "/home/aza/.hermes/skills/weekly-review/SKILL.md", "action": "created", "extension": ".md", "size": 5813, "skill_name": "weekly-review", "is_skill": true}
[2026-07-23T17:47:32+02:00] [INFO] [skill:created] Processing event: source=watcher-skills payload={"path": "/home/aza/.hermes/skills/changelog-generator/references/monorepo-strategy.md", "action": "created", "extension": ".md", "size": 1356, "skill_name": "changelog-generator", "is_skill": true}
[2026-07-23T17:47:32+02:00] [INFO] [skill:created] skill:created —  à /home/aza/.hermes/skills/weekly-review/SKILL.md
[2026-07-23T17:47:32+02:00] [INFO] [skill:created] skill:created —  à /home/aza/.hermes/skills/changelog-generator/references/monorepo-strategy.md
[2026-07-23T17:47:32+02:00] [INFO] [skill:created] Skill structure: references=yes templates=no scripts=yes
[2026-07-23T17:47:32+02:00] [INFO] [skill:created] Skill structure: references=no templates=no scripts=no
[2026-07-23T17:47:34+02:00] [INFO] [skill:created] Processing event: source=watcher-skills payload={"path": "/home/aza/.hermes/skills/weekly-review/assets/weekly_review_checklist.md", "action": "created", "extension": ".md", "size": 2503, "skill_name": "weekly-review", "is_skill": true}
[2026-07-23T17:47:34+02:00] [INFO] [skill:created] Processing event: source=watcher-skills payload={"path": "/home/aza/.hermes/skills/weekly-review/assets/example_weekly_review.md", "action": "created", "extension": ".md", "size": 4163, "skill_name": "weekly-review", "is_skill": true}
[2026-07-23T17:47:34+02:00] [INFO] [skill:created] skill:created —  à /home/aza/.hermes/skills/weekly-review/assets/weekly_review_checklist.md
[2026-07-23T17:47:34+02:00] [INFO] [skill:created] skill:created —  à /home/aza/.hermes/skills/weekly-review/assets/example_weekly_review.md
[2026-07-23T17:47:34+02:00] [INFO] [skill:created] Skill structure: references=no templates=no scripts=no
[2026-07-23T17:47:34+02:00] [INFO] [skill:created] Skill structure: references=no templates=no scripts=no
[2026-07-23T17:47:36+02:00] [INFO] [skill:created] Processing event: source=watcher-skills payload={"path": "/home/aza/.hermes/skills/weekly-review/references/review_cadence_design.md", "action": "created", "extension": ".md", "size": 6398, "skill_name": "weekly-review", "is_skill": true}
[2026-07-23T17:47:36+02:00] [INFO] [skill:created] Processing event: source=watcher-skills payload={"path": "/home/aza/.hermes/skills/weekly-review/references/gtd_weekly_review_canon.md", "action": "created", "extension": ".md", "size": 6384, "skill_name": "weekly-review", "is_skill": true}
[2026-07-23T17:47:36+02:00] [INFO] [skill:created] skill:created —  à /home/aza/.hermes/skills/weekly-review/references/gtd_weekly_review_canon.md
[2026-07-23T17:47:36+02:00] [INFO] [skill:created] Skill structure: references=no templates=no scripts=no
[2026-07-23T17:47:36+02:00] [INFO] [skill:created] skill:created —  à /home/aza/.hermes/skills/weekly-review/references/review_cadence_design.md
[2026-07-23T17:47:36+02:00] [INFO] [skill:created] Skill structure: references=no templates=no scripts=no
[2026-07-23T17:47:38+02:00] [INFO] [skill:created] Processing event: source=watcher-skills payload={"path": "/home/aza/.hermes/skills/weekly-review/references/open_loop_psychology.md", "action": "created", "extension": ".md", "size": 6185, "skill_name": "weekly-review", "is_skill": true}
[2026-07-23T17:47:38+02:00] [INFO] [skill:created] Processing event: source=watcher-skills payload={"path": "/home/aza/.hermes/skills/dossier/SKILL.md", "action": "created", "extension": ".md", "size": 16807, "skill_name": "dossier", "is_skill": true}
[2026-07-23T17:47:38+02:00] [INFO] [skill:created] skill:created —  à /home/aza/.hermes/skills/weekly-review/references/open_loop_psychology.md
[2026-07-23T17:47:38+02:00] [INFO] [skill:created] skill:created —  à /home/aza/.hermes/skills/dossier/SKILL.md
[2026-07-23T17:47:38+02:00] [INFO] [skill:created] Skill structure: references=no templates=no scripts=no
[2026-07-23T17:47:38+02:00] [INFO] [skill:created] Skill structure: references=yes templates=no scripts=yes
[2026-07-23T17:47:40+02:00] [INFO] [skill:created] Processing event: source=watcher-skills payload={"path": "/home/aza/.hermes/skills/dossier/references/conversation_hook_quality.md", "action": "created", "extension": ".md", "size": 7681, "skill_name": "dossier", "is_skill": true}
[2026-07-23T17:47:40+02:00] [INFO] [skill:created] Processing event: source=watcher-skills payload={"path": "/home/aza/.hermes/skills/dossier/references/hypothesis_testing_discipline.md", "action": "created", "extension": ".md", "size": 8835, "skill_name": "dossier", "is_skill": true}
[2026-07-23T17:47:40+02:00] [INFO] [skill:created] skill:created —  à /home/aza/.hermes/skills/dossier/references/conversation_hook_quality.md
[2026-07-23T17:47:40+02:00] [INFO] [skill:created] skill:created —  à /home/aza/.hermes/skills/dossier/references/hypothesis_testing_discipline.md
[2026-07-23T17:47:40+02:00] [INFO] [skill:created] Skill structure: references=no templates=no scripts=no
[2026-07-23T17:47:40+02:00] [INFO] [skill:created] Skill structure: references=no templates=no scripts=no
[2026-07-23T17:47:42+02:00] [INFO] [skill:created] Processing event: source=watcher-skills payload={"path": "/home/aza/.hermes/skills/dossier/references/subject_type_source_matrix.md", "action": "created", "extension": ".md", "size": 8885, "skill_name": "dossier", "is_skill": true}
[2026-07-23T17:47:42+02:00] [INFO] [skill:created] Processing event: source=watcher-skills payload={"path": "/home/aza/.hermes/skills/monorepo-navigator/SKILL.md", "action": "created", "extension": ".md", "size": 4948, "skill_name": "monorepo-navigator", "is_skill": true}
[2026-07-23T17:47:42+02:00] [INFO] [skill:created] skill:created —  à /home/aza/.hermes/skills/monorepo-navigator/SKILL.md
[2026-07-23T17:47:42+02:00] [INFO] [skill:created] Skill structure: references=yes templates=no scripts=yes
[2026-07-23T17:47:42+02:00] [INFO] [skill:created] skill:created —  à /home/aza/.hermes/skills/dossier/references/subject_type_source_matrix.md
[2026-07-23T17:47:42+02:00] [INFO] [skill:created] Skill structure: references=no templates=no scripts=no
[2026-07-23T17:47:44+02:00] [INFO] [skill:created] Processing event: source=watcher-skills payload={"path": "/home/aza/.hermes/skills/monorepo-navigator/references/monorepo-tooling-reference.md", "action": "created", "extension": ".md", "size": 11999, "skill_name": "monorepo-navigator", "is_skill": true}
[2026-07-23T17:47:44+02:00] [INFO] [skill:created] Processing event: source=watcher-skills payload={"path": "/home/aza/.hermes/skills/monorepo-navigator/references/monorepo-patterns.md", "action": "created", "extension": ".md", "size": 1011, "skill_name": "monorepo-navigator", "is_skill": true}
[2026-07-23T17:47:44+02:00] [INFO] [skill:created] skill:created —  à /home/aza/.hermes/skills/monorepo-navigator/references/monorepo-tooling-reference.md
[2026-07-23T17:47:44+02:00] [INFO] [skill:created] Skill structure: references=no templates=no scripts=no
[2026-07-23T17:47:44+02:00] [INFO] [skill:created] skill:created —  à /home/aza/.hermes/skills/monorepo-navigator/references/monorepo-patterns.md
[2026-07-23T17:47:44+02:00] [INFO] [skill:created] Skill structure: references=no templates=no scripts=no
[2026-07-23T17:47:46+02:00] [INFO] [skill:created] Processing event: source=watcher-skills payload={"path": "/home/aza/.hermes/skills/sales-engineer/SKILL.md", "action": "created", "extension": ".md", "size": 9363, "skill_name": "sales-engineer", "is_skill": true}
[2026-07-23T17:47:46+02:00] [INFO] [skill:created] Processing event: source=watcher-skills payload={"path": "/home/aza/.hermes/skills/sales-engineer/assets/poc_scorecard_template.md", "action": "created", "extension": ".md", "size": 5771, "skill_name": "sales-engineer", "is_skill": true}
[2026-07-23T17:47:46+02:00] [INFO] [skill:created] skill:created —  à /home/aza/.hermes/skills/sales-engineer/SKILL.md
[2026-07-23T17:47:46+02:00] [INFO] [skill:created] Skill structure: references=yes templates=no scripts=yes
[2026-07-23T17:47:46+02:00] [INFO] [skill:created] skill:created —  à /home/aza/.hermes/skills/sales-engineer/assets/poc_scorecard_template.md
[2026-07-23T17:47:46+02:00] [INFO] [skill:created] Skill structure: references=no templates=no scripts=no
[2026-07-23T17:47:48+02:00] [INFO] [skill:created] Processing event: source=watcher-skills payload={"path": "/home/aza/.hermes/skills/sales-engineer/assets/demo_script_template.md", "action": "created", "extension": ".md", "size": 7744, "skill_name": "sales-engineer", "is_skill": true}
[2026-07-23T17:47:48+02:00] [INFO] [skill:created] Processing event: source=watcher-skills payload={"path": "/home/aza/.hermes/skills/sales-engineer/assets/technical_proposal_template.md", "action": "created", "extension": ".md", "size": 6855, "skill_name": "sales-engineer", "is_skill": true}
[2026-07-23T17:47:48+02:00] [INFO] [skill:created] skill:created —  à /home/aza/.hermes/skills/sales-engineer/assets/demo_script_template.md
[2026-07-23T17:47:48+02:00] [INFO] [skill:created] skill:created —  à /home/aza/.hermes/skills/sales-engineer/assets/technical_proposal_template.md
[2026-07-23T17:47:48+02:00] [INFO] [skill:created] Skill structure: references=no templates=no scripts=no
[2026-07-23T17:47:48+02:00] [INFO] [skill:created] Skill structure: references=no templates=no scripts=no
[2026-07-23T17:47:50+02:00] [INFO] [skill:created] Processing event: source=watcher-skills payload={"path": "/home/aza/.hermes/skills/sales-engineer/references/competitive-positioning-framework.md", "action": "created", "extension": ".md", "size": 9421, "skill_name": "sales-engineer", "is_skill": true}
[2026-07-23T17:47:50+02:00] [INFO] [skill:created] Processing event: source=watcher-skills payload={"path": "/home/aza/.hermes/skills/sales-engineer/references/poc-best-practices.md", "action": "created", "extension": ".md", "size": 11349, "skill_name": "sales-engineer", "is_skill": true}
[2026-07-23T17:47:50+02:00] [INFO] [skill:created] skill:created —  à /home/aza/.hermes/skills/sales-engineer/references/competitive-positioning-framework.md
[2026-07-23T17:47:50+02:00] [INFO] [skill:created] skill:created —  à /home/aza/.hermes/skills/sales-engineer/references/poc-best-practices.md
[2026-07-23T17:47:50+02:00] [INFO] [skill:created] Skill structure: references=no templates=no scripts=no
[2026-07-23T17:47:50+02:00] [INFO] [skill:created] Skill structure: references=no templates=no scripts=no
[2026-07-23T17:47:52+02:00] [INFO] [skill:created] Processing event: source=watcher-skills payload={"path": "/home/aza/.hermes/skills/skill-security-auditor/SKILL.md", "action": "created", "extension": ".md", "size": 7982, "skill_name": "skill-security-auditor", "is_skill": true}
[2026-07-23T17:47:52+02:00] [INFO] [skill:created] Processing event: source=watcher-skills payload={"path": "/home/aza/.hermes/skills/sales-engineer/references/rfp-response-guide.md", "action": "created", "extension": ".md", "size": 7340, "skill_name": "sales-engineer", "is_skill": true}
[2026-07-23T17:47:52+02:00] [INFO] [skill:created] skill:created —  à /home/aza/.hermes/skills/skill-security-auditor/SKILL.md
[2026-07-23T17:47:52+02:00] [INFO] [skill:created] Skill structure: references=yes templates=no scripts=yes
[2026-07-23T17:47:52+02:00] [INFO] [skill:created] skill:created —  à /home/aza/.hermes/skills/sales-engineer/references/rfp-response-guide.md
[2026-07-23T17:47:52+02:00] [INFO] [skill:created] Skill structure: references=no templates=no scripts=no
[2026-07-23T17:47:54+02:00] [INFO] [skill:created] Processing event: source=watcher-skills payload={"path": "/home/aza/.hermes/skills/skill-security-auditor/references/threat-model.md", "action": "created", "extension": ".md", "size": 10237, "skill_name": "skill-security-auditor", "is_skill": true}
[2026-07-23T17:47:54+02:00] [INFO] [skill:created] Processing event: source=watcher-skills payload={"path": "/home/aza/.hermes/skills/tc-tracker/SKILL.md", "action": "created", "extension": ".md", "size": 10325, "skill_name": "tc-tracker", "is_skill": true}
[2026-07-23T17:47:54+02:00] [INFO] [skill:created] skill:created —  à /home/aza/.hermes/skills/skill-security-auditor/references/threat-model.md
[2026-07-23T17:47:54+02:00] [INFO] [skill:created] Skill structure: references=no templates=no scripts=no
[2026-07-23T17:47:54+02:00] [INFO] [skill:created] skill:created —  à /home/aza/.hermes/skills/tc-tracker/SKILL.md
[2026-07-23T17:47:54+02:00] [INFO] [skill:created] Skill structure: references=yes templates=no scripts=yes
[2026-07-23T17:47:56+02:00] [INFO] [skill:created] Processing event: source=watcher-skills payload={"path": "/home/aza/.hermes/skills/tc-tracker/references/tc-schema.md", "action": "created", "extension": ".md", "size": 5386, "skill_name": "tc-tracker", "is_skill": true}
[2026-07-23T17:47:56+02:00] [INFO] [skill:created] Processing event: source=watcher-skills payload={"path": "/home/aza/.hermes/skills/tc-tracker/README.md", "action": "created", "extension": ".md", "size": 2278, "skill_name": "tc-tracker", "is_skill": true}
[2026-07-23T17:47:56+02:00] [INFO] [skill:created] skill:created —  à /home/aza/.hermes/skills/tc-tracker/references/tc-schema.md
[2026-07-23T17:47:56+02:00] [INFO] [skill:created] skill:created —  à /home/aza/.hermes/skills/tc-tracker/README.md
[2026-07-23T17:47:56+02:00] [INFO] [skill:created] Skill structure: references=no templates=no scripts=no
[2026-07-23T17:47:56+02:00] [INFO] [skill:created] Skill structure: references=yes templates=no scripts=yes
[2026-07-23T17:47:58+02:00] [INFO] [skill:created] Processing event: source=watcher-skills payload={"path": "/home/aza/.hermes/skills/tc-tracker/references/handoff-format.md", "action": "created", "extension": ".md", "size": 5291, "skill_name": "tc-tracker", "is_skill": true}
[2026-07-23T17:47:58+02:00] [INFO] [skill:created] Processing event: source=watcher-skills payload={"path": "/home/aza/.hermes/skills/tc-tracker/references/lifecycle.md", "action": "created", "extension": ".md", "size": 4037, "skill_name": "tc-tracker", "is_skill": true}
[2026-07-23T17:47:58+02:00] [INFO] [skill:created] skill:created —  à /home/aza/.hermes/skills/tc-tracker/references/lifecycle.md
[2026-07-23T17:47:58+02:00] [INFO] [skill:created] skill:created —  à /home/aza/.hermes/skills/tc-tracker/references/handoff-format.md
[2026-07-23T17:47:58+02:00] [INFO] [skill:created] Skill structure: references=no templates=no scripts=no
[2026-07-23T17:47:58+02:00] [INFO] [skill:created] Skill structure: references=no templates=no scripts=no
[2026-07-23T17:48:24+02:00] [INFO] [skill:created] Processing event: source=watcher-skills payload={"path": "/home/aza/.hermes/skills/universal-scraping-architect/SKILL.md", "action": "created", "extension": ".md", "size": 4598, "skill_name": "universal-scraping-architect", "is_skill": true}
[2026-07-23T17:48:24+02:00] [INFO] [skill:created] Processing event: source=watcher-skills payload={"path": "/home/aza/.hermes/skills/universal-scraping-architect/references/local-extraction-patterns.md", "action": "created", "extension": ".md", "size": 2571, "skill_name": "universal-scraping-architect", "is_skill": true}
[2026-07-23T17:48:24+02:00] [INFO] [skill:created] skill:created —  à /home/aza/.hermes/skills/universal-scraping-architect/references/local-extraction-patterns.md
[2026-07-23T17:48:24+02:00] [INFO] [skill:created] Skill structure: references=no templates=no scripts=no
[2026-07-23T17:48:24+02:00] [INFO] [skill:created] skill:created —  à /home/aza/.hermes/skills/universal-scraping-architect/SKILL.md
[2026-07-23T17:48:24+02:00] [INFO] [skill:created] Skill structure: references=yes templates=no scripts=yes
[2026-07-23T17:48:26+02:00] [INFO] [skill:created] Processing event: source=watcher-skills payload={"path": "/home/aza/.hermes/skills/universal-scraping-architect/references/scraping-ethics-security.md", "action": "created", "extension": ".md", "size": 2573, "skill_name": "universal-scraping-architect", "is_skill": true}
[2026-07-23T17:48:26+02:00] [INFO] [skill:created] Processing event: source=watcher-skills payload={"path": "/home/aza/.hermes/skills/universal-scraping-architect/references/firecrawl-technical-guide.md", "action": "created", "extension": ".md", "size": 2711, "skill_name": "universal-scraping-architect", "is_skill": true}
[2026-07-23T17:48:26+02:00] [INFO] [skill:created] skill:created —  à /home/aza/.hermes/skills/universal-scraping-architect/references/firecrawl-technical-guide.md
[2026-07-23T17:48:26+02:00] [INFO] [skill:created] Skill structure: references=no templates=no scripts=no
[2026-07-23T17:48:26+02:00] [INFO] [skill:created] skill:created —  à /home/aza/.hermes/skills/universal-scraping-architect/references/scraping-ethics-security.md
[2026-07-23T17:48:26+02:00] [INFO] [skill:created] Skill structure: references=no templates=no scripts=no
[2026-07-23T17:48:40+02:00] [INFO] [skill:created] Processing event: source=watcher-skills payload={"path": "/home/aza/.hermes/skills/agents/adam-v2-infrastructure/references/external-skills-repo.md", "action": "created", "extension": ".md", "size": 3488, "skill_name": "agents", "is_skill": true}
[2026-07-23T17:48:40+02:00] [INFO] [skill:created] skill:created —  à /home/aza/.hermes/skills/agents/adam-v2-infrastructure/references/external-skills-repo.md
[2026-07-23T17:48:40+02:00] [INFO] [skill:created] Skill structure: references=no templates=no scripts=no
[2026-07-23T19:07:52+02:00] [INFO] [skill:created] Processing event: source=watcher-skills payload={"path": "/home/aza/.hermes/skills/agents/adam-v2-infrastructure/references/branching-agents-real-actions.md", "action": "created", "extension": ".md", "size": 7324, "skill_name": "agents", "is_skill": true}
[2026-07-23T19:07:52+02:00] [INFO] [skill:created] skill:created —  à /home/aza/.hermes/skills/agents/adam-v2-infrastructure/references/branching-agents-real-actions.md
[2026-07-23T19:07:52+02:00] [INFO] [skill:created] Skill structure: references=no templates=no scripts=no
[2026-07-23T19:36:16+02:00] [INFO] [skill:created] Processing event: source=watcher-skills payload={"path": "/home/aza/.hermes/skills/agents/adam-v2-infrastructure/references/adam-red-android-pentest.md", "action": "created", "extension": ".md", "size": 2659, "skill_name": "agents", "is_skill": true}
[2026-07-23T19:36:16+02:00] [INFO] [skill:created] skill:created —  à /home/aza/.hermes/skills/agents/adam-v2-infrastructure/references/adam-red-android-pentest.md
[2026-07-23T19:36:16+02:00] [INFO] [skill:created] Skill structure: references=no templates=no scripts=no
[2026-07-23T19:59:53+02:00] [INFO] [skill:created] Processing event: source=watcher-skills payload={"path": "/home/aza/.hermes/skills/multi-agent/adam-event-bus-system/references/rag-bridge-example.md", "action": "created", "extension": ".md", "size": 4347, "skill_name": "multi-agent", "is_skill": true}
[2026-07-23T19:59:53+02:00] [INFO] [skill:created] skill:created —  à /home/aza/.hermes/skills/multi-agent/adam-event-bus-system/references/rag-bridge-example.md
[2026-07-23T19:59:53+02:00] [INFO] [skill:created] Skill structure: references=no templates=no scripts=no
[2026-07-23T20:02:17+02:00] [INFO] [skill:created] Processing event: source=watcher-skills payload={"path": "/home/aza/.hermes/skills/cybersecurite/android-rooting-investigation/SKILL.md", "action": "created", "extension": ".md", "size": 6999, "skill_name": "cybersecurite", "is_skill": true}
[2026-07-23T20:02:17+02:00] [INFO] [skill:created] skill:created —  à /home/aza/.hermes/skills/cybersecurite/android-rooting-investigation/SKILL.md
[2026-07-23T20:02:17+02:00] [INFO] [skill:created] Skill structure: references=no templates=no scripts=no
[2026-07-23T20:02:51+02:00] [INFO] [skill:created] Processing event: source=watcher-skills payload={"path": "/home/aza/.hermes/skills/cybersecurite/android-rooting-investigation/references/nothing-phone-2-a065.md", "action": "created", "extension": ".md", "size": 6075, "skill_name": "cybersecurite", "is_skill": true}
[2026-07-23T20:02:51+02:00] [INFO] [skill:created] skill:created —  à /home/aza/.hermes/skills/cybersecurite/android-rooting-investigation/references/nothing-phone-2-a065.md
[2026-07-23T20:02:51+02:00] [INFO] [skill:created] Skill structure: references=no templates=no scripts=no
[2026-07-23T20:38:43+02:00] [INFO] [skill:created] Processing event: source=watcher-skills payload={"path": "/home/aza/.hermes/skills/cybersecurite/android-rooting-investigation/references/nothing-fastboot-lockup.md", "action": "created", "extension": ".md", "size": 2735, "skill_name": "cybersecurite", "is_skill": true}
[2026-07-23T20:38:43+02:00] [INFO] [skill:created] skill:created —  à /home/aza/.hermes/skills/cybersecurite/android-rooting-investigation/references/nothing-fastboot-lockup.md
[2026-07-23T20:38:43+02:00] [INFO] [skill:created] Skill structure: references=no templates=no scripts=no
[2026-07-23T20:39:25+02:00] [INFO] [skill:created] Processing event: source=watcher-skills payload={"path": "/home/aza/.hermes/skills/cybersecurite/android-rooting-investigation/references/kernel-exploit-recon.md", "action": "created", "extension": ".md", "size": 6706, "skill_name": "cybersecurite", "is_skill": true}
[2026-07-23T20:39:25+02:00] [INFO] [skill:created] skill:created —  à /home/aza/.hermes/skills/cybersecurite/android-rooting-investigation/references/kernel-exploit-recon.md
[2026-07-23T20:39:25+02:00] [INFO] [skill:created] Skill structure: references=no templates=no scripts=no
[2026-07-23T21:09:14+02:00] [INFO] [skill:created] Processing event: source=watcher-skills payload={"path": "/home/aza/.hermes/skills/cybersecurite/android-kernel-exploitation/SKILL.md", "action": "created", "extension": ".md", "size": 8995, "skill_name": "cybersecurite", "is_skill": true}
[2026-07-23T21:09:14+02:00] [INFO] [skill:created] skill:created —  à /home/aza/.hermes/skills/cybersecurite/android-kernel-exploitation/SKILL.md
[2026-07-23T21:09:14+02:00] [INFO] [skill:created] Skill structure: references=no templates=no scripts=no
[2026-07-23T21:10:10+02:00] [INFO] [skill:created] Processing event: source=watcher-skills payload={"path": "/home/aza/.hermes/skills/cybersecurite/android-kernel-exploitation/references/android-kernel-attack-surface.md", "action": "created", "extension": ".md", "size": 5671, "skill_name": "cybersecurite", "is_skill": true}
[2026-07-23T21:10:10+02:00] [INFO] [skill:created] skill:created —  à /home/aza/.hermes/skills/cybersecurite/android-kernel-exploitation/references/android-kernel-attack-surface.md
[2026-07-23T21:10:10+02:00] [INFO] [skill:created] Skill structure: references=no templates=no scripts=no
[2026-07-23T22:05:14+02:00] [INFO] [skill:created] Processing event: source=watcher-skills payload={"path": "/home/aza/.hermes/skills/agents/adam-v2-infrastructure/references/fix-handler-exit-codes.md", "action": "created", "extension": ".md", "size": 5927, "skill_name": "agents", "is_skill": true}
[2026-07-23T22:05:14+02:00] [INFO] [skill:created] skill:created —  à /home/aza/.hermes/skills/agents/adam-v2-infrastructure/references/fix-handler-exit-codes.md
[2026-07-23T22:05:14+02:00] [INFO] [skill:created] Skill structure: references=no templates=no scripts=no
[2026-07-23T22:29:10+02:00] [INFO] [evolution:code_review] Processing event: source=adam-evolution payload={"scan_root": "/home/aza/eva-adam-v2", "files_scanned": 13, "total_lines": 6775, "summary": {"total": 24, "critical": 1, "warning": 11, "info": 12, "by_type": {"high_complexity": 11, "unused_import": 6, "syntax_error": 1, "factorization": 6}}, "critical_findings": [{"type": "syntax_error", "severity": "critical", "file": "/home/aza/eva-adam-v2/scripts/bad_syntax.py", "line": 1, "message": "Erreur de syntaxe: unterminated string literal (detected at line 1)", "suggestion": ""}], "timestamp": "2026-07-23T20:29:08.686204+00:00"}
[2026-07-23T22:29:10+02:00] [INFO] [evolution:code_review] evolution:code_review —  findings ( critiques)
[2026-07-23T22:29:10+02:00] [INFO] [evolution:code_review] Pas de findings critiques, pas de refactor nécessaire
[2026-07-23T22:29:30+02:00] [INFO] [evolution:code_review] Processing event: source=adam-evolution payload={"rule_id": "learned-001", "pattern": "error|crash|fail|panic|exception", "strategie": "fix_handler", "fitness_score": 1.0, "source_event": 13318, "timestamp": "2026-07-23T20:29:28.789187+00:00"}
[2026-07-23T22:29:30+02:00] [INFO] [evolution:code_review] Processing event: source=adam-evolution payload={"type": "rule_learned", "rule_id": "learned-001", "pattern": "error|crash|fail|panic|exception", "strategie": "fix_handler", "fitness_score": 1.0, "source_event": 13318, "canal_origine": "adam:error", "timestamp": "2026-07-23T20:29:28.789755+00:00"}
[2026-07-23T22:29:30+02:00] [INFO] [evolution:code_review] evolution:code_review —  findings ( critiques)
[2026-07-23T22:29:30+02:00] [INFO] [evolution:code_review] Pas de findings critiques, pas de refactor nécessaire
[2026-07-23T22:29:30+02:00] [INFO] [evolution:code_review] evolution:code_review —  findings ( critiques)
[2026-07-23T22:29:30+02:00] [INFO] [evolution:code_review] Pas de findings critiques, pas de refactor nécessaire
[2026-07-23T22:36:04+02:00] [INFO] [skill:created] Processing event: source=watcher-skills payload={"path": "/home/aza/.hermes/skills/multi-agent/adam-event-bus-system/references/cron-periodic-trigger.md", "action": "created", "extension": ".md", "size": 2872, "skill_name": "multi-agent", "is_skill": true}
[2026-07-23T22:36:04+02:00] [INFO] [skill:created] skill:created —  à /home/aza/.hermes/skills/multi-agent/adam-event-bus-system/references/cron-periodic-trigger.md
[2026-07-23T22:36:04+02:00] [INFO] [skill:created] Skill structure: references=no templates=no scripts=no
