[2026-07-23T07:06:20+02:00] channel=skill:updated payload={"path": "/home/aza/.hermes/skills/devops/adam-v2-architecture/SKILL.md", "action": "modified", "extension": ".md", "size": 28269, "skill_name": "devops", "is_skill": true}}
[2026-07-23T07:07:06+02:00] channel=skill:updated payload={"path": "/home/aza/.hermes/skills/devops/adam-v2-architecture/SKILL.md", "action": "modified", "extension": ".md", "size": 30961, "skill_name": "devops", "is_skill": true}}
[2026-07-23T07:08:24+02:00] channel=skill:created payload={"path": "/home/aza/.hermes/skills/devops/adam-v2-architecture/references/self-heal-boucle-infinie-2026-07-23.md", "action": "created", "extension": ".md", "size": 6094, "skill_name": "devops", "is_skill": true}}
[2026-07-23T07:08:36+02:00] channel=skill:updated payload={"path": "/home/aza/.hermes/skills/devops/adam-v2-architecture/SKILL.md", "action": "modified", "extension": ".md", "size": 31017, "skill_name": "devops", "is_skill": true}}
[2026-07-23T07:08:52+02:00] channel=skill:updated payload={"path": "/home/aza/.hermes/skills/devops/adam-v2-architecture/SKILL.md", "action": "modified", "extension": ".md", "size": 31174, "skill_name": "devops", "is_skill": true}}
[2026-07-23T07:09:14+02:00] channel=skill:updated payload={"path": "/home/aza/.hermes/skills/devops/adam-v2-architecture/SKILL.md", "action": "modified", "extension": ".md", "size": 31480, "skill_name": "devops", "is_skill": true}}
[2026-07-23T07:09:26+02:00] channel=skill:updated payload={"path": "/home/aza/.hermes/skills/devops/adam-v2-architecture/SKILL.md", "action": "modified", "extension": ".md", "size": 31502, "skill_name": "devops", "is_skill": true}}
[2026-07-23T07:09:36+02:00] channel=skill:updated payload={"path": "/home/aza/.hermes/skills/devops/adam-v2-architecture/SKILL.md", "action": "modified", "extension": ".md", "size": 31526, "skill_name": "devops", "is_skill": true}}
[2026-07-23T07:10:00+02:00] channel=skill:updated payload={"path": "/home/aza/.hermes/skills/devops/adam-v2-architecture/SKILL.md", "action": "modified", "extension": ".md", "size": 31526, "skill_name": "devops", "is_skill": true}}
[2026-07-23T05:22:51Z] [critic] Canal: skill:created | Source: file_watcher | Skill:  | Arg: 
[2026-07-23T05:22:51Z] [critic] Nouveau skill détecté: 
[2026-07-23T05:22:51Z] [critic] ⚠ Fichier SKILL.md introuvable
[2026-07-23T05:22:51Z] [critic] Review terminée pour skill:created
[2026-07-23T05:28:52Z] [critic] Canal: skill:created | Source: watcher-skills | Skill:  | Arg: 
[2026-07-23T05:28:52Z] [critic] Nouveau skill détecté: 
[2026-07-23T05:28:52Z] [critic] ⚠ Fichier SKILL.md introuvable
[2026-07-23T05:28:52Z] [critic] Review terminée pour skill:created
[2026-07-23T05:29:20Z] [critic] Canal: skill:created | Source: watcher-skills | Skill:  | Arg: 
[2026-07-23T05:29:20Z] [critic] Nouveau skill détecté: 
[2026-07-23T05:29:20Z] [critic] ⚠ Fichier SKILL.md introuvable
[2026-07-23T05:29:20Z] [critic] Review terminée pour skill:created
[2026-07-23T05:33:04Z] [critic] Canal: skill:updated | Source: watcher-skills | Skill:  | Arg: 
[2026-07-23T05:33:04Z] [critic] Skill mis à jour: 
[2026-07-23T05:33:04Z] [critic] ⚠ Fichier SKILL.md introuvable pour skill mis à jour
[2026-07-23T05:33:04Z] [critic] Review terminée pour skill:updated
[2026-07-23T05:33:08Z] [critic] Canal: skill:updated | Source: watcher-skills | Skill:  | Arg: 
[2026-07-23T05:33:08Z] [critic] Skill mis à jour: 
[2026-07-23T05:33:08Z] [critic] ⚠ Fichier SKILL.md introuvable pour skill mis à jour
[2026-07-23T05:33:08Z] [critic] Review terminée pour skill:updated
[2026-07-23T05:33:36Z] [critic] Canal: skill:updated | Source: watcher-skills | Skill:  | Arg: 
[2026-07-23T05:33:36Z] [critic] Skill mis à jour: 
[2026-07-23T05:33:36Z] [critic] ⚠ Fichier SKILL.md introuvable pour skill mis à jour
[2026-07-23T05:33:36Z] [critic] Review terminée pour skill:updated
[2026-07-23T05:33:42Z] [critic] Canal: skill:updated | Source: watcher-skills | Skill:  | Arg: 
[2026-07-23T05:33:42Z] [critic] Skill mis à jour: 
[2026-07-23T05:33:42Z] [critic] ⚠ Fichier SKILL.md introuvable pour skill mis à jour
[2026-07-23T05:33:42Z] [critic] Review terminée pour skill:updated
[2026-07-23T05:36:16Z] [critic] Canal: skill:created | Source: curator | Skill: test-skill | Arg: 
[2026-07-23T05:36:16Z] [critic] Nouveau skill détecté: test-skill
[2026-07-23T05:36:16Z] [critic] ⚠ Fichier SKILL.md introuvable
[2026-07-23T05:36:16Z] [critic] Review terminée pour skill:created
[2026-07-23T05:36:42Z] [critic] Canal: skill:created | Source: watcher-skills | Skill: devops | Arg: 
[2026-07-23T05:36:42Z] [critic] Nouveau skill détecté: devops
[2026-07-23T05:36:42Z] [critic] Fichier: /home/aza/.hermes/skills/devops/bash-event-handler/references/deploy-handler-example.md
[2026-07-23T05:36:42Z] [critic] Taille: 3287 octets
[2026-07-23T05:36:42Z] [critic] ⚠ Pas de frontmatter YAML
[2026-07-23T05:36:42Z] [critic] Sections détectées: 16
[2026-07-23T05:36:42Z] [critic] Review terminée pour skill:created
[2026-07-23T05:37:44Z] [critic] Canal: skill:updated | Source: watcher-skills | Skill: devops | Arg: 
[2026-07-23T05:37:44Z] [critic] Skill mis à jour: devops
[2026-07-23T05:37:44Z] [critic] Fichier: /home/aza/.hermes/skills/devops/bash-event-handler/SKILL.md
[2026-07-23T05:37:44Z] [critic] Nouvelle taille: 13273 octets
[2026-07-23T05:37:44Z] [critic] ✓ YAML frontmatter valide après mise à jour
[2026-07-23T05:37:44Z] [critic] Review terminée pour skill:updated
[2026-07-23T05:37:54Z] [critic] Canal: skill:created | Source: watcher-skills | Skill: devops | Arg: 
[2026-07-23T05:37:54Z] [critic] Nouveau skill détecté: devops
[2026-07-23T05:37:54Z] [critic] Fichier: /home/aza/.hermes/skills/devops/adam-v2-architecture/references/cicd-hook-example.md
[2026-07-23T05:37:54Z] [critic] Taille: 2505 octets
[2026-07-23T05:37:54Z] [critic] ⚠ Pas de frontmatter YAML
[2026-07-23T05:37:54Z] [critic] Sections détectées: 7
[2026-07-23T05:37:54Z] [critic] Review terminée pour skill:created
[2026-07-23T05:50:00Z] [critic] Canal: skill:updated | Source: watcher-skills | Skill: devops | Arg: 
[2026-07-23T05:50:00Z] [critic] Skill mis à jour: devops
[2026-07-23T05:50:00Z] [critic] Fichier: /home/aza/.hermes/skills/devops/adam-v2-architecture/SKILL.md
[2026-07-23T05:50:00Z] [critic] Nouvelle taille: 31573 octets
[2026-07-23T05:50:00Z] [critic] ✓ YAML frontmatter valide après mise à jour
[2026-07-23T05:50:00Z] [critic] Review terminée pour skill:updated
[2026-07-23T05:50:28Z] [critic] Canal: skill:updated | Source: watcher-skills | Skill: devops | Arg: 
[2026-07-23T05:50:28Z] [critic] Skill mis à jour: devops
[2026-07-23T05:50:28Z] [critic] Fichier: /home/aza/.hermes/skills/devops/adam-v2-architecture/SKILL.md
[2026-07-23T05:50:28Z] [critic] Nouvelle taille: 36191 octets
[2026-07-23T05:50:28Z] [critic] ✓ YAML frontmatter valide après mise à jour
[2026-07-23T05:50:28Z] [critic] Review terminée pour skill:updated
[2026-07-23T05:51:02Z] [critic] Canal: skill:created | Source: watcher-skills | Skill: devops | Arg: 
[2026-07-23T05:51:02Z] [critic] Nouveau skill détecté: devops
[2026-07-23T05:51:02Z] [critic] Fichier: /home/aza/.hermes/skills/devops/adam-v2-architecture/references/daemon-stability-fixes-2026-07-23.md
[2026-07-23T05:51:02Z] [critic] Taille: 5517 octets
[2026-07-23T05:51:02Z] [critic] ⚠ Pas de frontmatter YAML
[2026-07-23T05:51:02Z] [critic] Sections détectées: 27
[2026-07-23T05:51:02Z] [critic] Review terminée pour skill:created
[2026-07-23T06:11:26Z] [critic] Canal: skill:created | Source: watcher-skills | Skill: agents | Arg: 
[2026-07-23T06:11:26Z] [critic] Nouveau skill détecté: agents
[2026-07-23T06:11:26Z] [critic] Fichier: /home/aza/.hermes/skills/agents/adam-v2-infrastructure/SKILL.md
[2026-07-23T06:11:26Z] [critic] Taille: 8014 octets
[2026-07-23T06:11:26Z] [critic] ✓ Frontmatter YAML présent
[2026-07-23T06:11:26Z] [critic] Sections détectées: 21
[2026-07-23T06:11:26Z] [critic] Review terminée pour skill:created
[2026-07-23T06:11:54Z] [critic] Canal: skill:created | Source: watcher-skills | Skill: agents | Arg: 
[2026-07-23T06:11:54Z] [critic] Nouveau skill détecté: agents
[2026-07-23T06:11:54Z] [critic] Fichier: /home/aza/.hermes/skills/agents/adam-v2-infrastructure/references/daemon-debugging.md
[2026-07-23T06:11:54Z] [critic] Taille: 4639 octets
[2026-07-23T06:11:54Z] [critic] ⚠ Pas de frontmatter YAML
[2026-07-23T06:11:54Z] [critic] Sections détectées: 42
[2026-07-23T06:11:54Z] [critic] Review terminée pour skill:created
[2026-07-23T06:33:51Z] [critic] Canal: skill:updated | Source: watcher-skills | Skill: devops | Arg: 
[2026-07-23T06:33:51Z] [critic] Skill mis à jour: devops
[2026-07-23T06:33:51Z] [critic] Fichier: /home/aza/.hermes/skills/devops/adam-v2-architecture/SKILL.md
[2026-07-23T06:33:51Z] [critic] Nouvelle taille: 41193 octets
[2026-07-23T06:33:51Z] [critic] ✓ YAML frontmatter valide après mise à jour
[2026-07-23T06:33:51Z] [critic] Review terminée pour skill:updated
[2026-07-23T06:34:47Z] [critic] Canal: skill:created | Source: watcher-skills | Skill: devops | Arg: 
[2026-07-23T06:34:47Z] [critic] Nouveau skill détecté: devops
[2026-07-23T06:34:47Z] [critic] Fichier: /home/aza/.hermes/skills/devops/adam-v2-architecture/references/dashboard-adam-viz-v3.md
[2026-07-23T06:34:47Z] [critic] Taille: 6716 octets
[2026-07-23T06:34:47Z] [critic] ⚠ Pas de frontmatter YAML
[2026-07-23T06:34:47Z] [critic] Sections détectées: 12
[2026-07-23T06:34:47Z] [critic] Review terminée pour skill:created
[2026-07-23T06:37:37Z] [critic] Canal: skill:broken | Source: system | Skill: test-skill | Arg: 
[2026-07-23T06:37:37Z] [critic] Skill cassé: test-skill
[2026-07-23T06:37:37Z] [critic] Erreur: 
[2026-07-23T06:37:37Z] [critic] ⚠ Fichier SKILL.md introuvable pour 'test-skill'
[2026-07-23T06:43:43Z] [critic] Canal: skill:updated | Source: watcher-skills | Skill: agents | Arg: 
[2026-07-23T06:43:43Z] [critic] Skill mis à jour: agents
[2026-07-23T06:43:43Z] [critic] Fichier: /home/aza/.hermes/skills/agents/adam-v2-infrastructure/SKILL.md
[2026-07-23T06:43:43Z] [critic] Nouvelle taille: 9075 octets
[2026-07-23T06:43:43Z] [critic] ✓ YAML frontmatter valide après mise à jour
[2026-07-23T06:43:43Z] [critic] Review terminée pour skill:updated
[2026-07-23T06:43:55Z] [critic] Canal: skill:updated | Source: watcher-skills | Skill: agents | Arg: 
[2026-07-23T06:43:55Z] [critic] Skill mis à jour: agents
[2026-07-23T06:43:55Z] [critic] Fichier: /home/aza/.hermes/skills/agents/adam-v2-infrastructure/SKILL.md
[2026-07-23T06:43:55Z] [critic] Nouvelle taille: 9997 octets
[2026-07-23T06:43:55Z] [critic] ✓ YAML frontmatter valide après mise à jour
[2026-07-23T06:43:55Z] [critic] Review terminée pour skill:updated
[2026-07-23T06:44:05Z] [critic] Canal: skill:updated | Source: watcher-skills | Skill: agents | Arg: 
[2026-07-23T06:44:05Z] [critic] Skill mis à jour: agents
[2026-07-23T06:44:05Z] [critic] Fichier: /home/aza/.hermes/skills/agents/adam-v2-infrastructure/SKILL.md
[2026-07-23T06:44:05Z] [critic] Nouvelle taille: 10859 octets
[2026-07-23T06:44:05Z] [critic] ✓ YAML frontmatter valide après mise à jour
[2026-07-23T06:44:05Z] [critic] Review terminée pour skill:updated
[2026-07-23T06:44:17Z] [critic] Canal: skill:updated | Source: watcher-skills | Skill: agents | Arg: 
[2026-07-23T06:44:17Z] [critic] Skill mis à jour: agents
[2026-07-23T06:44:17Z] [critic] Fichier: /home/aza/.hermes/skills/agents/adam-v2-infrastructure/SKILL.md
[2026-07-23T06:44:17Z] [critic] Nouvelle taille: 11002 octets
[2026-07-23T06:44:17Z] [critic] ✓ YAML frontmatter valide après mise à jour
[2026-07-23T06:44:17Z] [critic] Review terminée pour skill:updated
[2026-07-23T06:44:37Z] [critic] Canal: skill:broken | Source: hive_cycler | Skill:  | Arg: 
[2026-07-23T06:44:37Z] [critic] Skill cassé: 
[2026-07-23T06:44:37Z] [critic] Erreur: 
[2026-07-23T06:44:37Z] [critic] ⚠ Fichier SKILL.md introuvable pour ''
[2026-07-23T06:44:51Z] [critic] Canal: skill:created | Source: watcher-skills | Skill: agents | Arg: 
[2026-07-23T06:44:51Z] [critic] Nouveau skill détecté: agents
[2026-07-23T06:44:51Z] [critic] Fichier: /home/aza/.hermes/skills/agents/adam-v2-infrastructure/references/dashboard-and-cycler.md
[2026-07-23T06:44:51Z] [critic] Taille: 5615 octets
[2026-07-23T06:44:51Z] [critic] ⚠ Pas de frontmatter YAML
[2026-07-23T06:44:51Z] [critic] Sections détectées: 22
[2026-07-23T06:44:51Z] [critic] Review terminée pour skill:created
[2026-07-23T06:48:57Z] [critic] Canal: skill:broken | Source: hive_cycler | Skill:  | Arg: 
[2026-07-23T06:48:57Z] [critic] Skill cassé: 
[2026-07-23T06:48:57Z] [critic] Erreur: 
[2026-07-23T06:48:57Z] [critic] ⚠ Fichier SKILL.md introuvable pour ''
[2026-07-23T06:53:17Z] [critic] Canal: skill:broken | Source: hive_cycler | Skill:  | Arg: 
[2026-07-23T06:53:17Z] [critic] Skill cassé: 
[2026-07-23T06:53:17Z] [critic] Erreur: 
[2026-07-23T06:53:17Z] [critic] ⚠ Fichier SKILL.md introuvable pour ''
[2026-07-23T06:57:37Z] [critic] Canal: skill:broken | Source: hive_cycler | Skill:  | Arg: 
[2026-07-23T06:57:37Z] [critic] Skill cassé: 
[2026-07-23T06:57:37Z] [critic] Erreur: 
[2026-07-23T06:57:37Z] [critic] ⚠ Fichier SKILL.md introuvable pour ''
[2026-07-23T07:01:57Z] [critic] Canal: skill:broken | Source: hive_cycler | Skill:  | Arg: 
[2026-07-23T07:01:57Z] [critic] Skill cassé: 
[2026-07-23T07:01:57Z] [critic] Erreur: 
[2026-07-23T07:01:57Z] [critic] ⚠ Fichier SKILL.md introuvable pour ''
[2026-07-23T07:06:17Z] [critic] Canal: skill:broken | Source: hive_cycler | Skill:  | Arg: 
[2026-07-23T07:06:17Z] [critic] Skill cassé: 
[2026-07-23T07:06:17Z] [critic] Erreur: 
[2026-07-23T07:06:17Z] [critic] ⚠ Fichier SKILL.md introuvable pour ''
[2026-07-23T07:10:37Z] [critic] Canal: skill:broken | Source: hive_cycler | Skill:  | Arg: 
[2026-07-23T07:10:37Z] [critic] Skill cassé: 
[2026-07-23T07:10:37Z] [critic] Erreur: 
[2026-07-23T07:10:37Z] [critic] ⚠ Fichier SKILL.md introuvable pour ''
[2026-07-23T07:12:44Z] [critic] Canal: skill:broken | Source: hive_cycler | Skill:  | Arg: 
[2026-07-23T07:12:44Z] [critic] Skill cassé: 
[2026-07-23T07:12:44Z] [critic] Erreur: 
[2026-07-23T07:12:44Z] [critic] ⚠ Fichier SKILL.md introuvable pour ''
[2026-07-23T07:15:58Z] [critic] Canal: skill:broken | Source: hive_cycler | Skill:  | Arg: 
[2026-07-23T07:15:58Z] [critic] Skill cassé: 
[2026-07-23T07:15:58Z] [critic] Erreur: 
[2026-07-23T07:15:58Z] [critic] ⚠ Fichier SKILL.md introuvable pour ''
[2026-07-23T07:19:24Z] [critic] Canal: skill:broken | Source: hive_cycler | Skill:  | Arg: 
[2026-07-23T07:19:24Z] [critic] Skill cassé: 
[2026-07-23T07:19:24Z] [critic] Erreur: 
[2026-07-23T07:19:24Z] [critic] ⚠ Fichier SKILL.md introuvable pour ''
[2026-07-23T07:23:20Z] [critic] Canal: skill:updated | Source: watcher-skills | Skill: devops | Arg: 
[2026-07-23T07:23:20Z] [critic] Skill mis à jour: devops
[2026-07-23T07:23:20Z] [critic] Fichier: /home/aza/.hermes/skills/devops/adam-v2-architecture/SKILL.md
[2026-07-23T07:23:20Z] [critic] Nouvelle taille: 41317 octets
[2026-07-23T07:23:20Z] [critic] ✓ YAML frontmatter valide après mise à jour
[2026-07-23T07:23:20Z] [critic] Review terminée pour skill:updated
[2026-07-23T07:23:44Z] [critic] Canal: skill:broken | Source: hive_cycler | Skill:  | Arg: 
[2026-07-23T07:23:44Z] [critic] Skill cassé: 
[2026-07-23T07:23:44Z] [critic] Erreur: 
[2026-07-23T07:23:44Z] [critic] ⚠ Fichier SKILL.md introuvable pour ''
[2026-07-23T07:25:24Z] [critic] Canal: skill:created | Source: watcher-skills | Skill: devops | Arg: 
[2026-07-23T07:25:24Z] [critic] Nouveau skill détecté: devops
[2026-07-23T07:25:24Z] [critic] Fichier: /home/aza/.hermes/skills/devops/adam-v2-architecture/references/handler-permission-dormant-agent-2026-07-23.md
[2026-07-23T07:25:24Z] [critic] Taille: 6068 octets
[2026-07-23T07:25:24Z] [critic] ⚠ Pas de frontmatter YAML
[2026-07-23T07:25:24Z] [critic] Sections détectées: 20
[2026-07-23T07:25:24Z] [critic] Review terminée pour skill:created
[2026-07-23T07:26:04Z] [critic] Canal: skill:updated | Source: watcher-skills | Skill: devops | Arg: 
[2026-07-23T07:26:04Z] [critic] Skill mis à jour: devops
[2026-07-23T07:26:04Z] [critic] Fichier: /home/aza/.hermes/skills/devops/adam-v2-architecture/references/agents-and-subscriptions.md
[2026-07-23T07:26:04Z] [critic] Nouvelle taille: 4309 octets
[2026-07-23T07:26:04Z] [critic] Review terminée pour skill:updated
[2026-07-23T07:27:38Z] [critic] Canal: skill:updated | Source: watcher-skills | Skill: agents | Arg: 
[2026-07-23T07:27:38Z] [critic] Skill mis à jour: agents
[2026-07-23T07:27:38Z] [critic] Fichier: /home/aza/.hermes/skills/agents/adam-v2-infrastructure/SKILL.md
[2026-07-23T07:27:38Z] [critic] Nouvelle taille: 12679 octets
[2026-07-23T07:27:38Z] [critic] ✓ YAML frontmatter valide après mise à jour
[2026-07-23T07:27:38Z] [critic] Review terminée pour skill:updated
[2026-07-23T07:27:56Z] [critic] Canal: skill:updated | Source: watcher-skills | Skill: agents | Arg: 
[2026-07-23T07:27:56Z] [critic] Skill mis à jour: agents
[2026-07-23T07:27:56Z] [critic] Fichier: /home/aza/.hermes/skills/agents/adam-v2-infrastructure/references/dashboard-and-cycler.md
[2026-07-23T07:27:56Z] [critic] Nouvelle taille: 5642 octets
[2026-07-23T07:27:56Z] [critic] Review terminée pour skill:updated
[2026-07-23T07:28:04Z] [critic] Canal: skill:broken | Source: hive_cycler | Skill:  | Arg: 
[2026-07-23T07:28:04Z] [critic] Skill cassé: 
[2026-07-23T07:28:04Z] [critic] Erreur: 
[2026-07-23T07:28:04Z] [critic] ⚠ Fichier SKILL.md introuvable pour ''
[2026-07-23T07:28:12Z] [critic] Canal: skill:updated | Source: watcher-skills | Skill: agents | Arg: 
[2026-07-23T07:28:12Z] [critic] Skill mis à jour: agents
[2026-07-23T07:28:12Z] [critic] Fichier: /home/aza/.hermes/skills/agents/adam-v2-infrastructure/references/dashboard-and-cycler.md
[2026-07-23T07:28:12Z] [critic] Nouvelle taille: 6956 octets
[2026-07-23T07:28:12Z] [critic] Review terminée pour skill:updated
[2026-07-23T07:28:40Z] [critic] Canal: skill:created | Source: watcher-skills | Skill: agents | Arg: 
[2026-07-23T07:28:40Z] [critic] Nouveau skill détecté: agents
[2026-07-23T07:28:40Z] [critic] Fichier: /home/aza/.hermes/skills/agents/adam-v2-infrastructure/references/osint-handler-patterns.md
[2026-07-23T07:28:40Z] [critic] Taille: 3441 octets
[2026-07-23T07:28:40Z] [critic] ⚠ Pas de frontmatter YAML
[2026-07-23T07:28:40Z] [critic] Sections détectées: 12
[2026-07-23T07:28:40Z] [critic] Review terminée pour skill:created
[2026-07-23T07:28:52Z] [critic] Canal: skill:updated | Source: watcher-skills | Skill: agents | Arg: 
[2026-07-23T07:28:52Z] [critic] Skill mis à jour: agents
[2026-07-23T07:28:52Z] [critic] Fichier: /home/aza/.hermes/skills/agents/adam-v2-infrastructure/SKILL.md
[2026-07-23T07:28:52Z] [critic] Nouvelle taille: 12821 octets
[2026-07-23T07:28:52Z] [critic] ✓ YAML frontmatter valide après mise à jour
[2026-07-23T07:28:52Z] [critic] Review terminée pour skill:updated
[2026-07-23T07:32:24Z] [critic] Canal: skill:broken | Source: hive_cycler | Skill:  | Arg: 
[2026-07-23T07:32:24Z] [critic] Skill cassé: 
[2026-07-23T07:32:24Z] [critic] Erreur: 
[2026-07-23T07:32:24Z] [critic] ⚠ Fichier SKILL.md introuvable pour ''
[2026-07-23T07:36:46Z] [critic] Canal: skill:broken | Source: hive_cycler | Skill:  | Arg: 
[2026-07-23T07:36:46Z] [critic] Skill cassé: 
[2026-07-23T07:36:46Z] [critic] Erreur: 
[2026-07-23T07:36:46Z] [critic] ⚠ Fichier SKILL.md introuvable pour ''
[2026-07-23T07:41:06Z] [critic] Canal: skill:broken | Source: hive_cycler | Skill:  | Arg: 
[2026-07-23T07:41:06Z] [critic] Skill cassé: 
[2026-07-23T07:41:06Z] [critic] Erreur: 
[2026-07-23T07:41:06Z] [critic] ⚠ Fichier SKILL.md introuvable pour ''
[2026-07-23T07:45:26Z] [critic] Canal: skill:broken | Source: hive_cycler | Skill:  | Arg: 
[2026-07-23T07:45:26Z] [critic] Skill cassé: 
[2026-07-23T07:45:26Z] [critic] Erreur: 
[2026-07-23T07:45:26Z] [critic] ⚠ Fichier SKILL.md introuvable pour ''
[2026-07-23T07:49:48Z] [critic] Canal: skill:broken | Source: hive_cycler | Skill:  | Arg: 
[2026-07-23T07:49:48Z] [critic] Skill cassé: 
[2026-07-23T07:49:48Z] [critic] Erreur: 
[2026-07-23T07:49:48Z] [critic] ⚠ Fichier SKILL.md introuvable pour ''
[2026-07-23T07:54:08Z] [critic] Canal: skill:broken | Source: hive_cycler | Skill:  | Arg: 
[2026-07-23T07:54:08Z] [critic] Skill cassé: 
[2026-07-23T07:54:08Z] [critic] Erreur: 
[2026-07-23T07:54:08Z] [critic] ⚠ Fichier SKILL.md introuvable pour ''
[2026-07-23T07:58:28Z] [critic] Canal: skill:broken | Source: hive_cycler | Skill:  | Arg: 
[2026-07-23T07:58:28Z] [critic] Skill cassé: 
[2026-07-23T07:58:28Z] [critic] Erreur: 
[2026-07-23T07:58:28Z] [critic] ⚠ Fichier SKILL.md introuvable pour ''
[2026-07-23T08:05:38Z] [critic] Canal: skill:broken | Source: hive_cycler | Skill:  | Arg: 
[2026-07-23T08:05:38Z] [critic] Skill cassé: 
[2026-07-23T08:05:38Z] [critic] Erreur: 
[2026-07-23T08:05:38Z] [critic] ⚠ Fichier SKILL.md introuvable pour ''
[2026-07-23T08:07:14Z] [critic] Canal: skill:updated | Source: watcher-skills | Skill: agents | Arg: 
[2026-07-23T08:07:14Z] [critic] Skill mis à jour: agents
[2026-07-23T08:07:14Z] [critic] Fichier: /home/aza/.hermes/skills/agents/adam-v2-infrastructure/references/dashboard-and-cycler.md
[2026-07-23T08:07:14Z] [critic] Nouvelle taille: 6985 octets
[2026-07-23T08:07:14Z] [critic] Review terminée pour skill:updated
[2026-07-23T08:07:28Z] [critic] Canal: skill:updated | Source: watcher-skills | Skill: agents | Arg: 
[2026-07-23T08:07:28Z] [critic] Skill mis à jour: agents
[2026-07-23T08:07:28Z] [critic] Fichier: /home/aza/.hermes/skills/agents/adam-v2-infrastructure/references/dashboard-and-cycler.md
[2026-07-23T08:07:28Z] [critic] Nouvelle taille: 8474 octets
[2026-07-23T08:07:28Z] [critic] Review terminée pour skill:updated
[2026-07-23T08:07:40Z] [critic] Canal: skill:updated | Source: watcher-skills | Skill: agents | Arg: 
[2026-07-23T08:07:40Z] [critic] Skill mis à jour: agents
[2026-07-23T08:07:40Z] [critic] Fichier: /home/aza/.hermes/skills/agents/adam-v2-infrastructure/SKILL.md
[2026-07-23T08:07:40Z] [critic] Nouvelle taille: 13281 octets
[2026-07-23T08:07:40Z] [critic] ✓ YAML frontmatter valide après mise à jour
[2026-07-23T08:07:40Z] [critic] Review terminée pour skill:updated
[2026-07-23T08:08:02Z] [critic] Canal: skill:updated | Source: watcher-skills | Skill: agents | Arg: 
[2026-07-23T08:08:02Z] [critic] Skill mis à jour: agents
[2026-07-23T08:08:02Z] [critic] Fichier: /home/aza/.hermes/skills/agents/adam-v2-infrastructure/SKILL.md
[2026-07-23T08:08:02Z] [critic] Nouvelle taille: 13299 octets
[2026-07-23T08:08:02Z] [critic] ✓ YAML frontmatter valide après mise à jour
[2026-07-23T08:08:02Z] [critic] Review terminée pour skill:updated
[2026-07-23T08:10:00Z] [critic] Canal: skill:broken | Source: hive_cycler | Skill:  | Arg: 
[2026-07-23T08:10:00Z] [critic] Skill cassé: 
[2026-07-23T08:10:00Z] [critic] Erreur: 
[2026-07-23T08:10:00Z] [critic] ⚠ Fichier SKILL.md introuvable pour ''
[2026-07-23T08:14:22Z] [critic] Canal: skill:broken | Source: hive_cycler | Skill:  | Arg: 
[2026-07-23T08:14:22Z] [critic] Skill cassé: 
[2026-07-23T08:14:22Z] [critic] Erreur: 
[2026-07-23T08:14:22Z] [critic] ⚠ Fichier SKILL.md introuvable pour ''
[2026-07-23T08:18:43Z] [critic] Canal: skill:broken | Source: hive_cycler | Skill:  | Arg: 
[2026-07-23T08:18:43Z] [critic] Skill cassé: 
[2026-07-23T08:18:43Z] [critic] Erreur: 
[2026-07-23T08:18:43Z] [critic] ⚠ Fichier SKILL.md introuvable pour ''
[2026-07-23T08:23:05Z] [critic] Canal: skill:broken | Source: hive_cycler | Skill:  | Arg: 
[2026-07-23T08:23:05Z] [critic] Skill cassé: 
[2026-07-23T08:23:05Z] [critic] Erreur: 
[2026-07-23T08:23:05Z] [critic] ⚠ Fichier SKILL.md introuvable pour ''
[2026-07-23T08:27:25Z] [critic] Canal: skill:broken | Source: hive_cycler | Skill:  | Arg: 
[2026-07-23T08:27:25Z] [critic] Skill cassé: 
[2026-07-23T08:27:25Z] [critic] Erreur: 
[2026-07-23T08:27:25Z] [critic] ⚠ Fichier SKILL.md introuvable pour ''
[2026-07-23T08:31:47Z] [critic] Canal: skill:broken | Source: hive_cycler | Skill:  | Arg: 
[2026-07-23T08:31:47Z] [critic] Skill cassé: 
[2026-07-23T08:31:47Z] [critic] Erreur: 
[2026-07-23T08:31:47Z] [critic] ⚠ Fichier SKILL.md introuvable pour ''
[2026-07-23T08:36:07Z] [critic] Canal: skill:broken | Source: hive_cycler | Skill:  | Arg: 
[2026-07-23T08:36:07Z] [critic] Skill cassé: 
[2026-07-23T08:36:07Z] [critic] Erreur: 
[2026-07-23T08:36:07Z] [critic] ⚠ Fichier SKILL.md introuvable pour ''
[2026-07-23T08:40:29Z] [critic] Canal: skill:broken | Source: hive_cycler | Skill:  | Arg: 
[2026-07-23T08:40:29Z] [critic] Skill cassé: 
[2026-07-23T08:40:29Z] [critic] Erreur: 
[2026-07-23T08:40:29Z] [critic] ⚠ Fichier SKILL.md introuvable pour ''
[2026-07-23T08:42:11Z] [critic] Canal: skill:created | Source: watcher-skills | Skill: agents | Arg: 
[2026-07-23T08:42:11Z] [critic] Nouveau skill détecté: agents
[2026-07-23T08:42:11Z] [critic] Fichier: /home/aza/.hermes/skills/agents/adam-v2-infrastructure/references/hive-3d-visualization.md
[2026-07-23T08:42:11Z] [critic] Taille: 7249 octets
[2026-07-23T08:42:11Z] [critic] ⚠ Pas de frontmatter YAML
[2026-07-23T08:42:11Z] [critic] Sections détectées: 19
[2026-07-23T08:42:11Z] [critic] Review terminée pour skill:created
[2026-07-23T08:42:21Z] [critic] Canal: skill:updated | Source: watcher-skills | Skill: agents | Arg: 
[2026-07-23T08:42:21Z] [critic] Skill mis à jour: agents
[2026-07-23T08:42:21Z] [critic] Fichier: /home/aza/.hermes/skills/agents/adam-v2-infrastructure/SKILL.md
[2026-07-23T08:42:21Z] [critic] Nouvelle taille: 13796 octets
[2026-07-23T08:42:21Z] [critic] ✓ YAML frontmatter valide après mise à jour
[2026-07-23T08:42:21Z] [critic] Review terminée pour skill:updated
[2026-07-23T08:42:33Z] [critic] Canal: skill:updated | Source: watcher-skills | Skill: agents | Arg: 
[2026-07-23T08:42:33Z] [critic] Skill mis à jour: agents
[2026-07-23T08:42:33Z] [critic] Fichier: /home/aza/.hermes/skills/agents/adam-v2-infrastructure/SKILL.md
[2026-07-23T08:42:33Z] [critic] Nouvelle taille: 13958 octets
[2026-07-23T08:42:33Z] [critic] ✓ YAML frontmatter valide après mise à jour
[2026-07-23T08:42:33Z] [critic] Review terminée pour skill:updated
[2026-07-23T08:42:55Z] [critic] Canal: skill:updated | Source: watcher-skills | Skill: agents | Arg: 
[2026-07-23T08:42:55Z] [critic] Skill mis à jour: agents
[2026-07-23T08:42:55Z] [critic] Fichier: /home/aza/.hermes/skills/agents/adam-v2-infrastructure/references/dashboard-and-cycler.md
[2026-07-23T08:42:55Z] [critic] Nouvelle taille: 8877 octets
[2026-07-23T08:42:55Z] [critic] Review terminée pour skill:updated
[2026-07-23T08:44:51Z] [critic] Canal: skill:broken | Source: hive_cycler | Skill:  | Arg: 
[2026-07-23T08:44:51Z] [critic] Skill cassé: 
[2026-07-23T08:44:51Z] [critic] Erreur: 
[2026-07-23T08:44:51Z] [critic] ⚠ Fichier SKILL.md introuvable pour ''
[2026-07-23T08:49:11Z] [critic] Canal: skill:broken | Source: hive_cycler | Skill:  | Arg: 
[2026-07-23T08:49:11Z] [critic] Skill cassé: 
[2026-07-23T08:49:11Z] [critic] Erreur: 
[2026-07-23T08:49:11Z] [critic] ⚠ Fichier SKILL.md introuvable pour ''
[2026-07-23T08:53:33Z] [critic] Canal: skill:broken | Source: hive_cycler | Skill:  | Arg: 
[2026-07-23T08:53:33Z] [critic] Skill cassé: 
[2026-07-23T08:53:33Z] [critic] Erreur: 
[2026-07-23T08:53:33Z] [critic] ⚠ Fichier SKILL.md introuvable pour ''
[2026-07-23T08:57:53Z] [critic] Canal: skill:broken | Source: hive_cycler | Skill:  | Arg: 
[2026-07-23T08:57:53Z] [critic] Skill cassé: 
[2026-07-23T08:57:53Z] [critic] Erreur: 
[2026-07-23T08:57:53Z] [critic] ⚠ Fichier SKILL.md introuvable pour ''
[2026-07-23T09:02:15Z] [critic] Canal: skill:broken | Source: hive_cycler | Skill:  | Arg: 
[2026-07-23T09:02:15Z] [critic] Skill cassé: 
[2026-07-23T09:02:15Z] [critic] Erreur: 
[2026-07-23T09:02:15Z] [critic] ⚠ Fichier SKILL.md introuvable pour ''
[2026-07-23T09:06:35Z] [critic] Canal: skill:broken | Source: hive_cycler | Skill:  | Arg: 
[2026-07-23T09:06:35Z] [critic] Skill cassé: 
[2026-07-23T09:06:35Z] [critic] Erreur: 
[2026-07-23T09:06:35Z] [critic] ⚠ Fichier SKILL.md introuvable pour ''
[2026-07-23T09:08:13Z] [critic] Canal: skill:updated | Source: watcher-skills | Skill: agents | Arg: 
[2026-07-23T09:08:13Z] [critic] Skill mis à jour: agents
[2026-07-23T09:08:13Z] [critic] Fichier: /home/aza/.hermes/skills/agents/adam-v2-infrastructure/references/hive-3d-visualization.md
[2026-07-23T09:08:13Z] [critic] Nouvelle taille: 11946 octets
[2026-07-23T09:08:13Z] [critic] Review terminée pour skill:updated
[2026-07-23T09:08:19Z] [critic] Canal: skill:updated | Source: watcher-skills | Skill: agents | Arg: 
[2026-07-23T09:08:19Z] [critic] Skill mis à jour: agents
[2026-07-23T09:08:19Z] [critic] Fichier: /home/aza/.hermes/skills/agents/adam-v2-infrastructure/SKILL.md
[2026-07-23T09:08:19Z] [critic] Nouvelle taille: 13958 octets
[2026-07-23T09:08:19Z] [critic] ✓ YAML frontmatter valide après mise à jour
[2026-07-23T09:08:19Z] [critic] Review terminée pour skill:updated
[2026-07-23T09:08:31Z] [critic] Canal: skill:updated | Source: watcher-skills | Skill: agents | Arg: 
[2026-07-23T09:08:31Z] [critic] Skill mis à jour: agents
[2026-07-23T09:08:31Z] [critic] Fichier: /home/aza/.hermes/skills/agents/adam-v2-infrastructure/SKILL.md
[2026-07-23T09:08:31Z] [critic] Nouvelle taille: 14170 octets
[2026-07-23T09:08:31Z] [critic] ✓ YAML frontmatter valide après mise à jour
[2026-07-23T09:08:31Z] [critic] Review terminée pour skill:updated
[2026-07-23T09:10:57Z] [critic] Canal: skill:broken | Source: hive_cycler | Skill:  | Arg: 
[2026-07-23T09:10:57Z] [critic] Skill cassé: 
[2026-07-23T09:10:57Z] [critic] Erreur: 
[2026-07-23T09:10:57Z] [critic] ⚠ Fichier SKILL.md introuvable pour ''
[2026-07-23T09:15:17Z] [critic] Canal: skill:broken | Source: hive_cycler | Skill:  | Arg: 
[2026-07-23T09:15:17Z] [critic] Skill cassé: 
[2026-07-23T09:15:17Z] [critic] Erreur: 
[2026-07-23T09:15:17Z] [critic] ⚠ Fichier SKILL.md introuvable pour ''
[2026-07-23T09:19:39Z] [critic] Canal: skill:broken | Source: hive_cycler | Skill:  | Arg: 
[2026-07-23T09:19:39Z] [critic] Skill cassé: 
[2026-07-23T09:19:39Z] [critic] Erreur: 
[2026-07-23T09:19:39Z] [critic] ⚠ Fichier SKILL.md introuvable pour ''
[2026-07-23T09:24:02Z] [critic] Canal: skill:broken | Source: hive_cycler | Skill:  | Arg: 
[2026-07-23T09:24:02Z] [critic] Skill cassé: 
[2026-07-23T09:24:02Z] [critic] Erreur: 
[2026-07-23T09:24:02Z] [critic] ⚠ Fichier SKILL.md introuvable pour ''
[2026-07-23T09:28:22Z] [critic] Canal: skill:broken | Source: hive_cycler | Skill:  | Arg: 
[2026-07-23T09:28:22Z] [critic] Skill cassé: 
[2026-07-23T09:28:22Z] [critic] Erreur: 
[2026-07-23T09:28:22Z] [critic] ⚠ Fichier SKILL.md introuvable pour ''
[2026-07-23T09:32:44Z] [critic] Canal: skill:broken | Source: hive_cycler | Skill:  | Arg: 
[2026-07-23T09:32:44Z] [critic] Skill cassé: 
[2026-07-23T09:32:44Z] [critic] Erreur: 
[2026-07-23T09:32:44Z] [critic] ⚠ Fichier SKILL.md introuvable pour ''
[2026-07-23T09:37:04Z] [critic] Canal: skill:broken | Source: hive_cycler | Skill:  | Arg: 
[2026-07-23T09:37:04Z] [critic] Skill cassé: 
[2026-07-23T09:37:04Z] [critic] Erreur: 
[2026-07-23T09:37:04Z] [critic] ⚠ Fichier SKILL.md introuvable pour ''
[2026-07-23T09:41:26Z] [critic] Canal: skill:broken | Source: hive_cycler | Skill:  | Arg: 
[2026-07-23T09:41:26Z] [critic] Skill cassé: 
[2026-07-23T09:41:26Z] [critic] Erreur: 
[2026-07-23T09:41:26Z] [critic] ⚠ Fichier SKILL.md introuvable pour ''
[2026-07-23T09:45:46Z] [critic] Canal: skill:broken | Source: hive_cycler | Skill:  | Arg: 
[2026-07-23T09:45:46Z] [critic] Skill cassé: 
[2026-07-23T09:45:46Z] [critic] Erreur: 
[2026-07-23T09:45:46Z] [critic] ⚠ Fichier SKILL.md introuvable pour ''
[2026-07-23T09:47:28Z] [critic] Canal: skill:created | Source: watcher-skills | Skill: devops | Arg: 
[2026-07-23T09:47:28Z] [critic] Nouveau skill détecté: devops
[2026-07-23T09:47:28Z] [critic] Fichier: /home/aza/.hermes/skills/devops/adam-v2-architecture/references/inter-agent-chains.md
[2026-07-23T09:47:28Z] [critic] Taille: 5886 octets
[2026-07-23T09:47:28Z] [critic] ⚠ Pas de frontmatter YAML
[2026-07-23T09:47:28Z] [critic] Sections détectées: 17
[2026-07-23T09:47:28Z] [critic] Review terminée pour skill:created
[2026-07-23T09:47:28Z] [critic] → published wiki:update for adam-docs
[2026-07-23T09:47:42Z] [critic] Canal: skill:updated | Source: watcher-skills | Skill: devops | Arg: 
[2026-07-23T09:47:42Z] [critic] Skill mis à jour: devops
[2026-07-23T09:47:42Z] [critic] Fichier: /home/aza/.hermes/skills/devops/adam-v2-architecture/SKILL.md
[2026-07-23T09:47:42Z] [critic] Nouvelle taille: 42859 octets
[2026-07-23T09:47:42Z] [critic] ✓ YAML frontmatter valide après mise à jour
[2026-07-23T09:47:42Z] [critic] Review terminée pour skill:updated
[2026-07-23T09:47:42Z] [critic] → published wiki:update for adam-docs
[2026-07-23T09:50:08Z] [critic] Canal: skill:broken | Source: hive_cycler | Skill:  | Arg: 
[2026-07-23T09:50:08Z] [critic] Skill cassé: 
[2026-07-23T09:50:08Z] [critic] Erreur: 
[2026-07-23T09:50:08Z] [critic] ⚠ Fichier SKILL.md introuvable pour ''
[2026-07-23T09:54:28Z] [critic] Canal: skill:broken | Source: hive_cycler | Skill:  | Arg: 
[2026-07-23T09:54:28Z] [critic] Skill cassé: 
[2026-07-23T09:54:28Z] [critic] Erreur: 
[2026-07-23T09:54:28Z] [critic] ⚠ Fichier SKILL.md introuvable pour ''
[2026-07-23T09:58:04Z] [critic] Canal: skill:updated | Source: test | Skill: test | Arg: 
[2026-07-23T09:58:04Z] [critic] Skill mis à jour: test
[2026-07-23T09:58:04Z] [critic] ⚠ Fichier SKILL.md introuvable pour skill mis à jour
[2026-07-23T09:58:04Z] [critic] Review terminée pour skill:updated
[2026-07-23T09:58:04Z] [critic] → published wiki:update for adam-docs
[2026-07-23T09:58:50Z] [critic] Canal: skill:broken | Source: hive_cycler | Skill:  | Arg: 
[2026-07-23T09:58:50Z] [critic] Skill cassé: 
[2026-07-23T09:58:50Z] [critic] Erreur: 
[2026-07-23T09:58:50Z] [critic] ⚠ Fichier SKILL.md introuvable pour ''
[2026-07-23T10:03:12Z] [critic] Canal: skill:broken | Source: hive_cycler | Skill:  | Arg: 
[2026-07-23T10:03:12Z] [critic] Skill cassé: 
[2026-07-23T10:03:12Z] [critic] Erreur: 
[2026-07-23T10:03:12Z] [critic] ⚠ Fichier SKILL.md introuvable pour ''
[2026-07-23T10:07:32Z] [critic] Canal: skill:broken | Source: hive_cycler | Skill:  | Arg: 
[2026-07-23T10:07:32Z] [critic] Skill cassé: 
[2026-07-23T10:07:32Z] [critic] Erreur: 
[2026-07-23T10:07:32Z] [critic] ⚠ Fichier SKILL.md introuvable pour ''
[2026-07-23T10:11:55Z] [critic] Canal: skill:broken | Source: hive_cycler | Skill:  | Arg: 
[2026-07-23T10:11:55Z] [critic] Skill cassé: 
[2026-07-23T10:11:55Z] [critic] Erreur: 
[2026-07-23T10:11:55Z] [critic] ⚠ Fichier SKILL.md introuvable pour ''
[2026-07-23T10:16:15Z] [critic] Canal: skill:broken | Source: hive_cycler | Skill:  | Arg: 
[2026-07-23T10:16:15Z] [critic] Skill cassé: 
[2026-07-23T10:16:15Z] [critic] Erreur: 
[2026-07-23T10:16:15Z] [critic] ⚠ Fichier SKILL.md introuvable pour ''
[2026-07-23T10:20:37Z] [critic] Canal: skill:updated | Source: watcher-skills | Skill: agents | Arg: 
[2026-07-23T10:20:37Z] [critic] Skill mis à jour: agents
[2026-07-23T10:20:37Z] [critic] Fichier: /home/aza/.hermes/skills/agents/adam-v2-infrastructure/references/hive-3d-visualization.md
[2026-07-23T10:20:37Z] [critic] Canal: skill:broken | Source: hive_cycler | Skill:  | Arg: 
[2026-07-23T10:20:37Z] [critic] Nouvelle taille: 14862 octets
[2026-07-23T10:20:37Z] [critic] Skill cassé: 
[2026-07-23T10:20:37Z] [critic] Erreur: 
[2026-07-23T10:20:37Z] [critic] ⚠ Fichier SKILL.md introuvable pour ''
[2026-07-23T10:20:37Z] [critic] Review terminée pour skill:updated
[2026-07-23T10:20:37Z] [critic] → published wiki:update for adam-docs
[2026-07-23T10:24:57Z] [critic] Canal: skill:broken | Source: hive_cycler | Skill:  | Arg: 
[2026-07-23T10:24:57Z] [critic] Skill cassé: 
[2026-07-23T10:24:57Z] [critic] Erreur: 
[2026-07-23T10:24:57Z] [critic] ⚠ Fichier SKILL.md introuvable pour ''
[2026-07-23T10:26:13Z] [critic] Canal: skill:updated | Source: watcher-skills | Skill: agents | Arg: 
[2026-07-23T10:26:13Z] [critic] Skill mis à jour: agents
[2026-07-23T10:26:13Z] [critic] Fichier: /home/aza/.hermes/skills/agents/adam-v2-infrastructure/SKILL.md
[2026-07-23T10:26:13Z] [critic] Nouvelle taille: 15943 octets
[2026-07-23T10:26:13Z] [critic] ✓ YAML frontmatter valide après mise à jour
[2026-07-23T10:26:13Z] [critic] Review terminée pour skill:updated
[2026-07-23T10:26:13Z] [critic] → published wiki:update for adam-docs
[2026-07-23T10:27:21Z] [critic] Canal: skill:updated | Source: watcher-skills | Skill: agents | Arg: 
[2026-07-23T10:27:21Z] [critic] Skill mis à jour: agents
[2026-07-23T10:27:21Z] [critic] Fichier: /home/aza/.hermes/skills/agents/adam-v2-infrastructure/SKILL.md
[2026-07-23T10:27:21Z] [critic] Nouvelle taille: 16004 octets
[2026-07-23T10:27:21Z] [critic] ✓ YAML frontmatter valide après mise à jour
[2026-07-23T10:27:21Z] [critic] Review terminée pour skill:updated
[2026-07-23T10:27:21Z] [critic] → published wiki:update for adam-docs
[2026-07-23T10:28:29Z] [critic] Canal: skill:updated | Source: watcher-skills | Skill: agents | Arg: 
[2026-07-23T10:28:29Z] [critic] Skill mis à jour: agents
[2026-07-23T10:28:29Z] [critic] Fichier: /home/aza/.hermes/skills/agents/adam-v2-infrastructure/SKILL.md
[2026-07-23T10:28:29Z] [critic] Nouvelle taille: 16004 octets
[2026-07-23T10:28:29Z] [critic] ✓ YAML frontmatter valide après mise à jour
[2026-07-23T10:28:29Z] [critic] Review terminée pour skill:updated
[2026-07-23T10:28:29Z] [critic] → published wiki:update for adam-docs
[2026-07-23T10:28:45Z] [critic] Canal: skill:updated | Source: watcher-skills | Skill: agents | Arg: 
[2026-07-23T10:28:45Z] [critic] Skill mis à jour: agents
[2026-07-23T10:28:45Z] [critic] Fichier: /home/aza/.hermes/skills/agents/adam-v2-infrastructure/SKILL.md
[2026-07-23T10:28:45Z] [critic] Nouvelle taille: 17095 octets
[2026-07-23T10:28:45Z] [critic] ✓ YAML frontmatter valide après mise à jour
[2026-07-23T10:28:45Z] [critic] Review terminée pour skill:updated
[2026-07-23T10:28:45Z] [critic] → published wiki:update for adam-docs
[2026-07-23T10:29:19Z] [critic] Canal: skill:broken | Source: hive_cycler | Skill:  | Arg: 
[2026-07-23T10:29:19Z] [critic] Skill cassé: 
[2026-07-23T10:29:19Z] [critic] Erreur: 
[2026-07-23T10:29:19Z] [critic] ⚠ Fichier SKILL.md introuvable pour ''
[2026-07-23T10:33:39Z] [critic] Canal: skill:broken | Source: hive_cycler | Skill:  | Arg: 
[2026-07-23T10:33:39Z] [critic] Skill cassé: 
[2026-07-23T10:33:39Z] [critic] Erreur: 
[2026-07-23T10:33:39Z] [critic] ⚠ Fichier SKILL.md introuvable pour ''
[2026-07-23T10:37:41Z] [critic] Canal: skill:created | Source: watcher-skills | Skill: infrastructure | Arg: 
[2026-07-23T10:37:41Z] [critic] Nouveau skill détecté: infrastructure
[2026-07-23T10:37:41Z] [critic] Fichier: /home/aza/.hermes/skills/infrastructure/wireguard-vpn-diagnostics/SKILL.md
[2026-07-23T10:37:41Z] [critic] Taille: 8101 octets
[2026-07-23T10:37:41Z] [critic] ✓ Frontmatter YAML présent
[2026-07-23T10:37:41Z] [critic] Sections détectées: 56
[2026-07-23T10:37:41Z] [critic] Review terminée pour skill:created
[2026-07-23T10:37:41Z] [critic] → published wiki:update for adam-docs
[2026-07-23T10:38:01Z] [critic] Canal: skill:broken | Source: hive_cycler | Skill:  | Arg: 
[2026-07-23T10:38:01Z] [critic] Skill cassé: 
[2026-07-23T10:38:01Z] [critic] Erreur: 
[2026-07-23T10:38:01Z] [critic] ⚠ Fichier SKILL.md introuvable pour ''
[2026-07-23T10:38:15Z] [critic] Canal: skill:created | Source: watcher-skills | Skill: infrastructure | Arg: 
[2026-07-23T10:38:15Z] [critic] Nouveau skill détecté: infrastructure
[2026-07-23T10:38:15Z] [critic] Fichier: /home/aza/.hermes/skills/infrastructure/wireguard-vpn-diagnostics/references/wg-easy-docker-setup.md
[2026-07-23T10:38:15Z] [critic] Taille: 4038 octets
[2026-07-23T10:38:15Z] [critic] ⚠ Pas de frontmatter YAML
[2026-07-23T10:38:15Z] [critic] Sections détectées: 17
[2026-07-23T10:38:15Z] [critic] Review terminée pour skill:created
[2026-07-23T10:38:15Z] [critic] → published wiki:update for adam-docs
[2026-07-23T10:38:43Z] [critic] Canal: skill:updated | Source: watcher-skills | Skill: agents | Arg: 
[2026-07-23T10:38:43Z] [critic] Skill mis à jour: agents
[2026-07-23T10:38:43Z] [critic] Fichier: /home/aza/.hermes/skills/agents/adam-v2-infrastructure/references/dashboard-and-cycler.md
[2026-07-23T10:38:43Z] [critic] Nouvelle taille: 10607 octets
[2026-07-23T10:38:43Z] [critic] Review terminée pour skill:updated
[2026-07-23T10:38:43Z] [critic] → published wiki:update for adam-docs
[2026-07-23T10:42:21Z] [critic] Canal: skill:broken | Source: hive_cycler | Skill:  | Arg: 
[2026-07-23T10:42:21Z] [critic] Skill cassé: 
[2026-07-23T10:42:21Z] [critic] Erreur: 
[2026-07-23T10:42:21Z] [critic] ⚠ Fichier SKILL.md introuvable pour ''
[2026-07-23T10:46:43Z] [critic] Canal: skill:broken | Source: hive_cycler | Skill:  | Arg: 
[2026-07-23T10:46:43Z] [critic] Skill cassé: 
[2026-07-23T10:46:43Z] [critic] Erreur: 
[2026-07-23T10:46:43Z] [critic] ⚠ Fichier SKILL.md introuvable pour ''
[2026-07-23T10:51:06Z] [critic] Canal: skill:broken | Source: hive_cycler | Skill:  | Arg: 
[2026-07-23T10:51:06Z] [critic] Skill cassé: 
[2026-07-23T10:51:06Z] [critic] Erreur: 
[2026-07-23T10:51:06Z] [critic] ⚠ Fichier SKILL.md introuvable pour ''
[2026-07-23T10:55:26Z] [critic] Canal: skill:broken | Source: hive_cycler | Skill:  | Arg: 
[2026-07-23T10:55:26Z] [critic] Skill cassé: 
[2026-07-23T10:55:26Z] [critic] Erreur: 
[2026-07-23T10:55:26Z] [critic] ⚠ Fichier SKILL.md introuvable pour ''
[2026-07-23T10:58:02Z] [critic] Canal: skill:updated | Source: watcher-skills | Skill: infrastructure | Arg: 
[2026-07-23T10:58:02Z] [critic] Skill mis à jour: infrastructure
[2026-07-23T10:58:02Z] [critic] Fichier: /home/aza/.hermes/skills/infrastructure/wireguard-vpn-diagnostics/SKILL.md
[2026-07-23T10:58:02Z] [critic] Nouvelle taille: 9559 octets
[2026-07-23T10:58:02Z] [critic] ✓ YAML frontmatter valide après mise à jour
[2026-07-23T10:58:02Z] [critic] Review terminée pour skill:updated
[2026-07-23T10:58:02Z] [critic] → published wiki:update for adam-docs
[2026-07-23T10:58:42Z] [critic] Canal: skill:updated | Source: watcher-skills | Skill: agents | Arg: 
[2026-07-23T10:58:42Z] [critic] Skill mis à jour: agents
[2026-07-23T10:58:42Z] [critic] Fichier: /home/aza/.hermes/skills/agents/adam-v2-infrastructure/SKILL.md
[2026-07-23T10:58:42Z] [critic] Nouvelle taille: 19893 octets
[2026-07-23T10:58:42Z] [critic] ✓ YAML frontmatter valide après mise à jour
[2026-07-23T10:58:42Z] [critic] Review terminée pour skill:updated
[2026-07-23T10:58:42Z] [critic] → published wiki:update for adam-docs
[2026-07-23T10:59:48Z] [critic] Canal: skill:broken | Source: hive_cycler | Skill:  | Arg: 
[2026-07-23T10:59:48Z] [critic] Skill cassé: 
[2026-07-23T10:59:48Z] [critic] Erreur: 
[2026-07-23T10:59:48Z] [critic] ⚠ Fichier SKILL.md introuvable pour ''
[2026-07-23T11:04:08Z] [critic] Canal: skill:broken | Source: hive_cycler | Skill:  | Arg: 
[2026-07-23T11:04:08Z] [critic] Skill cassé: 
[2026-07-23T11:04:08Z] [critic] Erreur: 
[2026-07-23T11:04:08Z] [critic] ⚠ Fichier SKILL.md introuvable pour ''
[2026-07-23T11:07:10Z] [critic] Canal: skill:updated | Source: watcher-skills | Skill: agents | Arg: 
[2026-07-23T11:07:10Z] [critic] Skill mis à jour: agents
[2026-07-23T11:07:10Z] [critic] Fichier: /home/aza/.hermes/skills/agents/adam-v2-infrastructure/SKILL.md
[2026-07-23T11:07:10Z] [critic] Nouvelle taille: 21522 octets
[2026-07-23T11:07:10Z] [critic] ✓ YAML frontmatter valide après mise à jour
[2026-07-23T11:07:10Z] [critic] Review terminée pour skill:updated
[2026-07-23T11:07:10Z] [critic] → published wiki:update for adam-docs
[2026-07-23T11:07:44Z] [critic] Canal: skill:updated | Source: watcher-skills | Skill: agents | Arg: 
[2026-07-23T11:07:44Z] [critic] Skill mis à jour: agents
[2026-07-23T11:07:44Z] [critic] Fichier: /home/aza/.hermes/skills/agents/adam-v2-infrastructure/SKILL.md
[2026-07-23T11:07:44Z] [critic] Nouvelle taille: 21522 octets
[2026-07-23T11:07:44Z] [critic] ✓ YAML frontmatter valide après mise à jour
[2026-07-23T11:07:44Z] [critic] Review terminée pour skill:updated
[2026-07-23T11:07:44Z] [critic] → published wiki:update for adam-docs
[2026-07-23T11:08:30Z] [critic] Canal: skill:broken | Source: hive_cycler | Skill:  | Arg: 
[2026-07-23T11:08:30Z] [critic] Skill cassé: 
[2026-07-23T11:08:30Z] [critic] Erreur: 
[2026-07-23T11:08:30Z] [critic] ⚠ Fichier SKILL.md introuvable pour ''
[2026-07-23T11:12:50Z] [critic] Canal: skill:broken | Source: hive_cycler | Skill:  | Arg: 
[2026-07-23T11:12:50Z] [critic] Skill cassé: 
[2026-07-23T11:12:50Z] [critic] Erreur: 
[2026-07-23T11:12:50Z] [critic] ⚠ Fichier SKILL.md introuvable pour ''
[2026-07-23T11:17:12Z] [critic] Canal: skill:broken | Source: hive_cycler | Skill:  | Arg: 
[2026-07-23T11:17:12Z] [critic] Skill cassé: 
[2026-07-23T11:17:12Z] [critic] Erreur: 
[2026-07-23T11:17:12Z] [critic] ⚠ Fichier SKILL.md introuvable pour ''
[2026-07-23T11:21:32Z] [critic] Canal: skill:broken | Source: hive_cycler | Skill:  | Arg: 
[2026-07-23T11:21:32Z] [critic] Skill cassé: 
[2026-07-23T11:21:32Z] [critic] Erreur: 
[2026-07-23T11:21:32Z] [critic] ⚠ Fichier SKILL.md introuvable pour ''
[2026-07-23T11:25:54Z] [critic] Canal: skill:broken | Source: hive_cycler | Skill:  | Arg: 
[2026-07-23T11:25:54Z] [critic] Skill cassé: 
[2026-07-23T11:25:54Z] [critic] Erreur: 
[2026-07-23T11:25:54Z] [critic] ⚠ Fichier SKILL.md introuvable pour ''
[2026-07-23T11:30:16Z] [critic] Canal: skill:broken | Source: hive_cycler | Skill:  | Arg: 
[2026-07-23T11:30:16Z] [critic] Skill cassé: 
[2026-07-23T11:30:16Z] [critic] Erreur: 
[2026-07-23T11:30:16Z] [critic] ⚠ Fichier SKILL.md introuvable pour ''
[2026-07-23T11:34:37Z] [critic] Canal: skill:broken | Source: hive_cycler | Skill:  | Arg: 
[2026-07-23T11:34:37Z] [critic] Skill cassé: 
[2026-07-23T11:34:37Z] [critic] Erreur: 
[2026-07-23T11:34:37Z] [critic] ⚠ Fichier SKILL.md introuvable pour ''
[2026-07-23T11:38:59Z] [critic] Canal: skill:broken | Source: hive_cycler | Skill:  | Arg: 
[2026-07-23T11:38:59Z] [critic] Skill cassé: 
[2026-07-23T11:38:59Z] [critic] Erreur: 
[2026-07-23T11:38:59Z] [critic] ⚠ Fichier SKILL.md introuvable pour ''
[2026-07-23T11:43:19Z] [critic] Canal: skill:broken | Source: hive_cycler | Skill:  | Arg: 
[2026-07-23T11:43:19Z] [critic] Skill cassé: 
[2026-07-23T11:43:19Z] [critic] Erreur: 
[2026-07-23T11:43:19Z] [critic] ⚠ Fichier SKILL.md introuvable pour ''
[2026-07-23T11:47:41Z] [critic] Canal: skill:broken | Source: hive_cycler | Skill:  | Arg: 
[2026-07-23T11:47:41Z] [critic] Skill cassé: 
[2026-07-23T11:47:41Z] [critic] Erreur: 
[2026-07-23T11:47:41Z] [critic] ⚠ Fichier SKILL.md introuvable pour ''
[2026-07-23T11:52:01Z] [critic] Canal: skill:broken | Source: hive_cycler | Skill:  | Arg: 
[2026-07-23T11:52:01Z] [critic] Skill cassé: 
[2026-07-23T11:52:01Z] [critic] Erreur: 
[2026-07-23T11:52:01Z] [critic] ⚠ Fichier SKILL.md introuvable pour ''
[2026-07-23T11:55:53Z] [critic] Canal: skill:updated | Source: watcher-skills | Skill: agents | Arg: 
[2026-07-23T11:55:53Z] [critic] Skill mis à jour: agents
[2026-07-23T11:55:53Z] [critic] Fichier: /home/aza/.hermes/skills/agents/adam-v2-infrastructure/SKILL.md
[2026-07-23T11:55:53Z] [critic] Nouvelle taille: 21522 octets
[2026-07-23T11:55:53Z] [critic] ✓ YAML frontmatter valide après mise à jour
[2026-07-23T11:55:53Z] [critic] Review terminée pour skill:updated
[2026-07-23T11:55:53Z] [critic] → published wiki:update for adam-docs
[2026-07-23T11:55:59Z] [critic] Canal: skill:updated | Source: watcher-skills | Skill: agents | Arg: 
[2026-07-23T11:55:59Z] [critic] Skill mis à jour: agents
[2026-07-23T11:55:59Z] [critic] Fichier: /home/aza/.hermes/skills/agents/adam-v2-infrastructure/SKILL.md
[2026-07-23T11:55:59Z] [critic] Nouvelle taille: 21663 octets
[2026-07-23T11:55:59Z] [critic] ✓ YAML frontmatter valide après mise à jour
[2026-07-23T11:55:59Z] [critic] Review terminée pour skill:updated
[2026-07-23T11:55:59Z] [critic] → published wiki:update for adam-docs
[2026-07-23T11:56:23Z] [critic] Canal: skill:broken | Source: hive_cycler | Skill:  | Arg: 
[2026-07-23T11:56:23Z] [critic] Skill cassé: 
[2026-07-23T11:56:23Z] [critic] Erreur: 
[2026-07-23T11:56:23Z] [critic] ⚠ Fichier SKILL.md introuvable pour ''
[2026-07-23T11:56:27Z] [critic] Canal: skill:updated | Source: watcher-skills | Skill: agents | Arg: 
[2026-07-23T11:56:27Z] [critic] Skill mis à jour: agents
[2026-07-23T11:56:27Z] [critic] Fichier: /home/aza/.hermes/skills/agents/adam-v2-infrastructure/SKILL.md
[2026-07-23T11:56:27Z] [critic] Nouvelle taille: 25890 octets
[2026-07-23T11:56:27Z] [critic] ✓ YAML frontmatter valide après mise à jour
[2026-07-23T11:56:27Z] [critic] Review terminée pour skill:updated
[2026-07-23T11:56:27Z] [critic] → published wiki:update for adam-docs
[2026-07-23T11:56:37Z] [critic] Canal: skill:updated | Source: watcher-skills | Skill: agents | Arg: 
[2026-07-23T11:56:37Z] [critic] Skill mis à jour: agents
[2026-07-23T11:56:37Z] [critic] Fichier: /home/aza/.hermes/skills/agents/adam-v2-infrastructure/SKILL.md
[2026-07-23T11:56:37Z] [critic] Nouvelle taille: 25916 octets
[2026-07-23T11:56:37Z] [critic] ✓ YAML frontmatter valide après mise à jour
[2026-07-23T11:56:37Z] [critic] Review terminée pour skill:updated
[2026-07-23T11:56:37Z] [critic] → published wiki:update for adam-docs
[2026-07-23T11:57:11Z] [critic] Canal: skill:created | Source: watcher-skills | Skill: agents | Arg: 
[2026-07-23T11:57:11Z] [critic] Nouveau skill détecté: agents
[2026-07-23T11:57:11Z] [critic] Fichier: /home/aza/.hermes/skills/agents/adam-v2-infrastructure/references/self-heal-alphaevolve.md
[2026-07-23T11:57:11Z] [critic] Taille: 4828 octets
[2026-07-23T11:57:11Z] [critic] ⚠ Pas de frontmatter YAML
[2026-07-23T11:57:11Z] [critic] Sections détectées: 14
[2026-07-23T11:57:11Z] [critic] Review terminée pour skill:created
[2026-07-23T11:57:11Z] [critic] → published wiki:update for adam-docs
[2026-07-23T11:57:23Z] [critic] Canal: skill:updated | Source: watcher-skills | Skill: agents | Arg: 
[2026-07-23T11:57:23Z] [critic] Skill mis à jour: agents
[2026-07-23T11:57:23Z] [critic] Fichier: /home/aza/.hermes/skills/agents/adam-v2-infrastructure/SKILL.md
[2026-07-23T11:57:23Z] [critic] Nouvelle taille: 26100 octets
[2026-07-23T11:57:23Z] [critic] ✓ YAML frontmatter valide après mise à jour
[2026-07-23T11:57:23Z] [critic] Review terminée pour skill:updated
[2026-07-23T11:57:23Z] [critic] → published wiki:update for adam-docs
[2026-07-23T12:00:43Z] [critic] Canal: skill:broken | Source: hive_cycler | Skill:  | Arg: 
[2026-07-23T12:00:43Z] [critic] Skill cassé: 
[2026-07-23T12:00:43Z] [critic] Erreur: 
[2026-07-23T12:00:43Z] [critic] ⚠ Fichier SKILL.md introuvable pour ''
[2026-07-23T12:05:05Z] [critic] Canal: skill:broken | Source: hive_cycler | Skill:  | Arg: 
[2026-07-23T12:05:05Z] [critic] Skill cassé: 
[2026-07-23T12:05:05Z] [critic] Erreur: 
[2026-07-23T12:05:05Z] [critic] ⚠ Fichier SKILL.md introuvable pour ''
[2026-07-23T12:09:25Z] [critic] Canal: skill:broken | Source: hive_cycler | Skill:  | Arg: 
[2026-07-23T12:09:25Z] [critic] Skill cassé: 
[2026-07-23T12:09:25Z] [critic] Erreur: 
[2026-07-23T12:09:25Z] [critic] ⚠ Fichier SKILL.md introuvable pour ''
[2026-07-23T12:13:47Z] [critic] Canal: skill:broken | Source: hive_cycler | Skill:  | Arg: 
[2026-07-23T12:13:47Z] [critic] Skill cassé: 
[2026-07-23T12:13:47Z] [critic] Erreur: 
[2026-07-23T12:13:47Z] [critic] ⚠ Fichier SKILL.md introuvable pour ''
[2026-07-23T12:18:10Z] [critic] Canal: skill:broken | Source: hive_cycler | Skill:  | Arg: 
[2026-07-23T12:18:10Z] [critic] Skill cassé: 
[2026-07-23T12:18:10Z] [critic] Erreur: 
[2026-07-23T12:18:10Z] [critic] ⚠ Fichier SKILL.md introuvable pour ''
[2026-07-23T12:22:30Z] [critic] Canal: skill:broken | Source: hive_cycler | Skill:  | Arg: 
[2026-07-23T12:22:30Z] [critic] Skill cassé: 
[2026-07-23T12:22:30Z] [critic] Erreur: 
[2026-07-23T12:22:30Z] [critic] ⚠ Fichier SKILL.md introuvable pour ''
[2026-07-23T12:26:52Z] [critic] Canal: skill:broken | Source: hive_cycler | Skill:  | Arg: 
[2026-07-23T12:26:52Z] [critic] Skill cassé: 
[2026-07-23T12:26:52Z] [critic] Erreur: 
[2026-07-23T12:26:52Z] [critic] ⚠ Fichier SKILL.md introuvable pour ''
[2026-07-23T12:31:12Z] [critic] Canal: skill:broken | Source: hive_cycler | Skill:  | Arg: 
[2026-07-23T12:31:12Z] [critic] Skill cassé: 
[2026-07-23T12:31:12Z] [critic] Erreur: 
[2026-07-23T12:31:12Z] [critic] ⚠ Fichier SKILL.md introuvable pour ''
[2026-07-23T12:35:34Z] [critic] Canal: skill:broken | Source: hive_cycler | Skill:  | Arg: 
[2026-07-23T12:35:34Z] [critic] Skill cassé: 
[2026-07-23T12:35:34Z] [critic] Erreur: 
[2026-07-23T12:35:34Z] [critic] ⚠ Fichier SKILL.md introuvable pour ''
[2026-07-23T12:39:54Z] [critic] Canal: skill:broken | Source: hive_cycler | Skill:  | Arg: 
[2026-07-23T12:39:54Z] [critic] Skill cassé: 
[2026-07-23T12:39:54Z] [critic] Erreur: 
[2026-07-23T12:39:54Z] [critic] ⚠ Fichier SKILL.md introuvable pour ''
[2026-07-23T12:41:46Z] [critic] Canal: skill:created | Source: watcher-skills | Skill: agents | Arg: 
[2026-07-23T12:41:46Z] [critic] Nouveau skill détecté: agents
[2026-07-23T12:41:46Z] [critic] Fichier: /home/aza/.hermes/skills/agents/adam-v2-infrastructure/references/adam-evolution-phase2.md
[2026-07-23T12:41:46Z] [critic] Taille: 8209 octets
[2026-07-23T12:41:46Z] [critic] ⚠ Pas de frontmatter YAML
[2026-07-23T12:41:46Z] [critic] Sections détectées: 22
[2026-07-23T12:41:46Z] [critic] Review terminée pour skill:created
[2026-07-23T12:41:46Z] [critic] → published wiki:update for adam-docs
[2026-07-23T12:41:50Z] [critic] Canal: skill:updated | Source: watcher-skills | Skill: agents | Arg: 
[2026-07-23T12:41:50Z] [critic] Skill mis à jour: agents
[2026-07-23T12:41:50Z] [critic] Fichier: /home/aza/.hermes/skills/agents/adam-v2-infrastructure/SKILL.md
[2026-07-23T12:41:50Z] [critic] Nouvelle taille: 26100 octets
[2026-07-23T12:41:50Z] [critic] ✓ YAML frontmatter valide après mise à jour
[2026-07-23T12:41:50Z] [critic] Review terminée pour skill:updated
[2026-07-23T12:41:50Z] [critic] → published wiki:update for adam-docs
[2026-07-23T12:41:54Z] [critic] Canal: skill:updated | Source: watcher-skills | Skill: agents | Arg: 
[2026-07-23T12:41:54Z] [critic] Skill mis à jour: agents
[2026-07-23T12:41:54Z] [critic] Fichier: /home/aza/.hermes/skills/agents/adam-v2-infrastructure/SKILL.md
[2026-07-23T12:41:54Z] [critic] Nouvelle taille: 26026 octets
[2026-07-23T12:41:54Z] [critic] ✓ YAML frontmatter valide après mise à jour
[2026-07-23T12:41:54Z] [critic] Review terminée pour skill:updated
[2026-07-23T12:41:54Z] [critic] → published wiki:update for adam-docs
[2026-07-23T12:42:04Z] [critic] Canal: skill:updated | Source: watcher-skills | Skill: agents | Arg: 
[2026-07-23T12:42:04Z] [critic] Skill mis à jour: agents
[2026-07-23T12:42:04Z] [critic] Fichier: /home/aza/.hermes/skills/agents/adam-v2-infrastructure/SKILL.md
[2026-07-23T12:42:04Z] [critic] Nouvelle taille: 26337 octets
[2026-07-23T12:42:04Z] [critic] ✓ YAML frontmatter valide après mise à jour
[2026-07-23T12:42:04Z] [critic] Review terminée pour skill:updated
[2026-07-23T12:42:04Z] [critic] → published wiki:update for adam-docs
[2026-07-23T12:42:26Z] [critic] Canal: skill:updated | Source: watcher-skills | Skill: agents | Arg: 
[2026-07-23T12:42:26Z] [critic] Skill mis à jour: agents
[2026-07-23T12:42:26Z] [critic] Fichier: /home/aza/.hermes/skills/agents/adam-v2-infrastructure/SKILL.md
[2026-07-23T12:42:26Z] [critic] Nouvelle taille: 28905 octets
[2026-07-23T12:42:26Z] [critic] ✓ YAML frontmatter valide après mise à jour
[2026-07-23T12:42:26Z] [critic] Review terminée pour skill:updated
[2026-07-23T12:42:26Z] [critic] → published wiki:update for adam-docs
[2026-07-23T12:42:36Z] [critic] Canal: skill:updated | Source: watcher-skills | Skill: agents | Arg: 
[2026-07-23T12:42:36Z] [critic] Skill mis à jour: agents
[2026-07-23T12:42:36Z] [critic] Fichier: /home/aza/.hermes/skills/agents/adam-v2-infrastructure/SKILL.md
[2026-07-23T12:42:36Z] [critic] Nouvelle taille: 29133 octets
[2026-07-23T12:42:36Z] [critic] ✓ YAML frontmatter valide après mise à jour
[2026-07-23T12:42:36Z] [critic] Review terminée pour skill:updated
[2026-07-23T12:42:36Z] [critic] → published wiki:update for adam-docs
[2026-07-23T12:44:16Z] [critic] Canal: skill:broken | Source: hive_cycler | Skill:  | Arg: 
[2026-07-23T12:44:16Z] [critic] Skill cassé: 
[2026-07-23T12:44:16Z] [critic] Erreur: 
[2026-07-23T12:44:16Z] [critic] ⚠ Fichier SKILL.md introuvable pour ''
[2026-07-23T12:48:36Z] [critic] Canal: skill:broken | Source: hive_cycler | Skill:  | Arg: 
[2026-07-23T12:48:36Z] [critic] Skill cassé: 
[2026-07-23T12:48:36Z] [critic] Erreur: 
[2026-07-23T12:48:36Z] [critic] ⚠ Fichier SKILL.md introuvable pour ''
[2026-07-23T12:52:58Z] [critic] Canal: skill:broken | Source: hive_cycler | Skill:  | Arg: 
[2026-07-23T12:52:58Z] [critic] Skill cassé: 
[2026-07-23T12:52:58Z] [critic] Erreur: 
[2026-07-23T12:52:58Z] [critic] ⚠ Fichier SKILL.md introuvable pour ''
[2026-07-23T12:57:19Z] [critic] Canal: skill:broken | Source: hive_cycler | Skill:  | Arg: 
[2026-07-23T12:57:19Z] [critic] Skill cassé: 
[2026-07-23T12:57:19Z] [critic] Erreur: 
[2026-07-23T12:57:19Z] [critic] ⚠ Fichier SKILL.md introuvable pour ''
[2026-07-23T13:01:41Z] [critic] Canal: skill:broken | Source: hive_cycler | Skill:  | Arg: 
[2026-07-23T13:01:41Z] [critic] Skill cassé: 
[2026-07-23T13:01:41Z] [critic] Erreur: 
[2026-07-23T13:01:41Z] [critic] ⚠ Fichier SKILL.md introuvable pour ''
[2026-07-23T13:06:03Z] [critic] Canal: skill:broken | Source: hive_cycler | Skill:  | Arg: 
[2026-07-23T13:06:03Z] [critic] Skill cassé: 
[2026-07-23T13:06:03Z] [critic] Erreur: 
[2026-07-23T13:06:03Z] [critic] ⚠ Fichier SKILL.md introuvable pour ''
[2026-07-23T13:10:23Z] [critic] Canal: skill:broken | Source: hive_cycler | Skill:  | Arg: 
[2026-07-23T13:10:23Z] [critic] Skill cassé: 
[2026-07-23T13:10:23Z] [critic] Erreur: 
[2026-07-23T13:10:23Z] [critic] ⚠ Fichier SKILL.md introuvable pour ''
[2026-07-23T13:10:25Z] [critic] Canal: skill:created | Source: watcher-skills | Skill: cybersecurite | Arg: 
[2026-07-23T13:10:25Z] [critic] Nouveau skill détecté: cybersecurite
[2026-07-23T13:10:25Z] [critic] Fichier: /home/aza/.hermes/skills/cybersecurite/git-secret-audit/SKILL.md
[2026-07-23T13:10:25Z] [critic] Taille: 10166 octets
[2026-07-23T13:10:25Z] [critic] ✓ Frontmatter YAML présent
[2026-07-23T13:10:25Z] [critic] Sections détectées: 33
[2026-07-23T13:10:25Z] [critic] Review terminée pour skill:created
[2026-07-23T13:10:25Z] [critic] → published wiki:update for adam-docs
[2026-07-23T13:11:15Z] [critic] Canal: skill:created | Source: watcher-skills | Skill: cybersecurite | Arg: 
[2026-07-23T13:11:15Z] [critic] Nouveau skill détecté: cybersecurite
[2026-07-23T13:11:15Z] [critic] Fichier: /home/aza/.hermes/skills/cybersecurite/git-secret-audit/references/gitleaks-false-positives.md
[2026-07-23T13:11:15Z] [critic] Taille: 4680 octets
[2026-07-23T13:11:15Z] [critic] ⚠ Pas de frontmatter YAML
[2026-07-23T13:11:15Z] [critic] Sections détectées: 12
[2026-07-23T13:11:15Z] [critic] Review terminée pour skill:created
[2026-07-23T13:11:15Z] [critic] → published wiki:update for adam-docs
[2026-07-23T13:14:45Z] [critic] Canal: skill:broken | Source: hive_cycler | Skill:  | Arg: 
[2026-07-23T13:14:45Z] [critic] Skill cassé: 
[2026-07-23T13:14:45Z] [critic] Erreur: 
[2026-07-23T13:14:45Z] [critic] ⚠ Fichier SKILL.md introuvable pour ''
[2026-07-23T13:19:05Z] [critic] Canal: skill:broken | Source: hive_cycler | Skill:  | Arg: 
[2026-07-23T13:19:05Z] [critic] Skill cassé: 
[2026-07-23T13:19:05Z] [critic] Erreur: 
[2026-07-23T13:19:05Z] [critic] ⚠ Fichier SKILL.md introuvable pour ''
[2026-07-23T13:23:27Z] [critic] Canal: skill:broken | Source: hive_cycler | Skill:  | Arg: 
[2026-07-23T13:23:27Z] [critic] Skill cassé: 
[2026-07-23T13:23:27Z] [critic] Erreur: 
[2026-07-23T13:23:27Z] [critic] ⚠ Fichier SKILL.md introuvable pour ''
[2026-07-23T13:24:25Z] [critic] Canal: skill:updated | Source: watcher-skills | Skill: agents | Arg: 
[2026-07-23T13:24:25Z] [critic] Skill mis à jour: agents
[2026-07-23T13:24:25Z] [critic] Fichier: /home/aza/.hermes/skills/agents/adam-v2-infrastructure/SKILL.md
[2026-07-23T13:24:25Z] [critic] Nouvelle taille: 29133 octets
[2026-07-23T13:24:25Z] [critic] ✓ YAML frontmatter valide après mise à jour
[2026-07-23T13:24:25Z] [critic] Review terminée pour skill:updated
[2026-07-23T13:24:25Z] [critic] → published wiki:update for adam-docs
[2026-07-23T13:24:41Z] [critic] Canal: skill:updated | Source: watcher-skills | Skill: agents | Arg: 
[2026-07-23T13:24:41Z] [critic] Skill mis à jour: agents
[2026-07-23T13:24:41Z] [critic] Fichier: /home/aza/.hermes/skills/agents/adam-v2-infrastructure/SKILL.md
[2026-07-23T13:24:41Z] [critic] Nouvelle taille: 30749 octets
[2026-07-23T13:24:41Z] [critic] ✓ YAML frontmatter valide après mise à jour
[2026-07-23T13:24:41Z] [critic] Review terminée pour skill:updated
[2026-07-23T13:24:41Z] [critic] → published wiki:update for adam-docs
[2026-07-23T13:25:09Z] [critic] Canal: skill:updated | Source: watcher-skills | Skill: agents | Arg: 
[2026-07-23T13:25:09Z] [critic] Skill mis à jour: agents
[2026-07-23T13:25:09Z] [critic] Fichier: /home/aza/.hermes/skills/agents/adam-v2-infrastructure/SKILL.md
[2026-07-23T13:25:09Z] [critic] Nouvelle taille: 33034 octets
[2026-07-23T13:25:09Z] [critic] ✓ YAML frontmatter valide après mise à jour
[2026-07-23T13:25:09Z] [critic] Review terminée pour skill:updated
[2026-07-23T13:25:09Z] [critic] → published wiki:update for adam-docs
[2026-07-23T13:25:49Z] [critic] Canal: skill:created | Source: watcher-skills | Skill: agents | Arg: 
[2026-07-23T13:25:49Z] [critic] Nouveau skill détecté: agents
[2026-07-23T13:25:49Z] [critic] Fichier: /home/aza/.hermes/skills/agents/adam-v2-infrastructure/references/code-analyzer-git-pull.md
[2026-07-23T13:25:49Z] [critic] Taille: 7130 octets
[2026-07-23T13:25:49Z] [critic] ⚠ Pas de frontmatter YAML
[2026-07-23T13:25:49Z] [critic] Sections détectées: 25
[2026-07-23T13:25:49Z] [critic] Review terminée pour skill:created
[2026-07-23T13:25:49Z] [critic] → published wiki:update for adam-docs
[2026-07-23T13:25:59Z] [critic] Canal: skill:updated | Source: watcher-skills | Skill: agents | Arg: 
[2026-07-23T13:25:59Z] [critic] Skill mis à jour: agents
[2026-07-23T13:25:59Z] [critic] Fichier: /home/aza/.hermes/skills/agents/adam-v2-infrastructure/SKILL.md
[2026-07-23T13:25:59Z] [critic] Nouvelle taille: 33341 octets
[2026-07-23T13:25:59Z] [critic] ✓ YAML frontmatter valide après mise à jour
[2026-07-23T13:25:59Z] [critic] Review terminée pour skill:updated
[2026-07-23T13:25:59Z] [critic] → published wiki:update for adam-docs
[2026-07-23T13:27:47Z] [critic] Canal: skill:broken | Source: hive_cycler | Skill:  | Arg: 
[2026-07-23T13:27:47Z] [critic] Skill cassé: 
[2026-07-23T13:27:47Z] [critic] Erreur: 
[2026-07-23T13:27:47Z] [critic] ⚠ Fichier SKILL.md introuvable pour ''
[2026-07-23T13:32:09Z] [critic] Canal: skill:broken | Source: hive_cycler | Skill:  | Arg: 
[2026-07-23T13:32:09Z] [critic] Skill cassé: 
[2026-07-23T13:32:09Z] [critic] Erreur: 
[2026-07-23T13:32:09Z] [critic] ⚠ Fichier SKILL.md introuvable pour ''
[2026-07-23T13:36:29Z] [critic] Canal: skill:broken | Source: hive_cycler | Skill:  | Arg: 
[2026-07-23T13:36:29Z] [critic] Skill cassé: 
[2026-07-23T13:36:29Z] [critic] Erreur: 
[2026-07-23T13:36:29Z] [critic] ⚠ Fichier SKILL.md introuvable pour ''
[2026-07-23T13:40:52Z] [critic] Canal: skill:broken | Source: hive_cycler | Skill:  | Arg: 
[2026-07-23T13:40:52Z] [critic] Skill cassé: 
[2026-07-23T13:40:52Z] [critic] Erreur: 
[2026-07-23T13:40:52Z] [critic] ⚠ Fichier SKILL.md introuvable pour ''
[2026-07-23T13:45:12Z] [critic] Canal: skill:broken | Source: hive_cycler | Skill:  | Arg: 
[2026-07-23T13:45:12Z] [critic] Skill cassé: 
[2026-07-23T13:45:12Z] [critic] Erreur: 
[2026-07-23T13:45:12Z] [critic] ⚠ Fichier SKILL.md introuvable pour ''
[2026-07-23T13:49:34Z] [critic] Canal: skill:broken | Source: hive_cycler | Skill:  | Arg: 
[2026-07-23T13:49:34Z] [critic] Skill cassé: 
[2026-07-23T13:49:34Z] [critic] Erreur: 
[2026-07-23T13:49:34Z] [critic] ⚠ Fichier SKILL.md introuvable pour ''
[2026-07-23T13:53:56Z] [critic] Canal: skill:broken | Source: hive_cycler | Skill:  | Arg: 
[2026-07-23T13:53:56Z] [critic] Skill cassé: 
[2026-07-23T13:53:56Z] [critic] Erreur: 
[2026-07-23T13:53:56Z] [critic] ⚠ Fichier SKILL.md introuvable pour ''
[2026-07-23T13:58:16Z] [critic] Canal: skill:broken | Source: hive_cycler | Skill:  | Arg: 
[2026-07-23T13:58:16Z] [critic] Skill cassé: 
[2026-07-23T13:58:16Z] [critic] Erreur: 
[2026-07-23T13:58:16Z] [critic] ⚠ Fichier SKILL.md introuvable pour ''
[2026-07-23T14:02:38Z] [critic] Canal: skill:broken | Source: hive_cycler | Skill:  | Arg: 
[2026-07-23T14:02:38Z] [critic] Skill cassé: 
[2026-07-23T14:02:38Z] [critic] Erreur: 
[2026-07-23T14:02:38Z] [critic] ⚠ Fichier SKILL.md introuvable pour ''
[2026-07-23T14:06:58Z] [critic] Canal: skill:broken | Source: hive_cycler | Skill:  | Arg: 
[2026-07-23T14:06:58Z] [critic] Skill cassé: 
[2026-07-23T14:06:58Z] [critic] Erreur: 
[2026-07-23T14:06:58Z] [critic] ⚠ Fichier SKILL.md introuvable pour ''
[2026-07-23T14:11:20Z] [critic] Canal: skill:broken | Source: hive_cycler | Skill:  | Arg: 
[2026-07-23T14:11:20Z] [critic] Skill cassé: 
[2026-07-23T14:11:20Z] [critic] Erreur: 
[2026-07-23T14:11:20Z] [critic] ⚠ Fichier SKILL.md introuvable pour ''
[2026-07-23T14:15:40Z] [critic] Canal: skill:broken | Source: hive_cycler | Skill:  | Arg: 
[2026-07-23T14:15:40Z] [critic] Skill cassé: 
[2026-07-23T14:15:40Z] [critic] Erreur: 
[2026-07-23T14:15:40Z] [critic] ⚠ Fichier SKILL.md introuvable pour ''
[2026-07-23T14:20:02Z] [critic] Canal: skill:broken | Source: hive_cycler | Skill:  | Arg: 
[2026-07-23T14:20:02Z] [critic] Skill cassé: 
[2026-07-23T14:20:02Z] [critic] Erreur: 
[2026-07-23T14:20:02Z] [critic] ⚠ Fichier SKILL.md introuvable pour ''
[2026-07-23T14:24:23Z] [critic] Canal: skill:broken | Source: hive_cycler | Skill:  | Arg: 
[2026-07-23T14:24:23Z] [critic] Skill cassé: 
[2026-07-23T14:24:23Z] [critic] Erreur: 
[2026-07-23T14:24:23Z] [critic] ⚠ Fichier SKILL.md introuvable pour ''
[2026-07-23T14:28:45Z] [critic] Canal: skill:broken | Source: hive_cycler | Skill:  | Arg: 
[2026-07-23T14:28:45Z] [critic] Skill cassé: 
[2026-07-23T14:28:45Z] [critic] Erreur: 
[2026-07-23T14:28:45Z] [critic] ⚠ Fichier SKILL.md introuvable pour ''
[2026-07-23T14:29:21Z] [critic] Canal: skill:updated | Source: watcher-skills | Skill: agents | Arg: 
[2026-07-23T14:29:21Z] [critic] Skill mis à jour: agents
[2026-07-23T14:29:21Z] [critic] Fichier: /home/aza/.hermes/skills/agents/adam-v2-infrastructure/SKILL.md
[2026-07-23T14:29:21Z] [critic] Nouvelle taille: 33384 octets
[2026-07-23T14:29:21Z] [critic] ✓ YAML frontmatter valide après mise à jour
[2026-07-23T14:29:21Z] [critic] Review terminée pour skill:updated
[2026-07-23T14:29:21Z] [critic] → published wiki:update for adam-docs
[2026-07-23T14:29:31Z] [critic] Canal: skill:updated | Source: watcher-skills | Skill: agents | Arg: 
[2026-07-23T14:29:31Z] [critic] Skill mis à jour: agents
[2026-07-23T14:29:31Z] [critic] Fichier: /home/aza/.hermes/skills/agents/adam-v2-infrastructure/SKILL.md
[2026-07-23T14:29:31Z] [critic] Nouvelle taille: 34275 octets
[2026-07-23T14:29:31Z] [critic] ✓ YAML frontmatter valide après mise à jour
[2026-07-23T14:29:31Z] [critic] Review terminée pour skill:updated
[2026-07-23T14:29:31Z] [critic] → published wiki:update for adam-docs
[2026-07-23T14:30:05Z] [critic] Canal: skill:updated | Source: watcher-skills | Skill: agents | Arg: 
[2026-07-23T14:30:05Z] [critic] Skill mis à jour: agents
[2026-07-23T14:30:05Z] [critic] Fichier: /home/aza/.hermes/skills/agents/adam-v2-infrastructure/SKILL.md
[2026-07-23T14:30:05Z] [critic] Nouvelle taille: 39372 octets
[2026-07-23T14:30:05Z] [critic] ✓ YAML frontmatter valide après mise à jour
[2026-07-23T14:30:05Z] [critic] Review terminée pour skill:updated
[2026-07-23T14:30:05Z] [critic] → published wiki:update for adam-docs
[2026-07-23T14:30:39Z] [critic] Canal: skill:created | Source: watcher-skills | Skill: agents | Arg: 
[2026-07-23T14:30:39Z] [critic] Nouveau skill détecté: agents
[2026-07-23T14:30:39Z] [critic] Fichier: /home/aza/.hermes/skills/agents/adam-v2-infrastructure/references/agents-architect-scribe-treasurer.md
[2026-07-23T14:30:39Z] [critic] Taille: 5470 octets
[2026-07-23T14:30:39Z] [critic] ⚠ Pas de frontmatter YAML
[2026-07-23T14:30:39Z] [critic] Sections détectées: 36
[2026-07-23T14:30:39Z] [critic] Review terminée pour skill:created
[2026-07-23T14:30:39Z] [critic] → published wiki:update for adam-docs
[2026-07-23T14:30:49Z] [critic] Canal: skill:updated | Source: watcher-skills | Skill: agents | Arg: 
[2026-07-23T14:30:49Z] [critic] Skill mis à jour: agents
[2026-07-23T14:30:49Z] [critic] Fichier: /home/aza/.hermes/skills/agents/adam-v2-infrastructure/SKILL.md
[2026-07-23T14:30:49Z] [critic] Nouvelle taille: 39636 octets
[2026-07-23T14:30:49Z] [critic] ✓ YAML frontmatter valide après mise à jour
[2026-07-23T14:30:49Z] [critic] Review terminée pour skill:updated
[2026-07-23T14:30:49Z] [critic] → published wiki:update for adam-docs
[2026-07-23T14:33:07Z] [critic] Canal: skill:broken | Source: hive_cycler | Skill:  | Arg: 
[2026-07-23T14:33:07Z] [critic] Skill cassé: 
[2026-07-23T14:33:07Z] [critic] Erreur: 
[2026-07-23T14:33:07Z] [critic] ⚠ Fichier SKILL.md introuvable pour ''
[2026-07-23T14:37:27Z] [critic] Canal: skill:broken | Source: hive_cycler | Skill:  | Arg: 
[2026-07-23T14:37:27Z] [critic] Skill cassé: 
[2026-07-23T14:37:27Z] [critic] Erreur: 
[2026-07-23T14:37:27Z] [critic] ⚠ Fichier SKILL.md introuvable pour ''
[2026-07-23T14:41:49Z] [critic] Canal: skill:broken | Source: hive_cycler | Skill:  | Arg: 
[2026-07-23T14:41:49Z] [critic] Skill cassé: 
[2026-07-23T14:41:49Z] [critic] Erreur: 
[2026-07-23T14:41:49Z] [critic] ⚠ Fichier SKILL.md introuvable pour ''
[2026-07-23T14:46:09Z] [critic] Canal: skill:broken | Source: hive_cycler | Skill:  | Arg: 
[2026-07-23T14:46:09Z] [critic] Skill cassé: 
[2026-07-23T14:46:09Z] [critic] Erreur: 
[2026-07-23T14:46:09Z] [critic] ⚠ Fichier SKILL.md introuvable pour ''
[2026-07-23T14:50:31Z] [critic] Canal: skill:broken | Source: hive_cycler | Skill:  | Arg: 
[2026-07-23T14:50:31Z] [critic] Skill cassé: 
[2026-07-23T14:50:31Z] [critic] Erreur: 
[2026-07-23T14:50:31Z] [critic] ⚠ Fichier SKILL.md introuvable pour ''
[2026-07-23T14:54:51Z] [critic] Canal: skill:broken | Source: hive_cycler | Skill:  | Arg: 
[2026-07-23T14:54:51Z] [critic] Skill cassé: 
[2026-07-23T14:54:51Z] [critic] Erreur: 
[2026-07-23T14:54:51Z] [critic] ⚠ Fichier SKILL.md introuvable pour ''
[2026-07-23T14:57:14Z] [INFO] Code review reçue — 13 fichiers scannés
[2026-07-23T14:57:14Z] [INFO]   Summary: {"total": 31, "critical": 1, "warning": 10, "info": 20, "by_type": {"high_complexity": 10, "unused_import": 14, "syntax_error": 1, "factorization": 6}}
[2026-07-23T14:57:14Z] [INFO]   Critical findings: 1
[2026-07-23T14:57:14Z] [INFO]   Rapport complet chargé: 31 findings
[2026-07-23T14:57:14Z] [INFO]   📝 Task créée: /home/aza/eva-adam-v2/tasks/task-refactor-high_complexity-20260723-145714.md
[2026-07-23T14:57:14Z] [INFO]   Supprimé ligne 30: import hashlib
[2026-07-23T14:57:14Z] [INFO]   ✅ Auto-fix appliqué: /home/aza/eva-adam-v2/file_watcher.py
[2026-07-23T14:57:14Z] [WARN]   Pas pu auto-fix: /home/aza/eva-adam-v2/file_watcher.py:34 — from typing import Optional
[2026-07-23T14:57:14Z] [WARN]   Pas pu auto-fix: /home/aza/eva-adam-v2/file_watcher.py:34 — from typing import Optional
[2026-07-23T14:57:14Z] [INFO]   📝 Task créée: /home/aza/eva-adam-v2/tasks/task-refactor-high_complexity-20260723-145714.md
[2026-07-23T14:57:14Z] [INFO]   📝 Task créée: /home/aza/eva-adam-v2/tasks/task-refactor-high_complexity-20260723-145714.md
[2026-07-23T14:57:14Z] [INFO]   📝 Task créée: /home/aza/eva-adam-v2/tasks/task-refactor-high_complexity-20260723-145714.md
[2026-07-23T14:57:14Z] [INFO]   Supprimé ligne 33: from typing import Optional
[2026-07-23T14:57:14Z] [INFO]   ✅ Auto-fix appliqué: /home/aza/eva-adam-v2/adam.py
[2026-07-23T14:57:14Z] [INFO]   Supprimé ligne 20: import time
[2026-07-23T14:57:14Z] [INFO]   ✅ Auto-fix appliqué: /home/aza/eva-adam-v2/event_bus.py
[2026-07-23T14:57:14Z] [WARN]   Pas pu auto-fix: /home/aza/eva-adam-v2/event_bus.py:25 — 
[2026-07-23T14:57:14Z] [INFO]   📝 Task créée: /home/aza/eva-adam-v2/tasks/task-refactor-high_complexity-20260723-145714.md
[2026-07-23T14:57:14Z] [INFO]   Supprimé ligne 18: import json
[2026-07-23T14:57:14Z] [INFO]   ✅ Auto-fix appliqué: /home/aza/eva-adam-v2/worker_loop.py
[2026-07-23T14:57:14Z] [INFO]   📝 Task créée: /home/aza/eva-adam-v2/tasks/task-refactor-high_complexity-20260723-145714.md
[2026-07-23T14:57:14Z] [INFO]   📝 Task créée: /home/aza/eva-adam-v2/tasks/task-refactor-high_complexity-20260723-145714.md
[2026-07-23T14:57:14Z] [INFO]   📝 Task créée: /home/aza/eva-adam-v2/tasks/task-refactor-high_complexity-20260723-145714.md
[2026-07-23T14:57:14Z] [INFO]   Supprimé ligne 30: from __future__ import annotations
[2026-07-23T14:57:14Z] [INFO]   ✅ Auto-fix appliqué: /home/aza/eva-adam-v2/adam-evolution.py
[2026-07-23T14:57:14Z] [WARN]   Pas pu auto-fix: /home/aza/eva-adam-v2/adam-evolution.py:41 — from datetime import datetime, timezone
[2026-07-23T14:57:14Z] [INFO]   📝 Task créée: /home/aza/eva-adam-v2/tasks/task-refactor-high_complexity-20260723-145714.md
[2026-07-23T14:57:14Z] [INFO]   Supprimé ligne 26: import sqlite3
[2026-07-23T14:57:14Z] [INFO]   ✅ Auto-fix appliqué: /home/aza/eva-adam-v2/event_daemon.py
[2026-07-23T14:57:14Z] [WARN]   Pas pu auto-fix: /home/aza/eva-adam-v2/event_daemon.py:34 — from pathlib import Path
[2026-07-23T14:57:14Z] [WARN]   Pas pu auto-fix: /home/aza/eva-adam-v2/event_daemon.py:37 — 
[2026-07-23T14:57:14Z] [WARN]   Pas pu auto-fix: /home/aza/eva-adam-v2/event_daemon.py:41 — 
[2026-07-23T14:57:14Z] [INFO]   📝 Task créée: /home/aza/eva-adam-v2/tasks/task-refactor-high_complexity-20260723-145714.md
[2026-07-23T14:57:14Z] [INFO]   Supprimé ligne 23: from __future__ import annotations
[2026-07-23T14:57:14Z] [INFO]   ✅ Auto-fix appliqué: /home/aza/eva-adam-v2/self_heal.py
[2026-07-23T14:57:14Z] [ERROR] 🚨 CRITICAL: /home/aza/eva-adam-v2/scripts/bad_syntax.py:1 — Erreur de syntaxe: unterminated string literal (detected at line 1)
[2026-07-23T14:57:14Z] [INFO]   📝 Task créée: /home/aza/eva-adam-v2/tasks/task-critical-syntax_error-20260723-145714.md
[2026-07-23T14:57:14Z] [INFO] Published on security:alert: Published: #6301 channel=security:alert source=handler
[2026-07-23T14:57:14Z] [INFO]   📝 Task créée: /home/aza/eva-adam-v2/tasks/task-refactor-factorization-20260723-145714.md
[2026-07-23T14:57:14Z] [INFO]   📝 Task créée: /home/aza/eva-adam-v2/tasks/task-refactor-factorization-20260723-145714.md
[2026-07-23T14:57:14Z] [INFO]   📝 Task créée: /home/aza/eva-adam-v2/tasks/task-refactor-factorization-20260723-145714.md
[2026-07-23T14:57:14Z] [INFO]   📝 Task créée: /home/aza/eva-adam-v2/tasks/task-refactor-factorization-20260723-145714.md
[2026-07-23T14:57:14Z] [INFO]   📝 Task créée: /home/aza/eva-adam-v2/tasks/task-refactor-factorization-20260723-145714.md
[2026-07-23T14:57:14Z] [INFO]   📝 Task créée: /home/aza/eva-adam-v2/tasks/task-refactor-factorization-20260723-145714.md
[2026-07-23T14:57:14Z] [INFO] === Bilan code review ===
[2026-07-23T14:57:14Z] [INFO]   Fixes appliqués: 7
[2026-07-23T14:57:14Z] [INFO]   Tasks créées: 17
[2026-07-23T14:57:14Z] [Info]   Alertes envoyées: 1
[2026-07-23T14:57:14Z] [INFO]   Par type: {'high_complexity': 10, 'unused_import': 14, 'syntax_error': 1, 'factorization': 6}
[2026-07-23T14:57:14Z] [INFO] Published on wiki:update: Published: #6302 channel=wiki:update source=handler
[2026-07-23T14:59:13Z] [critic] Canal: skill:broken | Source: hive_cycler | Skill:  | Arg: 
[2026-07-23T14:59:13Z] [critic] Skill cassé: 
[2026-07-23T14:59:13Z] [critic] Erreur: 
[2026-07-23T14:59:13Z] [critic] ⚠ Fichier SKILL.md introuvable pour ''
[2026-07-23T15:03:34Z] [critic] Canal: skill:broken | Source: hive_cycler | Skill:  | Arg: 
[2026-07-23T15:03:34Z] [critic] Skill cassé: 
[2026-07-23T15:03:34Z] [critic] Erreur: 
[2026-07-23T15:03:34Z] [critic] ⚠ Fichier SKILL.md introuvable pour ''
[2026-07-23T15:03:52Z] [critic] Canal: skill:created | Source: watcher-skills | Skill: multi-agent | Arg: 
[2026-07-23T15:03:52Z] [critic] Nouveau skill détecté: multi-agent
[2026-07-23T15:03:52Z] [critic] Fichier: /home/aza/.hermes/skills/multi-agent/adam-event-bus-system/SKILL.md
[2026-07-23T15:03:52Z] [critic] Taille: 9528 octets
[2026-07-23T15:03:52Z] [critic] ✓ Frontmatter YAML présent
[2026-07-23T15:03:52Z] [critic] Sections détectées: 24
[2026-07-23T15:03:52Z] [critic] Review terminée pour skill:created
[2026-07-23T15:03:52Z] [critic] → published wiki:update for adam-docs
[2026-07-23T15:04:30Z] [critic] Canal: skill:created | Source: watcher-skills | Skill: multi-agent | Arg: 
[2026-07-23T15:04:30Z] [critic] Nouveau skill détecté: multi-agent
[2026-07-23T15:04:30Z] [critic] Fichier: /home/aza/.hermes/skills/multi-agent/adam-event-bus-system/references/adam-event-bus-architecture.md
[2026-07-23T15:04:30Z] [critic] Taille: 5364 octets
[2026-07-23T15:04:30Z] [critic] ⚠ Pas de frontmatter YAML
[2026-07-23T15:04:30Z] [critic] Sections détectées: 22
[2026-07-23T15:04:30Z] [critic] Review terminée pour skill:created
[2026-07-23T15:04:30Z] [critic] → published wiki:update for adam-docs
[2026-07-23T15:07:56Z] [critic] Canal: skill:broken | Source: hive_cycler | Skill:  | Arg: 
[2026-07-23T15:07:56Z] [critic] Skill cassé: 
[2026-07-23T15:07:56Z] [critic] Erreur: 
[2026-07-23T15:07:56Z] [critic] ⚠ Fichier SKILL.md introuvable pour ''
[2026-07-23T15:12:16Z] [critic] Canal: skill:broken | Source: hive_cycler | Skill:  | Arg: 
[2026-07-23T15:12:16Z] [critic] Skill cassé: 
[2026-07-23T15:12:16Z] [critic] Erreur: 
[2026-07-23T15:12:16Z] [critic] ⚠ Fichier SKILL.md introuvable pour ''
[2026-07-23T15:16:38Z] [critic] Canal: skill:broken | Source: hive_cycler | Skill:  | Arg: 
[2026-07-23T15:16:38Z] [critic] Skill cassé: 
[2026-07-23T15:16:38Z] [critic] Erreur: 
[2026-07-23T15:16:38Z] [critic] ⚠ Fichier SKILL.md introuvable pour ''
[2026-07-23T15:17:15Z] [INFO] Processing: channel=evolution:code_review payload={}
[2026-07-23T15:17:15Z] [INFO] Processing: channel=evolution:code_review payload={}
[2026-07-23T15:17:15Z] [INFO] Code review reçue — 0 fichiers scannés
[2026-07-23T15:17:15Z] [INFO] Code review reçue — 0 fichiers scannés
[2026-07-23T15:17:15Z] [INFO]   Summary: {}
[2026-07-23T15:17:15Z] [INFO]   Critical findings: 0
[2026-07-23T15:17:15Z] [INFO]   Summary: {}
[2026-07-23T15:17:15Z] [INFO]   Critical findings: 0
[2026-07-23T15:17:15Z] [INFO]   Rapport complet chargé: 31 findings
[2026-07-23T15:17:15Z] [INFO]   Rapport complet chargé: 31 findings
[2026-07-23T15:17:15Z] [INFO]   📝 Task créée: /home/aza/eva-adam-v2/tasks/task-refactor-high_complexity-20260723-151715.md
[2026-07-23T15:17:15Z] [INFO]   📝 Task créée: /home/aza/eva-adam-v2/tasks/task-refactor-high_complexity-20260723-151715.md
[2026-07-23T15:17:15Z] [WARN]   Pas pu auto-fix: /home/aza/eva-adam-v2/file_watcher.py:30 — import subprocess
[2026-07-23T15:17:15Z] [WARN]   Pas pu auto-fix: /home/aza/eva-adam-v2/file_watcher.py:30 — import subprocess
[2026-07-23T15:17:15Z] [WARN]   Pas pu auto-fix: /home/aza/eva-adam-v2/file_watcher.py:34 — from typing import Optional
[2026-07-23T15:17:15Z] [WARN]   Pas pu auto-fix: /home/aza/eva-adam-v2/file_watcher.py:34 — from typing import Optional
[2026-07-23T15:17:15Z] [WARN]   Pas pu auto-fix: /home/aza/eva-adam-v2/file_watcher.py:34 — from typing import Optional
[2026-07-23T15:17:15Z] [WARN]   Pas pu auto-fix: /home/aza/eva-adam-v2/file_watcher.py:34 — from typing import Optional
[2026-07-23T15:17:15Z] [INFO]   📝 Task créée: /home/aza/eva-adam-v2/tasks/task-refactor-high_complexity-20260723-151715.md
[2026-07-23T15:17:15Z] [INFO]   📝 Task créée: /home/aza/eva-adam-v2/tasks/task-refactor-high_complexity-20260723-151715.md
[2026-07-23T15:17:15Z] [INFO]   📝 Task créée: /home/aza/eva-adam-v2/tasks/task-refactor-high_complexity-20260723-151715.md
[2026-07-23T15:17:15Z] [INFO]   📝 Task créée: /home/aza/eva-adam-v2/tasks/task-refactor-high_complexity-20260723-151715.md
[2026-07-23T15:17:15Z] [INFO]   📝 Task créée: /home/aza/eva-adam-v2/tasks/task-refactor-high_complexity-20260723-151715.md
[2026-07-23T15:17:15Z] [INFO]   📝 Task créée: /home/aza/eva-adam-v2/tasks/task-refactor-high_complexity-20260723-151715.md
[2026-07-23T15:17:15Z] [WARN]   Pas pu auto-fix: /home/aza/eva-adam-v2/adam.py:33 — 
[2026-07-23T15:17:15Z] [WARN]   Pas pu auto-fix: /home/aza/eva-adam-v2/adam.py:33 — 
[2026-07-23T15:17:15Z] [WARN]   Pas pu auto-fix: /home/aza/eva-adam-v2/event_bus.py:20 — import threading
[2026-07-23T15:17:15Z] [WARN]   Pas pu auto-fix: /home/aza/eva-adam-v2/event_bus.py:20 — import threading
[2026-07-23T15:17:15Z] [WARN]   Pas pu auto-fix: /home/aza/eva-adam-v2/event_bus.py:25 — 
[2026-07-23T15:17:15Z] [WARN]   Pas pu auto-fix: /home/aza/eva-adam-v2/event_bus.py:25 — 
[2026-07-23T15:17:15Z] [INFO]   📝 Task créée: /home/aza/eva-adam-v2/tasks/task-refactor-high_complexity-20260723-151715.md
[2026-07-23T15:17:15Z] [INFO]   📝 Task créée: /home/aza/eva-adam-v2/tasks/task-refactor-high_complexity-20260723-151715.md
[2026-07-23T15:17:15Z] [WARN]   Pas pu auto-fix: /home/aza/eva-adam-v2/worker_loop.py:18 — import logging
[2026-07-23T15:17:15Z] [WARN]   Pas pu auto-fix: /home/aza/eva-adam-v2/worker_loop.py:18 — import logging
[2026-07-23T15:17:15Z] [INFO]   📝 Task créée: /home/aza/eva-adam-v2/tasks/task-refactor-high_complexity-20260723-151715.md
[2026-07-23T15:17:15Z] [INFO]   📝 Task créée: /home/aza/eva-adam-v2/tasks/task-refactor-high_complexity-20260723-151715.md
[2026-07-23T15:17:15Z] [INFO]   📝 Task créée: /home/aza/eva-adam-v2/tasks/task-refactor-high_complexity-20260723-151715.md
[2026-07-23T15:17:15Z] [INFO]   📝 Task créée: /home/aza/eva-adam-v2/tasks/task-refactor-high_complexity-20260723-151715.md
[2026-07-23T15:17:15Z] [INFO]   📝 Task créée: /home/aza/eva-adam-v2/tasks/task-refactor-high_complexity-20260723-151715.md
[2026-07-23T15:17:15Z] [INFO]   📝 Task créée: /home/aza/eva-adam-v2/tasks/task-refactor-high_complexity-20260723-151715.md
[2026-07-23T15:17:15Z] [WARN]   Pas pu auto-fix: /home/aza/eva-adam-v2/adam-evolution.py:30 — 
[2026-07-23T15:17:15Z] [WARN]   Pas pu auto-fix: /home/aza/eva-adam-v2/adam-evolution.py:30 — 
[2026-07-23T15:17:15Z] [WARN]   Pas pu auto-fix: /home/aza/eva-adam-v2/adam-evolution.py:41 — from datetime import datetime, timezone
[2026-07-23T15:17:15Z] [WARN]   Pas pu auto-fix: /home/aza/eva-adam-v2/adam-evolution.py:41 — from datetime import datetime, timezone
[2026-07-23T15:17:15Z] [INFO]   📝 Task créée: /home/aza/eva-adam-v2/tasks/task-refactor-high_complexity-20260723-151715.md
[2026-07-23T15:17:15Z] [INFO]   📝 Task créée: /home/aza/eva-adam-v2/tasks/task-refactor-high_complexity-20260723-151715.md
[2026-07-23T15:17:15Z] [WARN]   Pas pu auto-fix: /home/aza/eva-adam-v2/event_daemon.py:26 — import json
[2026-07-23T15:17:15Z] [WARN]   Pas pu auto-fix: /home/aza/eva-adam-v2/event_daemon.py:26 — import json
[2026-07-23T15:17:15Z] [WARN]   Pas pu auto-fix: /home/aza/eva-adam-v2/event_daemon.py:34 — from pathlib import Path
[2026-07-23T15:17:15Z] [WARN]   Pas pu auto-fix: /home/aza/eva-adam-v2/event_daemon.py:34 — from pathlib import Path
[2026-07-23T15:17:15Z] [WARN]   Pas pu auto-fix: /home/aza/eva-adam-v2/event_daemon.py:37 — 
[2026-07-23T15:17:15Z] [WARN]   Pas pu auto-fix: /home/aza/eva-adam-v2/event_daemon.py:37 — 
[2026-07-23T15:17:15Z] [WARN]   Pas pu auto-fix: /home/aza/eva-adam-v2/event_daemon.py:41 — 
[2026-07-23T15:17:15Z] [WARN]   Pas pu auto-fix: /home/aza/eva-adam-v2/event_daemon.py:41 — 
[2026-07-23T15:17:15Z] [INFO]   📝 Task créée: /home/aza/eva-adam-v2/tasks/task-refactor-high_complexity-20260723-151715.md
[2026-07-23T15:17:15Z] [INFO]   📝 Task créée: /home/aza/eva-adam-v2/tasks/task-refactor-high_complexity-20260723-151715.md
[2026-07-23T15:17:15Z] [WARN]   Pas pu auto-fix: /home/aza/eva-adam-v2/self_heal.py:23 — 
[2026-07-23T15:17:15Z] [ERROR] 🚨 CRITICAL: /home/aza/eva-adam-v2/scripts/bad_syntax.py:1 — Erreur de syntaxe: unterminated string literal (detected at line 1)
[2026-07-23T15:17:15Z] [WARN]   Pas pu auto-fix: /home/aza/eva-adam-v2/self_heal.py:23 — 
[2026-07-23T15:17:15Z] [ERROR] 🚨 CRITICAL: /home/aza/eva-adam-v2/scripts/bad_syntax.py:1 — Erreur de syntaxe: unterminated string literal (detected at line 1)
[2026-07-23T15:17:15Z] [INFO]   📝 Task créée: /home/aza/eva-adam-v2/tasks/task-critical-syntax_error-20260723-151715.md
[2026-07-23T15:17:15Z] [INFO]   📝 Task créée: /home/aza/eva-adam-v2/tasks/task-critical-syntax_error-20260723-151715.md
[2026-07-23T15:17:15Z] [INFO] Processing: channel=evolution:code_review payload={}
[2026-07-23T15:17:15Z] [INFO] Code review reçue — 0 fichiers scannés
[2026-07-23T15:17:15Z] [INFO]   Summary: {}
[2026-07-23T15:17:15Z] [INFO]   Critical findings: 0
[2026-07-23T15:17:15Z] [INFO]   Rapport complet chargé: 31 findings
[2026-07-23T15:17:15Z] [INFO]   📝 Task créée: /home/aza/eva-adam-v2/tasks/task-refactor-high_complexity-20260723-151715.md
[2026-07-23T15:17:15Z] [WARN]   Pas pu auto-fix: /home/aza/eva-adam-v2/file_watcher.py:30 — import subprocess
[2026-07-23T15:17:15Z] [WARN]   Pas pu auto-fix: /home/aza/eva-adam-v2/file_watcher.py:34 — from typing import Optional
[2026-07-23T15:17:15Z] [WARN]   Pas pu auto-fix: /home/aza/eva-adam-v2/file_watcher.py:34 — from typing import Optional
[2026-07-23T15:17:15Z] [INFO]   📝 Task créée: /home/aza/eva-adam-v2/tasks/task-refactor-high_complexity-20260723-151715.md
[2026-07-23T15:17:15Z] [INFO]   📝 Task créée: /home/aza/eva-adam-v2/tasks/task-refactor-high_complexity-20260723-151715.md
[2026-07-23T15:17:15Z] [INFO]   📝 Task créée: /home/aza/eva-adam-v2/tasks/task-refactor-high_complexity-20260723-151715.md
[2026-07-23T15:17:15Z] [WARN]   Pas pu auto-fix: /home/aza/eva-adam-v2/adam.py:33 — 
[2026-07-23T15:17:15Z] [WARN]   Pas pu auto-fix: /home/aza/eva-adam-v2/event_bus.py:20 — import threading
[2026-07-23T15:17:15Z] [WARN]   Pas pu auto-fix: /home/aza/eva-adam-v2/event_bus.py:25 — 
[2026-07-23T15:17:15Z] [INFO]   📝 Task créée: /home/aza/eva-adam-v2/tasks/task-refactor-high_complexity-20260723-151715.md
[2026-07-23T15:17:15Z] [WARN]   Pas pu auto-fix: /home/aza/eva-adam-v2/worker_loop.py:18 — import logging
[2026-07-23T15:17:15Z] [INFO]   📝 Task créée: /home/aza/eva-adam-v2/tasks/task-refactor-high_complexity-20260723-151715.md
[2026-07-23T15:17:15Z] [INFO]   📝 Task créée: /home/aza/eva-adam-v2/tasks/task-refactor-high_complexity-20260723-151715.md
[2026-07-23T15:17:15Z] [INFO]   📝 Task créée: /home/aza/eva-adam-v2/tasks/task-refactor-high_complexity-20260723-151715.md
[2026-07-23T15:17:15Z] [WARN]   Pas pu auto-fix: /home/aza/eva-adam-v2/adam-evolution.py:30 — 
[2026-07-23T15:17:15Z] [WARN]   Pas pu auto-fix: /home/aza/eva-adam-v2/adam-evolution.py:41 — from datetime import datetime, timezone
[2026-07-23T15:17:15Z] [INFO]   📝 Task créée: /home/aza/eva-adam-v2/tasks/task-refactor-high_complexity-20260723-151715.md
[2026-07-23T15:17:15Z] [WARN]   Pas pu auto-fix: /home/aza/eva-adam-v2/event_daemon.py:26 — import json
[2026-07-23T15:17:15Z] [WARN]   Pas pu auto-fix: /home/aza/eva-adam-v2/event_daemon.py:34 — from pathlib import Path
[2026-07-23T15:17:15Z] [WARN]   Pas pu auto-fix: /home/aza/eva-adam-v2/event_daemon.py:37 — 
[2026-07-23T15:17:15Z] [WARN]   Pas pu auto-fix: /home/aza/eva-adam-v2/event_daemon.py:41 — 
[2026-07-23T15:17:15Z] [INFO]   📝 Task créée: /home/aza/eva-adam-v2/tasks/task-refactor-high_complexity-20260723-151715.md
[2026-07-23T15:17:15Z] [WARN]   Pas pu auto-fix: /home/aza/eva-adam-v2/self_heal.py:23 — 
[2026-07-23T15:17:15Z] [ERROR] 🚨 CRITICAL: /home/aza/eva-adam-v2/scripts/bad_syntax.py:1 — Erreur de syntaxe: unterminated string literal (detected at line 1)
[2026-07-23T15:17:15Z] [INFO]   📝 Task créée: /home/aza/eva-adam-v2/tasks/task-critical-syntax_error-20260723-151715.md
[2026-07-23T15:17:15Z] [INFO] Published on security:alert: Published: #6666 channel=security:alert source=adam-critic
[2026-07-23T15:17:15Z] [INFO]   📝 Task créée: /home/aza/eva-adam-v2/tasks/task-refactor-factorization-20260723-151715.md
[2026-07-23T15:17:15Z] [INFO]   📝 Task créée: /home/aza/eva-adam-v2/tasks/task-refactor-factorization-20260723-151715.md
[2026-07-23T15:17:15Z] [INFO]   📝 Task créée: /home/aza/eva-adam-v2/tasks/task-refactor-factorization-20260723-151715.md
[2026-07-23T15:17:15Z] [INFO]   📝 Task créée: /home/aza/eva-adam-v2/tasks/task-refactor-factorization-20260723-151715.md
[2026-07-23T15:17:15Z] [INFO]   📝 Task créée: /home/aza/eva-adam-v2/tasks/task-refactor-factorization-20260723-151715.md
[2026-07-23T15:17:15Z] [INFO]   📝 Task créée: /home/aza/eva-adam-v2/tasks/task-refactor-factorization-20260723-151715.md
[2026-07-23T15:17:15Z] [INFO] === Bilan code review ===
[2026-07-23T15:17:15Z] [INFO]   Fixes appliqués: 0
[2026-07-23T15:17:15Z] [INFO]   Tasks créées: 17
[2026-07-23T15:17:15Z] [Info]   Alertes envoyées: 1
[2026-07-23T15:17:15Z] [INFO]   Par type: {'high_complexity': 10, 'unused_import': 14, 'syntax_error': 1, 'factorization': 6}
[2026-07-23T15:17:15Z] [INFO] Published on security:alert: Published: #6667 channel=security:alert source=adam-critic
[2026-07-23T15:17:15Z] [INFO]   📝 Task créée: /home/aza/eva-adam-v2/tasks/task-refactor-factorization-20260723-151715.md
[2026-07-23T15:17:15Z] [INFO]   📝 Task créée: /home/aza/eva-adam-v2/tasks/task-refactor-factorization-20260723-151715.md
[2026-07-23T15:17:15Z] [INFO]   📝 Task créée: /home/aza/eva-adam-v2/tasks/task-refactor-factorization-20260723-151715.md
[2026-07-23T15:17:15Z] [INFO]   📝 Task créée: /home/aza/eva-adam-v2/tasks/task-refactor-factorization-20260723-151715.md
[2026-07-23T15:17:15Z] [INFO]   📝 Task créée: /home/aza/eva-adam-v2/tasks/task-refactor-factorization-20260723-151715.md
[2026-07-23T15:17:15Z] [INFO]   📝 Task créée: /home/aza/eva-adam-v2/tasks/task-refactor-factorization-20260723-151715.md
[2026-07-23T15:17:15Z] [INFO] === Bilan code review ===
[2026-07-23T15:17:15Z] [INFO]   Fixes appliqués: 0
[2026-07-23T15:17:15Z] [INFO]   Tasks créées: 17
[2026-07-23T15:17:15Z] [Info]   Alertes envoyées: 1
[2026-07-23T15:17:15Z] [INFO]   Par type: {'high_complexity': 10, 'unused_import': 14, 'syntax_error': 1, 'factorization': 6}
[2026-07-23T15:17:15Z] [INFO] Published on security:alert: Published: #6668 channel=security:alert source=adam-critic
[2026-07-23T15:17:15Z] [INFO]   📝 Task créée: /home/aza/eva-adam-v2/tasks/task-refactor-factorization-20260723-151715.md
[2026-07-23T15:17:15Z] [INFO]   📝 Task créée: /home/aza/eva-adam-v2/tasks/task-refactor-factorization-20260723-151715.md
[2026-07-23T15:17:15Z] [INFO]   📝 Task créée: /home/aza/eva-adam-v2/tasks/task-refactor-factorization-20260723-151715.md
[2026-07-23T15:17:15Z] [INFO]   📝 Task créée: /home/aza/eva-adam-v2/tasks/task-refactor-factorization-20260723-151715.md
[2026-07-23T15:17:15Z] [INFO]   📝 Task créée: /home/aza/eva-adam-v2/tasks/task-refactor-factorization-20260723-151715.md
[2026-07-23T15:17:15Z] [INFO]   📝 Task créée: /home/aza/eva-adam-v2/tasks/task-refactor-factorization-20260723-151715.md
[2026-07-23T15:17:15Z] [INFO] === Bilan code review ===
[2026-07-23T15:17:15Z] [INFO]   Fixes appliqués: 0
[2026-07-23T15:17:15Z] [INFO]   Tasks créées: 17
[2026-07-23T15:17:15Z] [Info]   Alertes envoyées: 1
[2026-07-23T15:17:15Z] [INFO]   Par type: {'high_complexity': 10, 'unused_import': 14, 'syntax_error': 1, 'factorization': 6}
[2026-07-23T15:17:16Z] [INFO] Published on wiki:update: Published: #6669 channel=wiki:update source=adam-critic
[2026-07-23T15:17:16Z] [INFO] Published on wiki:update: Published: #6670 channel=wiki:update source=adam-critic
[2026-07-23T15:17:16Z] [INFO] Published on wiki:update: Published: #6671 channel=wiki:update source=adam-critic
[2026-07-23T15:21:00Z] [critic] Canal: skill:broken | Source: hive_cycler | Skill:  | Arg: 
[2026-07-23T15:21:00Z] [critic] Skill cassé: 
[2026-07-23T15:21:00Z] [critic] Erreur: 
[2026-07-23T15:21:00Z] [critic] ⚠ Fichier SKILL.md introuvable pour ''
[2026-07-23T15:25:20Z] [critic] Canal: skill:broken | Source: hive_cycler | Skill:  | Arg: 
[2026-07-23T15:25:20Z] [critic] Skill cassé: 
[2026-07-23T15:25:20Z] [critic] Erreur: 
[2026-07-23T15:25:20Z] [critic] ⚠ Fichier SKILL.md introuvable pour ''
[2026-07-23T15:29:41Z] [critic] Canal: skill:broken | Source: hive_cycler | Skill:  | Arg: 
[2026-07-23T15:29:41Z] [critic] Skill cassé: 
[2026-07-23T15:29:41Z] [critic] Erreur: 
[2026-07-23T15:29:41Z] [critic] ⚠ Fichier SKILL.md introuvable pour ''
[2026-07-23T15:34:03Z] [critic] Canal: skill:broken | Source: hive_cycler | Skill:  | Arg: 
[2026-07-23T15:34:03Z] [critic] Skill cassé: 
[2026-07-23T15:34:03Z] [critic] Erreur: 
[2026-07-23T15:34:03Z] [critic] ⚠ Fichier SKILL.md introuvable pour ''
[2026-07-23T15:38:00Z] [critic] Canal: skill:created | Source: watcher-skills | Skill: agents | Arg: 
[2026-07-23T15:38:00Z] [critic] Nouveau skill détecté: agents
[2026-07-23T15:38:00Z] [critic] Fichier: /home/aza/.hermes/skills/agents/adam-v2-infrastructure/references/daemon-debugging-session2.md
[2026-07-23T15:38:00Z] [critic] Taille: 8458 octets
[2026-07-23T15:38:00Z] [critic] ⚠ Pas de frontmatter YAML
[2026-07-23T15:38:00Z] [critic] Sections détectées: 32
[2026-07-23T15:38:00Z] [critic] Review terminée pour skill:created
[2026-07-23T15:38:00Z] [critic] → published wiki:update for adam-docs
[2026-07-23T15:38:24Z] [critic] Canal: skill:broken | Source: hive_cycler | Skill:  | Arg: 
[2026-07-23T15:38:24Z] [critic] Skill cassé: 
[2026-07-23T15:38:24Z] [critic] Erreur: 
[2026-07-23T15:38:24Z] [critic] ⚠ Fichier SKILL.md introuvable pour ''
[2026-07-23T15:38:28Z] [critic] Canal: skill:updated | Source: watcher-skills | Skill: agents | Arg: 
[2026-07-23T15:38:28Z] [critic] Skill mis à jour: agents
[2026-07-23T15:38:28Z] [critic] Fichier: /home/aza/.hermes/skills/agents/adam-v2-infrastructure/SKILL.md
[2026-07-23T15:38:28Z] [critic] Nouvelle taille: 39636 octets
[2026-07-23T15:38:28Z] [critic] ✓ YAML frontmatter valide après mise à jour
[2026-07-23T15:38:28Z] [critic] Review terminée pour skill:updated
[2026-07-23T15:38:28Z] [critic] → published wiki:update for adam-docs
[2026-07-23T15:38:40Z] [critic] Canal: skill:updated | Source: watcher-skills | Skill: agents | Arg: 
[2026-07-23T15:38:40Z] [critic] Skill mis à jour: agents
[2026-07-23T15:38:40Z] [critic] Fichier: /home/aza/.hermes/skills/agents/adam-v2-infrastructure/SKILL.md
[2026-07-23T15:38:40Z] [critic] Nouvelle taille: 39684 octets
[2026-07-23T15:38:40Z] [critic] ✓ YAML frontmatter valide après mise à jour
[2026-07-23T15:38:40Z] [critic] Review terminée pour skill:updated
[2026-07-23T15:38:40Z] [critic] → published wiki:update for adam-docs
[2026-07-23T15:40:36Z] [critic] Canal: skill:updated | Source: watcher-skills | Skill: agents | Arg: 
[2026-07-23T15:40:36Z] [critic] Skill mis à jour: agents
[2026-07-23T15:40:36Z] [critic] Fichier: /home/aza/.hermes/skills/agents/adam-v2-infrastructure/SKILL.md
[2026-07-23T15:40:36Z] [critic] Nouvelle taille: 41810 octets
[2026-07-23T15:40:36Z] [critic] ✓ YAML frontmatter valide après mise à jour
[2026-07-23T15:40:36Z] [critic] Review terminée pour skill:updated
[2026-07-23T15:40:36Z] [critic] → published wiki:update for adam-docs
[2026-07-23T15:42:44Z] [critic] Canal: skill:broken | Source: hive_cycler | Skill:  | Arg: 
[2026-07-23T15:42:44Z] [critic] Skill cassé: 
[2026-07-23T15:42:44Z] [critic] Erreur: 
[2026-07-23T15:42:44Z] [critic] ⚠ Fichier SKILL.md introuvable pour ''
[2026-07-23T15:44:35Z] [critic] Canal: skill:updated | Source: watcher-skills | Skill: agents | Arg: 
[2026-07-23T15:44:35Z] [critic] Skill mis à jour: agents
[2026-07-23T15:44:35Z] [critic] Fichier: /home/aza/.hermes/skills/agents/adam-v2-infrastructure/SKILL.md
[2026-07-23T15:44:35Z] [critic] Nouvelle taille: 44905 octets
[2026-07-23T15:44:35Z] [critic] ✓ YAML frontmatter valide après mise à jour
[2026-07-23T15:44:35Z] [critic] Review terminée pour skill:updated
[2026-07-23T15:44:35Z] [critic] → published wiki:update for adam-docs
[2026-07-23T15:44:43Z] [critic] Canal: skill:created | Source: watcher-skills | Skill: dependency-auditor | Arg: 
[2026-07-23T15:44:43Z] [critic] Nouveau skill détecté: dependency-auditor
[2026-07-23T15:44:43Z] [critic] Fichier: /home/aza/.hermes/skills/dependency-auditor/SKILL.md
[2026-07-23T15:44:43Z] [critic] Canal: skill:created | Source: watcher-skills | Skill: dependency-auditor | Arg: 
[2026-07-23T15:44:43Z] [critic] Nouveau skill détecté: dependency-auditor
[2026-07-23T15:44:43Z] [critic] Fichier: /home/aza/.hermes/skills/dependency-auditor/README.md
[2026-07-23T15:44:43Z] [critic] Taille: 4591 octets
[2026-07-23T15:44:43Z] [critic] Taille: 15211 octets
[2026-07-23T15:44:43Z] [critic] ✓ Frontmatter YAML présent
[2026-07-23T15:44:43Z] [critic] ⚠ Pas de frontmatter YAML
[2026-07-23T15:44:43Z] [critic] Sections détectées: 12
[2026-07-23T15:44:43Z] [critic] Review terminée pour skill:created
[2026-07-23T15:44:43Z] [critic] Sections détectées: 58
[2026-07-23T15:44:43Z] [critic] Review terminée pour skill:created
[2026-07-23T15:44:43Z] [critic] → published wiki:update for adam-docs
[2026-07-23T15:44:43Z] [critic] → published wiki:update for adam-docs
[2026-07-23T15:44:45Z] [critic] Canal: skill:created | Source: watcher-skills | Skill: dependency-auditor | Arg: 
[2026-07-23T15:44:45Z] [critic] Nouveau skill détecté: dependency-auditor
[2026-07-23T15:44:45Z] [critic] Fichier: /home/aza/.hermes/skills/dependency-auditor/references/dependency_management_best_practices.md
[2026-07-23T15:44:45Z] [critic] Taille: 18189 octets
[2026-07-23T15:44:45Z] [critic] ⚠ Pas de frontmatter YAML
[2026-07-23T15:44:45Z] [critic] Sections détectées: 70
[2026-07-23T15:44:45Z] [critic] Review terminée pour skill:created
[2026-07-23T15:44:45Z] [critic] → published wiki:update for adam-docs
[2026-07-23T15:44:47Z] [critic] Canal: skill:created | Source: watcher-skills | Skill: dependency-auditor | Arg: 
[2026-07-23T15:44:47Z] [critic] Nouveau skill détecté: dependency-auditor
[2026-07-23T15:44:47Z] [critic] Fichier: /home/aza/.hermes/skills/dependency-auditor/references/vulnerability_assessment_guide.md
[2026-07-23T15:44:47Z] [critic] Canal: skill:created | Source: watcher-skills | Skill: dependency-auditor | Arg: 
[2026-07-23T15:44:47Z] [critic] Nouveau skill détecté: dependency-auditor
[2026-07-23T15:44:47Z] [critic] Fichier: /home/aza/.hermes/skills/dependency-auditor/references/license_compatibility_matrix.md
[2026-07-23T15:44:47Z] [critic] Taille: 14453 octets
[2026-07-23T15:44:47Z] [critic] Taille: 8860 octets
[2026-07-23T15:44:47Z] [critic] ⚠ Pas de frontmatter YAML
[2026-07-23T15:44:47Z] [critic] ⚠ Pas de frontmatter YAML
[2026-07-23T15:44:47Z] [critic] Sections détectées: 72
[2026-07-23T15:44:47Z] [critic] Review terminée pour skill:created
[2026-07-23T15:44:47Z] [critic] Sections détectées: 39
[2026-07-23T15:44:47Z] [critic] Review terminée pour skill:created
[2026-07-23T15:44:47Z] [critic] → published wiki:update for adam-docs
[2026-07-23T15:44:47Z] [critic] → published wiki:update for adam-docs
[2026-07-23T15:44:49Z] [critic] Canal: skill:created | Source: watcher-skills | Skill: pulse | Arg: 
[2026-07-23T15:44:49Z] [critic] Nouveau skill détecté: pulse
[2026-07-23T15:44:49Z] [critic] Fichier: /home/aza/.hermes/skills/pulse/references/cross_platform_synthesis.md
[2026-07-23T15:44:49Z] [critic] Taille: 9058 octets
[2026-07-23T15:44:49Z] [critic] ⚠ Pas de frontmatter YAML
[2026-07-23T15:44:49Z] [critic] Canal: skill:created | Source: watcher-skills | Skill: pulse | Arg: 
[2026-07-23T15:44:49Z] [critic] Nouveau skill détecté: pulse
[2026-07-23T15:44:49Z] [critic] Fichier: /home/aza/.hermes/skills/pulse/SKILL.md
[2026-07-23T15:44:49Z] [critic] Sections détectées: 23
[2026-07-23T15:44:49Z] [critic] Review terminée pour skill:created
[2026-07-23T15:44:49Z] [critic] Taille: 14306 octets
[2026-07-23T15:44:49Z] [critic] ✓ Frontmatter YAML présent
[2026-07-23T15:44:49Z] [critic] Sections détectées: 34
[2026-07-23T15:44:49Z] [critic] Review terminée pour skill:created
[2026-07-23T15:44:49Z] [critic] → published wiki:update for adam-docs
[2026-07-23T15:44:49Z] [critic] → published wiki:update for adam-docs
[2026-07-23T15:44:51Z] [critic] Canal: skill:created | Source: watcher-skills | Skill: pulse | Arg: 
[2026-07-23T15:44:51Z] [critic] Nouveau skill détecté: pulse
[2026-07-23T15:44:51Z] [critic] Fichier: /home/aza/.hermes/skills/pulse/references/research_pack_conventions.md
[2026-07-23T15:44:51Z] [critic] Taille: 8651 octets
[2026-07-23T15:44:51Z] [critic] ⚠ Pas de frontmatter YAML
[2026-07-23T15:44:51Z] [critic] Sections détectées: 11
[2026-07-23T15:44:51Z] [critic] Review terminée pour skill:created
[2026-07-23T15:44:51Z] [critic] Canal: skill:created | Source: watcher-skills | Skill: pulse | Arg: 
[2026-07-23T15:44:51Z] [critic] Nouveau skill détecté: pulse
[2026-07-23T15:44:51Z] [critic] Fichier: /home/aza/.hermes/skills/pulse/references/parallel_execution_discipline.md
[2026-07-23T15:44:51Z] [critic] Taille: 8601 octets
[2026-07-23T15:44:51Z] [critic] ⚠ Pas de frontmatter YAML
[2026-07-23T15:44:51Z] [critic] Sections détectées: 15
[2026-07-23T15:44:51Z] [critic] Review terminée pour skill:created
[2026-07-23T15:44:51Z] [critic] → published wiki:update for adam-docs
[2026-07-23T15:44:51Z] [critic] → published wiki:update for adam-docs
[2026-07-23T15:44:53Z] [critic] Canal: skill:created | Source: watcher-skills | Skill: sql-database-assistant | Arg: 
[2026-07-23T15:44:53Z] [critic] Nouveau skill détecté: sql-database-assistant
[2026-07-23T15:44:53Z] [critic] Fichier: /home/aza/.hermes/skills/sql-database-assistant/SKILL.md
[2026-07-23T15:44:53Z] [critic] Taille: 16077 octets
[2026-07-23T15:44:53Z] [critic] ✓ Frontmatter YAML présent
[2026-07-23T15:44:53Z] [critic] Sections détectées: 47
[2026-07-23T15:44:53Z] [critic] Review terminée pour skill:created
[2026-07-23T15:44:53Z] [critic] Canal: skill:created | Source: watcher-skills | Skill: sql-database-assistant | Arg: 
[2026-07-23T15:44:53Z] [critic] Nouveau skill détecté: sql-database-assistant
[2026-07-23T15:44:53Z] [critic] Fichier: /home/aza/.hermes/skills/sql-database-assistant/references/query_patterns.md
[2026-07-23T15:44:53Z] [critic] Taille: 9787 octets
[2026-07-23T15:44:53Z] [critic] ⚠ Pas de frontmatter YAML
[2026-07-23T15:44:53Z] [critic] Sections détectées: 51
[2026-07-23T15:44:53Z] [critic] Review terminée pour skill:created
[2026-07-23T15:44:53Z] [critic] → published wiki:update for adam-docs
[2026-07-23T15:44:53Z] [critic] → published wiki:update for adam-docs
[2026-07-23T15:44:55Z] [critic] Canal: skill:created | Source: watcher-skills | Skill: sql-database-assistant | Arg: 
[2026-07-23T15:44:55Z] [critic] Nouveau skill détecté: sql-database-assistant
[2026-07-23T15:44:55Z] [critic] Fichier: /home/aza/.hermes/skills/sql-database-assistant/references/orm_patterns.md
[2026-07-23T15:44:55Z] [critic] Taille: 12565 octets
[2026-07-23T15:44:55Z] [critic] ⚠ Pas de frontmatter YAML
[2026-07-23T15:44:55Z] [critic] Sections détectées: 53
[2026-07-23T15:44:55Z] [critic] Review terminée pour skill:created
[2026-07-23T15:44:55Z] [critic] Canal: skill:created | Source: watcher-skills | Skill: sql-database-assistant | Arg: 
[2026-07-23T15:44:55Z] [critic] Nouveau skill détecté: sql-database-assistant
[2026-07-23T15:44:55Z] [critic] Fichier: /home/aza/.hermes/skills/sql-database-assistant/references/optimization_guide.md
[2026-07-23T15:44:55Z] [critic] Taille: 10699 octets
[2026-07-23T15:44:55Z] [critic] ⚠ Pas de frontmatter YAML
[2026-07-23T15:44:55Z] [critic] Sections détectées: 29
[2026-07-23T15:44:55Z] [critic] Review terminée pour skill:created
[2026-07-23T15:44:55Z] [critic] → published wiki:update for adam-docs
[2026-07-23T15:44:55Z] [critic] → published wiki:update for adam-docs
[2026-07-23T15:44:57Z] [critic] Canal: skill:created | Source: watcher-skills | Skill: deep-research | Arg: 
[2026-07-23T15:44:57Z] [critic] Nouveau skill détecté: deep-research
[2026-07-23T15:44:57Z] [critic] Fichier: /home/aza/.hermes/skills/deep-research/SKILL.md
[2026-07-23T15:44:57Z] [critic] Canal: skill:created | Source: watcher-skills | Skill: deep-research | Arg: 
[2026-07-23T15:44:57Z] [critic] Nouveau skill détecté: deep-research
[2026-07-23T15:44:57Z] [critic] Fichier: /home/aza/.hermes/skills/deep-research/references/full-catalog.md
[2026-07-23T15:44:57Z] [critic] Taille: 7834 octets
[2026-07-23T15:44:57Z] [critic] ✓ Frontmatter YAML présent
[2026-07-23T15:44:57Z] [critic] Taille: 980 octets
[2026-07-23T15:44:57Z] [critic] Sections détectées: 8
[2026-07-23T15:44:57Z] [critic] Review terminée pour skill:created
[2026-07-23T15:44:57Z] [critic] ⚠ Pas de frontmatter YAML
[2026-07-23T15:44:57Z] [critic] Sections détectées: 1
[2026-07-23T15:44:57Z] [critic] Review terminée pour skill:created
[2026-07-23T15:44:57Z] [critic] → published wiki:update for adam-docs
[2026-07-23T15:44:57Z] [critic] → published wiki:update for adam-docs
[2026-07-23T15:44:59Z] [critic] Canal: skill:created | Source: watcher-skills | Skill: customer-success-manager | Arg: 
[2026-07-23T15:44:59Z] [critic] Nouveau skill détecté: customer-success-manager
[2026-07-23T15:44:59Z] [critic] Fichier: /home/aza/.hermes/skills/customer-success-manager/SKILL.md
[2026-07-23T15:44:59Z] [critic] Taille: 9222 octets
[2026-07-23T15:44:59Z] [critic] ✓ Frontmatter YAML présent
[2026-07-23T15:44:59Z] [critic] Canal: skill:created | Source: watcher-skills | Skill: customer-success-manager | Arg: 
[2026-07-23T15:44:59Z] [critic] Sections détectées: 29
[2026-07-23T15:44:59Z] [critic] Review terminée pour skill:created
[2026-07-23T15:44:59Z] [critic] Nouveau skill détecté: customer-success-manager
[2026-07-23T15:44:59Z] [critic] Fichier: /home/aza/.hermes/skills/customer-success-manager/assets/success_plan_template.md
[2026-07-23T15:44:59Z] [critic] Taille: 5889 octets
[2026-07-23T15:44:59Z] [critic] ⚠ Pas de frontmatter YAML
[2026-07-23T15:44:59Z] [critic] Sections détectées: 21
[2026-07-23T15:44:59Z] [critic] Review terminée pour skill:created
[2026-07-23T15:44:59Z] [critic] → published wiki:update for adam-docs
[2026-07-23T15:44:59Z] [critic] → published wiki:update for adam-docs
[2026-07-23T15:45:01Z] [critic] Canal: skill:created | Source: watcher-skills | Skill: customer-success-manager | Arg: 
[2026-07-23T15:45:01Z] [critic] Nouveau skill détecté: customer-success-manager
[2026-07-23T15:45:01Z] [critic] Fichier: /home/aza/.hermes/skills/customer-success-manager/assets/onboarding_checklist_template.md
[2026-07-23T15:45:01Z] [critic] Taille: 7353 octets
[2026-07-23T15:45:01Z] [critic] ⚠ Pas de frontmatter YAML
[2026-07-23T15:45:01Z] [critic] Canal: skill:created | Source: watcher-skills | Skill: customer-success-manager | Arg: 
[2026-07-23T15:45:01Z] [critic] Nouveau skill détecté: customer-success-manager
[2026-07-23T15:45:01Z] [critic] Fichier: /home/aza/.hermes/skills/customer-success-manager/assets/executive_business_review_template.md
[2026-07-23T15:45:01Z] [critic] Sections détectées: 23
[2026-07-23T15:45:01Z] [critic] Review terminée pour skill:created
[2026-07-23T15:45:01Z] [critic] Taille: 6951 octets
[2026-07-23T15:45:01Z] [critic] ⚠ Pas de frontmatter YAML
[2026-07-23T15:45:01Z] [critic] Sections détectées: 29
[2026-07-23T15:45:01Z] [critic] Review terminée pour skill:created
[2026-07-23T15:45:01Z] [critic] → published wiki:update for adam-docs
[2026-07-23T15:45:01Z] [critic] → published wiki:update for adam-docs
[2026-07-23T15:45:03Z] [critic] Canal: skill:created | Source: watcher-skills | Skill: customer-success-manager | Arg: 
[2026-07-23T15:45:03Z] [critic] Nouveau skill détecté: customer-success-manager
[2026-07-23T15:45:03Z] [critic] Fichier: /home/aza/.hermes/skills/customer-success-manager/assets/qbr_template.md
[2026-07-23T15:45:03Z] [critic] Canal: skill:created | Source: watcher-skills | Skill: customer-success-manager | Arg: 
[2026-07-23T15:45:03Z] [critic] Taille: 4711 octets
[2026-07-23T15:45:03Z] [critic] Nouveau skill détecté: customer-success-manager
[2026-07-23T15:45:03Z] [critic] Fichier: /home/aza/.hermes/skills/customer-success-manager/references/cs-metrics-benchmarks.md
[2026-07-23T15:45:03Z] [critic] ⚠ Pas de frontmatter YAML
[2026-07-23T15:45:03Z] [critic] Taille: 9116 octets
[2026-07-23T15:45:03Z] [critic] Sections détectées: 26
[2026-07-23T15:45:03Z] [critic] Review terminée pour skill:created
[2026-07-23T15:45:03Z] [critic] ⚠ Pas de frontmatter YAML
[2026-07-23T15:45:03Z] [critic] Sections détectées: 27
[2026-07-23T15:45:03Z] [critic] Review terminée pour skill:created
[2026-07-23T15:45:03Z] [critic] → published wiki:update for adam-docs
[2026-07-23T15:45:03Z] [critic] → published wiki:update for adam-docs
[2026-07-23T15:45:05Z] [critic] Canal: skill:created | Source: watcher-skills | Skill: customer-success-manager | Arg: 
[2026-07-23T15:45:05Z] [critic] Nouveau skill détecté: customer-success-manager
[2026-07-23T15:45:05Z] [critic] Fichier: /home/aza/.hermes/skills/customer-success-manager/references/cs-playbooks.md
[2026-07-23T15:45:05Z] [critic] Canal: skill:created | Source: watcher-skills | Skill: customer-success-manager | Arg: 
[2026-07-23T15:45:05Z] [critic] Nouveau skill détecté: customer-success-manager
[2026-07-23T15:45:05Z] [critic] Fichier: /home/aza/.hermes/skills/customer-success-manager/references/health-scoring-framework.md
[2026-07-23T15:45:05Z] [critic] Taille: 10656 octets
[2026-07-23T15:45:05Z] [critic] ⚠ Pas de frontmatter YAML
[2026-07-23T15:45:05Z] [critic] Taille: 8540 octets
[2026-07-23T15:45:05Z] [critic] Sections détectées: 23
[2026-07-23T15:45:05Z] [critic] Review terminée pour skill:created
[2026-07-23T15:45:05Z] [critic] ⚠ Pas de frontmatter YAML
[2026-07-23T15:45:05Z] [critic] Sections détectées: 19
[2026-07-23T15:45:05Z] [critic] Review terminée pour skill:created
[2026-07-23T15:45:05Z] [critic] → published wiki:update for adam-docs
[2026-07-23T15:45:05Z] [critic] → published wiki:update for adam-docs
[2026-07-23T15:45:07Z] [critic] Canal: skill:created | Source: watcher-skills | Skill: ci-cd-pipeline-builder | Arg: 
[2026-07-23T15:45:07Z] [critic] Nouveau skill détecté: ci-cd-pipeline-builder
[2026-07-23T15:45:07Z] [critic] Fichier: /home/aza/.hermes/skills/ci-cd-pipeline-builder/SKILL.md
[2026-07-23T15:45:07Z] [critic] Taille: 3228 octets
[2026-07-23T15:45:07Z] [critic] Canal: skill:created | Source: watcher-skills | Skill: ci-cd-pipeline-builder | Arg: 
[2026-07-23T15:45:07Z] [critic] Nouveau skill détecté: ci-cd-pipeline-builder
[2026-07-23T15:45:07Z] [critic] Fichier: /home/aza/.hermes/skills/ci-cd-pipeline-builder/README.md
[2026-07-23T15:45:07Z] [critic] ✓ Frontmatter YAML présent
[2026-07-23T15:45:07Z] [critic] Sections détectées: 11
[2026-07-23T15:45:07Z] [critic] Review terminée pour skill:created
[2026-07-23T15:45:07Z] [critic] Taille: 1165 octets
[2026-07-23T15:45:07Z] [critic] ⚠ Pas de frontmatter YAML
[2026-07-23T15:45:07Z] [critic] Sections détectées: 10
[2026-07-23T15:45:07Z] [critic] Review terminée pour skill:created
[2026-07-23T15:45:07Z] [critic] → published wiki:update for adam-docs
[2026-07-23T15:45:07Z] [critic] → published wiki:update for adam-docs
[2026-07-23T15:45:09Z] [critic] Canal: skill:created | Source: watcher-skills | Skill: ci-cd-pipeline-builder | Arg: 
[2026-07-23T15:45:09Z] [critic] Nouveau skill détecté: ci-cd-pipeline-builder
[2026-07-23T15:45:09Z] [critic] Fichier: /home/aza/.hermes/skills/ci-cd-pipeline-builder/references/gitlab-ci-templates.md
[2026-07-23T15:45:09Z] [critic] Taille: 476 octets
[2026-07-23T15:45:09Z] [critic] ⚠ Pas de frontmatter YAML
[2026-07-23T15:45:09Z] [critic] Sections détectées: 3
[2026-07-23T15:45:09Z] [critic] Review terminée pour skill:created
[2026-07-23T15:45:09Z] [critic] Canal: skill:created | Source: watcher-skills | Skill: ci-cd-pipeline-builder | Arg: 
[2026-07-23T15:45:09Z] [critic] Nouveau skill détecté: ci-cd-pipeline-builder
[2026-07-23T15:45:09Z] [critic] Fichier: /home/aza/.hermes/skills/ci-cd-pipeline-builder/references/pipeline-design-notes.md
[2026-07-23T15:45:09Z] [critic] Taille: 2270 octets
[2026-07-23T15:45:09Z] [critic] ⚠ Pas de frontmatter YAML
[2026-07-23T15:45:09Z] [critic] Sections détectées: 8
[2026-07-23T15:45:09Z] [critic] Review terminée pour skill:created
[2026-07-23T15:45:09Z] [critic] → published wiki:update for adam-docs
[2026-07-23T15:45:09Z] [critic] → published wiki:update for adam-docs
[2026-07-23T15:45:11Z] [critic] Canal: skill:created | Source: watcher-skills | Skill: ci-cd-pipeline-builder | Arg: 
[2026-07-23T15:45:11Z] [critic] Nouveau skill détecté: ci-cd-pipeline-builder
[2026-07-23T15:45:11Z] [critic] Fichier: /home/aza/.hermes/skills/ci-cd-pipeline-builder/references/deployment-gates.md
[2026-07-23T15:45:11Z] [critic] Taille: 429 octets
[2026-07-23T15:45:11Z] [critic] ⚠ Pas de frontmatter YAML
[2026-07-23T15:45:11Z] [critic] Sections détectées: 4
[2026-07-23T15:45:11Z] [critic] Review terminée pour skill:created
[2026-07-23T15:45:11Z] [critic] Canal: skill:created | Source: watcher-skills | Skill: ci-cd-pipeline-builder | Arg: 
[2026-07-23T15:45:11Z] [critic] Nouveau skill détecté: ci-cd-pipeline-builder
[2026-07-23T15:45:11Z] [critic] Fichier: /home/aza/.hermes/skills/ci-cd-pipeline-builder/references/github-actions-templates.md
[2026-07-23T15:45:11Z] [critic] Taille: 758 octets
[2026-07-23T15:45:11Z] [critic] ⚠ Pas de frontmatter YAML
[2026-07-23T15:45:11Z] [critic] Sections détectées: 3
[2026-07-23T15:45:11Z] [critic] Review terminée pour skill:created
[2026-07-23T15:45:11Z] [critic] → published wiki:update for adam-docs
[2026-07-23T15:45:11Z] [critic] → published wiki:update for adam-docs
[2026-07-23T15:45:13Z] [critic] Canal: skill:created | Source: watcher-skills | Skill: patent | Arg: 
[2026-07-23T15:45:13Z] [critic] Nouveau skill détecté: patent
[2026-07-23T15:45:13Z] [critic] Fichier: /home/aza/.hermes/skills/patent/SKILL.md
[2026-07-23T15:45:13Z] [critic] Taille: 16509 octets
[2026-07-23T15:45:13Z] [critic] ✓ Frontmatter YAML présent
[2026-07-23T15:45:13Z] [critic] Canal: skill:created | Source: watcher-skills | Skill: patent | Arg: 
[2026-07-23T15:45:13Z] [critic] Nouveau skill détecté: patent
[2026-07-23T15:45:13Z] [critic] Fichier: /home/aza/.hermes/skills/patent/references/sub_use_case_routing.md
[2026-07-23T15:45:13Z] [critic] Sections détectées: 29
[2026-07-23T15:45:13Z] [critic] Review terminée pour skill:created
[2026-07-23T15:45:13Z] [critic] Taille: 11017 octets
[2026-07-23T15:45:13Z] [critic] ⚠ Pas de frontmatter YAML
[2026-07-23T15:45:13Z] [critic] Sections détectées: 40
[2026-07-23T15:45:13Z] [critic] Review terminée pour skill:created
[2026-07-23T15:45:13Z] [critic] → published wiki:update for adam-docs
[2026-07-23T15:45:13Z] [critic] → published wiki:update for adam-docs
[2026-07-23T15:45:15Z] [critic] Canal: skill:created | Source: watcher-skills | Skill: patent | Arg: 
[2026-07-23T15:45:15Z] [critic] Nouveau skill détecté: patent
[2026-07-23T15:45:15Z] [critic] Fichier: /home/aza/.hermes/skills/patent/references/legal_disclaimer_discipline.md
[2026-07-23T15:45:15Z] [critic] Canal: skill:created | Source: watcher-skills | Skill: patent | Arg: 
[2026-07-23T15:45:15Z] [critic] Nouveau skill détecté: patent
[2026-07-23T15:45:15Z] [critic] Taille: 8022 octets
[2026-07-23T15:45:15Z] [critic] Fichier: /home/aza/.hermes/skills/patent/references/cpc_classification_canon.md
[2026-07-23T15:45:15Z] [critic] ⚠ Pas de frontmatter YAML
[2026-07-23T15:45:15Z] [critic] Taille: 8666 octets
[2026-07-23T15:45:15Z] [critic] ⚠ Pas de frontmatter YAML
[2026-07-23T15:45:15Z] [critic] Sections détectées: 19
[2026-07-23T15:45:15Z] [critic] Review terminée pour skill:created
[2026-07-23T15:45:15Z] [critic] Sections détectées: 23
[2026-07-23T15:45:15Z] [critic] Review terminée pour skill:created
[2026-07-23T15:45:15Z] [critic] → published wiki:update for adam-docs
[2026-07-23T15:45:15Z] [critic] → published wiki:update for adam-docs
[2026-07-23T15:45:17Z] [critic] Canal: skill:created | Source: watcher-skills | Skill: landing | Arg: 
[2026-07-23T15:45:17Z] [critic] Nouveau skill détecté: landing
[2026-07-23T15:45:17Z] [critic] Fichier: /home/aza/.hermes/skills/landing/SKILL.md
[2026-07-23T15:45:17Z] [critic] Canal: skill:created | Source: watcher-skills | Skill: self-eval | Arg: 
[2026-07-23T15:45:17Z] [critic] Nouveau skill détecté: self-eval
[2026-07-23T15:45:17Z] [critic] Fichier: /home/aza/.hermes/skills/self-eval/SKILL.md
[2026-07-23T15:45:17Z] [critic] Taille: 15089 octets
[2026-07-23T15:45:17Z] [critic] ✓ Frontmatter YAML présent
[2026-07-23T15:45:17Z] [critic] Taille: 8457 octets
[2026-07-23T15:45:17Z] [critic] Sections détectées: 32
[2026-07-23T15:45:17Z] [critic] Review terminée pour skill:created
[2026-07-23T15:45:17Z] [critic] ✓ Frontmatter YAML présent
[2026-07-23T15:45:17Z] [critic] Sections détectées: 19
[2026-07-23T15:45:17Z] [critic] Review terminée pour skill:created
[2026-07-23T15:45:17Z] [critic] → published wiki:update for adam-docs
[2026-07-23T15:45:17Z] [critic] → published wiki:update for adam-docs
[2026-07-23T15:45:19Z] [critic] Canal: skill:created | Source: watcher-skills | Skill: landing | Arg: 
[2026-07-23T15:45:19Z] [critic] Nouveau skill détecté: landing
[2026-07-23T15:45:19Z] [critic] Fichier: /home/aza/.hermes/skills/landing/references/single_file_html_discipline.md
[2026-07-23T15:45:19Z] [critic] Taille: 8528 octets
[2026-07-23T15:45:19Z] [critic] Canal: skill:created | Source: watcher-skills | Skill: landing | Arg: 
[2026-07-23T15:45:19Z] [critic] ⚠ Pas de frontmatter YAML
[2026-07-23T15:45:19Z] [critic] Nouveau skill détecté: landing
[2026-07-23T15:45:19Z] [critic] Fichier: /home/aza/.hermes/skills/landing/references/brand_system_design.md
[2026-07-23T15:45:19Z] [critic] Taille: 8401 octets
[2026-07-23T15:45:19Z] [critic] Sections détectées: 16
[2026-07-23T15:45:19Z] [critic] Review terminée pour skill:created
[2026-07-23T15:45:19Z] [critic] ⚠ Pas de frontmatter YAML
[2026-07-23T15:45:19Z] [critic] Sections détectées: 19
[2026-07-23T15:45:19Z] [critic] Review terminée pour skill:created
[2026-07-23T15:45:19Z] [critic] → published wiki:update for adam-docs
[2026-07-23T15:45:19Z] [critic] → published wiki:update for adam-docs
[2026-07-23T15:45:21Z] [critic] Canal: skill:created | Source: watcher-skills | Skill: ship-gate | Arg: 
[2026-07-23T15:45:21Z] [critic] Nouveau skill détecté: ship-gate
[2026-07-23T15:45:21Z] [critic] Fichier: /home/aza/.hermes/skills/ship-gate/SKILL.md
[2026-07-23T15:45:21Z] [critic] Taille: 6606 octets
[2026-07-23T15:45:21Z] [critic] ✓ Frontmatter YAML présent
[2026-07-23T15:45:21Z] [critic] Canal: skill:created | Source: watcher-skills | Skill: landing | Arg: 
[2026-07-23T15:45:21Z] [critic] Sections détectées: 10
[2026-07-23T15:45:21Z] [critic] Review terminée pour skill:created
[2026-07-23T15:45:21Z] [critic] Nouveau skill détecté: landing
[2026-07-23T15:45:21Z] [critic] Fichier: /home/aza/.hermes/skills/landing/references/gsap_animation_patterns.md
[2026-07-23T15:45:21Z] [critic] Taille: 9654 octets
[2026-07-23T15:45:21Z] [critic] ⚠ Pas de frontmatter YAML
[2026-07-23T15:45:21Z] [critic] Sections détectées: 21
[2026-07-23T15:45:21Z] [critic] Review terminée pour skill:created
[2026-07-23T15:45:21Z] [critic] → published wiki:update for adam-docs
[2026-07-23T15:45:21Z] [critic] → published wiki:update for adam-docs
[2026-07-23T15:45:23Z] [critic] Canal: skill:created | Source: watcher-skills | Skill: ship-gate | Arg: 
[2026-07-23T15:45:23Z] [critic] Nouveau skill détecté: ship-gate
[2026-07-23T15:45:23Z] [critic] Fichier: /home/aza/.hermes/skills/ship-gate/references/patterns.md
[2026-07-23T15:45:23Z] [critic] Taille: 16780 octets
[2026-07-23T15:45:23Z] [critic] ⚠ Pas de frontmatter YAML
[2026-07-23T15:45:23Z] [critic] Canal: skill:created | Source: watcher-skills | Skill: ship-gate | Arg: 
[2026-07-23T15:45:23Z] [critic] Nouveau skill détecté: ship-gate
[2026-07-23T15:45:23Z] [critic] Fichier: /home/aza/.hermes/skills/ship-gate/references/checks.md
[2026-07-23T15:45:23Z] [critic] Sections détectées: 130
[2026-07-23T15:45:23Z] [critic] Review terminée pour skill:created
[2026-07-23T15:45:23Z] [critic] Taille: 19088 octets
[2026-07-23T15:45:23Z] [critic] ⚠ Pas de frontmatter YAML
[2026-07-23T15:45:23Z] [critic] Sections détectées: 48
[2026-07-23T15:45:23Z] [critic] Review terminée pour skill:created
[2026-07-23T15:45:23Z] [critic] → published wiki:update for adam-docs
[2026-07-23T15:45:23Z] [critic] → published wiki:update for adam-docs
[2026-07-23T15:45:25Z] [critic] Canal: skill:created | Source: watcher-skills | Skill: litreview | Arg: 
[2026-07-23T15:45:25Z] [critic] Nouveau skill détecté: litreview
[2026-07-23T15:45:25Z] [critic] Fichier: /home/aza/.hermes/skills/litreview/SKILL.md
[2026-07-23T15:45:25Z] [critic] Taille: 18586 octets
[2026-07-23T15:45:25Z] [critic] ✓ Frontmatter YAML présent
[2026-07-23T15:45:25Z] [critic] Canal: skill:created | Source: watcher-skills | Skill: litreview | Arg: 
[2026-07-23T15:45:25Z] [critic] Nouveau skill détecté: litreview
[2026-07-23T15:45:25Z] [critic] Fichier: /home/aza/.hermes/skills/litreview/references/framework_selection.md
[2026-07-23T15:45:25Z] [critic] Sections détectées: 28
[2026-07-23T15:45:25Z] [critic] Review terminée pour skill:created
[2026-07-23T15:45:25Z] [critic] Taille: 9235 octets
[2026-07-23T15:45:25Z] [critic] ⚠ Pas de frontmatter YAML
[2026-07-23T15:45:25Z] [critic] Sections détectées: 16
[2026-07-23T15:45:25Z] [critic] Review terminée pour skill:created
[2026-07-23T15:45:25Z] [critic] → published wiki:update for adam-docs
[2026-07-23T15:45:25Z] [critic] → published wiki:update for adam-docs
[2026-07-23T15:45:27Z] [critic] Canal: skill:created | Source: watcher-skills | Skill: litreview | Arg: 
[2026-07-23T15:45:27Z] [critic] Nouveau skill détecté: litreview
[2026-07-23T15:45:27Z] [critic] Fichier: /home/aza/.hermes/skills/litreview/references/docx_8_sections.md
[2026-07-23T15:45:27Z] [critic] Canal: skill:created | Source: watcher-skills | Skill: litreview | Arg: 
[2026-07-23T15:45:27Z] [critic] Nouveau skill détecté: litreview
[2026-07-23T15:45:27Z] [critic] Fichier: /home/aza/.hermes/skills/litreview/references/search_budget_allocation.md
[2026-07-23T15:45:27Z] [critic] Taille: 12172 octets
[2026-07-23T15:45:27Z] [critic] Taille: 10326 octets
[2026-07-23T15:45:27Z] [critic] ⚠ Pas de frontmatter YAML
[2026-07-23T15:45:27Z] [critic] ⚠ Pas de frontmatter YAML
[2026-07-23T15:45:27Z] [critic] Sections détectées: 23
[2026-07-23T15:45:27Z] [critic] Review terminée pour skill:created
[2026-07-23T15:45:27Z] [critic] Sections détectées: 16
[2026-07-23T15:45:27Z] [critic] Review terminée pour skill:created
[2026-07-23T15:45:27Z] [critic] → published wiki:update for adam-docs
[2026-07-23T15:45:27Z] [critic] → published wiki:update for adam-docs
[2026-07-23T15:45:29Z] [critic] Canal: skill:created | Source: watcher-skills | Skill: market-research | Arg: 
[2026-07-23T15:45:29Z] [critic] Nouveau skill détecté: market-research
[2026-07-23T15:45:29Z] [critic] Fichier: /home/aza/.hermes/skills/market-research/assets/market_research_brief_template.md
[2026-07-23T15:45:29Z] [critic] Taille: 1638 octets
[2026-07-23T15:45:29Z] [critic] ⚠ Pas de frontmatter YAML
[2026-07-23T15:45:29Z] [critic] Canal: skill:created | Source: watcher-skills | Skill: market-research | Arg: 
[2026-07-23T15:45:29Z] [critic] Sections détectées: 8
[2026-07-23T15:45:29Z] [critic] Review terminée pour skill:created
[2026-07-23T15:45:29Z] [critic] Nouveau skill détecté: market-research
[2026-07-23T15:45:29Z] [critic] Fichier: /home/aza/.hermes/skills/market-research/SKILL.md
[2026-07-23T15:45:29Z] [critic] Taille: 10276 octets
[2026-07-23T15:45:29Z] [critic] ✓ Frontmatter YAML présent
[2026-07-23T15:45:29Z] [critic] Sections détectées: 13
[2026-07-23T15:45:29Z] [critic] Review terminée pour skill:created
[2026-07-23T15:45:29Z] [critic] → published wiki:update for adam-docs
[2026-07-23T15:45:29Z] [critic] → published wiki:update for adam-docs
[2026-07-23T15:45:31Z] [critic] Canal: skill:created | Source: watcher-skills | Skill: market-research | Arg: 
[2026-07-23T15:45:31Z] [critic] Nouveau skill détecté: market-research
[2026-07-23T15:45:31Z] [critic] Fichier: /home/aza/.hermes/skills/market-research/references/survey_methodology.md
[2026-07-23T15:45:31Z] [critic] Taille: 2631 octets
[2026-07-23T15:45:31Z] [critic] Canal: skill:created | Source: watcher-skills | Skill: market-research | Arg: 
[2026-07-23T15:45:31Z] [critic] Nouveau skill détecté: market-research
[2026-07-23T15:45:31Z] [critic] Fichier: /home/aza/.hermes/skills/market-research/references/segmentation_and_ci.md
[2026-07-23T15:45:31Z] [critic] ⚠ Pas de frontmatter YAML
[2026-07-23T15:45:31Z] [critic] Taille: 2888 octets
[2026-07-23T15:45:31Z] [critic] Sections détectées: 6
[2026-07-23T15:45:31Z] [critic] Review terminée pour skill:created
[2026-07-23T15:45:31Z] [critic] ⚠ Pas de frontmatter YAML
[2026-07-23T15:45:31Z] [critic] Sections détectées: 6
[2026-07-23T15:45:31Z] [critic] Review terminée pour skill:created
[2026-07-23T15:45:31Z] [critic] → published wiki:update for adam-docs
[2026-07-23T15:45:31Z] [critic] → published wiki:update for adam-docs
[2026-07-23T15:45:33Z] [critic] Canal: skill:created | Source: watcher-skills | Skill: tech-debt-tracker | Arg: 
[2026-07-23T15:45:33Z] [critic] Nouveau skill détecté: tech-debt-tracker
[2026-07-23T15:45:33Z] [critic] Fichier: /home/aza/.hermes/skills/tech-debt-tracker/SKILL.md
[2026-07-23T15:45:33Z] [critic] Taille: 4743 octets
[2026-07-23T15:45:33Z] [critic] ✓ Frontmatter YAML présent
[2026-07-23T15:45:33Z] [critic] Sections détectées: 15
[2026-07-23T15:45:33Z] [critic] Review terminée pour skill:created
[2026-07-23T15:45:33Z] [critic] Canal: skill:created | Source: watcher-skills | Skill: market-research | Arg: 
[2026-07-23T15:45:33Z] [critic] Nouveau skill détecté: market-research
[2026-07-23T15:45:33Z] [critic] Fichier: /home/aza/.hermes/skills/market-research/references/market_sizing_canon.md
[2026-07-23T15:45:33Z] [critic] Taille: 2650 octets
[2026-07-23T15:45:33Z] [critic] ⚠ Pas de frontmatter YAML
[2026-07-23T15:45:33Z] [critic] Sections détectées: 6
[2026-07-23T15:45:33Z] [critic] Review terminée pour skill:created
[2026-07-23T15:45:33Z] [critic] → published wiki:update for adam-docs
[2026-07-23T15:45:33Z] [critic] → published wiki:update for adam-docs
[2026-07-23T15:45:35Z] [critic] Canal: skill:created | Source: watcher-skills | Skill: tech-debt-tracker | Arg: 
[2026-07-23T15:45:35Z] [critic] Nouveau skill détecté: tech-debt-tracker
[2026-07-23T15:45:35Z] [critic] Fichier: /home/aza/.hermes/skills/tech-debt-tracker/README.md
[2026-07-23T15:45:35Z] [critic] Taille: 9509 octets
[2026-07-23T15:45:35Z] [critic] ⚠ Pas de frontmatter YAML
[2026-07-23T15:45:35Z] [critic] Sections détectées: 61
[2026-07-23T15:45:35Z] [critic] Review terminée pour skill:created
[2026-07-23T15:45:35Z] [critic] Canal: skill:created | Source: watcher-skills | Skill: tech-debt-tracker | Arg: 
[2026-07-23T15:45:35Z] [critic] Nouveau skill détecté: tech-debt-tracker
[2026-07-23T15:45:35Z] [critic] Fichier: /home/aza/.hermes/skills/tech-debt-tracker/references/debt-frameworks.md
[2026-07-23T15:45:35Z] [critic] Taille: 14015 octets
[2026-07-23T15:45:35Z] [critic] ⚠ Pas de frontmatter YAML
[2026-07-23T15:45:35Z] [critic] Sections détectées: 35
[2026-07-23T15:45:35Z] [critic] Review terminée pour skill:created
[2026-07-23T15:45:35Z] [critic] → published wiki:update for adam-docs
[2026-07-23T15:45:35Z] [critic] → published wiki:update for adam-docs
[2026-07-23T15:45:37Z] [critic] Canal: skill:created | Source: watcher-skills | Skill: tech-debt-tracker | Arg: 
[2026-07-23T15:45:37Z] [critic] Nouveau skill détecté: tech-debt-tracker
[2026-07-23T15:45:37Z] [critic] Fichier: /home/aza/.hermes/skills/tech-debt-tracker/references/prioritization-framework.md
[2026-07-23T15:45:37Z] [critic] Taille: 10889 octets
[2026-07-23T15:45:37Z] [critic] Canal: skill:created | Source: watcher-skills | Skill: tech-debt-tracker | Arg: 
[2026-07-23T15:45:37Z] [critic] Nouveau skill détecté: tech-debt-tracker
[2026-07-23T15:45:37Z] [critic] Fichier: /home/aza/.hermes/skills/tech-debt-tracker/references/stakeholder-communication-templates.md
[2026-07-23T15:45:37Z] [critic] ⚠ Pas de frontmatter YAML
[2026-07-23T15:45:37Z] [critic] Taille: 12904 octets
[2026-07-23T15:45:37Z] [critic] Sections détectées: 25
[2026-07-23T15:45:37Z] [critic] ⚠ Pas de frontmatter YAML
[2026-07-23T15:45:37Z] [critic] Review terminée pour skill:created
[2026-07-23T15:45:37Z] [critic] Sections détectées: 21
[2026-07-23T15:45:37Z] [critic] Review terminée pour skill:created
[2026-07-23T15:45:37Z] [critic] → published wiki:update for adam-docs
[2026-07-23T15:45:37Z] [critic] → published wiki:update for adam-docs
[2026-07-23T15:45:39Z] [critic] Canal: skill:created | Source: watcher-skills | Skill: tech-debt-tracker | Arg: 
[2026-07-23T15:45:39Z] [critic] Nouveau skill détecté: tech-debt-tracker
[2026-07-23T15:45:39Z] [critic] Fichier: /home/aza/.hermes/skills/tech-debt-tracker/references/debt-classification-taxonomy.md
[2026-07-23T15:45:39Z] [critic] Taille: 10424 octets
[2026-07-23T15:45:39Z] [critic] ⚠ Pas de frontmatter YAML
[2026-07-23T15:45:39Z] [critic] Sections détectées: 25
[2026-07-23T15:45:39Z] [critic] Review terminée pour skill:created
[2026-07-23T15:45:39Z] [critic] Canal: skill:created | Source: watcher-skills | Skill: pr-review-expert | Arg: 
[2026-07-23T15:45:39Z] [critic] Nouveau skill détecté: pr-review-expert
[2026-07-23T15:45:39Z] [critic] Fichier: /home/aza/.hermes/skills/pr-review-expert/SKILL.md
[2026-07-23T15:45:39Z] [critic] Taille: 12647 octets
[2026-07-23T15:45:39Z] [critic] ✓ Frontmatter YAML présent
[2026-07-23T15:45:39Z] [critic] Sections détectées: 78
[2026-07-23T15:45:39Z] [critic] Review terminée pour skill:created
[2026-07-23T15:45:39Z] [critic] → published wiki:update for adam-docs
[2026-07-23T15:45:39Z] [critic] → published wiki:update for adam-docs
[2026-07-23T15:45:41Z] [critic] Canal: skill:created | Source: watcher-skills | Skill: spec-driven-workflow | Arg: 
[2026-07-23T15:45:41Z] [critic] Canal: skill:created | Source: watcher-skills | Skill: spec-driven-workflow | Arg: 
[2026-07-23T15:45:41Z] [critic] Nouveau skill détecté: spec-driven-workflow
[2026-07-23T15:45:41Z] [critic] Fichier: /home/aza/.hermes/skills/spec-driven-workflow/SKILL.md
[2026-07-23T15:45:41Z] [critic] Nouveau skill détecté: spec-driven-workflow
[2026-07-23T15:45:41Z] [critic] Fichier: /home/aza/.hermes/skills/spec-driven-workflow/references/spec_format_guide.md
[2026-07-23T15:45:41Z] [critic] Taille: 15646 octets
[2026-07-23T15:45:41Z] [critic] Taille: 19127 octets
[2026-07-23T15:45:41Z] [critic] ⚠ Pas de frontmatter YAML
[2026-07-23T15:45:41Z] [critic] ✓ Frontmatter YAML présent
[2026-07-23T15:45:41Z] [critic] Sections détectées: 66
[2026-07-23T15:45:41Z] [critic] Review terminée pour skill:created
[2026-07-23T15:45:41Z] [critic] Sections détectées: 35
[2026-07-23T15:45:41Z] [critic] Review terminée pour skill:created
[2026-07-23T15:45:41Z] [critic] → published wiki:update for adam-docs
[2026-07-23T15:45:41Z] [critic] → published wiki:update for adam-docs
[2026-07-23T15:45:43Z] [critic] Canal: skill:created | Source: watcher-skills | Skill: spec-driven-workflow | Arg: 
[2026-07-23T15:45:43Z] [critic] Nouveau skill détecté: spec-driven-workflow
[2026-07-23T15:45:43Z] [critic] Fichier: /home/aza/.hermes/skills/spec-driven-workflow/references/bounded_autonomy_rules.md
[2026-07-23T15:45:43Z] [critic] Taille: 11607 octets
[2026-07-23T15:45:43Z] [critic] ⚠ Pas de frontmatter YAML
[2026-07-23T15:45:43Z] [critic] Sections détectées: 34
[2026-07-23T15:45:43Z] [critic] Review terminée pour skill:created
[2026-07-23T15:45:43Z] [critic] Canal: skill:created | Source: watcher-skills | Skill: spec-driven-workflow | Arg: 
[2026-07-23T15:45:43Z] [critic] Nouveau skill détecté: spec-driven-workflow
[2026-07-23T15:45:43Z] [critic] Fichier: /home/aza/.hermes/skills/spec-driven-workflow/references/acceptance_criteria_patterns.md
[2026-07-23T15:45:43Z] [critic] Taille: 15278 octets
[2026-07-23T15:45:43Z] [critic] ⚠ Pas de frontmatter YAML
[2026-07-23T15:45:43Z] [critic] Sections détectées: 88
[2026-07-23T15:45:43Z] [critic] Review terminée pour skill:created
[2026-07-23T15:45:43Z] [critic] → published wiki:update for adam-docs
[2026-07-23T15:45:43Z] [critic] → published wiki:update for adam-docs
[2026-07-23T15:45:45Z] [critic] Canal: skill:created | Source: watcher-skills | Skill: focused-fix | Arg: 
[2026-07-23T15:45:45Z] [critic] Nouveau skill détecté: focused-fix
[2026-07-23T15:45:45Z] [critic] Fichier: /home/aza/.hermes/skills/focused-fix/SKILL.md
[2026-07-23T15:45:45Z] [critic] Canal: skill:created | Source: watcher-skills | Skill: observability-designer | Arg: 
[2026-07-23T15:45:45Z] [critic] Nouveau skill détecté: observability-designer
[2026-07-23T15:45:45Z] [critic] Fichier: /home/aza/.hermes/skills/observability-designer/SKILL.md
[2026-07-23T15:45:45Z] [critic] Taille: 13778 octets
[2026-07-23T15:45:45Z] [critic] Taille: 13894 octets
[2026-07-23T15:45:45Z] [critic] ✓ Frontmatter YAML présent
[2026-07-23T15:45:45Z] [critic] ✓ Frontmatter YAML présent
[2026-07-23T15:45:45Z] [critic] Sections détectées: 14
[2026-07-23T15:45:45Z] [critic] Review terminée pour skill:created
[2026-07-23T15:45:45Z] [critic] Sections détectées: 54
[2026-07-23T15:45:45Z] [critic] Review terminée pour skill:created
[2026-07-23T15:45:45Z] [critic] → published wiki:update for adam-docs
[2026-07-23T15:45:45Z] [critic] → published wiki:update for adam-docs
[2026-07-23T15:45:47Z] [critic] Canal: skill:created | Source: watcher-skills | Skill: observability-designer | Arg: 
[2026-07-23T15:45:47Z] [critic] Nouveau skill détecté: observability-designer
[2026-07-23T15:45:47Z] [critic] Fichier: /home/aza/.hermes/skills/observability-designer/README.md
[2026-07-23T15:45:47Z] [critic] Canal: skill:created | Source: watcher-skills | Skill: observability-designer | Arg: 
[2026-07-23T15:45:47Z] [critic] Nouveau skill détecté: observability-designer
[2026-07-23T15:45:47Z] [critic] Fichier: /home/aza/.hermes/skills/observability-designer/references/alert_design_patterns.md
[2026-07-23T15:45:47Z] [critic] Taille: 11877 octets
[2026-07-23T15:45:47Z] [critic] Taille: 11972 octets
[2026-07-23T15:45:47Z] [critic] ⚠ Pas de frontmatter YAML
[2026-07-23T15:45:47Z] [critic] ⚠ Pas de frontmatter YAML
[2026-07-23T15:45:47Z] [critic] Sections détectées: 68
[2026-07-23T15:45:47Z] [critic] Review terminée pour skill:created
[2026-07-23T15:45:47Z] [critic] Sections détectées: 76
[2026-07-23T15:45:47Z] [critic] Review terminée pour skill:created
[2026-07-23T15:45:47Z] [critic] → published wiki:update for adam-docs
[2026-07-23T15:45:47Z] [critic] → published wiki:update for adam-docs
[2026-07-23T15:45:49Z] [critic] Canal: skill:created | Source: watcher-skills | Skill: observability-designer | Arg: 
[2026-07-23T15:45:49Z] [critic] Nouveau skill détecté: observability-designer
[2026-07-23T15:45:49Z] [critic] Fichier: /home/aza/.hermes/skills/observability-designer/references/slo_cookbook.md
[2026-07-23T15:45:49Z] [critic] Taille: 10608 octets
[2026-07-23T15:45:49Z] [critic] Canal: skill:created | Source: watcher-skills | Skill: observability-designer | Arg: 
[2026-07-23T15:45:49Z] [critic] Nouveau skill détecté: observability-designer
[2026-07-23T15:45:49Z] [critic] Fichier: /home/aza/.hermes/skills/observability-designer/references/dashboard_best_practices.md
[2026-07-23T15:45:49Z] [critic] ⚠ Pas de frontmatter YAML
[2026-07-23T15:45:49Z] [critic] Taille: 14117 octets
[2026-07-23T15:45:49Z] [critic] Sections détectées: 68
[2026-07-23T15:45:49Z] [critic] Review terminée pour skill:created
[2026-07-23T15:45:49Z] [critic] ⚠ Pas de frontmatter YAML
[2026-07-23T15:45:49Z] [critic] Sections détectées: 87
[2026-07-23T15:45:49Z] [critic] Review terminée pour skill:created
[2026-07-23T15:45:49Z] [critic] → published wiki:update for adam-docs
[2026-07-23T15:45:49Z] [critic] → published wiki:update for adam-docs
[2026-07-23T15:45:51Z] [critic] Canal: skill:created | Source: watcher-skills | Skill: database-schema-designer | Arg: 
[2026-07-23T15:45:51Z] [critic] Nouveau skill détecté: database-schema-designer
[2026-07-23T15:45:51Z] [critic] Fichier: /home/aza/.hermes/skills/database-schema-designer/SKILL.md
[2026-07-23T15:45:51Z] [critic] Canal: skill:created | Source: watcher-skills | Skill: database-schema-designer | Arg: 
[2026-07-23T15:45:51Z] [critic] Nouveau skill détecté: database-schema-designer
[2026-07-23T15:45:51Z] [critic] Fichier: /home/aza/.hermes/skills/database-schema-designer/references/full-schema-examples.md
[2026-07-23T15:45:51Z] [critic] Taille: 7502 octets
[2026-07-23T15:45:51Z] [critic] Taille: 10443 octets
[2026-07-23T15:45:51Z] [critic] ✓ Frontmatter YAML présent
[2026-07-23T15:45:51Z] [critic] ⚠ Pas de frontmatter YAML
[2026-07-23T15:45:51Z] [critic] Sections détectées: 15
[2026-07-23T15:45:51Z] [critic] Review terminée pour skill:created
[2026-07-23T15:45:51Z] [critic] Sections détectées: 6
[2026-07-23T15:45:51Z] [critic] Review terminée pour skill:created
[2026-07-23T15:45:51Z] [critic] → published wiki:update for adam-docs
[2026-07-23T15:45:51Z] [critic] → published wiki:update for adam-docs
[2026-07-23T15:45:53Z] [critic] Canal: skill:created | Source: watcher-skills | Skill: migration-architect | Arg: 
[2026-07-23T15:45:53Z] [critic] Nouveau skill détecté: migration-architect
[2026-07-23T15:45:53Z] [critic] Fichier: /home/aza/.hermes/skills/migration-architect/SKILL.md
[2026-07-23T15:45:53Z] [critic] Taille: 16727 octets
[2026-07-23T15:45:53Z] [critic] ✓ Frontmatter YAML présent
[2026-07-23T15:45:53Z] [critic] Canal: skill:created | Source: watcher-skills | Skill: migration-architect | Arg: 
[2026-07-23T15:45:53Z] [critic] Nouveau skill détecté: migration-architect
[2026-07-23T15:45:53Z] [critic] Fichier: /home/aza/.hermes/skills/migration-architect/README.md
[2026-07-23T15:45:53Z] [critic] Sections détectées: 52
[2026-07-23T15:45:53Z] [critic] Review terminée pour skill:created
[2026-07-23T15:45:53Z] [critic] Taille: 11789 octets
[2026-07-23T15:45:53Z] [critic] ⚠ Pas de frontmatter YAML
[2026-07-23T15:45:53Z] [critic] Sections détectées: 46
[2026-07-23T15:45:53Z] [critic] Review terminée pour skill:created
[2026-07-23T15:45:53Z] [critic] → published wiki:update for adam-docs
[2026-07-23T15:45:53Z] [critic] → published wiki:update for adam-docs
[2026-07-23T15:45:55Z] [critic] Canal: skill:created | Source: watcher-skills | Skill: migration-architect | Arg: 
[2026-07-23T15:45:55Z] [critic] Nouveau skill détecté: migration-architect
[2026-07-23T15:45:55Z] [critic] Fichier: /home/aza/.hermes/skills/migration-architect/references/zero_downtime_techniques.md
[2026-07-23T15:45:55Z] [critic] Taille: 31881 octets
[2026-07-23T15:45:55Z] [critic] ⚠ Pas de frontmatter YAML
[2026-07-23T15:45:55Z] [critic] Sections détectées: 62
[2026-07-23T15:45:55Z] [critic] Review terminée pour skill:created
[2026-07-23T15:45:55Z] [critic] Canal: skill:created | Source: watcher-skills | Skill: migration-architect | Arg: 
[2026-07-23T15:45:55Z] [critic] Nouveau skill détecté: migration-architect
[2026-07-23T15:45:55Z] [critic] Fichier: /home/aza/.hermes/skills/migration-architect/references/data_reconciliation_strategies.md
[2026-07-23T15:45:55Z] [critic] Taille: 47395 octets
[2026-07-23T15:45:55Z] [critic] ⚠ Pas de frontmatter YAML
[2026-07-23T15:45:55Z] [critic] Sections détectées: 44
[2026-07-23T15:45:55Z] [critic] Review terminée pour skill:created
[2026-07-23T15:45:55Z] [critic] → published wiki:update for adam-docs
[2026-07-23T15:45:55Z] [critic] → published wiki:update for adam-docs
[2026-07-23T15:45:57Z] [critic] Canal: skill:created | Source: watcher-skills | Skill: api-design-reviewer | Arg: 
[2026-07-23T15:45:57Z] [critic] Nouveau skill détecté: api-design-reviewer
[2026-07-23T15:45:57Z] [critic] Fichier: /home/aza/.hermes/skills/api-design-reviewer/SKILL.md
[2026-07-23T15:45:57Z] [critic] Canal: skill:created | Source: watcher-skills | Skill: migration-architect | Arg: 
[2026-07-23T15:45:57Z] [critic] Nouveau skill détecté: migration-architect
[2026-07-23T15:45:57Z] [critic] Fichier: /home/aza/.hermes/skills/migration-architect/references/migration_patterns_catalog.md
[2026-07-23T15:45:57Z] [critic] Taille: 12904 octets
[2026-07-23T15:45:57Z] [critic] Taille: 19602 octets
[2026-07-23T15:45:57Z] [critic] ✓ Frontmatter YAML présent
[2026-07-23T15:45:57Z] [critic] ⚠ Pas de frontmatter YAML
[2026-07-23T15:45:57Z] [critic] Sections détectées: 62
[2026-07-23T15:45:57Z] [critic] Review terminée pour skill:created
[2026-07-23T15:45:57Z] [critic] Sections détectées: 58
[2026-07-23T15:45:57Z] [critic] Review terminée pour skill:created
[2026-07-23T15:45:57Z] [critic] → published wiki:update for adam-docs
[2026-07-23T15:45:57Z] [critic] → published wiki:update for adam-docs
[2026-07-23T15:45:59Z] [critic] Canal: skill:created | Source: watcher-skills | Skill: api-design-reviewer | Arg: 
[2026-07-23T15:45:59Z] [critic] Nouveau skill détecté: api-design-reviewer
[2026-07-23T15:45:59Z] [critic] Fichier: /home/aza/.hermes/skills/api-design-reviewer/references/rest_design_rules.md
[2026-07-23T15:45:59Z] [critic] Taille: 10444 octets
[2026-07-23T15:45:59Z] [critic] ⚠ Pas de frontmatter YAML
[2026-07-23T15:45:59Z] [critic] Sections détectées: 63
[2026-07-23T15:45:59Z] [critic] Review terminée pour skill:created
[2026-07-23T15:45:59Z] [critic] Canal: skill:created | Source: watcher-skills | Skill: api-design-reviewer | Arg: 
[2026-07-23T15:45:59Z] [critic] Nouveau skill détecté: api-design-reviewer
[2026-07-23T15:45:59Z] [critic] Fichier: /home/aza/.hermes/skills/api-design-reviewer/references/api_antipatterns.md
[2026-07-23T15:45:59Z] [critic] Taille: 13707 octets
[2026-07-23T15:45:59Z] [critic] ⚠ Pas de frontmatter YAML
[2026-07-23T15:45:59Z] [critic] Sections détectées: 100
[2026-07-23T15:45:59Z] [critic] Review terminée pour skill:created
[2026-07-23T15:45:59Z] [critic] → published wiki:update for adam-docs
[2026-07-23T15:45:59Z] [critic] → published wiki:update for adam-docs
[2026-07-23T15:46:01Z] [critic] Canal: skill:created | Source: watcher-skills | Skill: loop-library | Arg: 
[2026-07-23T15:46:01Z] [critic] Nouveau skill détecté: loop-library
[2026-07-23T15:46:01Z] [critic] Fichier: /home/aza/.hermes/skills/loop-library/README.md
[2026-07-23T15:46:01Z] [critic] Taille: 2076 octets
[2026-07-23T15:46:01Z] [critic] ⚠ Pas de frontmatter YAML
[2026-07-23T15:46:01Z] [critic] Sections détectées: 5
[2026-07-23T15:46:01Z] [critic] Review terminée pour skill:created
[2026-07-23T15:46:01Z] [critic] Canal: skill:created | Source: watcher-skills | Skill: loop-library | Arg: 
[2026-07-23T15:46:01Z] [critic] Nouveau skill détecté: loop-library
[2026-07-23T15:46:01Z] [critic] Fichier: /home/aza/.hermes/skills/loop-library/SKILL.md
[2026-07-23T15:46:01Z] [critic] Taille: 11482 octets
[2026-07-23T15:46:01Z] [critic] ✓ Frontmatter YAML présent
[2026-07-23T15:46:01Z] [critic] Sections détectées: 11
[2026-07-23T15:46:01Z] [critic] Review terminée pour skill:created
[2026-07-23T15:46:01Z] [critic] → published wiki:update for adam-docs
[2026-07-23T15:46:01Z] [critic] → published wiki:update for adam-docs
[2026-07-23T15:46:03Z] [critic] Canal: skill:created | Source: watcher-skills | Skill: loop-library | Arg: 
[2026-07-23T15:46:03Z] [critic] Nouveau skill détecté: loop-library
[2026-07-23T15:46:03Z] [critic] Fichier: /home/aza/.hermes/skills/loop-library/references/discover.md
[2026-07-23T15:46:03Z] [critic] Taille: 3872 octets
[2026-07-23T15:46:03Z] [critic] ⚠ Pas de frontmatter YAML
[2026-07-23T15:46:03Z] [critic] Sections détectées: 4
[2026-07-23T15:46:03Z] [critic] Review terminée pour skill:created
[2026-07-23T15:46:03Z] [critic] Canal: skill:created | Source: watcher-skills | Skill: loop-library | Arg: 
[2026-07-23T15:46:03Z] [critic] Nouveau skill détecté: loop-library
[2026-07-23T15:46:03Z] [critic] Fichier: /home/aza/.hermes/skills/loop-library/references/audit.md
[2026-07-23T15:46:03Z] [critic] Taille: 2742 octets
[2026-07-23T15:46:03Z] [critic] ⚠ Pas de frontmatter YAML
[2026-07-23T15:46:03Z] [critic] Sections détectées: 4
[2026-07-23T15:46:03Z] [critic] Review terminée pour skill:created
[2026-07-23T15:46:03Z] [critic] → published wiki:update for adam-docs
[2026-07-23T15:46:03Z] [critic] → published wiki:update for adam-docs
[2026-07-23T15:46:05Z] [critic] Canal: skill:created | Source: watcher-skills | Skill: financial-analyst | Arg: 
[2026-07-23T15:46:05Z] [critic] Nouveau skill détecté: financial-analyst
[2026-07-23T15:46:05Z] [critic] Fichier: /home/aza/.hermes/skills/financial-analyst/assets/forecast_report_template.md
[2026-07-23T15:46:05Z] [critic] Canal: skill:created | Source: watcher-skills | Skill: financial-analyst | Arg: 
[2026-07-23T15:46:05Z] [critic] Nouveau skill détecté: financial-analyst
[2026-07-23T15:46:05Z] [critic] Fichier: /home/aza/.hermes/skills/financial-analyst/SKILL.md
[2026-07-23T15:46:05Z] [critic] Taille: 5189 octets
[2026-07-23T15:46:05Z] [critic] ⚠ Pas de frontmatter YAML
[2026-07-23T15:46:05Z] [critic] Taille: 7204 octets
[2026-07-23T15:46:05Z] [critic] ✓ Frontmatter YAML présent
[2026-07-23T15:46:05Z] [critic] Sections détectées: 27
[2026-07-23T15:46:05Z] [critic] Review terminée pour skill:created
[2026-07-23T15:46:05Z] [critic] Sections détectées: 18
[2026-07-23T15:46:05Z] [critic] Review terminée pour skill:created
[2026-07-23T15:46:05Z] [critic] → published wiki:update for adam-docs
[2026-07-23T15:46:05Z] [critic] → published wiki:update for adam-docs
[2026-07-23T15:46:07Z] [critic] Canal: skill:created | Source: watcher-skills | Skill: financial-analyst | Arg: 
[2026-07-23T15:46:07Z] [critic] Nouveau skill détecté: financial-analyst
[2026-07-23T15:46:07Z] [critic] Fichier: /home/aza/.hermes/skills/financial-analyst/assets/dcf_analysis_template.md
[2026-07-23T15:46:07Z] [critic] Canal: skill:created | Source: watcher-skills | Skill: financial-analyst | Arg: 
[2026-07-23T15:46:07Z] [critic] Nouveau skill détecté: financial-analyst
[2026-07-23T15:46:07Z] [critic] Fichier: /home/aza/.hermes/skills/financial-analyst/assets/variance_report_template.md
[2026-07-23T15:46:07Z] [critic] Taille: 5930 octets
[2026-07-23T15:46:07Z] [critic] Taille: 3863 octets
[2026-07-23T15:46:07Z] [critic] ⚠ Pas de frontmatter YAML
[2026-07-23T15:46:07Z] [critic] ⚠ Pas de frontmatter YAML
[2026-07-23T15:46:07Z] [critic] Sections détectées: 23
[2026-07-23T15:46:07Z] [critic] Review terminée pour skill:created
[2026-07-23T15:46:07Z] [critic] Sections détectées: 15
[2026-07-23T15:46:07Z] [critic] Review terminée pour skill:created
[2026-07-23T15:46:07Z] [critic] → published wiki:update for adam-docs
[2026-07-23T15:46:07Z] [critic] → published wiki:update for adam-docs
[2026-07-23T15:46:09Z] [critic] Canal: skill:created | Source: watcher-skills | Skill: financial-analyst | Arg: 
[2026-07-23T15:46:09Z] [critic] Nouveau skill détecté: financial-analyst
[2026-07-23T15:46:09Z] [critic] Fichier: /home/aza/.hermes/skills/financial-analyst/references/financial-ratios-guide.md
[2026-07-23T15:46:09Z] [critic] Taille: 9212 octets
[2026-07-23T15:46:09Z] [critic] Canal: skill:created | Source: watcher-skills | Skill: financial-analyst | Arg: 
[2026-07-23T15:46:09Z] [critic] Nouveau skill détecté: financial-analyst
[2026-07-23T15:46:09Z] [critic] Fichier: /home/aza/.hermes/skills/financial-analyst/references/forecasting-best-practices.md
[2026-07-23T15:46:09Z] [critic] ⚠ Pas de frontmatter YAML
[2026-07-23T15:46:09Z] [critic] Taille: 10012 octets
[2026-07-23T15:46:09Z] [critic] Sections détectées: 27
[2026-07-23T15:46:09Z] [critic] Review terminée pour skill:created
[2026-07-23T15:46:09Z] [critic] ⚠ Pas de frontmatter YAML
[2026-07-23T15:46:09Z] [critic] Sections détectées: 28
[2026-07-23T15:46:09Z] [critic] Review terminée pour skill:created
[2026-07-23T15:46:09Z] [critic] → published wiki:update for adam-docs
[2026-07-23T15:46:09Z] [critic] → published wiki:update for adam-docs
[2026-07-23T15:46:11Z] [critic] Canal: skill:created | Source: watcher-skills | Skill: financial-analyst | Arg: 
[2026-07-23T15:46:11Z] [critic] Nouveau skill détecté: financial-analyst
[2026-07-23T15:46:11Z] [critic] Fichier: /home/aza/.hermes/skills/financial-analyst/references/industry-adaptations.md
[2026-07-23T15:46:11Z] [critic] Canal: skill:created | Source: watcher-skills | Skill: financial-analyst | Arg: 
[2026-07-23T15:46:11Z] [critic] Nouveau skill détecté: financial-analyst
[2026-07-23T15:46:11Z] [critic] Fichier: /home/aza/.hermes/skills/financial-analyst/references/valuation-methodology.md
[2026-07-23T15:46:11Z] [critic] Taille: 2914 octets
[2026-07-23T15:46:11Z] [critic] Taille: 7922 octets
[2026-07-23T15:46:11Z] [critic] ⚠ Pas de frontmatter YAML
[2026-07-23T15:46:11Z] [critic] ⚠ Pas de frontmatter YAML
[2026-07-23T15:46:11Z] [critic] Sections détectées: 6
[2026-07-23T15:46:11Z] [critic] Review terminée pour skill:created
[2026-07-23T15:46:11Z] [critic] Sections détectées: 24
[2026-07-23T15:46:11Z] [critic] Review terminée pour skill:created
[2026-07-23T15:46:11Z] [critic] → published wiki:update for adam-docs
[2026-07-23T15:46:11Z] [critic] → published wiki:update for adam-docs
[2026-07-23T15:46:13Z] [critic] Canal: skill:created | Source: watcher-skills | Skill: saas-metrics-coach | Arg: 
[2026-07-23T15:46:13Z] [critic] Nouveau skill détecté: saas-metrics-coach
[2026-07-23T15:46:13Z] [critic] Fichier: /home/aza/.hermes/skills/saas-metrics-coach/assets/input-template.md
[2026-07-23T15:46:13Z] [critic] Taille: 718 octets
[2026-07-23T15:46:13Z] [critic] ⚠ Pas de frontmatter YAML
[2026-07-23T15:46:13Z] [critic] Canal: skill:created | Source: watcher-skills | Skill: saas-metrics-coach | Arg: 
[2026-07-23T15:46:13Z] [critic] Nouveau skill détecté: saas-metrics-coach
[2026-07-23T15:46:13Z] [critic] Fichier: /home/aza/.hermes/skills/saas-metrics-coach/SKILL.md
[2026-07-23T15:46:13Z] [critic] Sections détectées: 1
[2026-07-23T15:46:13Z] [critic] Review terminée pour skill:created
[2026-07-23T15:46:13Z] [critic] Taille: 5748 octets
[2026-07-23T15:46:13Z] [critic] ✓ Frontmatter YAML présent
[2026-07-23T15:46:13Z] [critic] Sections détectées: 24
[2026-07-23T15:46:13Z] [critic] Review terminée pour skill:created
[2026-07-23T15:46:13Z] [critic] → published wiki:update for adam-docs
[2026-07-23T15:46:13Z] [critic] → published wiki:update for adam-docs
[2026-07-23T15:46:15Z] [critic] Canal: skill:created | Source: watcher-skills | Skill: saas-metrics-coach | Arg: 
[2026-07-23T15:46:15Z] [critic] Nouveau skill détecté: saas-metrics-coach
[2026-07-23T15:46:15Z] [critic] Fichier: /home/aza/.hermes/skills/saas-metrics-coach/references/formulas.md
[2026-07-23T15:46:15Z] [critic] Canal: skill:created | Source: watcher-skills | Skill: saas-metrics-coach | Arg: 
[2026-07-23T15:46:15Z] [critic] Nouveau skill détecté: saas-metrics-coach
[2026-07-23T15:46:15Z] [critic] Fichier: /home/aza/.hermes/skills/saas-metrics-coach/references/benchmarks.md
[2026-07-23T15:46:15Z] [critic] Taille: 2493 octets
[2026-07-23T15:46:15Z] [critic] Taille: 2530 octets
[2026-07-23T15:46:15Z] [critic] ⚠ Pas de frontmatter YAML
[2026-07-23T15:46:15Z] [critic] ⚠ Pas de frontmatter YAML
[2026-07-23T15:46:15Z] [critic] Sections détectées: 11
[2026-07-23T15:46:15Z] [critic] Review terminée pour skill:created
[2026-07-23T15:46:15Z] [critic] Sections détectées: 10
[2026-07-23T15:46:15Z] [critic] Review terminée pour skill:created
[2026-07-23T15:46:15Z] [critic] → published wiki:update for adam-docs
[2026-07-23T15:46:15Z] [critic] → published wiki:update for adam-docs
[2026-07-23T15:46:17Z] [critic] Canal: skill:created | Source: watcher-skills | Skill: research-finance | Arg: 
[2026-07-23T15:46:17Z] [critic] Nouveau skill détecté: research-finance
[2026-07-23T15:46:17Z] [critic] Fichier: /home/aza/.hermes/skills/research-finance/assets/rd_program_budget_template.md
[2026-07-23T15:46:17Z] [critic] Taille: 1792 octets
[2026-07-23T15:46:17Z] [critic] ⚠ Pas de frontmatter YAML
[2026-07-23T15:46:17Z] [critic] Sections détectées: 8
[2026-07-23T15:46:17Z] [critic] Review terminée pour skill:created
[2026-07-23T15:46:17Z] [critic] Canal: skill:created | Source: watcher-skills | Skill: research-finance | Arg: 
[2026-07-23T15:46:17Z] [critic] Nouveau skill détecté: research-finance
[2026-07-23T15:46:17Z] [critic] Fichier: /home/aza/.hermes/skills/research-finance/SKILL.md
[2026-07-23T15:46:17Z] [critic] Taille: 10664 octets
[2026-07-23T15:46:17Z] [critic] ✓ Frontmatter YAML présent
[2026-07-23T15:46:17Z] [critic] Sections détectées: 13
[2026-07-23T15:46:17Z] [critic] Review terminée pour skill:created
[2026-07-23T15:46:17Z] [critic] → published wiki:update for adam-docs
[2026-07-23T15:46:17Z] [critic] → published wiki:update for adam-docs
[2026-07-23T15:46:19Z] [critic] Canal: skill:created | Source: watcher-skills | Skill: research-finance | Arg: 
[2026-07-23T15:46:19Z] [critic] Nouveau skill détecté: research-finance
[2026-07-23T15:46:19Z] [critic] Fichier: /home/aza/.hermes/skills/research-finance/references/rd_program_finance_canon.md
[2026-07-23T15:46:19Z] [critic] Taille: 2833 octets
[2026-07-23T15:46:19Z] [critic] ⚠ Pas de frontmatter YAML
[2026-07-23T15:46:19Z] [critic] Canal: skill:created | Source: watcher-skills | Skill: research-finance | Arg: 
[2026-07-23T15:46:19Z] [critic] Nouveau skill détecté: research-finance
[2026-07-23T15:46:19Z] [critic] Fichier: /home/aza/.hermes/skills/research-finance/references/indirect_rate_modeling.md
[2026-07-23T15:46:19Z] [critic] Sections détectées: 5
[2026-07-23T15:46:19Z] [critic] Review terminée pour skill:created
[2026-07-23T15:46:19Z] [critic] Taille: 2459 octets
[2026-07-23T15:46:19Z] [critic] ⚠ Pas de frontmatter YAML
[2026-07-23T15:46:19Z] [critic] Sections détectées: 6
[2026-07-23T15:46:19Z] [critic] Review terminée pour skill:created
[2026-07-23T15:46:19Z] [critic] → published wiki:update for adam-docs
[2026-07-23T15:46:19Z] [critic] → published wiki:update for adam-docs
[2026-07-23T15:46:21Z] [critic] Canal: skill:created | Source: watcher-skills | Skill: research-finance | Arg: 
[2026-07-23T15:46:21Z] [critic] Nouveau skill détecté: research-finance
[2026-07-23T15:46:21Z] [critic] Fichier: /home/aza/.hermes/skills/research-finance/references/burn_and_portfolio.md
[2026-07-23T15:46:21Z] [critic] Taille: 2776 octets
[2026-07-23T15:46:21Z] [critic] ⚠ Pas de frontmatter YAML
[2026-07-23T15:46:21Z] [critic] Canal: skill:created | Source: watcher-skills | Skill: codebase-onboarding | Arg: 
[2026-07-23T15:46:21Z] [critic] Nouveau skill détecté: codebase-onboarding
[2026-07-23T15:46:21Z] [critic] Fichier: /home/aza/.hermes/skills/codebase-onboarding/SKILL.md
[2026-07-23T15:46:21Z] [critic] Sections détectées: 6
[2026-07-23T15:46:21Z] [critic] Review terminée pour skill:created
[2026-07-23T15:46:21Z] [critic] Taille: 2606 octets
[2026-07-23T15:46:21Z] [critic] ✓ Frontmatter YAML présent
[2026-07-23T15:46:21Z] [critic] Sections détectées: 13
[2026-07-23T15:46:21Z] [critic] Review terminée pour skill:created
[2026-07-23T15:46:21Z] [critic] → published wiki:update for adam-docs
[2026-07-23T15:46:21Z] [critic] → published wiki:update for adam-docs
[2026-07-23T15:46:23Z] [critic] Canal: skill:created | Source: watcher-skills | Skill: codebase-onboarding | Arg: 
[2026-07-23T15:46:23Z] [critic] Nouveau skill détecté: codebase-onboarding
[2026-07-23T15:46:23Z] [critic] Fichier: /home/aza/.hermes/skills/codebase-onboarding/references/output-format-templates.md
[2026-07-23T15:46:23Z] [critic] Taille: 978 octets
[2026-07-23T15:46:23Z] [critic] ⚠ Pas de frontmatter YAML
[2026-07-23T15:46:23Z] [critic] Sections détectées: 5
[2026-07-23T15:46:23Z] [critic] Review terminée pour skill:created
[2026-07-23T15:46:23Z] [critic] Canal: skill:created | Source: watcher-skills | Skill: codebase-onboarding | Arg: 
[2026-07-23T15:46:23Z] [critic] Nouveau skill détecté: codebase-onboarding
[2026-07-23T15:46:23Z] [critic] Fichier: /home/aza/.hermes/skills/codebase-onboarding/references/onboarding-template.md
[2026-07-23T15:46:23Z] [critic] Taille: 3414 octets
[2026-07-23T15:46:23Z] [critic] ⚠ Pas de frontmatter YAML
[2026-07-23T15:46:23Z] [critic] Sections détectées: 30
[2026-07-23T15:46:23Z] [critic] Review terminée pour skill:created
[2026-07-23T15:46:23Z] [critic] → published wiki:update for adam-docs
[2026-07-23T15:46:23Z] [critic] → published wiki:update for adam-docs
[2026-07-23T15:46:25Z] [critic] Canal: skill:created | Source: watcher-skills | Skill: env-secrets-manager | Arg: 
[2026-07-23T15:46:25Z] [critic] Nouveau skill détecté: env-secrets-manager
[2026-07-23T15:46:25Z] [critic] Fichier: /home/aza/.hermes/skills/env-secrets-manager/references/secret-patterns.md
[2026-07-23T15:46:25Z] [critic] Canal: skill:created | Source: watcher-skills | Skill: env-secrets-manager | Arg: 
[2026-07-23T15:46:25Z] [critic] Taille: 1140 octets
[2026-07-23T15:46:25Z] [critic] Nouveau skill détecté: env-secrets-manager
[2026-07-23T15:46:25Z] [critic] Fichier: /home/aza/.hermes/skills/env-secrets-manager/SKILL.md
[2026-07-23T15:46:25Z] [critic] ⚠ Pas de frontmatter YAML
[2026-07-23T15:46:25Z] [critic] Taille: 10700 octets
[2026-07-23T15:46:25Z] [critic] Sections détectées: 8
[2026-07-23T15:46:25Z] [critic] Review terminée pour skill:created
[2026-07-23T15:46:25Z] [critic] ✓ Frontmatter YAML présent
[2026-07-23T15:46:25Z] [critic] Sections détectées: 36
[2026-07-23T15:46:25Z] [critic] Review terminée pour skill:created
[2026-07-23T15:46:25Z] [critic] → published wiki:update for adam-docs
[2026-07-23T15:46:25Z] [critic] → published wiki:update for adam-docs
[2026-07-23T15:46:27Z] [critic] Canal: skill:created | Source: watcher-skills | Skill: finance-skills | Arg: 
[2026-07-23T15:46:27Z] [critic] Nouveau skill détecté: finance-skills
[2026-07-23T15:46:27Z] [critic] Fichier: /home/aza/.hermes/skills/finance-skills/SKILL.md
[2026-07-23T15:46:27Z] [critic] Taille: 2054 octets
[2026-07-23T15:46:27Z] [critic] ✓ Frontmatter YAML présent
[2026-07-23T15:46:27Z] [critic] Sections détectées: 7
[2026-07-23T15:46:27Z] [critic] Review terminée pour skill:created
[2026-07-23T15:46:27Z] [critic] Canal: skill:created | Source: watcher-skills | Skill: env-secrets-manager | Arg: 
[2026-07-23T15:46:27Z] [critic] Nouveau skill détecté: env-secrets-manager
[2026-07-23T15:46:27Z] [critic] Fichier: /home/aza/.hermes/skills/env-secrets-manager/references/validation-detection-rotation.md
[2026-07-23T15:46:27Z] [critic] Taille: 9457 octets
[2026-07-23T15:46:27Z] [critic] ⚠ Pas de frontmatter YAML
[2026-07-23T15:46:27Z] [critic] Sections détectées: 57
[2026-07-23T15:46:27Z] [critic] Review terminée pour skill:created
[2026-07-23T15:46:27Z] [critic] → published wiki:update for adam-docs
[2026-07-23T15:46:27Z] [critic] → published wiki:update for adam-docs
[2026-07-23T15:46:29Z] [critic] Canal: skill:created | Source: watcher-skills | Skill: business-investment-advisor | Arg: 
[2026-07-23T15:46:29Z] [critic] Nouveau skill détecté: business-investment-advisor
[2026-07-23T15:46:29Z] [critic] Fichier: /home/aza/.hermes/skills/business-investment-advisor/SKILL.md
[2026-07-23T15:46:29Z] [critic] Canal: skill:created | Source: watcher-skills | Skill: clinical-research | Arg: 
[2026-07-23T15:46:29Z] [critic] Nouveau skill détecté: clinical-research
[2026-07-23T15:46:29Z] [critic] Fichier: /home/aza/.hermes/skills/clinical-research/SKILL.md
[2026-07-23T15:46:29Z] [critic] Taille: 10008 octets
[2026-07-23T15:46:29Z] [critic] Taille: 10956 octets
[2026-07-23T15:46:29Z] [critic] ✓ Frontmatter YAML présent
[2026-07-23T15:46:29Z] [critic] ✓ Frontmatter YAML présent
[2026-07-23T15:46:29Z] [critic] Sections détectées: 27
[2026-07-23T15:46:29Z] [critic] Review terminée pour skill:created
[2026-07-23T15:46:29Z] [critic] Sections détectées: 13
[2026-07-23T15:46:29Z] [critic] Review terminée pour skill:created
[2026-07-23T15:46:29Z] [critic] → published wiki:update for adam-docs
[2026-07-23T15:46:29Z] [critic] → published wiki:update for adam-docs
[2026-07-23T15:46:31Z] [critic] Canal: skill:created | Source: watcher-skills | Skill: clinical-research | Arg: 
[2026-07-23T15:46:31Z] [critic] Nouveau skill détecté: clinical-research
[2026-07-23T15:46:31Z] [critic] Fichier: /home/aza/.hermes/skills/clinical-research/assets/protocol_synopsis_template.md
[2026-07-23T15:46:31Z] [critic] Taille: 1950 octets
[2026-07-23T15:46:31Z] [critic] ⚠ Pas de frontmatter YAML
[2026-07-23T15:46:31Z] [critic] Sections détectées: 10
[2026-07-23T15:46:31Z] [critic] Review terminée pour skill:created
[2026-07-23T15:46:31Z] [critic] Canal: skill:created | Source: watcher-skills | Skill: clinical-research | Arg: 
[2026-07-23T15:46:31Z] [critic] Nouveau skill détecté: clinical-research
[2026-07-23T15:46:31Z] [critic] Fichier: /home/aza/.hermes/skills/clinical-research/references/endpoint_and_power.md
[2026-07-23T15:46:31Z] [critic] Taille: 3110 octets
[2026-07-23T15:46:31Z] [critic] ⚠ Pas de frontmatter YAML
[2026-07-23T15:46:31Z] [critic] Sections détectées: 5
[2026-07-23T15:46:31Z] [critic] Review terminée pour skill:created
[2026-07-23T15:46:31Z] [critic] → published wiki:update for adam-docs
[2026-07-23T15:46:31Z] [critic] → published wiki:update for adam-docs
[2026-07-23T15:46:33Z] [critic] Canal: skill:created | Source: watcher-skills | Skill: clinical-research | Arg: 
[2026-07-23T15:46:33Z] [critic] Nouveau skill détecté: clinical-research
[2026-07-23T15:46:33Z] [critic] Fichier: /home/aza/.hermes/skills/clinical-research/references/study_design_canon.md
[2026-07-23T15:46:33Z] [critic] Taille: 3078 octets
[2026-07-23T15:46:33Z] [critic] ⚠ Pas de frontmatter YAML
[2026-07-23T15:46:33Z] [critic] Canal: skill:created | Source: watcher-skills | Skill: clinical-research | Arg: 
[2026-07-23T15:46:33Z] [critic] Nouveau skill détecté: clinical-research
[2026-07-23T15:46:33Z] [critic] Fichier: /home/aza/.hermes/skills/clinical-research/references/trial_operations.md
[2026-07-23T15:46:33Z] [critic] Sections détectées: 7
[2026-07-23T15:46:33Z] [critic] Review terminée pour skill:created
[2026-07-23T15:46:33Z] [critic] Taille: 2957 octets
[2026-07-23T15:46:33Z] [critic] ⚠ Pas de frontmatter YAML
[2026-07-23T15:46:33Z] [critic] Sections détectées: 7
[2026-07-23T15:46:33Z] [critic] Review terminée pour skill:created
[2026-07-23T15:46:33Z] [critic] → published wiki:update for adam-docs
[2026-07-23T15:46:33Z] [critic] → published wiki:update for adam-docs
[2026-07-23T15:46:35Z] [critic] Canal: skill:created | Source: watcher-skills | Skill: runbook-generator | Arg: 
[2026-07-23T15:46:35Z] [critic] Nouveau skill détecté: runbook-generator
[2026-07-23T15:46:35Z] [critic] Fichier: /home/aza/.hermes/skills/runbook-generator/SKILL.md
[2026-07-23T15:46:35Z] [critic] Taille: 2139 octets
[2026-07-23T15:46:35Z] [critic] ✓ Frontmatter YAML présent
[2026-07-23T15:46:35Z] [critic] Sections détectées: 11
[2026-07-23T15:46:35Z] [critic] Review terminée pour skill:created
[2026-07-23T15:46:35Z] [critic] Canal: skill:created | Source: watcher-skills | Skill: runbook-generator | Arg: 
[2026-07-23T15:46:35Z] [critic] Nouveau skill détecté: runbook-generator
[2026-07-23T15:46:35Z] [critic] Fichier: /home/aza/.hermes/skills/runbook-generator/references/runbook-templates.md
[2026-07-23T15:46:35Z] [critic] Taille: 1079 octets
[2026-07-23T15:46:35Z] [critic] ⚠ Pas de frontmatter YAML
[2026-07-23T15:46:35Z] [critic] Sections détectées: 6
[2026-07-23T15:46:35Z] [critic] Review terminée pour skill:created
[2026-07-23T15:46:35Z] [critic] → published wiki:update for adam-docs
[2026-07-23T15:46:35Z] [critic] → published wiki:update for adam-docs
[2026-07-23T15:46:37Z] [critic] Canal: skill:created | Source: watcher-skills | Skill: secrets-vault-manager | Arg: 
[2026-07-23T15:46:37Z] [critic] Nouveau skill détecté: secrets-vault-manager
[2026-07-23T15:46:37Z] [critic] Fichier: /home/aza/.hermes/skills/secrets-vault-manager/SKILL.md
[2026-07-23T15:46:37Z] [critic] Canal: skill:created | Source: watcher-skills | Skill: secrets-vault-manager | Arg: 
[2026-07-23T15:46:37Z] [critic] Nouveau skill détecté: secrets-vault-manager
[2026-07-23T15:46:37Z] [critic] Fichier: /home/aza/.hermes/skills/secrets-vault-manager/references/cloud_secret_stores.md
[2026-07-23T15:46:37Z] [critic] Taille: 14586 octets
[2026-07-23T15:46:37Z] [critic] Taille: 11466 octets
[2026-07-23T15:46:37Z] [critic] ✓ Frontmatter YAML présent
[2026-07-23T15:46:37Z] [critic] ⚠ Pas de frontmatter YAML
[2026-07-23T15:46:37Z] [critic] Sections détectées: 44
[2026-07-23T15:46:37Z] [critic] Review terminée pour skill:created
[2026-07-23T15:46:37Z] [critic] Sections détectées: 33
[2026-07-23T15:46:37Z] [critic] Review terminée pour skill:created
[2026-07-23T15:46:37Z] [critic] → published wiki:update for adam-docs
[2026-07-23T15:46:37Z] [critic] → published wiki:update for adam-docs
[2026-07-23T15:46:39Z] [critic] Canal: skill:created | Source: watcher-skills | Skill: secrets-vault-manager | Arg: 
[2026-07-23T15:46:39Z] [critic] Nouveau skill détecté: secrets-vault-manager
[2026-07-23T15:46:39Z] [critic] Fichier: /home/aza/.hermes/skills/secrets-vault-manager/references/vault_patterns.md
[2026-07-23T15:46:39Z] [critic] Taille: 10496 octets
[2026-07-23T15:46:39Z] [critic] ⚠ Pas de frontmatter YAML
[2026-07-23T15:46:39Z] [critic] Sections détectées: 66
[2026-07-23T15:46:39Z] [critic] Review terminée pour skill:created
[2026-07-23T15:46:39Z] [critic] Canal: skill:created | Source: watcher-skills | Skill: secrets-vault-manager | Arg: 
[2026-07-23T15:46:39Z] [critic] Nouveau skill détecté: secrets-vault-manager
[2026-07-23T15:46:39Z] [critic] Fichier: /home/aza/.hermes/skills/secrets-vault-manager/references/emergency_procedures.md
[2026-07-23T15:46:39Z] [critic] Taille: 9939 octets
[2026-07-23T15:46:39Z] [critic] ⚠ Pas de frontmatter YAML
[2026-07-23T15:46:39Z] [critic] Sections détectées: 35
[2026-07-23T15:46:39Z] [critic] Review terminée pour skill:created
[2026-07-23T15:46:39Z] [critic] → published wiki:update for adam-docs
[2026-07-23T15:46:39Z] [critic] → published wiki:update for adam-docs
[2026-07-23T15:46:41Z] [critic] Canal: skill:created | Source: watcher-skills | Skill: mcp-server-builder | Arg: 
[2026-07-23T15:46:41Z] [critic] Nouveau skill détecté: mcp-server-builder
[2026-07-23T15:46:41Z] [critic] Fichier: /home/aza/.hermes/skills/mcp-server-builder/README.md
[2026-07-23T15:46:41Z] [critic] Taille: 1240 octets
[2026-07-23T15:46:41Z] [critic] ⚠ Pas de frontmatter YAML
[2026-07-23T15:46:41Z] [critic] Sections détectées: 10
[2026-07-23T15:46:41Z] [critic] Review terminée pour skill:created
[2026-07-23T15:46:41Z] [critic] Canal: skill:created | Source: watcher-skills | Skill: mcp-server-builder | Arg: 
[2026-07-23T15:46:41Z] [critic] Nouveau skill détecté: mcp-server-builder
[2026-07-23T15:46:41Z] [critic] Fichier: /home/aza/.hermes/skills/mcp-server-builder/SKILL.md
[2026-07-23T15:46:41Z] [critic] Taille: 3944 octets
[2026-07-23T15:46:41Z] [critic] ✓ Frontmatter YAML présent
[2026-07-23T15:46:41Z] [critic] Sections détectées: 11
[2026-07-23T15:46:41Z] [critic] Review terminée pour skill:created
[2026-07-23T15:46:41Z] [critic] → published wiki:update for adam-docs
[2026-07-23T15:46:41Z] [critic] → published wiki:update for adam-docs
[2026-07-23T15:46:43Z] [critic] Canal: skill:created | Source: watcher-skills | Skill: mcp-server-builder | Arg: 
[2026-07-23T15:46:43Z] [critic] Nouveau skill détecté: mcp-server-builder
[2026-07-23T15:46:43Z] [critic] Fichier: /home/aza/.hermes/skills/mcp-server-builder/references/validation-checklist.md
[2026-07-23T15:46:43Z] [critic] Taille: 1338 octets
[2026-07-23T15:46:43Z] [critic] ⚠ Pas de frontmatter YAML
[2026-07-23T15:46:43Z] [critic] Sections détectées: 6
[2026-07-23T15:46:43Z] [critic] Review terminée pour skill:created
[2026-07-23T15:46:43Z] [critic] Canal: skill:created | Source: watcher-skills | Skill: mcp-server-builder | Arg: 
[2026-07-23T15:46:43Z] [critic] Nouveau skill détecté: mcp-server-builder
[2026-07-23T15:46:43Z] [critic] Fichier: /home/aza/.hermes/skills/mcp-server-builder/references/typescript-server-template.md
[2026-07-23T15:46:43Z] [critic] Taille: 346 octets
[2026-07-23T15:46:43Z] [critic] ⚠ Pas de frontmatter YAML
[2026-07-23T15:46:43Z] [critic] Sections détectées: 1
[2026-07-23T15:46:43Z] [critic] Review terminée pour skill:created
[2026-07-23T15:46:43Z] [critic] → published wiki:update for adam-docs
[2026-07-23T15:46:43Z] [critic] → published wiki:update for adam-docs
[2026-07-23T15:46:45Z] [critic] Canal: skill:created | Source: watcher-skills | Skill: mcp-server-builder | Arg: 
[2026-07-23T15:46:45Z] [critic] Canal: skill:created | Source: watcher-skills | Skill: mcp-server-builder | Arg: 
[2026-07-23T15:46:45Z] [critic] Nouveau skill détecté: mcp-server-builder
[2026-07-23T15:46:45Z] [critic] Nouveau skill détecté: mcp-server-builder
[2026-07-23T15:46:45Z] [critic] Fichier: /home/aza/.hermes/skills/mcp-server-builder/references/python-server-template.md
[2026-07-23T15:46:45Z] [critic] Fichier: /home/aza/.hermes/skills/mcp-server-builder/references/production-hardening-guide.md
[2026-07-23T15:46:45Z] [critic] Taille: 2999 octets
[2026-07-23T15:46:45Z] [critic] Taille: 610 octets
[2026-07-23T15:46:45Z] [critic] ⚠ Pas de frontmatter YAML
[2026-07-23T15:46:45Z] [critic] ⚠ Pas de frontmatter YAML
[2026-07-23T15:46:45Z] [critic] Sections détectées: 10
[2026-07-23T15:46:45Z] [critic] Review terminée pour skill:created
[2026-07-23T15:46:45Z] [critic] Sections détectées: 1
[2026-07-23T15:46:45Z] [critic] Review terminée pour skill:created
[2026-07-23T15:46:45Z] [critic] → published wiki:update for adam-docs
[2026-07-23T15:46:45Z] [critic] → published wiki:update for adam-docs
[2026-07-23T15:46:47Z] [critic] Canal: skill:created | Source: watcher-skills | Skill: mcp-server-builder | Arg: 
[2026-07-23T15:46:47Z] [critic] Nouveau skill détecté: mcp-server-builder
[2026-07-23T15:46:47Z] [critic] Fichier: /home/aza/.hermes/skills/mcp-server-builder/references/openapi-extraction-guide.md
[2026-07-23T15:46:47Z] [critic] Canal: skill:created | Source: watcher-skills | Skill: feature-flags-architect | Arg: 
[2026-07-23T15:46:47Z] [critic] Nouveau skill détecté: feature-flags-architect
[2026-07-23T15:46:47Z] [critic] Fichier: /home/aza/.hermes/skills/feature-flags-architect/SKILL.md
[2026-07-23T15:46:47Z] [critic] Taille: 867 octets
[2026-07-23T15:46:47Z] [critic] Taille: 9795 octets
[2026-07-23T15:46:47Z] [critic] ⚠ Pas de frontmatter YAML
[2026-07-23T15:46:47Z] [critic] ✓ Frontmatter YAML présent
[2026-07-23T15:46:47Z] [critic] Sections détectées: 5
[2026-07-23T15:46:47Z] [critic] Review terminée pour skill:created
[2026-07-23T15:46:47Z] [critic] Sections détectées: 23
[2026-07-23T15:46:47Z] [critic] Review terminée pour skill:created
[2026-07-23T15:46:47Z] [critic] → published wiki:update for adam-docs
[2026-07-23T15:46:47Z] [critic] → published wiki:update for adam-docs
[2026-07-23T15:46:49Z] [critic] Canal: skill:created | Source: watcher-skills | Skill: feature-flags-architect | Arg: 
[2026-07-23T15:46:49Z] [critic] Nouveau skill détecté: feature-flags-architect
[2026-07-23T15:46:49Z] [critic] Fichier: /home/aza/.hermes/skills/feature-flags-architect/references/flag_taxonomy.md
[2026-07-23T15:46:49Z] [critic] Canal: skill:created | Source: watcher-skills | Skill: feature-flags-architect | Arg: 
[2026-07-23T15:46:49Z] [critic] Nouveau skill détecté: feature-flags-architect
[2026-07-23T15:46:49Z] [critic] Fichier: /home/aza/.hermes/skills/feature-flags-architect/assets/flag_request_template.md
[2026-07-23T15:46:49Z] [critic] Taille: 4511 octets
[2026-07-23T15:46:49Z] [critic] ⚠ Pas de frontmatter YAML
[2026-07-23T15:46:49Z] [critic] Taille: 1770 octets
[2026-07-23T15:46:49Z] [critic] ⚠ Pas de frontmatter YAML
[2026-07-23T15:46:49Z] [critic] Sections détectées: 9
[2026-07-23T15:46:49Z] [critic] Review terminée pour skill:created
[2026-07-23T15:46:49Z] [critic] Sections détectées: 10
[2026-07-23T15:46:49Z] [critic] Review terminée pour skill:created
[2026-07-23T15:46:49Z] [critic] → published wiki:update for adam-docs
[2026-07-23T15:46:49Z] [critic] → published wiki:update for adam-docs
[2026-07-23T15:46:51Z] [critic] Canal: skill:created | Source: watcher-skills | Skill: feature-flags-architect | Arg: 
[2026-07-23T15:46:51Z] [critic] Nouveau skill détecté: feature-flags-architect
[2026-07-23T15:46:51Z] [critic] Fichier: /home/aza/.hermes/skills/feature-flags-architect/references/provider_comparison.md
[2026-07-23T15:46:51Z] [critic] Taille: 5148 octets
[2026-07-23T15:46:51Z] [critic] Canal: skill:created | Source: watcher-skills | Skill: feature-flags-architect | Arg: 
[2026-07-23T15:46:51Z] [critic] Nouveau skill détecté: feature-flags-architect
[2026-07-23T15:46:51Z] [critic] Fichier: /home/aza/.hermes/skills/feature-flags-architect/references/rollout_strategies.md
[2026-07-23T15:46:51Z] [critic] ⚠ Pas de frontmatter YAML
[2026-07-23T15:46:51Z] [critic] Taille: 5024 octets
[2026-07-23T15:46:51Z] [critic] Sections détectées: 14
[2026-07-23T15:46:51Z] [critic] Review terminée pour skill:created
[2026-07-23T15:46:51Z] [critic] ⚠ Pas de frontmatter YAML
[2026-07-23T15:46:51Z] [critic] Sections détectées: 12
[2026-07-23T15:46:51Z] [critic] Review terminée pour skill:created
[2026-07-23T15:46:51Z] [critic] → published wiki:update for adam-docs
[2026-07-23T15:46:51Z] [critic] → published wiki:update for adam-docs
[2026-07-23T15:46:53Z] [critic] Canal: skill:created | Source: watcher-skills | Skill: feature-flags-architect | Arg: 
[2026-07-23T15:46:53Z] [critic] Nouveau skill détecté: feature-flags-architect
[2026-07-23T15:46:53Z] [critic] Fichier: /home/aza/.hermes/skills/feature-flags-architect/references/flag_lifecycle.md
[2026-07-23T15:46:53Z] [critic] Taille: 5869 octets
[2026-07-23T15:46:53Z] [critic] ⚠ Pas de frontmatter YAML
[2026-07-23T15:46:53Z] [critic] Sections détectées: 15
[2026-07-23T15:46:53Z] [critic] Review terminée pour skill:created
[2026-07-23T15:46:53Z] [critic] Canal: skill:created | Source: watcher-skills | Skill: revenue-operations | Arg: 
[2026-07-23T15:46:53Z] [critic] Nouveau skill détecté: revenue-operations
[2026-07-23T15:46:53Z] [critic] Fichier: /home/aza/.hermes/skills/revenue-operations/SKILL.md
[2026-07-23T15:46:53Z] [critic] Taille: 9435 octets
[2026-07-23T15:46:53Z] [critic] ✓ Frontmatter YAML présent
[2026-07-23T15:46:53Z] [critic] Sections détectées: 16
[2026-07-23T15:46:53Z] [critic] Review terminée pour skill:created
[2026-07-23T15:46:53Z] [critic] → published wiki:update for adam-docs
[2026-07-23T15:46:53Z] [critic] → published wiki:update for adam-docs
[2026-07-23T15:46:55Z] [critic] Canal: skill:created | Source: watcher-skills | Skill: revenue-operations | Arg: 
[2026-07-23T15:46:55Z] [critic] Nouveau skill détecté: revenue-operations
[2026-07-23T15:46:55Z] [critic] Fichier: /home/aza/.hermes/skills/revenue-operations/assets/gtm_dashboard_template.md
[2026-07-23T15:46:55Z] [critic] Taille: 5310 octets
[2026-07-23T15:46:55Z] [critic] ⚠ Pas de frontmatter YAML
[2026-07-23T15:46:55Z] [critic] Sections détectées: 19
[2026-07-23T15:46:55Z] [critic] Review terminée pour skill:created
[2026-07-23T15:46:55Z] [critic] Canal: skill:created | Source: watcher-skills | Skill: revenue-operations | Arg: 
[2026-07-23T15:46:55Z] [critic] Nouveau skill détecté: revenue-operations
[2026-07-23T15:46:55Z] [critic] Fichier: /home/aza/.hermes/skills/revenue-operations/assets/forecast_report_template.md
[2026-07-23T15:46:55Z] [critic] Taille: 3710 octets
[2026-07-23T15:46:55Z] [critic] ⚠ Pas de frontmatter YAML
[2026-07-23T15:46:55Z] [critic] Sections détectées: 24
[2026-07-23T15:46:55Z] [critic] Review terminée pour skill:created
[2026-07-23T15:46:55Z] [critic] → published wiki:update for adam-docs
[2026-07-23T15:46:55Z] [critic] → published wiki:update for adam-docs
[2026-07-23T15:46:57Z] [critic] Canal: skill:created | Source: watcher-skills | Skill: revenue-operations | Arg: 
[2026-07-23T15:46:57Z] [critic] Nouveau skill détecté: revenue-operations
[2026-07-23T15:46:57Z] [critic] Fichier: /home/aza/.hermes/skills/revenue-operations/assets/pipeline_review_template.md
[2026-07-23T15:46:57Z] [critic] Taille: 3259 octets
[2026-07-23T15:46:57Z] [critic] ⚠ Pas de frontmatter YAML
[2026-07-23T15:46:57Z] [critic] Sections détectées: 19
[2026-07-23T15:46:57Z] [critic] Review terminée pour skill:created
[2026-07-23T15:46:57Z] [critic] Canal: skill:created | Source: watcher-skills | Skill: revenue-operations | Arg: 
[2026-07-23T15:46:57Z] [critic] Nouveau skill détecté: revenue-operations
[2026-07-23T15:46:57Z] [critic] Fichier: /home/aza/.hermes/skills/revenue-operations/references/revops-metrics-guide.md
[2026-07-23T15:46:57Z] [critic] Taille: 10151 octets
[2026-07-23T15:46:57Z] [critic] ⚠ Pas de frontmatter YAML
[2026-07-23T15:46:57Z] [critic] Sections détectées: 16
[2026-07-23T15:46:57Z] [critic] Review terminée pour skill:created
[2026-07-23T15:46:57Z] [critic] → published wiki:update for adam-docs
[2026-07-23T15:46:57Z] [critic] → published wiki:update for adam-docs
[2026-07-23T15:46:59Z] [critic] Canal: skill:created | Source: watcher-skills | Skill: revenue-operations | Arg: 
[2026-07-23T15:46:59Z] [critic] Nouveau skill détecté: revenue-operations
[2026-07-23T15:46:59Z] [critic] Fichier: /home/aza/.hermes/skills/revenue-operations/references/pipeline-management-framework.md
[2026-07-23T15:46:59Z] [critic] Taille: 9710 octets
[2026-07-23T15:46:59Z] [critic] ⚠ Pas de frontmatter YAML
[2026-07-23T15:46:59Z] [critic] Sections détectées: 27
[2026-07-23T15:46:59Z] [critic] Review terminée pour skill:created
[2026-07-23T15:46:59Z] [critic] Canal: skill:created | Source: watcher-skills | Skill: revenue-operations | Arg: 
[2026-07-23T15:46:59Z] [critic] Nouveau skill détecté: revenue-operations
[2026-07-23T15:46:59Z] [critic] Fichier: /home/aza/.hermes/skills/revenue-operations/references/gtm-efficiency-benchmarks.md
[2026-07-23T15:46:59Z] [critic] Taille: 10850 octets
[2026-07-23T15:46:59Z] [critic] ⚠ Pas de frontmatter YAML
[2026-07-23T15:46:59Z] [critic] Sections détectées: 24
[2026-07-23T15:46:59Z] [critic] Review terminée pour skill:created
[2026-07-23T15:46:59Z] [critic] → published wiki:update for adam-docs
[2026-07-23T15:46:59Z] [critic] → published wiki:update for adam-docs
[2026-07-23T15:47:01Z] [critic] Canal: skill:created | Source: watcher-skills | Skill: handoff | Arg: 
[2026-07-23T15:47:01Z] [critic] Nouveau skill détecté: handoff
[2026-07-23T15:47:01Z] [critic] Fichier: /home/aza/.hermes/skills/handoff/SKILL.md
[2026-07-23T15:47:01Z] [critic] Taille: 9960 octets
[2026-07-23T15:47:01Z] [critic] ✓ Frontmatter YAML présent
[2026-07-23T15:47:01Z] [critic] Canal: skill:created | Source: watcher-skills | Skill: handoff | Arg: 
[2026-07-23T15:47:01Z] [critic] Nouveau skill détecté: handoff
[2026-07-23T15:47:01Z] [critic] Fichier: /home/aza/.hermes/skills/handoff/README.md
[2026-07-23T15:47:01Z] [critic] Sections détectées: 20
[2026-07-23T15:47:01Z] [critic] Review terminée pour skill:created
[2026-07-23T15:47:01Z] [critic] Taille: 1204 octets
[2026-07-23T15:47:01Z] [critic] ⚠ Pas de frontmatter YAML
[2026-07-23T15:47:01Z] [critic] Sections détectées: 7
[2026-07-23T15:47:01Z] [critic] Review terminée pour skill:created
[2026-07-23T15:47:01Z] [critic] → published wiki:update for adam-docs
[2026-07-23T15:47:01Z] [critic] → published wiki:update for adam-docs
[2026-07-23T15:47:03Z] [critic] Canal: skill:created | Source: watcher-skills | Skill: handoff | Arg: 
[2026-07-23T15:47:03Z] [critic] Nouveau skill détecté: handoff
[2026-07-23T15:47:03Z] [critic] Fichier: /home/aza/.hermes/skills/handoff/assets/example_handoff.md
[2026-07-23T15:47:03Z] [critic] Taille: 2315 octets
[2026-07-23T15:47:03Z] [critic] ✓ Frontmatter YAML présent
[2026-07-23T15:47:03Z] [critic] Canal: skill:created | Source: watcher-skills | Skill: handoff | Arg: 
[2026-07-23T15:47:03Z] [critic] Nouveau skill détecté: handoff
[2026-07-23T15:47:03Z] [critic] Fichier: /home/aza/.hermes/skills/handoff/references/handoff_prompt.md
[2026-07-23T15:47:03Z] [critic] Sections détectées: 6
[2026-07-23T15:47:03Z] [critic] Review terminée pour skill:created
[2026-07-23T15:47:03Z] [critic] Taille: 4366 octets
[2026-07-23T15:47:03Z] [critic] ⚠ Pas de frontmatter YAML
[2026-07-23T15:47:03Z] [critic] Sections détectées: 9
[2026-07-23T15:47:03Z] [critic] Review terminée pour skill:created
[2026-07-23T15:47:03Z] [critic] → published wiki:update for adam-docs
[2026-07-23T15:47:03Z] [critic] → published wiki:update for adam-docs
[2026-07-23T15:47:05Z] [critic] Canal: skill:created | Source: watcher-skills | Skill: handoff | Arg: 
[2026-07-23T15:47:05Z] [critic] Nouveau skill détecté: handoff
[2026-07-23T15:47:05Z] [critic] Fichier: /home/aza/.hermes/skills/handoff/references/deduplication_discipline.md
[2026-07-23T15:47:05Z] [critic] Canal: skill:created | Source: watcher-skills | Skill: handoff | Arg: 
[2026-07-23T15:47:05Z] [critic] Nouveau skill détecté: handoff
[2026-07-23T15:47:05Z] [critic] Fichier: /home/aza/.hermes/skills/handoff/references/redaction_checklist.md
[2026-07-23T15:47:05Z] [critic] Taille: 4633 octets
[2026-07-23T15:47:05Z] [critic] Taille: 4739 octets
[2026-07-23T15:47:05Z] [critic] ⚠ Pas de frontmatter YAML
[2026-07-23T15:47:05Z] [critic] ⚠ Pas de frontmatter YAML
[2026-07-23T15:47:05Z] [critic] Sections détectées: 13
[2026-07-23T15:47:05Z] [critic] Review terminée pour skill:created
[2026-07-23T15:47:05Z] [critic] Sections détectées: 11
[2026-07-23T15:47:05Z] [critic] Review terminée pour skill:created
[2026-07-23T15:47:05Z] [critic] → published wiki:update for adam-docs
[2026-07-23T15:47:05Z] [critic] → published wiki:update for adam-docs
[2026-07-23T15:47:07Z] [critic] Canal: skill:created | Source: watcher-skills | Skill: handoff | Arg: 
[2026-07-23T15:47:07Z] [critic] Nouveau skill détecté: handoff
[2026-07-23T15:47:07Z] [critic] Fichier: /home/aza/.hermes/skills/handoff/references/handoff_structure.md
[2026-07-23T15:47:07Z] [critic] Taille: 4563 octets
[2026-07-23T15:47:07Z] [critic] Canal: skill:created | Source: watcher-skills | Skill: handoff | Arg: 
[2026-07-23T15:47:07Z] [critic] Nouveau skill détecté: handoff
[2026-07-23T15:47:07Z] [critic] Fichier: /home/aza/.hermes/skills/handoff/references/configuration.md
[2026-07-23T15:47:07Z] [critic] ⚠ Pas de frontmatter YAML
[2026-07-23T15:47:07Z] [critic] Taille: 5399 octets
[2026-07-23T15:47:07Z] [critic] Sections détectées: 14
[2026-07-23T15:47:07Z] [critic] Review terminée pour skill:created
[2026-07-23T15:47:07Z] [critic] ⚠ Pas de frontmatter YAML
[2026-07-23T15:47:07Z] [critic] Sections détectées: 15
[2026-07-23T15:47:07Z] [critic] Review terminée pour skill:created
[2026-07-23T15:47:07Z] [critic] → published wiki:update for adam-docs
[2026-07-23T15:47:07Z] [critic] → published wiki:update for adam-docs
[2026-07-23T15:47:09Z] [critic] Canal: skill:created | Source: watcher-skills | Skill: performance-profiler | Arg: 
[2026-07-23T15:47:09Z] [critic] Nouveau skill détecté: performance-profiler
[2026-07-23T15:47:09Z] [critic] Fichier: /home/aza/.hermes/skills/performance-profiler/SKILL.md
[2026-07-23T15:47:09Z] [critic] Taille: 2761 octets
[2026-07-23T15:47:09Z] [critic] ✓ Frontmatter YAML présent
[2026-07-23T15:47:09Z] [critic] Sections détectées: 15
[2026-07-23T15:47:09Z] [critic] Review terminée pour skill:created
[2026-07-23T15:47:09Z] [critic] Canal: skill:created | Source: watcher-skills | Skill: performance-profiler | Arg: 
[2026-07-23T15:47:09Z] [critic] Nouveau skill détecté: performance-profiler
[2026-07-23T15:47:09Z] [critic] Fichier: /home/aza/.hermes/skills/performance-profiler/references/profiling-recipes.md
[2026-07-23T15:47:09Z] [critic] Taille: 11531 octets
[2026-07-23T15:47:09Z] [critic] ⚠ Pas de frontmatter YAML
[2026-07-23T15:47:09Z] [critic] Sections détectées: 66
[2026-07-23T15:47:09Z] [critic] Review terminée pour skill:created
[2026-07-23T15:47:09Z] [critic] → published wiki:update for adam-docs
[2026-07-23T15:47:09Z] [critic] → published wiki:update for adam-docs
[2026-07-23T15:47:11Z] [critic] Canal: skill:created | Source: watcher-skills | Skill: rag-architect | Arg: 
[2026-07-23T15:47:11Z] [critic] Nouveau skill détecté: rag-architect
[2026-07-23T15:47:11Z] [critic] Fichier: /home/aza/.hermes/skills/rag-architect/SKILL.md
[2026-07-23T15:47:11Z] [critic] Taille: 4506 octets
[2026-07-23T15:47:11Z] [critic] ✓ Frontmatter YAML présent
[2026-07-23T15:47:11Z] [critic] Canal: skill:created | Source: watcher-skills | Skill: performance-profiler | Arg: 
[2026-07-23T15:47:11Z] [critic] Nouveau skill détecté: performance-profiler
[2026-07-23T15:47:11Z] [critic] Fichier: /home/aza/.hermes/skills/performance-profiler/references/optimization-playbook.md
[2026-07-23T15:47:11Z] [critic] Sections détectées: 9
[2026-07-23T15:47:11Z] [critic] Review terminée pour skill:created
[2026-07-23T15:47:11Z] [critic] Taille: 3262 octets
[2026-07-23T15:47:11Z] [critic] ⚠ Pas de frontmatter YAML
[2026-07-23T15:47:11Z] [critic] Sections détectées: 13
[2026-07-23T15:47:11Z] [critic] Review terminée pour skill:created
[2026-07-23T15:47:11Z] [critic] → published wiki:update for adam-docs
[2026-07-23T15:47:11Z] [critic] → published wiki:update for adam-docs
[2026-07-23T15:47:13Z] [critic] Canal: skill:created | Source: watcher-skills | Skill: rag-architect | Arg: 
[2026-07-23T15:47:13Z] [critic] Nouveau skill détecté: rag-architect
[2026-07-23T15:47:13Z] [critic] Fichier: /home/aza/.hermes/skills/rag-architect/references/rag_evaluation_framework.md
[2026-07-23T15:47:13Z] [critic] Taille: 15137 octets
[2026-07-23T15:47:13Z] [critic] Canal: skill:created | Source: watcher-skills | Skill: rag-architect | Arg: 
[2026-07-23T15:47:13Z] [critic] Nouveau skill détecté: rag-architect
[2026-07-23T15:47:13Z] [critic] Fichier: /home/aza/.hermes/skills/rag-architect/references/chunking_strategies_comparison.md
[2026-07-23T15:47:13Z] [critic] ⚠ Pas de frontmatter YAML
[2026-07-23T15:47:13Z] [critic] Sections détectées: 38
[2026-07-23T15:47:13Z] [critic] Review terminée pour skill:created
[2026-07-23T15:47:13Z] [critic] Taille: 10181 octets
[2026-07-23T15:47:13Z] [critic] ⚠ Pas de frontmatter YAML
[2026-07-23T15:47:13Z] [critic] Sections détectées: 32
[2026-07-23T15:47:13Z] [critic] Review terminée pour skill:created
[2026-07-23T15:47:13Z] [critic] → published wiki:update for adam-docs
[2026-07-23T15:47:13Z] [critic] → published wiki:update for adam-docs
[2026-07-23T15:47:15Z] [critic] Canal: skill:created | Source: watcher-skills | Skill: rag-architect | Arg: 
[2026-07-23T15:47:15Z] [critic] Nouveau skill détecté: rag-architect
[2026-07-23T15:47:15Z] [critic] Fichier: /home/aza/.hermes/skills/rag-architect/references/embedding_model_benchmark.md
[2026-07-23T15:47:15Z] [critic] Canal: skill:created | Source: watcher-skills | Skill: grants | Arg: 
[2026-07-23T15:47:15Z] [critic] Nouveau skill détecté: grants
[2026-07-23T15:47:15Z] [critic] Fichier: /home/aza/.hermes/skills/grants/SKILL.md
[2026-07-23T15:47:15Z] [critic] Taille: 12729 octets
[2026-07-23T15:47:15Z] [critic] Taille: 14774 octets
[2026-07-23T15:47:15Z] [critic] ⚠ Pas de frontmatter YAML
[2026-07-23T15:47:15Z] [critic] ✓ Frontmatter YAML présent
[2026-07-23T15:47:15Z] [critic] Sections détectées: 38
[2026-07-23T15:47:15Z] [critic] Review terminée pour skill:created
[2026-07-23T15:47:15Z] [critic] Sections détectées: 30
[2026-07-23T15:47:15Z] [critic] Review terminée pour skill:created
[2026-07-23T15:47:15Z] [critic] → published wiki:update for adam-docs
[2026-07-23T15:47:15Z] [critic] → published wiki:update for adam-docs
[2026-07-23T15:47:17Z] [critic] Canal: skill:created | Source: watcher-skills | Skill: grants | Arg: 
[2026-07-23T15:47:17Z] [critic] Nouveau skill détecté: grants
[2026-07-23T15:47:17Z] [critic] Fichier: /home/aza/.hermes/skills/grants/references/nih_mechanism_matching.md
[2026-07-23T15:47:17Z] [critic] Canal: skill:created | Source: watcher-skills | Skill: grants | Arg: 
[2026-07-23T15:47:17Z] [critic] Nouveau skill détecté: grants
[2026-07-23T15:47:17Z] [critic] Fichier: /home/aza/.hermes/skills/grants/references/reporter_post_patterns.md
[2026-07-23T15:47:17Z] [critic] Taille: 8507 octets
[2026-07-23T15:47:17Z] [critic] Taille: 7652 octets
[2026-07-23T15:47:17Z] [critic] ⚠ Pas de frontmatter YAML
[2026-07-23T15:47:17Z] [critic] ⚠ Pas de frontmatter YAML
[2026-07-23T15:47:17Z] [critic] Sections détectées: 19
[2026-07-23T15:47:17Z] [critic] Review terminée pour skill:created
[2026-07-23T15:47:17Z] [critic] Sections détectées: 19
[2026-07-23T15:47:17Z] [critic] Review terminée pour skill:created
[2026-07-23T15:47:17Z] [critic] → published wiki:update for adam-docs
[2026-07-23T15:47:17Z] [critic] → published wiki:update for adam-docs
[2026-07-23T15:47:19Z] [critic] Canal: skill:created | Source: watcher-skills | Skill: grants | Arg: 
[2026-07-23T15:47:19Z] [critic] Nouveau skill détecté: grants
[2026-07-23T15:47:19Z] [critic] Fichier: /home/aza/.hermes/skills/grants/references/docx_9_sections.md
[2026-07-23T15:47:19Z] [critic] Taille: 10958 octets
[2026-07-23T15:47:19Z] [critic] ⚠ Pas de frontmatter YAML
[2026-07-23T15:47:19Z] [critic] Canal: skill:created | Source: watcher-skills | Skill: slo-architect | Arg: 
[2026-07-23T15:47:19Z] [critic] Nouveau skill détecté: slo-architect
[2026-07-23T15:47:19Z] [critic] Fichier: /home/aza/.hermes/skills/slo-architect/SKILL.md
[2026-07-23T15:47:19Z] [critic] Sections détectées: 39
[2026-07-23T15:47:19Z] [critic] Review terminée pour skill:created
[2026-07-23T15:47:19Z] [critic] Taille: 10533 octets
[2026-07-23T15:47:19Z] [critic] ✓ Frontmatter YAML présent
[2026-07-23T15:47:19Z] [critic] Sections détectées: 24
[2026-07-23T15:47:19Z] [critic] Review terminée pour skill:created
[2026-07-23T15:47:19Z] [critic] → published wiki:update for adam-docs
[2026-07-23T15:47:19Z] [critic] → published wiki:update for adam-docs
[2026-07-23T15:47:22Z] [critic] Canal: skill:created | Source: watcher-skills | Skill: slo-architect | Arg: 
[2026-07-23T15:47:22Z] [critic] Nouveau skill détecté: slo-architect
[2026-07-23T15:47:22Z] [critic] Fichier: /home/aza/.hermes/skills/slo-architect/references/sli_design.md
[2026-07-23T15:47:22Z] [critic] Canal: skill:created | Source: watcher-skills | Skill: slo-architect | Arg: 
[2026-07-23T15:47:22Z] [critic] Nouveau skill détecté: slo-architect
[2026-07-23T15:47:22Z] [critic] Fichier: /home/aza/.hermes/skills/slo-architect/assets/error_budget_policy.md
[2026-07-23T15:47:22Z] [critic] Taille: 5451 octets
[2026-07-23T15:47:22Z] [critic] Taille: 2641 octets
[2026-07-23T15:47:22Z] [critic] ⚠ Pas de frontmatter YAML
[2026-07-23T15:47:22Z] [critic] ⚠ Pas de frontmatter YAML
[2026-07-23T15:47:22Z] [critic] Sections détectées: 20
[2026-07-23T15:47:22Z] [critic] Review terminée pour skill:created
[2026-07-23T15:47:22Z] [critic] Sections détectées: 12
[2026-07-23T15:47:22Z] [critic] Review terminée pour skill:created
[2026-07-23T15:47:22Z] [critic] → published wiki:update for adam-docs
[2026-07-23T15:47:22Z] [critic] → published wiki:update for adam-docs
[2026-07-23T15:47:24Z] [critic] Canal: skill:created | Source: watcher-skills | Skill: slo-architect | Arg: 
[2026-07-23T15:47:24Z] [critic] Nouveau skill détecté: slo-architect
[2026-07-23T15:47:24Z] [critic] Fichier: /home/aza/.hermes/skills/slo-architect/references/composition.md
[2026-07-23T15:47:24Z] [critic] Taille: 5266 octets
[2026-07-23T15:47:24Z] [critic] ⚠ Pas de frontmatter YAML
[2026-07-23T15:47:24Z] [critic] Sections détectées: 11
[2026-07-23T15:47:24Z] [critic] Review terminée pour skill:created
[2026-07-23T15:47:24Z] [critic] Canal: skill:created | Source: watcher-skills | Skill: slo-architect | Arg: 
[2026-07-23T15:47:24Z] [critic] Nouveau skill détecté: slo-architect
[2026-07-23T15:47:24Z] [critic] Fichier: /home/aza/.hermes/skills/slo-architect/references/error_budget.md
[2026-07-23T15:47:24Z] [critic] Taille: 4588 octets
[2026-07-23T15:47:24Z] [critic] ⚠ Pas de frontmatter YAML
[2026-07-23T15:47:24Z] [critic] Sections détectées: 15
[2026-07-23T15:47:24Z] [critic] Review terminée pour skill:created
[2026-07-23T15:47:24Z] [critic] → published wiki:update for adam-docs
[2026-07-23T15:47:24Z] [critic] → published wiki:update for adam-docs
[2026-07-23T15:47:26Z] [critic] Canal: skill:created | Source: watcher-skills | Skill: changelog-generator | Arg: 
[2026-07-23T15:47:26Z] [critic] Nouveau skill détecté: changelog-generator
[2026-07-23T15:47:26Z] [critic] Fichier: /home/aza/.hermes/skills/changelog-generator/SKILL.md
[2026-07-23T15:47:26Z] [critic] Canal: skill:created | Source: watcher-skills | Skill: slo-architect | Arg: 
[2026-07-23T15:47:26Z] [critic] Nouveau skill détecté: slo-architect
[2026-07-23T15:47:26Z] [critic] Fichier: /home/aza/.hermes/skills/slo-architect/references/slo_principles.md
[2026-07-23T15:47:26Z] [critic] Taille: 7524 octets
[2026-07-23T15:47:26Z] [critic] Taille: 5333 octets
[2026-07-23T15:47:26Z] [critic] ✓ Frontmatter YAML présent
[2026-07-23T15:47:26Z] [critic] ⚠ Pas de frontmatter YAML
[2026-07-23T15:47:26Z] [critic] Sections détectées: 22
[2026-07-23T15:47:26Z] [critic] Review terminée pour skill:created
[2026-07-23T15:47:26Z] [critic] Sections détectées: 11
[2026-07-23T15:47:26Z] [critic] Review terminée pour skill:created
[2026-07-23T15:47:26Z] [critic] → published wiki:update for adam-docs
[2026-07-23T15:47:26Z] [critic] → published wiki:update for adam-docs
[2026-07-23T15:47:28Z] [critic] Canal: skill:created | Source: watcher-skills | Skill: changelog-generator | Arg: 
[2026-07-23T15:47:28Z] [critic] Nouveau skill détecté: changelog-generator
[2026-07-23T15:47:28Z] [critic] Fichier: /home/aza/.hermes/skills/changelog-generator/README.md
[2026-07-23T15:47:28Z] [critic] Taille: 1451 octets
[2026-07-23T15:47:28Z] [critic] ⚠ Pas de frontmatter YAML
[2026-07-23T15:47:28Z] [critic] Canal: skill:created | Source: watcher-skills | Skill: changelog-generator | Arg: 
[2026-07-23T15:47:28Z] [critic] Nouveau skill détecté: changelog-generator
[2026-07-23T15:47:28Z] [critic] Fichier: /home/aza/.hermes/skills/changelog-generator/references/ci-integration.md
[2026-07-23T15:47:28Z] [critic] Sections détectées: 10
[2026-07-23T15:47:28Z] [critic] Review terminée pour skill:created
[2026-07-23T15:47:28Z] [critic] Taille: 509 octets
[2026-07-23T15:47:28Z] [critic] ⚠ Pas de frontmatter YAML
[2026-07-23T15:47:28Z] [critic] Sections détectées: 3
[2026-07-23T15:47:28Z] [critic] Review terminée pour skill:created
[2026-07-23T15:47:28Z] [critic] → published wiki:update for adam-docs
[2026-07-23T15:47:28Z] [critic] → published wiki:update for adam-docs
[2026-07-23T15:47:30Z] [critic] Canal: skill:created | Source: watcher-skills | Skill: changelog-generator | Arg: 
[2026-07-23T15:47:30Z] [critic] Nouveau skill détecté: changelog-generator
[2026-07-23T15:47:30Z] [critic] Fichier: /home/aza/.hermes/skills/changelog-generator/references/changelog-formatting-guide.md
[2026-07-23T15:47:30Z] [critic] Canal: skill:created | Source: watcher-skills | Skill: changelog-generator | Arg: 
[2026-07-23T15:47:30Z] [critic] Nouveau skill détecté: changelog-generator
[2026-07-23T15:47:30Z] [critic] Fichier: /home/aza/.hermes/skills/changelog-generator/references/hotfix-procedures.md
[2026-07-23T15:47:30Z] [critic] Taille: 316 octets
[2026-07-23T15:47:30Z] [critic] Taille: 15809 octets
[2026-07-23T15:47:30Z] [critic] ⚠ Pas de frontmatter YAML
[2026-07-23T15:47:30Z] [critic] ⚠ Pas de frontmatter YAML
[2026-07-23T15:47:30Z] [critic] Sections détectées: 1
[2026-07-23T15:47:30Z] [critic] Review terminée pour skill:created
[2026-07-23T15:47:30Z] [critic] Sections détectées: 73
[2026-07-23T15:47:30Z] [critic] Review terminée pour skill:created
[2026-07-23T15:47:30Z] [critic] → published wiki:update for adam-docs
[2026-07-23T15:47:30Z] [critic] → published wiki:update for adam-docs
[2026-07-23T15:47:32Z] [critic] Canal: skill:created | Source: watcher-skills | Skill: weekly-review | Arg: 
[2026-07-23T15:47:32Z] [critic] Nouveau skill détecté: weekly-review
[2026-07-23T15:47:32Z] [critic] Fichier: /home/aza/.hermes/skills/weekly-review/SKILL.md
[2026-07-23T15:47:32Z] [critic] Taille: 5813 octets
[2026-07-23T15:47:32Z] [critic] ✓ Frontmatter YAML présent
[2026-07-23T15:47:32Z] [critic] Sections détectées: 11
[2026-07-23T15:47:32Z] [critic] Review terminée pour skill:created
[2026-07-23T15:47:32Z] [critic] Canal: skill:created | Source: watcher-skills | Skill: changelog-generator | Arg: 
[2026-07-23T15:47:32Z] [critic] Nouveau skill détecté: changelog-generator
[2026-07-23T15:47:32Z] [critic] Fichier: /home/aza/.hermes/skills/changelog-generator/references/monorepo-strategy.md
[2026-07-23T15:47:32Z] [critic] Taille: 1356 octets
[2026-07-23T15:47:32Z] [critic] ⚠ Pas de frontmatter YAML
[2026-07-23T15:47:32Z] [critic] Sections détectées: 6
[2026-07-23T15:47:32Z] [critic] Review terminée pour skill:created
[2026-07-23T15:47:32Z] [critic] → published wiki:update for adam-docs
[2026-07-23T15:47:32Z] [critic] → published wiki:update for adam-docs
[2026-07-23T15:47:34Z] [critic] Canal: skill:created | Source: watcher-skills | Skill: weekly-review | Arg: 
[2026-07-23T15:47:34Z] [critic] Nouveau skill détecté: weekly-review
[2026-07-23T15:47:34Z] [critic] Fichier: /home/aza/.hermes/skills/weekly-review/assets/example_weekly_review.md
[2026-07-23T15:47:34Z] [critic] Taille: 4163 octets
[2026-07-23T15:47:34Z] [critic] ⚠ Pas de frontmatter YAML
[2026-07-23T15:47:34Z] [critic] Sections détectées: 8
[2026-07-23T15:47:34Z] [critic] Review terminée pour skill:created
[2026-07-23T15:47:34Z] [critic] Canal: skill:created | Source: watcher-skills | Skill: weekly-review | Arg: 
[2026-07-23T15:47:34Z] [critic] Nouveau skill détecté: weekly-review
[2026-07-23T15:47:34Z] [critic] Fichier: /home/aza/.hermes/skills/weekly-review/assets/weekly_review_checklist.md
[2026-07-23T15:47:34Z] [critic] Taille: 2503 octets
[2026-07-23T15:47:34Z] [critic] ⚠ Pas de frontmatter YAML
[2026-07-23T15:47:34Z] [critic] Sections détectées: 6
[2026-07-23T15:47:34Z] [critic] Review terminée pour skill:created
[2026-07-23T15:47:34Z] [critic] → published wiki:update for adam-docs
[2026-07-23T15:47:34Z] [critic] → published wiki:update for adam-docs
[2026-07-23T15:47:36Z] [critic] Canal: skill:created | Source: watcher-skills | Skill: weekly-review | Arg: 
[2026-07-23T15:47:36Z] [critic] Nouveau skill détecté: weekly-review
[2026-07-23T15:47:36Z] [critic] Fichier: /home/aza/.hermes/skills/weekly-review/references/review_cadence_design.md
[2026-07-23T15:47:36Z] [critic] Taille: 6398 octets
[2026-07-23T15:47:36Z] [critic] Canal: skill:created | Source: watcher-skills | Skill: weekly-review | Arg: 
[2026-07-23T15:47:36Z] [critic] ⚠ Pas de frontmatter YAML
[2026-07-23T15:47:36Z] [critic] Nouveau skill détecté: weekly-review
[2026-07-23T15:47:36Z] [critic] Fichier: /home/aza/.hermes/skills/weekly-review/references/gtd_weekly_review_canon.md
[2026-07-23T15:47:36Z] [critic] Sections détectées: 7
[2026-07-23T15:47:36Z] [critic] Review terminée pour skill:created
[2026-07-23T15:47:36Z] [critic] Taille: 6384 octets
[2026-07-23T15:47:36Z] [critic] ⚠ Pas de frontmatter YAML
[2026-07-23T15:47:36Z] [critic] Sections détectées: 9
[2026-07-23T15:47:36Z] [critic] Review terminée pour skill:created
[2026-07-23T15:47:36Z] [critic] → published wiki:update for adam-docs
[2026-07-23T15:47:36Z] [critic] → published wiki:update for adam-docs
[2026-07-23T15:47:38Z] [critic] Canal: skill:created | Source: watcher-skills | Skill: dossier | Arg: 
[2026-07-23T15:47:38Z] [critic] Nouveau skill détecté: dossier
[2026-07-23T15:47:38Z] [critic] Fichier: /home/aza/.hermes/skills/dossier/SKILL.md
[2026-07-23T15:47:38Z] [critic] Taille: 16807 octets
[2026-07-23T15:47:38Z] [critic] ✓ Frontmatter YAML présent
[2026-07-23T15:47:38Z] [critic] Canal: skill:created | Source: watcher-skills | Skill: weekly-review | Arg: 
[2026-07-23T15:47:38Z] [critic] Nouveau skill détecté: weekly-review
[2026-07-23T15:47:38Z] [critic] Fichier: /home/aza/.hermes/skills/weekly-review/references/open_loop_psychology.md
[2026-07-23T15:47:38Z] [critic] Sections détectées: 31
[2026-07-23T15:47:38Z] [critic] Review terminée pour skill:created
[2026-07-23T15:47:38Z] [critic] Taille: 6185 octets
[2026-07-23T15:47:38Z] [critic] ⚠ Pas de frontmatter YAML
[2026-07-23T15:47:38Z] [critic] Sections détectées: 8
[2026-07-23T15:47:38Z] [critic] Review terminée pour skill:created
[2026-07-23T15:47:38Z] [critic] → published wiki:update for adam-docs
[2026-07-23T15:47:38Z] [critic] → published wiki:update for adam-docs
[2026-07-23T15:47:40Z] [critic] Canal: skill:created | Source: watcher-skills | Skill: dossier | Arg: 
[2026-07-23T15:47:40Z] [critic] Nouveau skill détecté: dossier
[2026-07-23T15:47:40Z] [critic] Fichier: /home/aza/.hermes/skills/dossier/references/conversation_hook_quality.md
[2026-07-23T15:47:40Z] [critic] Taille: 7681 octets
[2026-07-23T15:47:40Z] [critic] ⚠ Pas de frontmatter YAML
[2026-07-23T15:47:40Z] [critic] Sections détectées: 18
[2026-07-23T15:47:40Z] [critic] Review terminée pour skill:created
[2026-07-23T15:47:40Z] [critic] Canal: skill:created | Source: watcher-skills | Skill: dossier | Arg: 
[2026-07-23T15:47:40Z] [critic] Nouveau skill détecté: dossier
[2026-07-23T15:47:40Z] [critic] Fichier: /home/aza/.hermes/skills/dossier/references/hypothesis_testing_discipline.md
[2026-07-23T15:47:40Z] [critic] Taille: 8835 octets
[2026-07-23T15:47:40Z] [critic] ⚠ Pas de frontmatter YAML
[2026-07-23T15:47:40Z] [critic] Sections détectées: 19
[2026-07-23T15:47:40Z] [critic] Review terminée pour skill:created
[2026-07-23T15:47:40Z] [critic] → published wiki:update for adam-docs
[2026-07-23T15:47:40Z] [critic] → published wiki:update for adam-docs
[2026-07-23T15:47:42Z] [critic] Canal: skill:created | Source: watcher-skills | Skill: dossier | Arg: 
[2026-07-23T15:47:42Z] [critic] Nouveau skill détecté: dossier
[2026-07-23T15:47:42Z] [critic] Fichier: /home/aza/.hermes/skills/dossier/references/subject_type_source_matrix.md
[2026-07-23T15:47:42Z] [critic] Taille: 8885 octets
[2026-07-23T15:47:42Z] [critic] Canal: skill:created | Source: watcher-skills | Skill: monorepo-navigator | Arg: 
[2026-07-23T15:47:42Z] [critic] Nouveau skill détecté: monorepo-navigator
[2026-07-23T15:47:42Z] [critic] Fichier: /home/aza/.hermes/skills/monorepo-navigator/SKILL.md
[2026-07-23T15:47:42Z] [critic] ⚠ Pas de frontmatter YAML
[2026-07-23T15:47:42Z] [critic] Taille: 4948 octets
[2026-07-23T15:47:42Z] [critic] Sections détectées: 29
[2026-07-23T15:47:42Z] [critic] Review terminée pour skill:created
[2026-07-23T15:47:42Z] [critic] ✓ Frontmatter YAML présent
[2026-07-23T15:47:42Z] [critic] Sections détectées: 9
[2026-07-23T15:47:42Z] [critic] Review terminée pour skill:created
[2026-07-23T15:47:42Z] [critic] → published wiki:update for adam-docs
[2026-07-23T15:47:42Z] [critic] → published wiki:update for adam-docs
[2026-07-23T15:47:44Z] [critic] Canal: skill:created | Source: watcher-skills | Skill: monorepo-navigator | Arg: 
[2026-07-23T15:47:44Z] [critic] Nouveau skill détecté: monorepo-navigator
[2026-07-23T15:47:44Z] [critic] Fichier: /home/aza/.hermes/skills/monorepo-navigator/references/monorepo-tooling-reference.md
[2026-07-23T15:47:44Z] [critic] Taille: 11999 octets
[2026-07-23T15:47:44Z] [critic] ⚠ Pas de frontmatter YAML
[2026-07-23T15:47:44Z] [critic] Sections détectées: 83
[2026-07-23T15:47:44Z] [critic] Review terminée pour skill:created
[2026-07-23T15:47:44Z] [critic] Canal: skill:created | Source: watcher-skills | Skill: monorepo-navigator | Arg: 
[2026-07-23T15:47:44Z] [critic] Nouveau skill détecté: monorepo-navigator
[2026-07-23T15:47:44Z] [critic] Fichier: /home/aza/.hermes/skills/monorepo-navigator/references/monorepo-patterns.md
[2026-07-23T15:47:44Z] [critic] Taille: 1011 octets
[2026-07-23T15:47:44Z] [critic] ⚠ Pas de frontmatter YAML
[2026-07-23T15:47:44Z] [critic] Sections détectées: 8
[2026-07-23T15:47:44Z] [critic] Review terminée pour skill:created
[2026-07-23T15:47:44Z] [critic] → published wiki:update for adam-docs
[2026-07-23T15:47:44Z] [critic] → published wiki:update for adam-docs
[2026-07-23T15:47:46Z] [critic] Canal: skill:created | Source: watcher-skills | Skill: sales-engineer | Arg: 
[2026-07-23T15:47:46Z] [critic] Nouveau skill détecté: sales-engineer
[2026-07-23T15:47:46Z] [critic] Fichier: /home/aza/.hermes/skills/sales-engineer/assets/poc_scorecard_template.md
[2026-07-23T15:47:46Z] [critic] Canal: skill:created | Source: watcher-skills | Skill: sales-engineer | Arg: 
[2026-07-23T15:47:46Z] [critic] Nouveau skill détecté: sales-engineer
[2026-07-23T15:47:46Z] [critic] Fichier: /home/aza/.hermes/skills/sales-engineer/SKILL.md
[2026-07-23T15:47:46Z] [critic] Taille: 5771 octets
[2026-07-23T15:47:46Z] [critic] Taille: 9363 octets
[2026-07-23T15:47:46Z] [critic] ⚠ Pas de frontmatter YAML
[2026-07-23T15:47:46Z] [critic] ✓ Frontmatter YAML présent
[2026-07-23T15:47:46Z] [critic] Sections détectées: 20
[2026-07-23T15:47:46Z] [critic] Review terminée pour skill:created
[2026-07-23T15:47:46Z] [critic] Sections détectées: 14
[2026-07-23T15:47:46Z] [critic] Review terminée pour skill:created
[2026-07-23T15:47:46Z] [critic] → published wiki:update for adam-docs
[2026-07-23T15:47:46Z] [critic] → published wiki:update for adam-docs
[2026-07-23T15:47:48Z] [critic] Canal: skill:created | Source: watcher-skills | Skill: sales-engineer | Arg: 
[2026-07-23T15:47:48Z] [critic] Nouveau skill détecté: sales-engineer
[2026-07-23T15:47:48Z] [critic] Fichier: /home/aza/.hermes/skills/sales-engineer/assets/demo_script_template.md
[2026-07-23T15:47:48Z] [critic] Canal: skill:created | Source: watcher-skills | Skill: sales-engineer | Arg: 
[2026-07-23T15:47:48Z] [critic] Nouveau skill détecté: sales-engineer
[2026-07-23T15:47:48Z] [critic] Fichier: /home/aza/.hermes/skills/sales-engineer/assets/technical_proposal_template.md
[2026-07-23T15:47:48Z] [critic] Taille: 7744 octets
[2026-07-23T15:47:48Z] [critic] Taille: 6855 octets
[2026-07-23T15:47:48Z] [critic] ⚠ Pas de frontmatter YAML
[2026-07-23T15:47:48Z] [critic] ⚠ Pas de frontmatter YAML
[2026-07-23T15:47:48Z] [critic] Sections détectées: 20
[2026-07-23T15:47:48Z] [critic] Review terminée pour skill:created
[2026-07-23T15:47:48Z] [critic] Sections détectées: 33
[2026-07-23T15:47:48Z] [critic] Review terminée pour skill:created
[2026-07-23T15:47:48Z] [critic] → published wiki:update for adam-docs
[2026-07-23T15:47:48Z] [critic] → published wiki:update for adam-docs
[2026-07-23T15:47:50Z] [critic] Canal: skill:created | Source: watcher-skills | Skill: sales-engineer | Arg: 
[2026-07-23T15:47:50Z] [critic] Nouveau skill détecté: sales-engineer
[2026-07-23T15:47:50Z] [critic] Fichier: /home/aza/.hermes/skills/sales-engineer/references/competitive-positioning-framework.md
[2026-07-23T15:47:50Z] [critic] Taille: 9421 octets
[2026-07-23T15:47:50Z] [critic] ⚠ Pas de frontmatter YAML
[2026-07-23T15:47:50Z] [critic] Sections détectées: 23
[2026-07-23T15:47:50Z] [critic] Review terminée pour skill:created
[2026-07-23T15:47:50Z] [critic] Canal: skill:created | Source: watcher-skills | Skill: sales-engineer | Arg: 
[2026-07-23T15:47:50Z] [critic] Nouveau skill détecté: sales-engineer
[2026-07-23T15:47:50Z] [critic] Fichier: /home/aza/.hermes/skills/sales-engineer/references/poc-best-practices.md
[2026-07-23T15:47:50Z] [critic] Taille: 11349 octets
[2026-07-23T15:47:50Z] [critic] ⚠ Pas de frontmatter YAML
[2026-07-23T15:47:50Z] [critic] Sections détectées: 28
[2026-07-23T15:47:50Z] [critic] Review terminée pour skill:created
[2026-07-23T15:47:50Z] [critic] → published wiki:update for adam-docs
[2026-07-23T15:47:50Z] [critic] → published wiki:update for adam-docs
[2026-07-23T15:47:52Z] [critic] Canal: skill:created | Source: watcher-skills | Skill: skill-security-auditor | Arg: 
[2026-07-23T15:47:52Z] [critic] Nouveau skill détecté: skill-security-auditor
[2026-07-23T15:47:52Z] [critic] Fichier: /home/aza/.hermes/skills/skill-security-auditor/SKILL.md
[2026-07-23T15:47:52Z] [critic] Taille: 7982 octets
[2026-07-23T15:47:52Z] [critic] Canal: skill:created | Source: watcher-skills | Skill: sales-engineer | Arg: 
[2026-07-23T15:47:52Z] [critic] Nouveau skill détecté: sales-engineer
[2026-07-23T15:47:52Z] [critic] Fichier: /home/aza/.hermes/skills/sales-engineer/references/rfp-response-guide.md
[2026-07-23T15:47:52Z] [critic] ✓ Frontmatter YAML présent
[2026-07-23T15:47:52Z] [critic] Taille: 7340 octets
[2026-07-23T15:47:52Z] [critic] Sections détectées: 22
[2026-07-23T15:47:52Z] [critic] Review terminée pour skill:created
[2026-07-23T15:47:52Z] [critic] ⚠ Pas de frontmatter YAML
[2026-07-23T15:47:52Z] [critic] Sections détectées: 22
[2026-07-23T15:47:52Z] [critic] Review terminée pour skill:created
[2026-07-23T15:47:52Z] [critic] → published wiki:update for adam-docs
[2026-07-23T15:47:52Z] [critic] → published wiki:update for adam-docs
[2026-07-23T15:47:54Z] [critic] Canal: skill:created | Source: watcher-skills | Skill: tc-tracker | Arg: 
[2026-07-23T15:47:54Z] [critic] Nouveau skill détecté: tc-tracker
[2026-07-23T15:47:54Z] [critic] Fichier: /home/aza/.hermes/skills/tc-tracker/SKILL.md
[2026-07-23T15:47:54Z] [critic] Taille: 10325 octets
[2026-07-23T15:47:54Z] [critic] Canal: skill:created | Source: watcher-skills | Skill: skill-security-auditor | Arg: 
[2026-07-23T15:47:54Z] [critic] Nouveau skill détecté: skill-security-auditor
[2026-07-23T15:47:54Z] [critic] Fichier: /home/aza/.hermes/skills/skill-security-auditor/references/threat-model.md
[2026-07-23T15:47:54Z] [critic] ✓ Frontmatter YAML présent
[2026-07-23T15:47:54Z] [critic] Taille: 10237 octets
[2026-07-23T15:47:54Z] [critic] Sections détectées: 24
[2026-07-23T15:47:54Z] [critic] Review terminée pour skill:created
[2026-07-23T15:47:54Z] [critic] ⚠ Pas de frontmatter YAML
[2026-07-23T15:47:54Z] [critic] Sections détectées: 31
[2026-07-23T15:47:54Z] [critic] Review terminée pour skill:created
[2026-07-23T15:47:54Z] [critic] → published wiki:update for adam-docs
[2026-07-23T15:47:54Z] [critic] → published wiki:update for adam-docs
[2026-07-23T15:47:56Z] [critic] Canal: skill:created | Source: watcher-skills | Skill: tc-tracker | Arg: 
[2026-07-23T15:47:56Z] [critic] Nouveau skill détecté: tc-tracker
[2026-07-23T15:47:56Z] [critic] Fichier: /home/aza/.hermes/skills/tc-tracker/README.md
[2026-07-23T15:47:56Z] [critic] Canal: skill:created | Source: watcher-skills | Skill: tc-tracker | Arg: 
[2026-07-23T15:47:56Z] [critic] Nouveau skill détecté: tc-tracker
[2026-07-23T15:47:56Z] [critic] Fichier: /home/aza/.hermes/skills/tc-tracker/references/tc-schema.md
[2026-07-23T15:47:56Z] [critic] Taille: 2278 octets
[2026-07-23T15:47:56Z] [critic] Taille: 5386 octets
[2026-07-23T15:47:56Z] [critic] ⚠ Pas de frontmatter YAML
[2026-07-23T15:47:56Z] [critic] ⚠ Pas de frontmatter YAML
[2026-07-23T15:47:56Z] [critic] Sections détectées: 13
[2026-07-23T15:47:56Z] [critic] Review terminée pour skill:created
[2026-07-23T15:47:56Z] [critic] Sections détectées: 10
[2026-07-23T15:47:56Z] [critic] Review terminée pour skill:created
[2026-07-23T15:47:56Z] [critic] → published wiki:update for adam-docs
[2026-07-23T15:47:56Z] [critic] → published wiki:update for adam-docs
[2026-07-23T15:47:58Z] [critic] Canal: skill:created | Source: watcher-skills | Skill: tc-tracker | Arg: 
[2026-07-23T15:47:58Z] [critic] Nouveau skill détecté: tc-tracker
[2026-07-23T15:47:58Z] [critic] Fichier: /home/aza/.hermes/skills/tc-tracker/references/handoff-format.md
[2026-07-23T15:47:58Z] [critic] Taille: 5291 octets
[2026-07-23T15:47:58Z] [critic] ⚠ Pas de frontmatter YAML
[2026-07-23T15:47:58Z] [critic] Canal: skill:created | Source: watcher-skills | Skill: tc-tracker | Arg: 
[2026-07-23T15:47:58Z] [critic] Nouveau skill détecté: tc-tracker
[2026-07-23T15:47:58Z] [critic] Fichier: /home/aza/.hermes/skills/tc-tracker/references/lifecycle.md
[2026-07-23T15:47:58Z] [critic] Sections détectées: 16
[2026-07-23T15:47:58Z] [critic] Review terminée pour skill:created
[2026-07-23T15:47:58Z] [critic] Taille: 4037 octets
[2026-07-23T15:47:58Z] [critic] ⚠ Pas de frontmatter YAML
[2026-07-23T15:47:58Z] [critic] Sections détectées: 11
[2026-07-23T15:47:58Z] [critic] Review terminée pour skill:created
[2026-07-23T15:47:58Z] [critic] → published wiki:update for adam-docs
[2026-07-23T15:47:58Z] [critic] → published wiki:update for adam-docs
[2026-07-23T15:48:24Z] [critic] Canal: skill:created | Source: watcher-skills | Skill: universal-scraping-architect | Arg: 
[2026-07-23T15:48:24Z] [critic] Nouveau skill détecté: universal-scraping-architect
[2026-07-23T15:48:24Z] [critic] Fichier: /home/aza/.hermes/skills/universal-scraping-architect/SKILL.md
[2026-07-23T15:48:24Z] [critic] Canal: skill:created | Source: watcher-skills | Skill: universal-scraping-architect | Arg: 
[2026-07-23T15:48:24Z] [critic] Nouveau skill détecté: universal-scraping-architect
[2026-07-23T15:48:24Z] [critic] Fichier: /home/aza/.hermes/skills/universal-scraping-architect/references/local-extraction-patterns.md
[2026-07-23T15:48:24Z] [critic] Taille: 4598 octets
[2026-07-23T15:48:24Z] [critic] Taille: 2571 octets
[2026-07-23T15:48:24Z] [critic] ⚠ Pas de frontmatter YAML
[2026-07-23T15:48:24Z] [critic] ✓ Frontmatter YAML présent
[2026-07-23T15:48:24Z] [critic] Sections détectées: 8
[2026-07-23T15:48:24Z] [critic] Sections détectées: 11
[2026-07-23T15:48:24Z] [critic] Review terminée pour skill:created
[2026-07-23T15:48:24Z] [critic] Review terminée pour skill:created
[2026-07-23T15:48:24Z] [critic] → published wiki:update for adam-docs
[2026-07-23T15:48:24Z] [critic] → published wiki:update for adam-docs
[2026-07-23T15:48:26Z] [critic] Canal: skill:created | Source: watcher-skills | Skill: universal-scraping-architect | Arg: 
[2026-07-23T15:48:26Z] [critic] Nouveau skill détecté: universal-scraping-architect
[2026-07-23T15:48:26Z] [critic] Fichier: /home/aza/.hermes/skills/universal-scraping-architect/references/firecrawl-technical-guide.md
[2026-07-23T15:48:26Z] [critic] Taille: 2711 octets
[2026-07-23T15:48:26Z] [critic] Canal: skill:created | Source: watcher-skills | Skill: universal-scraping-architect | Arg: 
[2026-07-23T15:48:26Z] [critic] Nouveau skill détecté: universal-scraping-architect
[2026-07-23T15:48:26Z] [critic] Fichier: /home/aza/.hermes/skills/universal-scraping-architect/references/scraping-ethics-security.md
[2026-07-23T15:48:26Z] [critic] ⚠ Pas de frontmatter YAML
[2026-07-23T15:48:26Z] [critic] Taille: 2573 octets
[2026-07-23T15:48:26Z] [critic] Sections détectées: 7
[2026-07-23T15:48:26Z] [critic] Review terminée pour skill:created
[2026-07-23T15:48:26Z] [critic] ⚠ Pas de frontmatter YAML
[2026-07-23T15:48:26Z] [critic] Sections détectées: 6
[2026-07-23T15:48:26Z] [critic] Review terminée pour skill:created
[2026-07-23T15:48:26Z] [critic] → published wiki:update for adam-docs
[2026-07-23T15:48:26Z] [critic] → published wiki:update for adam-docs
[2026-07-23T15:48:40Z] [critic] Canal: skill:created | Source: watcher-skills | Skill: agents | Arg: 
[2026-07-23T15:48:40Z] [critic] Nouveau skill détecté: agents
[2026-07-23T15:48:40Z] [critic] Fichier: /home/aza/.hermes/skills/agents/adam-v2-infrastructure/references/external-skills-repo.md
[2026-07-23T15:48:40Z] [critic] Taille: 3488 octets
[2026-07-23T15:48:40Z] [critic] ⚠ Pas de frontmatter YAML
[2026-07-23T15:48:40Z] [critic] Sections détectées: 8
[2026-07-23T15:48:40Z] [critic] Review terminée pour skill:created
[2026-07-23T15:48:40Z] [critic] → published wiki:update for adam-docs
[2026-07-23T15:49:02Z] [critic] Canal: skill:updated | Source: watcher-skills | Skill: agents | Arg: 
[2026-07-23T15:49:02Z] [critic] Skill mis à jour: agents
[2026-07-23T15:49:02Z] [critic] Fichier: /home/aza/.hermes/skills/agents/adam-v2-infrastructure/SKILL.md
[2026-07-23T15:49:02Z] [critic] Nouvelle taille: 45081 octets
[2026-07-23T15:49:02Z] [critic] ✓ YAML frontmatter valide après mise à jour
[2026-07-23T15:49:02Z] [critic] Review terminée pour skill:updated
[2026-07-23T15:49:02Z] [critic] → published wiki:update for adam-docs
[2026-07-23T15:52:57Z] [critic] Canal: skill:broken | Source: hive_cycler | Skill:  | Arg: 
[2026-07-23T15:52:57Z] [critic] Skill cassé: 
[2026-07-23T15:52:57Z] [critic] Erreur: 
[2026-07-23T15:52:57Z] [critic] ⚠ Fichier SKILL.md introuvable pour ''
[2026-07-23T15:52:57Z] [critic] Canal: skill:broken | Source: hive_cycler | Skill:  | Arg: 
[2026-07-23T15:52:57Z] [critic] Skill cassé: 
[2026-07-23T15:52:57Z] [critic] Erreur: 
[2026-07-23T15:52:57Z] [critic] ⚠ Fichier SKILL.md introuvable pour ''
[2026-07-23T15:55:50Z] [critic] Canal: skill:broken | Source: hive_cycler | Skill:  | Arg: 
[2026-07-23T15:55:50Z] [critic] Skill cassé: 
[2026-07-23T15:55:50Z] [critic] Erreur: 
[2026-07-23T15:55:50Z] [critic] ⚠ Fichier SKILL.md introuvable pour ''
[2026-07-23T16:00:10Z] [critic] Canal: skill:broken | Source: hive_cycler | Skill:  | Arg: 
[2026-07-23T16:00:10Z] [critic] Skill cassé: 
[2026-07-23T16:00:10Z] [critic] Erreur: 
[2026-07-23T16:00:10Z] [critic] ⚠ Fichier SKILL.md introuvable pour ''
[2026-07-23T16:04:23Z] [critic] Canal: skill:updated | Source: watcher-skills | Skill: agents | Arg: 
[2026-07-23T16:04:23Z] [critic] Skill mis à jour: agents
[2026-07-23T16:04:23Z] [critic] Fichier: /home/aza/.hermes/skills/agents/adam-v2-infrastructure/references/external-skills-repo.md
[2026-07-23T16:04:23Z] [critic] Nouvelle taille: 5764 octets
[2026-07-23T16:04:23Z] [critic] Review terminée pour skill:updated
[2026-07-23T16:04:23Z] [critic] → published wiki:update for adam-docs
[2026-07-23T16:04:27Z] [critic] Canal: skill:updated | Source: watcher-skills | Skill: agents | Arg: 
[2026-07-23T16:04:27Z] [critic] Skill mis à jour: agents
[2026-07-23T16:04:27Z] [critic] Fichier: /home/aza/.hermes/skills/agents/adam-v2-infrastructure/SKILL.md
[2026-07-23T16:04:27Z] [critic] Nouvelle taille: 45081 octets
[2026-07-23T16:04:27Z] [critic] ✓ YAML frontmatter valide après mise à jour
[2026-07-23T16:04:27Z] [critic] Review terminée pour skill:updated
[2026-07-23T16:04:27Z] [critic] → published wiki:update for adam-docs
[2026-07-23T16:04:31Z] [critic] Canal: skill:broken | Source: hive_cycler | Skill:  | Arg: 
[2026-07-23T16:04:31Z] [critic] Skill cassé: 
[2026-07-23T16:04:31Z] [critic] Erreur: 
[2026-07-23T16:04:31Z] [critic] ⚠ Fichier SKILL.md introuvable pour ''
[2026-07-23T16:07:06Z] [critic] Canal: skill:updated | Source: watcher-skills | Skill: agents | Arg: 
[2026-07-23T16:07:06Z] [critic] Skill mis à jour: agents
[2026-07-23T16:07:06Z] [critic] Fichier: /home/aza/.hermes/skills/agents/adam-v2-infrastructure/SKILL.md
[2026-07-23T16:07:06Z] [critic] Nouvelle taille: 45947 octets
[2026-07-23T16:07:06Z] [critic] ✓ YAML frontmatter valide après mise à jour
[2026-07-23T16:07:06Z] [critic] Review terminée pour skill:updated
[2026-07-23T16:07:06Z] [critic] → published wiki:update for adam-docs
[2026-07-23T16:08:52Z] [critic] Canal: skill:broken | Source: hive_cycler | Skill:  | Arg: 
[2026-07-23T16:08:52Z] [critic] Skill cassé: 
[2026-07-23T16:08:52Z] [critic] Erreur: 
[2026-07-23T16:08:52Z] [critic] ⚠ Fichier SKILL.md introuvable pour ''
[2026-07-23T16:13:14Z] [critic] Canal: skill:broken | Source: hive_cycler | Skill:  | Arg: 
[2026-07-23T16:13:14Z] [critic] Skill cassé: 
[2026-07-23T16:13:14Z] [critic] Erreur: 
[2026-07-23T16:13:14Z] [critic] ⚠ Fichier SKILL.md introuvable pour ''
[2026-07-23T16:17:35Z] [critic] Canal: skill:broken | Source: hive_cycler | Skill:  | Arg: 
[2026-07-23T16:17:35Z] [critic] Skill cassé: 
[2026-07-23T16:17:35Z] [critic] Erreur: 
[2026-07-23T16:17:35Z] [critic] ⚠ Fichier SKILL.md introuvable pour ''
[2026-07-23T16:21:56Z] [critic] Canal: skill:broken | Source: hive_cycler | Skill:  | Arg: 
[2026-07-23T16:21:56Z] [critic] Skill cassé: 
[2026-07-23T16:21:56Z] [critic] Erreur: 
[2026-07-23T16:21:56Z] [critic] ⚠ Fichier SKILL.md introuvable pour ''
[2026-07-23T16:26:16Z] [critic] Canal: skill:broken | Source: hive_cycler | Skill:  | Arg: 
[2026-07-23T16:26:16Z] [critic] Skill cassé: 
[2026-07-23T16:26:16Z] [critic] Erreur: 
[2026-07-23T16:26:16Z] [critic] ⚠ Fichier SKILL.md introuvable pour ''
[2026-07-23T16:30:39Z] [critic] Canal: skill:broken | Source: hive_cycler | Skill:  | Arg: 
[2026-07-23T16:30:39Z] [critic] Skill cassé: 
[2026-07-23T16:30:39Z] [critic] Erreur: 
[2026-07-23T16:30:39Z] [critic] ⚠ Fichier SKILL.md introuvable pour ''
[2026-07-23T16:35:00Z] [critic] Canal: skill:broken | Source: hive_cycler | Skill:  | Arg: 
[2026-07-23T16:35:00Z] [critic] Skill cassé: 
[2026-07-23T16:35:00Z] [critic] Erreur: 
[2026-07-23T16:35:00Z] [critic] ⚠ Fichier SKILL.md introuvable pour ''
[2026-07-23T16:39:20Z] [critic] Canal: skill:broken | Source: hive_cycler | Skill:  | Arg: 
[2026-07-23T16:39:20Z] [critic] Skill cassé: 
[2026-07-23T16:39:20Z] [critic] Erreur: 
[2026-07-23T16:39:20Z] [critic] ⚠ Fichier SKILL.md introuvable pour ''
[2026-07-23T16:43:41Z] [critic] Canal: skill:broken | Source: hive_cycler | Skill:  | Arg: 
[2026-07-23T16:43:41Z] [critic] Skill cassé: 
[2026-07-23T16:43:41Z] [critic] Erreur: 
[2026-07-23T16:43:41Z] [critic] ⚠ Fichier SKILL.md introuvable pour ''
[2026-07-23T16:48:04Z] [critic] Canal: skill:broken | Source: hive_cycler | Skill:  | Arg: 
[2026-07-23T16:48:04Z] [critic] Skill cassé: 
[2026-07-23T16:48:04Z] [critic] Erreur: 
[2026-07-23T16:48:04Z] [critic] ⚠ Fichier SKILL.md introuvable pour ''
[2026-07-23T16:50:02Z] [INFO] No files specified — scanning default directories
[2026-07-23T16:50:02Z] [INFO] === Code scan: 20 files ===
[2026-07-23T16:50:02Z] [INFO]   Total findings: 32
[2026-07-23T16:50:02Z] [INFO]   Files with errors: 0
[2026-07-23T16:50:02Z] [INFO]   Removed line 31: import json
[2026-07-23T16:50:02Z] [INFO]   ✅ Auto-fix applied: /home/aza/eva-adam-v2/file_watcher.py
[2026-07-23T16:50:02Z] [INFO]   📝 Task created: /home/aza/eva-adam-v2/tasks/task-refactor-high_complexity-20260723-165002.md
[2026-07-23T16:50:02Z] [INFO]   📝 Task created: /home/aza/eva-adam-v2/tasks/task-refactor-high_complexity-20260723-165002.md
[2026-07-23T16:50:02Z] [INFO]   📝 Task created: /home/aza/eva-adam-v2/tasks/task-refactor-high_complexity-20260723-165002.md
[2026-07-23T16:50:02Z] [INFO]   Removed line 33: import hashlib
[2026-07-23T16:50:02Z] [INFO]   ✅ Auto-fix applied: /home/aza/eva-adam-v2/event_daemon.py
[2026-07-23T16:50:02Z] [INFO]   📝 Task created: /home/aza/eva-adam-v2/tasks/task-refactor-high_complexity-20260723-165002.md
[2026-07-23T16:50:02Z] [INFO]   📝 Task created: /home/aza/eva-adam-v2/tasks/task-refactor-high_complexity-20260723-165002.md
[2026-07-23T16:50:02Z] [INFO]   📝 Task created: /home/aza/eva-adam-v2/tasks/task-refactor-high_complexity-20260723-165002.md
[2026-07-23T16:50:02Z] [INFO]   📝 Task created: /home/aza/eva-adam-v2/tasks/task-refactor-high_complexity-20260723-165002.md
[2026-07-23T16:50:02Z] [INFO]   Removed line 5: import sys
[2026-07-23T16:50:02Z] [INFO]   ✅ Auto-fix applied: /home/aza/scripts/sentinel-scraper.py
[2026-07-23T16:50:02Z] [INFO]   Removed line 12: import os
[2026-07-23T16:50:02Z] [INFO]   ✅ Auto-fix applied: /home/aza/scripts/validate-skill-structure.py
[2026-07-23T16:50:02Z] [INFO]   📝 Task created: /home/aza/eva-adam-v2/tasks/task-refactor-high_complexity-20260723-165002.md
[2026-07-23T16:50:02Z] [INFO]   📝 Task created: /home/aza/eva-adam-v2/tasks/task-refactor-high_complexity-20260723-165002.md
[2026-07-23T16:50:02Z] [INFO]   📝 Task created: /home/aza/eva-adam-v2/tasks/task-refactor-high_complexity-20260723-165002.md
[2026-07-23T16:50:02Z] [INFO]   Removed line 18: import re
[2026-07-23T16:50:02Z] [INFO]   ✅ Auto-fix applied: /home/aza/scripts/social-manage.py
[2026-07-23T16:50:02Z] [INFO] === Scan results ===
[2026-07-23T16:50:02Z] [INFO]   Files scanned: 20
[2026-07-23T16:50:02Z] [INFO]   Total findings: 32
[2026-07-23T16:50:02Z] [INFO]   Fixes applied: 5
[2026-07-23T16:50:02Z] [INFO]   Tasks created: 10
[2026-07-23T16:50:02Z] [INFO]   Alerts sent: 0
[2026-07-23T16:50:02Z] [INFO]   By type: {'unused_import': 15, 'high_complexity': 10, 'todo_fixme': 7}
[2026-07-23T16:50:02Z] [INFO]   Fixed files: ['/home/aza/scripts/sentinel-scraper.py', '/home/aza/eva-adam-v2/event_daemon.py', '/home/aza/scripts/social-manage.py', '/home/aza/scripts/validate-skill-structure.py', '/home/aza/eva-adam-v2/file_watcher.py']
[2026-07-23T16:50:02Z] [INFO] Published on git:changes_detected: Published: #9523 channel=git:changes_detected source=handler
[2026-07-23T16:50:02Z] [INFO] Published on wiki:update: Published: #9526 channel=wiki:update source=handler
[2026-07-23T16:52:24Z] [critic] Canal: skill:broken | Source: hive_cycler | Skill:  | Arg: 
[2026-07-23T16:52:24Z] [critic] Skill cassé: 
[2026-07-23T16:52:24Z] [critic] Erreur: 
[2026-07-23T16:52:24Z] [critic] ⚠ Fichier SKILL.md introuvable pour ''
[2026-07-23T16:56:46Z] [critic] Canal: skill:broken | Source: hive_cycler | Skill:  | Arg: 
[2026-07-23T16:56:46Z] [critic] Skill cassé: 
[2026-07-23T16:56:46Z] [critic] Erreur: 
[2026-07-23T16:56:46Z] [critic] ⚠ Fichier SKILL.md introuvable pour ''
[2026-07-23T17:00:18Z] [INFO] No files specified — scanning default directories
[2026-07-23T17:00:18Z] [INFO] === Code scan: 20 files ===
[2026-07-23T17:00:18Z] [INFO]   Total findings: 27
[2026-07-23T17:00:18Z] [INFO]   Files with errors: 0
[2026-07-23T17:00:18Z] [INFO]   📝 Task created: /home/aza/eva-adam-v2/tasks/task-refactor-high_complexity-20260723-170018.md
[2026-07-23T17:00:18Z] [INFO]   📝 Task created: /home/aza/eva-adam-v2/tasks/task-refactor-high_complexity-20260723-170018.md
[2026-07-23T17:00:18Z] [INFO]   📝 Task created: /home/aza/eva-adam-v2/tasks/task-refactor-high_complexity-20260723-170018.md
[2026-07-23T17:00:18Z] [INFO]   📝 Task created: /home/aza/eva-adam-v2/tasks/task-refactor-high_complexity-20260723-170018.md
[2026-07-23T17:00:18Z] [INFO]   📝 Task created: /home/aza/eva-adam-v2/tasks/task-refactor-high_complexity-20260723-170018.md
[2026-07-23T17:00:18Z] [INFO]   📝 Task created: /home/aza/eva-adam-v2/tasks/task-refactor-high_complexity-20260723-170018.md
[2026-07-23T17:00:18Z] [INFO]   📝 Task created: /home/aza/eva-adam-v2/tasks/task-refactor-high_complexity-20260723-170018.md
[2026-07-23T17:00:18Z] [INFO]   Removed line 6: import re
[2026-07-23T17:00:18Z] [INFO]   ✅ Auto-fix applied: /home/aza/scripts/sentinel-scraper.py
[2026-07-23T17:00:18Z] [INFO]   📝 Task created: /home/aza/eva-adam-v2/tasks/task-refactor-high_complexity-20260723-170018.md
[2026-07-23T17:00:18Z] [INFO]   📝 Task created: /home/aza/eva-adam-v2/tasks/task-refactor-high_complexity-20260723-170018.md
[2026-07-23T17:00:18Z] [INFO]   📝 Task created: /home/aza/eva-adam-v2/tasks/task-refactor-high_complexity-20260723-170018.md
[2026-07-23T17:00:18Z] [INFO]   Removed line 18: import time
[2026-07-23T17:00:18Z] [INFO]   ✅ Auto-fix applied: /home/aza/scripts/social-manage.py
[2026-07-23T17:00:18Z] [INFO] === Scan results ===
[2026-07-23T17:00:18Z] [INFO]   Files scanned: 20
[2026-07-23T17:00:18Z] [INFO]   Total findings: 27
[2026-07-23T17:00:18Z] [INFO]   Fixes applied: 2
[2026-07-23T17:00:18Z] [INFO]   Tasks created: 10
[2026-07-23T17:00:18Z] [INFO]   Alerts sent: 0
[2026-07-23T17:00:18Z] [INFO]   By type: {'unused_import': 10, 'high_complexity': 10, 'todo_fixme': 7}
[2026-07-23T17:00:18Z] [INFO]   Fixed files: ['/home/aza/scripts/social-manage.py', '/home/aza/scripts/sentinel-scraper.py']
[2026-07-23T17:00:18Z] [INFO] Published on git:changes_detected: Published: #9721 channel=git:changes_detected source=handler
[2026-07-23T17:00:18Z] [INFO] Published on wiki:update: Published: #9722 channel=wiki:update source=handler
[2026-07-23T17:01:06Z] [critic] Canal: skill:broken | Source: hive_cycler | Skill:  | Arg: 
[2026-07-23T17:01:06Z] [critic] Skill cassé: 
[2026-07-23T17:01:06Z] [critic] Erreur: 
[2026-07-23T17:01:06Z] [critic] ⚠ Fichier SKILL.md introuvable pour ''
[2026-07-23T17:02:56Z] [INFO] No files specified — scanning default directories
[2026-07-23T17:02:56Z] [INFO] === Code scan: 20 files ===
[2026-07-23T17:02:57Z] [INFO]   Total findings: 25
[2026-07-23T17:02:57Z] [INFO]   Files with errors: 0
[2026-07-23T17:02:57Z] [INFO]   📝 Task created: /home/aza/eva-adam-v2/tasks/task-refactor-high_complexity-20260723-170257.md
[2026-07-23T17:02:57Z] [INFO]   📝 Task created: /home/aza/eva-adam-v2/tasks/task-refactor-high_complexity-20260723-170257.md
[2026-07-23T17:02:57Z] [INFO]   📝 Task created: /home/aza/eva-adam-v2/tasks/task-refactor-high_complexity-20260723-170257.md
[2026-07-23T17:02:57Z] [INFO]   📝 Task created: /home/aza/eva-adam-v2/tasks/task-refactor-high_complexity-20260723-170257.md
[2026-07-23T17:02:57Z] [INFO]   📝 Task created: /home/aza/eva-adam-v2/tasks/task-refactor-high_complexity-20260723-170257.md
[2026-07-23T17:02:57Z] [INFO]   📝 Task created: /home/aza/eva-adam-v2/tasks/task-refactor-high_complexity-20260723-170257.md
[2026-07-23T17:02:57Z] [INFO]   📝 Task created: /home/aza/eva-adam-v2/tasks/task-refactor-high_complexity-20260723-170257.md
[2026-07-23T17:02:57Z] [INFO]   📝 Task created: /home/aza/eva-adam-v2/tasks/task-refactor-high_complexity-20260723-170257.md
[2026-07-23T17:02:57Z] [INFO]   📝 Task created: /home/aza/eva-adam-v2/tasks/task-refactor-high_complexity-20260723-170257.md
[2026-07-23T17:02:57Z] [INFO]   📝 Task created: /home/aza/eva-adam-v2/tasks/task-refactor-high_complexity-20260723-170257.md
[2026-07-23T17:02:57Z] [INFO] === Scan results ===
[2026-07-23T17:02:57Z] [INFO]   Files scanned: 20
[2026-07-23T17:02:57Z] [INFO]   Total findings: 25
[2026-07-23T17:02:57Z] [INFO]   Fixes applied: 0
[2026-07-23T17:02:57Z] [INFO]   Tasks created: 10
[2026-07-23T17:02:57Z] [INFO]   Alerts sent: 0
[2026-07-23T17:02:57Z] [INFO]   By type: {'unused_import': 8, 'high_complexity': 10, 'todo_fixme': 7}
[2026-07-23T17:02:57Z] [INFO] Published on wiki:update: Published: #9775 channel=wiki:update source=handler
[2026-07-23T17:03:41Z] [INFO] No files specified — scanning default directories
[2026-07-23T17:03:41Z] [INFO] === Code scan: 21 files ===
[2026-07-23T17:03:41Z] [INFO]   Total findings: 31
[2026-07-23T17:03:41Z] [INFO]   Files with errors: 0
[2026-07-23T17:03:41Z] [INFO]   📝 Task created: /home/aza/eva-adam-v2/tasks/task-refactor-high_complexity-20260723-170341.md
[2026-07-23T17:03:41Z] [INFO]   📝 Task created: /home/aza/eva-adam-v2/tasks/task-refactor-high_complexity-20260723-170341.md
[2026-07-23T17:03:41Z] [INFO]   📝 Task created: /home/aza/eva-adam-v2/tasks/task-refactor-high_complexity-20260723-170341.md
[2026-07-23T17:03:41Z] [INFO]   📝 Task created: /home/aza/eva-adam-v2/tasks/task-refactor-high_complexity-20260723-170341.md
[2026-07-23T17:03:41Z] [INFO]   📝 Task created: /home/aza/eva-adam-v2/tasks/task-refactor-high_complexity-20260723-170341.md
[2026-07-23T17:03:41Z] [INFO]   📝 Task created: /home/aza/eva-adam-v2/tasks/task-refactor-high_complexity-20260723-170341.md
[2026-07-23T17:03:41Z] [INFO]   📝 Task created: /home/aza/eva-adam-v2/tasks/task-refactor-high_complexity-20260723-170341.md
[2026-07-23T17:03:41Z] [INFO]   📝 Task created: /home/aza/eva-adam-v2/tasks/task-refactor-high_complexity-20260723-170341.md
[2026-07-23T17:03:41Z] [INFO]   📝 Task created: /home/aza/eva-adam-v2/tasks/task-refactor-high_complexity-20260723-170341.md
[2026-07-23T17:03:41Z] [INFO]   Removed line 3: import os
[2026-07-23T17:03:41Z] [INFO]   ✅ Auto-fix applied: /home/aza/scripts/test-pipeline.py
[2026-07-23T17:03:41Z] [INFO]   📝 Task created: /home/aza/eva-adam-v2/tasks/task-refactor-high_complexity-20260723-170341.md
[2026-07-23T17:03:41Z] [INFO] === Scan results ===
[2026-07-23T17:03:41Z] [INFO]   Files scanned: 21
[2026-07-23T17:03:41Z] [INFO]   Total findings: 31
[2026-07-23T17:03:41Z] [INFO]   Fixes applied: 1
[2026-07-23T17:03:41Z] [INFO]   Tasks created: 10
[2026-07-23T17:03:41Z] [INFO]   Alerts sent: 0
[2026-07-23T17:03:41Z] [INFO]   By type: {'unused_import': 13, 'high_complexity': 10, 'todo_fixme': 8}
[2026-07-23T17:03:41Z] [INFO]   Fixed files: ['/home/aza/scripts/test-pipeline.py']
[2026-07-23T17:03:42Z] [INFO] Published on git:changes_detected: Published: #9789 channel=git:changes_detected source=handler
[2026-07-23T17:03:42Z] [INFO] Published on wiki:update: Published: #9790 channel=wiki:update source=handler
[2026-07-23T17:05:27Z] [critic] Canal: skill:broken | Source: hive_cycler | Skill:  | Arg: 
[2026-07-23T17:05:27Z] [critic] Skill cassé: 
[2026-07-23T17:05:27Z] [critic] Erreur: 
[2026-07-23T17:05:27Z] [critic] ⚠ Fichier SKILL.md introuvable pour ''
[2026-07-23T17:07:52Z] [critic] Canal: skill:created | Source: watcher-skills | Skill: agents | Arg: 
[2026-07-23T17:07:52Z] [critic] Nouveau skill détecté: agents
[2026-07-23T17:07:52Z] [critic] Fichier: /home/aza/.hermes/skills/agents/adam-v2-infrastructure/references/branching-agents-real-actions.md
[2026-07-23T17:07:52Z] [critic] Taille: 7324 octets
[2026-07-23T17:07:52Z] [critic] ⚠ Pas de frontmatter YAML
[2026-07-23T17:07:52Z] [critic] Sections détectées: 23
[2026-07-23T17:07:52Z] [critic] Review terminée pour skill:created
[2026-07-23T17:07:52Z] [critic] → published wiki:update for adam-docs
[2026-07-23T17:08:30Z] [critic] Canal: skill:updated | Source: watcher-skills | Skill: agents | Arg: 
[2026-07-23T17:08:30Z] [critic] Skill mis à jour: agents
[2026-07-23T17:08:30Z] [critic] Fichier: /home/aza/.hermes/skills/agents/adam-v2-infrastructure/SKILL.md
[2026-07-23T17:08:30Z] [critic] Nouvelle taille: 45947 octets
[2026-07-23T17:08:30Z] [critic] ✓ YAML frontmatter valide après mise à jour
[2026-07-23T17:08:30Z] [critic] Review terminée pour skill:updated
[2026-07-23T17:08:30Z] [critic] → published wiki:update for adam-docs
[2026-07-23T17:09:10Z] [critic] Canal: skill:updated | Source: watcher-skills | Skill: agents | Arg: 
[2026-07-23T17:09:10Z] [critic] Skill mis à jour: agents
[2026-07-23T17:09:10Z] [critic] Fichier: /home/aza/.hermes/skills/agents/adam-v2-infrastructure/SKILL.md
[2026-07-23T17:09:10Z] [critic] Nouvelle taille: 45960 octets
[2026-07-23T17:09:10Z] [critic] ✓ YAML frontmatter valide après mise à jour
[2026-07-23T17:09:10Z] [critic] Review terminée pour skill:updated
[2026-07-23T17:09:10Z] [critic] → published wiki:update for adam-docs
[2026-07-23T17:09:48Z] [critic] Canal: skill:broken | Source: hive_cycler | Skill:  | Arg: 
[2026-07-23T17:09:48Z] [critic] Skill cassé: 
[2026-07-23T17:09:48Z] [critic] Erreur: 
[2026-07-23T17:09:48Z] [critic] ⚠ Fichier SKILL.md introuvable pour ''
[2026-07-23T17:10:06Z] [critic] Canal: skill:updated | Source: watcher-skills | Skill: agents | Arg: 
[2026-07-23T17:10:06Z] [critic] Skill mis à jour: agents
[2026-07-23T17:10:06Z] [critic] Fichier: /home/aza/.hermes/skills/agents/adam-v2-infrastructure/SKILL.md
[2026-07-23T17:10:06Z] [critic] Nouvelle taille: 46766 octets
[2026-07-23T17:10:06Z] [critic] ✓ YAML frontmatter valide après mise à jour
[2026-07-23T17:10:06Z] [critic] Review terminée pour skill:updated
[2026-07-23T17:10:06Z] [critic] → published wiki:update for adam-docs
[2026-07-23T17:14:11Z] [critic] Canal: skill:broken | Source: hive_cycler | Skill:  | Arg: 
[2026-07-23T17:14:11Z] [critic] Skill cassé: 
[2026-07-23T17:14:11Z] [critic] Erreur: 
[2026-07-23T17:14:11Z] [critic] ⚠ Fichier SKILL.md introuvable pour ''
[2026-07-23T17:18:32Z] [critic] Canal: skill:broken | Source: hive_cycler | Skill:  | Arg: 
[2026-07-23T17:18:32Z] [critic] Skill cassé: 
[2026-07-23T17:18:32Z] [critic] Erreur: 
[2026-07-23T17:18:32Z] [critic] ⚠ Fichier SKILL.md introuvable pour ''
[2026-07-23T17:22:53Z] [critic] Canal: skill:broken | Source: hive_cycler | Skill:  | Arg: 
[2026-07-23T17:22:53Z] [critic] Skill cassé: 
[2026-07-23T17:22:53Z] [critic] Erreur: 
[2026-07-23T17:22:53Z] [critic] ⚠ Fichier SKILL.md introuvable pour ''
[2026-07-23T17:27:13Z] [critic] Canal: skill:broken | Source: hive_cycler | Skill:  | Arg: 
[2026-07-23T17:27:13Z] [critic] Skill cassé: 
[2026-07-23T17:27:13Z] [critic] Erreur: 
[2026-07-23T17:27:13Z] [critic] ⚠ Fichier SKILL.md introuvable pour ''
[2026-07-23T17:31:36Z] [critic] Canal: skill:broken | Source: hive_cycler | Skill:  | Arg: 
[2026-07-23T17:31:36Z] [critic] Skill cassé: 
[2026-07-23T17:31:36Z] [critic] Erreur: 
[2026-07-23T17:31:36Z] [critic] ⚠ Fichier SKILL.md introuvable pour ''
[2026-07-23T17:35:04Z] [critic] Canal: skill:updated | Source: watcher-skills | Skill: agents | Arg: 
[2026-07-23T17:35:04Z] [critic] Skill mis à jour: agents
[2026-07-23T17:35:04Z] [critic] Fichier: /home/aza/.hermes/skills/agents/helios-troubleshooting/SKILL.md
[2026-07-23T17:35:04Z] [critic] Nouvelle taille: 8165 octets
[2026-07-23T17:35:04Z] [critic] ✓ YAML frontmatter valide après mise à jour
[2026-07-23T17:35:04Z] [critic] Review terminée pour skill:updated
[2026-07-23T17:35:04Z] [critic] → published wiki:update for adam-docs
[2026-07-23T17:35:57Z] [critic] Canal: skill:broken | Source: hive_cycler | Skill:  | Arg: 
[2026-07-23T17:35:57Z] [critic] Skill cassé: 
[2026-07-23T17:35:57Z] [critic] Erreur: 
[2026-07-23T17:35:57Z] [critic] ⚠ Fichier SKILL.md introuvable pour ''
[2026-07-23T17:36:17Z] [critic] Canal: skill:created | Source: watcher-skills | Skill: agents | Arg: 
[2026-07-23T17:36:17Z] [critic] Nouveau skill détecté: agents
[2026-07-23T17:36:17Z] [critic] Fichier: /home/aza/.hermes/skills/agents/adam-v2-infrastructure/references/adam-red-android-pentest.md
[2026-07-23T17:36:17Z] [critic] Taille: 2659 octets
[2026-07-23T17:36:17Z] [critic] ⚠ Pas de frontmatter YAML
[2026-07-23T17:36:17Z] [critic] Sections détectées: 10
[2026-07-23T17:36:17Z] [critic] Review terminée pour skill:created
[2026-07-23T17:36:17Z] [critic] → published wiki:update for adam-docs
[2026-07-23T17:40:17Z] [critic] Canal: skill:broken | Source: hive_cycler | Skill:  | Arg: 
[2026-07-23T17:40:17Z] [critic] Skill cassé: 
[2026-07-23T17:40:17Z] [critic] Erreur: 
[2026-07-23T17:40:17Z] [critic] ⚠ Fichier SKILL.md introuvable pour ''
[2026-07-23T17:44:38Z] [critic] Canal: skill:broken | Source: hive_cycler | Skill:  | Arg: 
[2026-07-23T17:44:38Z] [critic] Skill cassé: 
[2026-07-23T17:44:38Z] [critic] Erreur: 
[2026-07-23T17:44:38Z] [critic] ⚠ Fichier SKILL.md introuvable pour ''
[2026-07-23T17:48:59Z] [critic] Canal: skill:broken | Source: hive_cycler | Skill:  | Arg: 
[2026-07-23T17:48:59Z] [critic] Skill cassé: 
[2026-07-23T17:48:59Z] [critic] Erreur: 
[2026-07-23T17:48:59Z] [critic] ⚠ Fichier SKILL.md introuvable pour ''
[2026-07-23T17:53:22Z] [critic] Canal: skill:broken | Source: hive_cycler | Skill:  | Arg: 
[2026-07-23T17:53:22Z] [critic] Skill cassé: 
[2026-07-23T17:53:22Z] [critic] Erreur: 
[2026-07-23T17:53:22Z] [critic] ⚠ Fichier SKILL.md introuvable pour ''
[2026-07-23T17:57:43Z] [critic] Canal: skill:broken | Source: hive_cycler | Skill:  | Arg: 
[2026-07-23T17:57:43Z] [critic] Skill cassé: 
[2026-07-23T17:57:43Z] [critic] Erreur: 
[2026-07-23T17:57:43Z] [critic] ⚠ Fichier SKILL.md introuvable pour ''
[2026-07-23T17:59:03Z] [critic] Canal: skill:updated | Source: watcher-skills | Skill: multi-agent | Arg: 
[2026-07-23T17:59:03Z] [critic] Skill mis à jour: multi-agent
[2026-07-23T17:59:03Z] [critic] Fichier: /home/aza/.hermes/skills/multi-agent/adam-event-bus-system/SKILL.md
[2026-07-23T17:59:03Z] [critic] Nouvelle taille: 9623 octets
[2026-07-23T17:59:03Z] [critic] ✓ YAML frontmatter valide après mise à jour
[2026-07-23T17:59:03Z] [critic] Review terminée pour skill:updated
[2026-07-23T17:59:03Z] [critic] → published wiki:update for adam-docs
[2026-07-23T17:59:21Z] [critic] Canal: skill:updated | Source: watcher-skills | Skill: multi-agent | Arg: 
[2026-07-23T17:59:21Z] [critic] Skill mis à jour: multi-agent
[2026-07-23T17:59:21Z] [critic] Fichier: /home/aza/.hermes/skills/multi-agent/adam-event-bus-system/SKILL.md
[2026-07-23T17:59:21Z] [critic] Nouvelle taille: 9742 octets
[2026-07-23T17:59:21Z] [critic] ✓ YAML frontmatter valide après mise à jour
[2026-07-23T17:59:21Z] [critic] Review terminée pour skill:updated
[2026-07-23T17:59:21Z] [critic] → published wiki:update for adam-docs
[2026-07-23T17:59:37Z] [critic] Canal: skill:updated | Source: watcher-skills | Skill: multi-agent | Arg: 
[2026-07-23T17:59:37Z] [critic] Skill mis à jour: multi-agent
[2026-07-23T17:59:37Z] [critic] Fichier: /home/aza/.hermes/skills/multi-agent/adam-event-bus-system/SKILL.md
[2026-07-23T17:59:37Z] [critic] Nouvelle taille: 12426 octets
[2026-07-23T17:59:37Z] [critic] ✓ YAML frontmatter valide après mise à jour
[2026-07-23T17:59:37Z] [critic] Review terminée pour skill:updated
[2026-07-23T17:59:37Z] [critic] → published wiki:update for adam-docs
[2026-07-23T17:59:53Z] [critic] Canal: skill:created | Source: watcher-skills | Skill: multi-agent | Arg: 
[2026-07-23T17:59:53Z] [critic] Nouveau skill détecté: multi-agent
[2026-07-23T17:59:53Z] [critic] Fichier: /home/aza/.hermes/skills/multi-agent/adam-event-bus-system/references/rag-bridge-example.md
[2026-07-23T17:59:53Z] [critic] Taille: 4347 octets
[2026-07-23T17:59:53Z] [critic] ⚠ Pas de frontmatter YAML
[2026-07-23T17:59:53Z] [critic] Sections détectées: 14
[2026-07-23T17:59:53Z] [critic] Review terminée pour skill:created
[2026-07-23T17:59:53Z] [critic] → published wiki:update for adam-docs
[2026-07-23T18:00:03Z] [critic] Canal: skill:updated | Source: watcher-skills | Skill: multi-agent | Arg: 
[2026-07-23T18:00:03Z] [critic] Skill mis à jour: multi-agent
[2026-07-23T18:00:03Z] [critic] Fichier: /home/aza/.hermes/skills/multi-agent/adam-event-bus-system/SKILL.md
[2026-07-23T18:00:03Z] [critic] Nouvelle taille: 12593 octets
[2026-07-23T18:00:03Z] [critic] ✓ YAML frontmatter valide après mise à jour
[2026-07-23T18:00:03Z] [critic] Review terminée pour skill:updated
[2026-07-23T18:00:03Z] [critic] → published wiki:update for adam-docs
[2026-07-23T18:02:03Z] [critic] Canal: skill:broken | Source: hive_cycler | Skill:  | Arg: 
[2026-07-23T18:02:03Z] [critic] Skill cassé: 
[2026-07-23T18:02:03Z] [critic] Erreur: 
[2026-07-23T18:02:03Z] [critic] ⚠ Fichier SKILL.md introuvable pour ''
[2026-07-23T18:02:17Z] [critic] Canal: skill:created | Source: watcher-skills | Skill: cybersecurite | Arg: 
[2026-07-23T18:02:17Z] [critic] Nouveau skill détecté: cybersecurite
[2026-07-23T18:02:17Z] [critic] Fichier: /home/aza/.hermes/skills/cybersecurite/android-rooting-investigation/SKILL.md
[2026-07-23T18:02:17Z] [critic] Taille: 6999 octets
[2026-07-23T18:02:17Z] [critic] ✓ Frontmatter YAML présent
[2026-07-23T18:02:17Z] [critic] Sections détectées: 31
[2026-07-23T18:02:17Z] [critic] Review terminée pour skill:created
[2026-07-23T18:02:17Z] [critic] → published wiki:update for adam-docs
[2026-07-23T18:02:52Z] [critic] Canal: skill:created | Source: watcher-skills | Skill: cybersecurite | Arg: 
[2026-07-23T18:02:52Z] [critic] Nouveau skill détecté: cybersecurite
[2026-07-23T18:02:52Z] [critic] Fichier: /home/aza/.hermes/skills/cybersecurite/android-rooting-investigation/references/nothing-phone-2-a065.md
[2026-07-23T18:02:52Z] [critic] Taille: 6075 octets
[2026-07-23T18:02:52Z] [critic] ⚠ Pas de frontmatter YAML
[2026-07-23T18:02:52Z] [critic] Sections détectées: 23
[2026-07-23T18:02:52Z] [critic] Review terminée pour skill:created
[2026-07-23T18:02:52Z] [critic] → published wiki:update for adam-docs
[2026-07-23T18:06:24Z] [critic] Canal: skill:broken | Source: hive_cycler | Skill:  | Arg: 
[2026-07-23T18:06:24Z] [critic] Skill cassé: 
[2026-07-23T18:06:24Z] [critic] Erreur: 
[2026-07-23T18:06:24Z] [critic] ⚠ Fichier SKILL.md introuvable pour ''
[2026-07-23T18:10:45Z] [critic] Canal: skill:broken | Source: hive_cycler | Skill:  | Arg: 
[2026-07-23T18:10:45Z] [critic] Skill cassé: 
[2026-07-23T18:10:45Z] [critic] Erreur: 
[2026-07-23T18:10:45Z] [critic] ⚠ Fichier SKILL.md introuvable pour ''
[2026-07-23T18:15:06Z] [critic] Canal: skill:broken | Source: hive_cycler | Skill:  | Arg: 
[2026-07-23T18:15:06Z] [critic] Skill cassé: 
[2026-07-23T18:15:06Z] [critic] Erreur: 
[2026-07-23T18:15:06Z] [critic] ⚠ Fichier SKILL.md introuvable pour ''
[2026-07-23T18:19:29Z] [critic] Canal: skill:broken | Source: hive_cycler | Skill:  | Arg: 
[2026-07-23T18:19:29Z] [critic] Skill cassé: 
[2026-07-23T18:19:29Z] [critic] Erreur: 
[2026-07-23T18:19:29Z] [critic] ⚠ Fichier SKILL.md introuvable pour ''
[2026-07-23T18:23:50Z] [critic] Canal: skill:broken | Source: hive_cycler | Skill:  | Arg: 
[2026-07-23T18:23:50Z] [critic] Skill cassé: 
[2026-07-23T18:23:50Z] [critic] Erreur: 
[2026-07-23T18:23:50Z] [critic] ⚠ Fichier SKILL.md introuvable pour ''
[2026-07-23T18:28:11Z] [critic] Canal: skill:broken | Source: hive_cycler | Skill:  | Arg: 
[2026-07-23T18:28:11Z] [critic] Skill cassé: 
[2026-07-23T18:28:11Z] [critic] Erreur: 
[2026-07-23T18:28:11Z] [critic] ⚠ Fichier SKILL.md introuvable pour ''
[2026-07-23T18:32:32Z] [critic] Canal: skill:broken | Source: hive_cycler | Skill:  | Arg: 
[2026-07-23T18:32:32Z] [critic] Skill cassé: 
[2026-07-23T18:32:32Z] [critic] Erreur: 
[2026-07-23T18:32:32Z] [critic] ⚠ Fichier SKILL.md introuvable pour ''
[2026-07-23T18:36:53Z] [critic] Canal: skill:broken | Source: hive_cycler | Skill:  | Arg: 
[2026-07-23T18:36:53Z] [critic] Skill cassé: 
[2026-07-23T18:36:53Z] [critic] Erreur: 
[2026-07-23T18:36:53Z] [critic] ⚠ Fichier SKILL.md introuvable pour ''
[2026-07-23T18:37:39Z] [critic] Canal: skill:updated | Source: watcher-skills | Skill: cybersecurite | Arg: 
[2026-07-23T18:37:39Z] [critic] Skill mis à jour: cybersecurite
[2026-07-23T18:37:39Z] [critic] Fichier: /home/aza/.hermes/skills/cybersecurite/android-rooting-investigation/SKILL.md
[2026-07-23T18:37:39Z] [critic] Nouvelle taille: 7700 octets
[2026-07-23T18:37:39Z] [critic] ✓ YAML frontmatter valide après mise à jour
[2026-07-23T18:37:39Z] [critic] Review terminée pour skill:updated
[2026-07-23T18:37:39Z] [critic] → published wiki:update for adam-docs
[2026-07-23T18:37:55Z] [critic] Canal: skill:updated | Source: watcher-skills | Skill: cybersecurite | Arg: 
[2026-07-23T18:37:55Z] [critic] Skill mis à jour: cybersecurite
[2026-07-23T18:37:55Z] [critic] Fichier: /home/aza/.hermes/skills/cybersecurite/android-rooting-investigation/SKILL.md
[2026-07-23T18:37:55Z] [critic] Nouvelle taille: 8936 octets
[2026-07-23T18:37:55Z] [critic] ✓ YAML frontmatter valide après mise à jour
[2026-07-23T18:37:55Z] [critic] Review terminée pour skill:updated
[2026-07-23T18:37:55Z] [critic] → published wiki:update for adam-docs
[2026-07-23T18:38:07Z] [critic] Canal: skill:updated | Source: watcher-skills | Skill: cybersecurite | Arg: 
[2026-07-23T18:38:07Z] [critic] Skill mis à jour: cybersecurite
[2026-07-23T18:38:07Z] [critic] Fichier: /home/aza/.hermes/skills/cybersecurite/android-rooting-investigation/SKILL.md
[2026-07-23T18:38:07Z] [critic] Nouvelle taille: 9149 octets
[2026-07-23T18:38:07Z] [critic] ✓ YAML frontmatter valide après mise à jour
[2026-07-23T18:38:07Z] [critic] Review terminée pour skill:updated
[2026-07-23T18:38:07Z] [critic] → published wiki:update for adam-docs
[2026-07-23T18:38:13Z] [critic] Canal: skill:updated | Source: watcher-skills | Skill: cybersecurite | Arg: 
[2026-07-23T18:38:13Z] [critic] Skill mis à jour: cybersecurite
[2026-07-23T18:38:13Z] [critic] Fichier: /home/aza/.hermes/skills/cybersecurite/android-rooting-investigation/SKILL.md
[2026-07-23T18:38:13Z] [critic] Nouvelle taille: 9481 octets
[2026-07-23T18:38:13Z] [critic] ✓ YAML frontmatter valide après mise à jour
[2026-07-23T18:38:13Z] [critic] Review terminée pour skill:updated
[2026-07-23T18:38:13Z] [critic] → published wiki:update for adam-docs
[2026-07-23T18:38:43Z] [critic] Canal: skill:created | Source: watcher-skills | Skill: cybersecurite | Arg: 
[2026-07-23T18:38:43Z] [critic] Nouveau skill détecté: cybersecurite
[2026-07-23T18:38:43Z] [critic] Fichier: /home/aza/.hermes/skills/cybersecurite/android-rooting-investigation/references/nothing-fastboot-lockup.md
[2026-07-23T18:38:43Z] [critic] Taille: 2735 octets
[2026-07-23T18:38:43Z] [critic] ⚠ Pas de frontmatter YAML
[2026-07-23T18:38:43Z] [critic] Sections détectées: 9
[2026-07-23T18:38:43Z] [critic] Review terminée pour skill:created
[2026-07-23T18:38:43Z] [critic] → published wiki:update for adam-docs
[2026-07-23T18:39:25Z] [critic] Canal: skill:created | Source: watcher-skills | Skill: cybersecurite | Arg: 
[2026-07-23T18:39:25Z] [critic] Nouveau skill détecté: cybersecurite
[2026-07-23T18:39:25Z] [critic] Fichier: /home/aza/.hermes/skills/cybersecurite/android-rooting-investigation/references/kernel-exploit-recon.md
[2026-07-23T18:39:25Z] [critic] Taille: 6706 octets
[2026-07-23T18:39:25Z] [critic] ⚠ Pas de frontmatter YAML
[2026-07-23T18:39:25Z] [critic] Sections détectées: 40
[2026-07-23T18:39:25Z] [critic] Review terminée pour skill:created
[2026-07-23T18:39:25Z] [critic] → published wiki:update for adam-docs
[2026-07-23T18:41:14Z] [critic] Canal: skill:broken | Source: hive_cycler | Skill:  | Arg: 
[2026-07-23T18:41:14Z] [critic] Skill cassé: 
[2026-07-23T18:41:14Z] [critic] Erreur: 
[2026-07-23T18:41:14Z] [critic] ⚠ Fichier SKILL.md introuvable pour ''
[2026-07-23T18:45:35Z] [critic] Canal: skill:broken | Source: hive_cycler | Skill:  | Arg: 
[2026-07-23T18:45:35Z] [critic] Skill cassé: 
[2026-07-23T18:45:35Z] [critic] Erreur: 
[2026-07-23T18:45:35Z] [critic] ⚠ Fichier SKILL.md introuvable pour ''
[2026-07-23T18:49:56Z] [critic] Canal: skill:broken | Source: hive_cycler | Skill:  | Arg: 
[2026-07-23T18:49:56Z] [critic] Skill cassé: 
[2026-07-23T18:49:56Z] [critic] Erreur: 
[2026-07-23T18:49:56Z] [critic] ⚠ Fichier SKILL.md introuvable pour ''
[2026-07-23T18:54:19Z] [critic] Canal: skill:broken | Source: hive_cycler | Skill:  | Arg: 
[2026-07-23T18:54:19Z] [critic] Skill cassé: 
[2026-07-23T18:54:19Z] [critic] Erreur: 
[2026-07-23T18:54:19Z] [critic] ⚠ Fichier SKILL.md introuvable pour ''
[2026-07-23T18:58:40Z] [critic] Canal: skill:broken | Source: hive_cycler | Skill:  | Arg: 
[2026-07-23T18:58:40Z] [critic] Skill cassé: 
[2026-07-23T18:58:40Z] [critic] Erreur: 
[2026-07-23T18:58:40Z] [critic] ⚠ Fichier SKILL.md introuvable pour ''
[2026-07-23T19:03:01Z] [critic] Canal: skill:broken | Source: hive_cycler | Skill:  | Arg: 
[2026-07-23T19:03:01Z] [critic] Skill cassé: 
[2026-07-23T19:03:01Z] [critic] Erreur: 
[2026-07-23T19:03:01Z] [critic] ⚠ Fichier SKILL.md introuvable pour ''
[2026-07-23T19:07:22Z] [critic] Canal: skill:broken | Source: hive_cycler | Skill:  | Arg: 
[2026-07-23T19:07:22Z] [critic] Skill cassé: 
[2026-07-23T19:07:22Z] [critic] Erreur: 
[2026-07-23T19:07:22Z] [critic] ⚠ Fichier SKILL.md introuvable pour ''
[2026-07-23T19:09:14Z] [critic] Canal: skill:created | Source: watcher-skills | Skill: cybersecurite | Arg: 
[2026-07-23T19:09:14Z] [critic] Nouveau skill détecté: cybersecurite
[2026-07-23T19:09:14Z] [critic] Fichier: /home/aza/.hermes/skills/cybersecurite/android-kernel-exploitation/SKILL.md
[2026-07-23T19:09:14Z] [critic] Taille: 8995 octets
[2026-07-23T19:09:14Z] [critic] ✓ Frontmatter YAML présent
[2026-07-23T19:09:14Z] [critic] Sections détectées: 26
[2026-07-23T19:09:14Z] [critic] Review terminée pour skill:created
[2026-07-23T19:09:14Z] [critic] → published wiki:update for adam-docs
[2026-07-23T19:10:10Z] [critic] Canal: skill:created | Source: watcher-skills | Skill: cybersecurite | Arg: 
[2026-07-23T19:10:10Z] [critic] Nouveau skill détecté: cybersecurite
[2026-07-23T19:10:10Z] [critic] Fichier: /home/aza/.hermes/skills/cybersecurite/android-kernel-exploitation/references/android-kernel-attack-surface.md
[2026-07-23T19:10:10Z] [critic] Taille: 5671 octets
[2026-07-23T19:10:10Z] [critic] ⚠ Pas de frontmatter YAML
[2026-07-23T19:10:10Z] [critic] Sections détectées: 12
[2026-07-23T19:10:10Z] [critic] Review terminée pour skill:created
[2026-07-23T19:10:10Z] [critic] → published wiki:update for adam-docs
[2026-07-23T19:10:48Z] [critic] Canal: skill:updated | Source: watcher-skills | Skill: agents | Arg: 
[2026-07-23T19:10:48Z] [critic] Skill mis à jour: agents
[2026-07-23T19:10:48Z] [critic] Fichier: /home/aza/.hermes/skills/agents/adam-v2-infrastructure/SKILL.md
[2026-07-23T19:10:48Z] [critic] Nouvelle taille: 48163 octets
[2026-07-23T19:10:48Z] [critic] ✓ YAML frontmatter valide après mise à jour
[2026-07-23T19:10:48Z] [critic] Review terminée pour skill:updated
[2026-07-23T19:10:48Z] [critic] → published wiki:update for adam-docs
[2026-07-23T19:11:43Z] [critic] Canal: skill:broken | Source: hive_cycler | Skill:  | Arg: 
[2026-07-23T19:11:43Z] [critic] Skill cassé: 
[2026-07-23T19:11:43Z] [critic] Erreur: 
[2026-07-23T19:11:43Z] [critic] ⚠ Fichier SKILL.md introuvable pour ''
[2026-07-23T19:16:04Z] [critic] Canal: skill:broken | Source: hive_cycler | Skill:  | Arg: 
[2026-07-23T19:16:04Z] [critic] Skill cassé: 
[2026-07-23T19:16:04Z] [critic] Erreur: 
[2026-07-23T19:16:04Z] [critic] ⚠ Fichier SKILL.md introuvable pour ''
[2026-07-23T19:20:25Z] [critic] Canal: skill:broken | Source: hive_cycler | Skill:  | Arg: 
[2026-07-23T19:20:25Z] [critic] Skill cassé: 
[2026-07-23T19:20:25Z] [critic] Erreur: 
[2026-07-23T19:20:25Z] [critic] ⚠ Fichier SKILL.md introuvable pour ''
[2026-07-23T19:24:45Z] [critic] Canal: skill:broken | Source: hive_cycler | Skill:  | Arg: 
[2026-07-23T19:24:45Z] [critic] Skill cassé: 
[2026-07-23T19:24:45Z] [critic] Erreur: 
[2026-07-23T19:24:45Z] [critic] ⚠ Fichier SKILL.md introuvable pour ''
[2026-07-23T19:29:08Z] [critic] Canal: skill:broken | Source: hive_cycler | Skill:  | Arg: 
[2026-07-23T19:29:08Z] [critic] Skill cassé: 
[2026-07-23T19:29:08Z] [critic] Erreur: 
[2026-07-23T19:29:08Z] [critic] ⚠ Fichier SKILL.md introuvable pour ''
[2026-07-23T19:33:29Z] [critic] Canal: skill:broken | Source: hive_cycler | Skill:  | Arg: 
[2026-07-23T19:33:29Z] [critic] Skill cassé: 
[2026-07-23T19:33:29Z] [critic] Erreur: 
[2026-07-23T19:33:29Z] [critic] ⚠ Fichier SKILL.md introuvable pour ''
[2026-07-23T19:37:50Z] [critic] Canal: skill:broken | Source: hive_cycler | Skill:  | Arg: 
[2026-07-23T19:37:50Z] [critic] Skill cassé: 
[2026-07-23T19:37:50Z] [critic] Erreur: 
[2026-07-23T19:37:50Z] [critic] ⚠ Fichier SKILL.md introuvable pour ''
[2026-07-23T19:42:11Z] [critic] Canal: skill:broken | Source: hive_cycler | Skill:  | Arg: 
[2026-07-23T19:42:11Z] [critic] Skill cassé: 
[2026-07-23T19:42:11Z] [critic] Erreur: 
[2026-07-23T19:42:11Z] [critic] ⚠ Fichier SKILL.md introuvable pour ''
[2026-07-23T19:46:32Z] [critic] Canal: skill:broken | Source: hive_cycler | Skill:  | Arg: 
[2026-07-23T19:46:32Z] [critic] Skill cassé: 
[2026-07-23T19:46:32Z] [critic] Erreur: 
[2026-07-23T19:46:32Z] [critic] ⚠ Fichier SKILL.md introuvable pour ''
[2026-07-23T19:50:53Z] [critic] Canal: skill:broken | Source: hive_cycler | Skill:  | Arg: 
[2026-07-23T19:50:53Z] [critic] Skill cassé: 
[2026-07-23T19:50:53Z] [critic] Erreur: 
[2026-07-23T19:50:53Z] [critic] ⚠ Fichier SKILL.md introuvable pour ''
[2026-07-23T19:55:14Z] [critic] Canal: skill:broken | Source: hive_cycler | Skill:  | Arg: 
[2026-07-23T19:55:14Z] [critic] Skill cassé: 
[2026-07-23T19:55:14Z] [critic] Erreur: 
[2026-07-23T19:55:14Z] [critic] ⚠ Fichier SKILL.md introuvable pour ''
[2026-07-23T19:59:35Z] [critic] Canal: skill:broken | Source: hive_cycler | Skill:  | Arg: 
[2026-07-23T19:59:35Z] [critic] Skill cassé: 
[2026-07-23T19:59:35Z] [critic] Erreur: 
[2026-07-23T19:59:35Z] [critic] ⚠ Fichier SKILL.md introuvable pour ''
[2026-07-23T20:03:56Z] [critic] Canal: skill:broken | Source: hive_cycler | Skill:  | Arg: 
[2026-07-23T20:03:56Z] [critic] Skill cassé: 
[2026-07-23T20:03:56Z] [critic] Erreur: 
[2026-07-23T20:03:56Z] [critic] ⚠ Fichier SKILL.md introuvable pour ''
[2026-07-23T20:05:14Z] [critic] Canal: skill:created | Source: watcher-skills | Skill: agents | Arg: 
[2026-07-23T20:05:14Z] [critic] Nouveau skill détecté: agents
[2026-07-23T20:05:14Z] [critic] Fichier: /home/aza/.hermes/skills/agents/adam-v2-infrastructure/references/fix-handler-exit-codes.md
[2026-07-23T20:05:14Z] [critic] Taille: 5927 octets
[2026-07-23T20:05:14Z] [critic] ⚠ Pas de frontmatter YAML
[2026-07-23T20:05:14Z] [critic] Sections détectées: 13
[2026-07-23T20:05:14Z] [critic] Review terminée pour skill:created
[2026-07-23T20:05:14Z] [critic] → published wiki:update for adam-docs
[2026-07-23T20:05:35Z] [critic] Canal: skill:updated | Source: watcher-skills | Skill: agents | Arg: 
[2026-07-23T20:05:35Z] [critic] Skill mis à jour: agents
[2026-07-23T20:05:35Z] [critic] Fichier: /home/aza/.hermes/skills/agents/adam-v2-infrastructure/SKILL.md
[2026-07-23T20:05:35Z] [critic] Nouvelle taille: 49075 octets
[2026-07-23T20:05:35Z] [critic] ✓ YAML frontmatter valide après mise à jour
[2026-07-23T20:05:35Z] [critic] Review terminée pour skill:updated
[2026-07-23T20:05:35Z] [critic] → published wiki:update for adam-docs
[2026-07-23T20:08:17Z] [critic] Canal: skill:broken | Source: hive_cycler | Skill:  | Arg: 
[2026-07-23T20:08:17Z] [critic] Skill cassé: 
[2026-07-23T20:08:17Z] [critic] Erreur: 
[2026-07-23T20:08:17Z] [critic] ⚠ Fichier SKILL.md introuvable pour ''
[2026-07-23T20:12:40Z] [critic] Canal: skill:broken | Source: hive_cycler | Skill:  | Arg: 
[2026-07-23T20:12:40Z] [critic] Skill cassé: 
[2026-07-23T20:12:40Z] [critic] Erreur: 
[2026-07-23T20:12:40Z] [critic] ⚠ Fichier SKILL.md introuvable pour ''
[2026-07-23T20:17:01Z] [critic] Canal: skill:broken | Source: hive_cycler | Skill:  | Arg: 
[2026-07-23T20:17:01Z] [critic] Skill cassé: 
[2026-07-23T20:17:01Z] [critic] Erreur: 
[2026-07-23T20:17:01Z] [critic] ⚠ Fichier SKILL.md introuvable pour ''
[2026-07-23T20:21:22Z] [critic] Canal: skill:broken | Source: hive_cycler | Skill:  | Arg: 
[2026-07-23T20:21:22Z] [critic] Skill cassé: 
[2026-07-23T20:21:22Z] [critic] Erreur: 
[2026-07-23T20:21:22Z] [critic] ⚠ Fichier SKILL.md introuvable pour ''
[2026-07-23T20:25:43Z] [critic] Canal: skill:broken | Source: hive_cycler | Skill:  | Arg: 
[2026-07-23T20:25:43Z] [critic] Skill cassé: 
[2026-07-23T20:25:43Z] [critic] Erreur: 
[2026-07-23T20:25:43Z] [critic] ⚠ Fichier SKILL.md introuvable pour ''
[2026-07-23T20:29:10Z] [INFO] Processing: channel=evolution:code_review
[2026-07-23T20:29:10Z] [INFO] No files specified — scanning default directories
[2026-07-23T20:29:10Z] [INFO] === Code scan: 21 files ===
[2026-07-23T20:29:10Z] [INFO]   Total findings: 30
[2026-07-23T20:29:10Z] [INFO]   Files with errors: 1
[2026-07-23T20:29:10Z] [INFO]   📝 Task created: /home/aza/eva-adam-v2/tasks/task-refactor-high_complexity-20260723-202910.md
[2026-07-23T20:29:10Z] [INFO]   📝 Task created: /home/aza/eva-adam-v2/tasks/task-refactor-high_complexity-20260723-202910.md
[2026-07-23T20:29:10Z] [INFO]   📝 Task created: /home/aza/eva-adam-v2/tasks/task-refactor-high_complexity-20260723-202910.md
[2026-07-23T20:29:10Z] [INFO]   📝 Task created: /home/aza/eva-adam-v2/tasks/task-refactor-high_complexity-20260723-202910.md
[2026-07-23T20:29:10Z] [INFO]   📝 Task created: /home/aza/eva-adam-v2/tasks/task-refactor-high_complexity-20260723-202910.md
[2026-07-23T20:29:10Z] [INFO]   📝 Task created: /home/aza/eva-adam-v2/tasks/task-refactor-high_complexity-20260723-202910.md
[2026-07-23T20:29:10Z] [ERROR] 🚨 CRITICAL: /home/aza/scripts/doctor-watch.py:286 — SyntaxError: unexpected indent
[2026-07-23T20:29:10Z] [INFO]   📝 Task created: /home/aza/eva-adam-v2/tasks/task-critical-syntax_error-20260723-202910.md
[2026-07-23T20:29:10Z] [INFO] Published on security:alert: Published: #13301 channel=security:alert source=adam-critic
[2026-07-23T20:29:10Z] [INFO]   Removed line 27: import sys
[2026-07-23T20:29:10Z] [INFO]   ✅ Auto-fix applied: /home/aza/scripts/adam-red-challenge.py
[2026-07-23T20:29:10Z] [INFO]   📝 Task created: /home/aza/eva-adam-v2/tasks/task-refactor-high_complexity-20260723-202910.md
[2026-07-23T20:29:10Z] [INFO]   📝 Task created: /home/aza/eva-adam-v2/tasks/task-refactor-high_complexity-20260723-202910.md
[2026-07-23T20:29:11Z] [INFO]   📝 Task created: /home/aza/eva-adam-v2/tasks/task-refactor-high_complexity-20260723-202910.md
[2026-07-23T20:29:11Z] [INFO]   📝 Task created: /home/aza/eva-adam-v2/tasks/task-refactor-high_complexity-20260723-202911.md
[2026-07-23T20:29:11Z] [INFO]   📝 Task created: /home/aza/eva-adam-v2/tasks/task-refactor-high_complexity-20260723-202911.md
[2026-07-23T20:29:11Z] [INFO]   📝 Task created: /home/aza/eva-adam-v2/tasks/task-refactor-high_complexity-20260723-202911.md
[2026-07-23T20:29:11Z] [INFO] === Scan results ===
[2026-07-23T20:29:11Z] [INFO]   Files scanned: 21
[2026-07-23T20:29:11Z] [INFO]   Total findings: 30
[2026-07-23T20:29:11Z] [INFO]   Fixes applied: 1
[2026-07-23T20:29:11Z] [INFO]   Tasks created: 13
[2026-07-23T20:29:11Z] [INFO]   Alerts sent: 1
[2026-07-23T20:29:11Z] [INFO]   By type: {'unused_import': 10, 'high_complexity': 12, 'todo_fixme': 7, 'syntax_error': 1}
[2026-07-23T20:29:11Z] [INFO]   Fixed files: ['/home/aza/scripts/adam-red-challenge.py']
[2026-07-23T20:29:11Z] [INFO] Published on git:changes_detected: Published: #13302 channel=git:changes_detected source=adam-critic
[2026-07-23T20:29:11Z] [INFO] Published on wiki:update: Published: #13303 channel=wiki:update source=adam-critic
[2026-07-23T20:29:30Z] [INFO] Processing: channel=evolution:code_review
[2026-07-23T20:29:30Z] [INFO] No files specified — scanning default directories
[2026-07-23T20:29:30Z] [INFO] === Code scan: 21 files ===
[2026-07-23T20:29:30Z] [INFO] Processing: channel=evolution:code_review
[2026-07-23T20:29:30Z] [INFO] No files specified — scanning default directories
[2026-07-23T20:29:30Z] [INFO] === Code scan: 21 files ===
[2026-07-23T20:29:31Z] [INFO]   Total findings: 29
[2026-07-23T20:29:31Z] [INFO]   Files with errors: 0
[2026-07-23T20:29:31Z] [INFO]   📝 Task created: /home/aza/eva-adam-v2/tasks/task-refactor-high_complexity-20260723-202931.md
[2026-07-23T20:29:31Z] [INFO]   📝 Task created: /home/aza/eva-adam-v2/tasks/task-refactor-high_complexity-20260723-202931.md
[2026-07-23T20:29:31Z] [INFO]   📝 Task created: /home/aza/eva-adam-v2/tasks/task-refactor-high_complexity-20260723-202931.md
[2026-07-23T20:29:31Z] [INFO]   📝 Task created: /home/aza/eva-adam-v2/tasks/task-refactor-high_complexity-20260723-202931.md
[2026-07-23T20:29:31Z] [INFO]   📝 Task created: /home/aza/eva-adam-v2/tasks/task-refactor-high_complexity-20260723-202931.md
[2026-07-23T20:29:31Z] [INFO]   📝 Task created: /home/aza/eva-adam-v2/tasks/task-refactor-high_complexity-20260723-202931.md
[2026-07-23T20:29:31Z] [INFO]   📝 Task created: /home/aza/eva-adam-v2/tasks/task-refactor-high_complexity-20260723-202931.md
[2026-07-23T20:29:31Z] [INFO]   Removed line 27: import time
[2026-07-23T20:29:31Z] [INFO]   ✅ Auto-fix applied: /home/aza/scripts/adam-red-challenge.py
[2026-07-23T20:29:31Z] [INFO]   📝 Task created: /home/aza/eva-adam-v2/tasks/task-refactor-high_complexity-20260723-202931.md
[2026-07-23T20:29:31Z] [INFO]   📝 Task created: /home/aza/eva-adam-v2/tasks/task-refactor-high_complexity-20260723-202931.md
[2026-07-23T20:29:31Z] [INFO]   📝 Task created: /home/aza/eva-adam-v2/tasks/task-refactor-high_complexity-20260723-202931.md
[2026-07-23T20:29:31Z] [INFO]   📝 Task created: /home/aza/eva-adam-v2/tasks/task-refactor-high_complexity-20260723-202931.md
[2026-07-23T20:29:31Z] [INFO]   📝 Task created: /home/aza/eva-adam-v2/tasks/task-refactor-high_complexity-20260723-202931.md
[2026-07-23T20:29:31Z] [INFO]   📝 Task created: /home/aza/eva-adam-v2/tasks/task-refactor-high_complexity-20260723-202931.md
[2026-07-23T20:29:31Z] [INFO] === Scan results ===
[2026-07-23T20:29:31Z] [INFO]   Files scanned: 21
[2026-07-23T20:29:31Z] [INFO]   Total findings: 29
[2026-07-23T20:29:31Z] [INFO]   Fixes applied: 1
[2026-07-23T20:29:31Z] [INFO]   Tasks created: 13
[2026-07-23T20:29:31Z] [INFO]   Alerts sent: 0
[2026-07-23T20:29:31Z] [INFO]   By type: {'unused_import': 9, 'high_complexity': 13, 'todo_fixme': 7}
[2026-07-23T20:29:31Z] [INFO]   Fixed files: ['/home/aza/scripts/adam-red-challenge.py']
[2026-07-23T20:29:31Z] [INFO]   Total findings: 29
[2026-07-23T20:29:31Z] [INFO]   Files with errors: 0
[2026-07-23T20:29:31Z] [INFO]   📝 Task created: /home/aza/eva-adam-v2/tasks/task-refactor-high_complexity-20260723-202931.md
[2026-07-23T20:29:31Z] [INFO]   📝 Task created: /home/aza/eva-adam-v2/tasks/task-refactor-high_complexity-20260723-202931.md
[2026-07-23T20:29:31Z] [INFO]   📝 Task created: /home/aza/eva-adam-v2/tasks/task-refactor-high_complexity-20260723-202931.md
[2026-07-23T20:29:31Z] [INFO]   📝 Task created: /home/aza/eva-adam-v2/tasks/task-refactor-high_complexity-20260723-202931.md
[2026-07-23T20:29:31Z] [INFO]   📝 Task created: /home/aza/eva-adam-v2/tasks/task-refactor-high_complexity-20260723-202931.md
[2026-07-23T20:29:31Z] [INFO]   📝 Task created: /home/aza/eva-adam-v2/tasks/task-refactor-high_complexity-20260723-202931.md
[2026-07-23T20:29:31Z] [INFO]   📝 Task created: /home/aza/eva-adam-v2/tasks/task-refactor-high_complexity-20260723-202931.md
[2026-07-23T20:29:31Z] [INFO]   📝 Task created: /home/aza/eva-adam-v2/tasks/task-refactor-high_complexity-20260723-202931.md
[2026-07-23T20:29:31Z] [INFO]   📝 Task created: /home/aza/eva-adam-v2/tasks/task-refactor-high_complexity-20260723-202931.md
[2026-07-23T20:29:31Z] [INFO]   📝 Task created: /home/aza/eva-adam-v2/tasks/task-refactor-high_complexity-20260723-202931.md
[2026-07-23T20:29:31Z] [INFO]   📝 Task created: /home/aza/eva-adam-v2/tasks/task-refactor-high_complexity-20260723-202931.md
[2026-07-23T20:29:31Z] [INFO]   📝 Task created: /home/aza/eva-adam-v2/tasks/task-refactor-high_complexity-20260723-202931.md
[2026-07-23T20:29:31Z] [INFO]   📝 Task created: /home/aza/eva-adam-v2/tasks/task-refactor-high_complexity-20260723-202931.md
[2026-07-23T20:29:31Z] [INFO] === Scan results ===
[2026-07-23T20:29:31Z] [INFO]   Files scanned: 21
[2026-07-23T20:29:31Z] [INFO]   Total findings: 29
[2026-07-23T20:29:31Z] [INFO]   Fixes applied: 0
[2026-07-23T20:29:31Z] [INFO]   Tasks created: 13
[2026-07-23T20:29:31Z] [INFO]   Alerts sent: 0
[2026-07-23T20:29:31Z] [INFO]   By type: {'unused_import': 9, 'high_complexity': 13, 'todo_fixme': 7}
[2026-07-23T20:29:31Z] [INFO] Published on git:changes_detected: Published: #13324 channel=git:changes_detected source=adam-critic
[2026-07-23T20:29:31Z] [INFO] Published on wiki:update: Published: #13325 channel=wiki:update source=adam-critic
[2026-07-23T20:29:31Z] [INFO] Published on wiki:update: Published: #13326 channel=wiki:update source=adam-critic
[2026-07-23T20:30:05Z] [critic] Canal: skill:broken | Source: hive_cycler | Skill:  | Arg: 
[2026-07-23T20:30:05Z] [critic] Skill cassé: 
[2026-07-23T20:30:05Z] [critic] Erreur: 
[2026-07-23T20:30:05Z] [critic] ⚠ Fichier SKILL.md introuvable pour ''
[2026-07-23T20:34:26Z] [critic] Canal: skill:broken | Source: hive_cycler | Skill:  | Arg: 
[2026-07-23T20:34:26Z] [critic] Skill cassé: 
[2026-07-23T20:34:26Z] [critic] Erreur: 
[2026-07-23T20:34:26Z] [critic] ⚠ Fichier SKILL.md introuvable pour ''
[2026-07-23T20:35:42Z] [critic] Canal: skill:updated | Source: watcher-skills | Skill: multi-agent | Arg: 
[2026-07-23T20:35:42Z] [critic] Skill mis à jour: multi-agent
[2026-07-23T20:35:42Z] [critic] Fichier: /home/aza/.hermes/skills/multi-agent/adam-event-bus-system/SKILL.md
[2026-07-23T20:35:42Z] [critic] Nouvelle taille: 15391 octets
[2026-07-23T20:35:42Z] [critic] ✓ YAML frontmatter valide après mise à jour
[2026-07-23T20:35:42Z] [critic] Review terminée pour skill:updated
[2026-07-23T20:35:42Z] [critic] → published wiki:update for adam-docs
[2026-07-23T20:36:04Z] [critic] Canal: skill:created | Source: watcher-skills | Skill: multi-agent | Arg: 
[2026-07-23T20:36:04Z] [critic] Nouveau skill détecté: multi-agent
[2026-07-23T20:36:04Z] [critic] Fichier: /home/aza/.hermes/skills/multi-agent/adam-event-bus-system/references/cron-periodic-trigger.md
[2026-07-23T20:36:04Z] [critic] Taille: 2872 octets
[2026-07-23T20:36:04Z] [critic] ⚠ Pas de frontmatter YAML
[2026-07-23T20:36:04Z] [critic] Sections détectées: 19
[2026-07-23T20:36:04Z] [critic] Review terminée pour skill:created
[2026-07-23T20:36:04Z] [critic] → published wiki:update for adam-docs
[2026-07-23T20:36:22Z] [critic] Canal: skill:updated | Source: watcher-skills | Skill: multi-agent | Arg: 
[2026-07-23T20:36:22Z] [critic] Skill mis à jour: multi-agent
[2026-07-23T20:36:22Z] [critic] Fichier: /home/aza/.hermes/skills/multi-agent/adam-event-bus-system/SKILL.md
[2026-07-23T20:36:22Z] [critic] Nouvelle taille: 15391 octets
[2026-07-23T20:36:22Z] [critic] ✓ YAML frontmatter valide après mise à jour
[2026-07-23T20:36:22Z] [critic] Review terminée pour skill:updated
[2026-07-23T20:36:22Z] [critic] → published wiki:update for adam-docs
[2026-07-23T20:36:26Z] [critic] Canal: skill:updated | Source: watcher-skills | Skill: multi-agent | Arg: 
[2026-07-23T20:36:26Z] [critic] Skill mis à jour: multi-agent
[2026-07-23T20:36:26Z] [critic] Fichier: /home/aza/.hermes/skills/multi-agent/adam-event-bus-system/SKILL.md
[2026-07-23T20:36:26Z] [critic] Nouvelle taille: 15391 octets
[2026-07-23T20:36:26Z] [critic] ✓ YAML frontmatter valide après mise à jour
[2026-07-23T20:36:26Z] [critic] Review terminée pour skill:updated
[2026-07-23T20:36:26Z] [critic] → published wiki:update for adam-docs
[2026-07-23T20:36:44Z] [critic] Canal: skill:updated | Source: watcher-skills | Skill: multi-agent | Arg: 
[2026-07-23T20:36:44Z] [critic] Skill mis à jour: multi-agent
[2026-07-23T20:36:44Z] [critic] Fichier: /home/aza/.hermes/skills/multi-agent/adam-event-bus-system/SKILL.md
[2026-07-23T20:36:44Z] [critic] Nouvelle taille: 15391 octets
[2026-07-23T20:36:44Z] [critic] ✓ YAML frontmatter valide après mise à jour
[2026-07-23T20:36:44Z] [critic] Review terminée pour skill:updated
[2026-07-23T20:36:44Z] [critic] → published wiki:update for adam-docs
