[2026-07-23T07:29:11+02:00] [INFO] [deploy.sh] ━━━━━━━━━━━━━━━━━━━━━━━━━━━━━━━━━━━━━━━━━━━━━━━━
[2026-07-23T07:29:11+02:00] [INFO] [deploy.sh] Appel reçu | channel=hardware:disk_alert source=test args=--cleanup
[2026-07-23T07:29:12+02:00] [INFO] [deploy.sh] Payload: {}
[2026-07-23T07:29:12+02:00] [INFO] [deploy.sh] === DÉBUT NETTOYAGE (disk_alert) ===
[2026-07-23T07:29:12+02:00] [INFO] [deploy.sh] Nettoyage des logs >7j dans /home/aza/eva-adam-v2/logs...
[2026-07-23T07:29:12+02:00] [INFO] [deploy.sh]   Aucun log >7j à nettoyer
[2026-07-23T07:29:12+02:00] [INFO] [deploy.sh] Rotation des logs self_heal.log.old (max 5 archives)...
[2026-07-23T07:29:12+02:00] [INFO] [deploy.sh] Nettoyage des fichiers WAL/SHM de event_bus.db...
[2026-07-23T07:29:12+02:00] [INFO] [deploy.sh]   Supprimé: event_bus.db-wal (0 bytes)
[2026-07-23T07:29:12+02:00] [INFO] [deploy.sh]   Supprimé: event_bus.db-shm (32768 bytes)
[2026-07-23T07:29:12+02:00] [INFO] [deploy.sh] Checkpoint WAL sur event_bus.db...
[2026-07-23T07:29:12+02:00] [INFO] [deploy.sh] sqlite: DB checkpoint ignoré: database is locked
[2026-07-23T07:29:12+02:00] [INFO] [deploy.sh] Nettoyage des fichiers /tmp/adam-*...
[2026-07-23T07:29:12+02:00] [INFO] [deploy.sh]   0 fichier(s) temporaire(s) supprimé(s)
[2026-07-23T07:29:12+02:00] [INFO] [deploy.sh] === NETTOYAGE TERMINÉ ===
[2026-07-23T07:29:12+02:00] [INFO] [deploy.sh] Espace libéré: 0 MB (32768 bytes)
[2026-07-23T07:29:12+02:00] [INFO] [deploy.sh] Avant: /dev/mapper/TheHive--vg-root   433G    253G  158G  62% /
[2026-07-23T07:29:12+02:00] [INFO] [deploy.sh] Après: /dev/mapper/TheHive--vg-root   433G    253G  158G  62% /
[2026-07-23T07:29:12+02:00] [INFO] [deploy.sh] Terminé (exit 0)
[2026-07-23T07:36:16+02:00] [INFO] [deploy.sh] ━━━━━━━━━━━━━━━━━━━━━━━━━━━━━━━━━━━━━━━━━━━━━━━━
[2026-07-23T07:36:16+02:00] [INFO] [deploy.sh] Appel reçu | channel=service:down source=monitor args=
[2026-07-23T07:36:16+02:00] [INFO] [deploy.sh] Payload: {"service": "nonexistent", "action": "restart"}
[2026-07-23T07:36:16+02:00] [WARN] [deploy.sh] Aucun argument reconnu — utilisation: /home/aza/scripts/deploy.sh [--cleanup|--restart]
[2026-07-23T07:36:16+02:00] [INFO] [deploy.sh] Usage:
[2026-07-23T07:36:16+02:00] [INFO] [deploy.sh]   --cleanup   Nettoyer logs anciens, WAL, /tmp/adam-*
[2026-07-23T07:36:16+02:00] [INFO] [deploy.sh]   --restart   Redémarrer un service depuis ADAM_EVENT_PAYLOAD.service
[2026-07-23T07:36:16+02:00] [INFO] [deploy.sh] Terminé (exit 0)
[2026-07-23T07:54:38+02:00] [INFO] [deploy.sh] ━━━━━━━━━━━━━━━━━━━━━━━━━━━━━━━━━━━━━━━━━━━━━━━━
[2026-07-23T07:54:38+02:00] [INFO] [deploy.sh] Appel reçu | channel=hardware:disk_alert source=e2e-multi args=--cleanup
[2026-07-23T07:54:38+02:00] [INFO] [deploy.sh] Payload: {"usage_pct": 61, "mount": "/"}
[2026-07-23T07:54:38+02:00] [INFO] [deploy.sh] === DÉBUT NETTOYAGE (disk_alert) ===
[2026-07-23T07:54:38+02:00] [INFO] [deploy.sh] Nettoyage des logs >7j dans /home/aza/eva-adam-v2/logs...
[2026-07-23T07:54:38+02:00] [INFO] [deploy.sh]   Aucun log >7j à nettoyer
[2026-07-23T07:54:38+02:00] [INFO] [deploy.sh] Rotation des logs self_heal.log.old (max 5 archives)...
[2026-07-23T07:54:38+02:00] [INFO] [deploy.sh] Nettoyage des fichiers WAL/SHM de event_bus.db...
[2026-07-23T07:54:38+02:00] [INFO] [deploy.sh]   Supprimé: event_bus.db-wal (1487352 bytes)
[2026-07-23T07:54:38+02:00] [INFO] [deploy.sh]   Supprimé: event_bus.db-shm (32768 bytes)
[2026-07-23T07:54:38+02:00] [INFO] [deploy.sh] Checkpoint WAL sur event_bus.db...
[2026-07-23T07:54:38+02:00] [INFO] [deploy.sh] sqlite: DB checkpoint ignoré: database is locked
[2026-07-23T07:54:38+02:00] [INFO] [deploy.sh] Nettoyage des fichiers /tmp/adam-*...
[2026-07-23T07:54:38+02:00] [INFO] [deploy.sh]   0 fichier(s) temporaire(s) supprimé(s)
[2026-07-23T07:54:38+02:00] [INFO] [deploy.sh] === NETTOYAGE TERMINÉ ===
[2026-07-23T07:54:38+02:00] [INFO] [deploy.sh] Espace libéré: 1 MB (1520120 bytes)
[2026-07-23T07:54:38+02:00] [INFO] [deploy.sh] Avant: /dev/mapper/TheHive--vg-root   433G    253G  158G  62% /
[2026-07-23T07:54:38+02:00] [INFO] [deploy.sh] Après: /dev/mapper/TheHive--vg-root   433G    253G  158G  62% /
[2026-07-23T07:54:38+02:00] [INFO] [deploy.sh] Terminé (exit 0)
[2026-07-23T08:37:29+02:00] [INFO] [deploy.sh] ━━━━━━━━━━━━━━━━━━━━━━━━━━━━━━━━━━━━━━━━━━━━━━━━
[2026-07-23T08:37:29+02:00] [INFO] [deploy.sh] Appel reçu | channel=hardware:disk_alert source=system args=
[2026-07-23T08:37:29+02:00] [INFO] [deploy.sh] ━━━━━━━━━━━━━━━━━━━━━━━━━━━━━━━━━━━━━━━━━━━━━━━━
[2026-07-23T08:37:29+02:00] [INFO] [deploy.sh] Payload: {"disk": "/", "usage_pct": 62, "msg": "Disk usage check"}
[2026-07-23T08:37:29+02:00] [INFO] [deploy.sh] Appel reçu | channel=service:down source=system args=
[2026-07-23T08:37:29+02:00] [WARN] [deploy.sh] Aucun argument reconnu — utilisation: /home/aza/scripts/deploy.sh [--cleanup|--restart]
[2026-07-23T08:37:29+02:00] [INFO] [deploy.sh] Payload: {"service": "test-service", "msg": "Health check ping"}
[2026-07-23T08:37:29+02:00] [INFO] [deploy.sh] Usage:
[2026-07-23T08:37:29+02:00] [WARN] [deploy.sh] Aucun argument reconnu — utilisation: /home/aza/scripts/deploy.sh [--cleanup|--restart]
[2026-07-23T08:37:29+02:00] [INFO] [deploy.sh]   --cleanup   Nettoyer logs anciens, WAL, /tmp/adam-*
[2026-07-23T08:37:29+02:00] [INFO] [deploy.sh] Usage:
[2026-07-23T08:37:29+02:00] [INFO] [deploy.sh]   --restart   Redémarrer un service depuis ADAM_EVENT_PAYLOAD.service
[2026-07-23T08:37:29+02:00] [INFO] [deploy.sh]   --cleanup   Nettoyer logs anciens, WAL, /tmp/adam-*
[2026-07-23T08:37:29+02:00] [INFO] [deploy.sh] Terminé (exit 0)
[2026-07-23T08:37:29+02:00] [INFO] [deploy.sh]   --restart   Redémarrer un service depuis ADAM_EVENT_PAYLOAD.service
[2026-07-23T08:37:29+02:00] [INFO] [deploy.sh] Terminé (exit 0)
[2026-07-23T08:39:31+02:00] [INFO] [deploy.sh] ━━━━━━━━━━━━━━━━━━━━━━━━━━━━━━━━━━━━━━━━━━━━━━━━
[2026-07-23T08:39:31+02:00] [INFO] [deploy.sh] Appel reçu | channel=hardware:disk_alert source=hive_cycler args=
[2026-07-23T08:39:31+02:00] [INFO] [deploy.sh] Payload: {"disk": "/", "usage_pct": 62, "hostname": "TheHive", "msg": "Periodic disk check"}
[2026-07-23T08:39:31+02:00] [WARN] [deploy.sh] Aucun argument reconnu — utilisation: /home/aza/scripts/deploy.sh [--cleanup|--restart]
[2026-07-23T08:39:31+02:00] [INFO] [deploy.sh] Usage:
[2026-07-23T08:39:31+02:00] [INFO] [deploy.sh]   --cleanup   Nettoyer logs anciens, WAL, /tmp/adam-*
[2026-07-23T08:39:31+02:00] [INFO] [deploy.sh]   --restart   Redémarrer un service depuis ADAM_EVENT_PAYLOAD.service
[2026-07-23T08:39:31+02:00] [INFO] [deploy.sh] Terminé (exit 0)
[2026-07-23T08:41:47+02:00] [INFO] [deploy.sh] ━━━━━━━━━━━━━━━━━━━━━━━━━━━━━━━━━━━━━━━━━━━━━━━━
[2026-07-23T08:41:47+02:00] [INFO] [deploy.sh] Appel reçu | channel=hardware:disk_alert source=hive_cycler args=
[2026-07-23T08:41:47+02:00] [INFO] [deploy.sh] Payload: {"disk": "/", "usage_pct": 62, "hostname": "TheHive", "msg": "Periodic disk check"}
[2026-07-23T08:41:47+02:00] [WARN] [deploy.sh] Aucun argument reconnu — utilisation: /home/aza/scripts/deploy.sh [--cleanup|--restart]
[2026-07-23T08:41:47+02:00] [INFO] [deploy.sh] Usage:
[2026-07-23T08:41:47+02:00] [INFO] [deploy.sh]   --cleanup   Nettoyer logs anciens, WAL, /tmp/adam-*
[2026-07-23T08:41:47+02:00] [INFO] [deploy.sh]   --restart   Redémarrer un service depuis ADAM_EVENT_PAYLOAD.service
[2026-07-23T08:41:47+02:00] [INFO] [deploy.sh] Terminé (exit 0)
[2026-07-23T08:46:07+02:00] [INFO] [deploy.sh] ━━━━━━━━━━━━━━━━━━━━━━━━━━━━━━━━━━━━━━━━━━━━━━━━
[2026-07-23T08:46:07+02:00] [INFO] [deploy.sh] ━━━━━━━━━━━━━━━━━━━━━━━━━━━━━━━━━━━━━━━━━━━━━━━━
[2026-07-23T08:46:07+02:00] [INFO] [deploy.sh] Appel reçu | channel=service:down source=hive_cycler args=
[2026-07-23T08:46:07+02:00] [INFO] [deploy.sh] Appel reçu | channel=hardware:disk_alert source=hive_cycler args=
[2026-07-23T08:46:07+02:00] [INFO] [deploy.sh] Payload: {"msg": "Health check ping", "hostname": "TheHive"}
[2026-07-23T08:46:07+02:00] [INFO] [deploy.sh] Payload: {"disk": "/", "usage_pct": 62, "hostname": "TheHive", "msg": "Periodic disk check"}
[2026-07-23T08:46:07+02:00] [WARN] [deploy.sh] Aucun argument reconnu — utilisation: /home/aza/scripts/deploy.sh [--cleanup|--restart]
[2026-07-23T08:46:07+02:00] [WARN] [deploy.sh] Aucun argument reconnu — utilisation: /home/aza/scripts/deploy.sh [--cleanup|--restart]
[2026-07-23T08:46:07+02:00] [INFO] [deploy.sh] Usage:
[2026-07-23T08:46:07+02:00] [INFO] [deploy.sh] Usage:
[2026-07-23T08:46:07+02:00] [INFO] [deploy.sh]   --cleanup   Nettoyer logs anciens, WAL, /tmp/adam-*
[2026-07-23T08:46:07+02:00] [INFO] [deploy.sh]   --cleanup   Nettoyer logs anciens, WAL, /tmp/adam-*
[2026-07-23T08:46:07+02:00] [INFO] [deploy.sh]   --restart   Redémarrer un service depuis ADAM_EVENT_PAYLOAD.service
[2026-07-23T08:46:07+02:00] [INFO] [deploy.sh]   --restart   Redémarrer un service depuis ADAM_EVENT_PAYLOAD.service
[2026-07-23T08:46:07+02:00] [INFO] [deploy.sh] Terminé (exit 0)
[2026-07-23T08:46:07+02:00] [INFO] [deploy.sh] Terminé (exit 0)
[2026-07-23T08:50:27+02:00] [INFO] [deploy.sh] ━━━━━━━━━━━━━━━━━━━━━━━━━━━━━━━━━━━━━━━━━━━━━━━━
[2026-07-23T08:50:27+02:00] [INFO] [deploy.sh] ━━━━━━━━━━━━━━━━━━━━━━━━━━━━━━━━━━━━━━━━━━━━━━━━
[2026-07-23T08:50:27+02:00] [INFO] [deploy.sh] Appel reçu | channel=service:down source=hive_cycler args=
[2026-07-23T08:50:27+02:00] [INFO] [deploy.sh] Appel reçu | channel=hardware:disk_alert source=hive_cycler args=
[2026-07-23T08:50:27+02:00] [INFO] [deploy.sh] Payload: {"msg": "Health check ping", "hostname": "TheHive"}
[2026-07-23T08:50:27+02:00] [INFO] [deploy.sh] Payload: {"disk": "/", "usage_pct": 62, "hostname": "TheHive", "msg": "Periodic disk check"}
[2026-07-23T08:50:27+02:00] [WARN] [deploy.sh] Aucun argument reconnu — utilisation: /home/aza/scripts/deploy.sh [--cleanup|--restart]
[2026-07-23T08:50:27+02:00] [WARN] [deploy.sh] Aucun argument reconnu — utilisation: /home/aza/scripts/deploy.sh [--cleanup|--restart]
[2026-07-23T08:50:27+02:00] [INFO] [deploy.sh] Usage:
[2026-07-23T08:50:27+02:00] [INFO] [deploy.sh] Usage:
[2026-07-23T08:50:27+02:00] [INFO] [deploy.sh]   --cleanup   Nettoyer logs anciens, WAL, /tmp/adam-*
[2026-07-23T08:50:27+02:00] [INFO] [deploy.sh]   --cleanup   Nettoyer logs anciens, WAL, /tmp/adam-*
[2026-07-23T08:50:27+02:00] [INFO] [deploy.sh]   --restart   Redémarrer un service depuis ADAM_EVENT_PAYLOAD.service
[2026-07-23T08:50:27+02:00] [INFO] [deploy.sh]   --restart   Redémarrer un service depuis ADAM_EVENT_PAYLOAD.service
[2026-07-23T08:50:27+02:00] [INFO] [deploy.sh] Terminé (exit 0)
[2026-07-23T08:50:27+02:00] [INFO] [deploy.sh] Terminé (exit 0)
[2026-07-23T08:54:47+02:00] [INFO] [deploy.sh] ━━━━━━━━━━━━━━━━━━━━━━━━━━━━━━━━━━━━━━━━━━━━━━━━
[2026-07-23T08:54:47+02:00] [INFO] [deploy.sh] ━━━━━━━━━━━━━━━━━━━━━━━━━━━━━━━━━━━━━━━━━━━━━━━━
[2026-07-23T08:54:47+02:00] [INFO] [deploy.sh] Appel reçu | channel=service:down source=hive_cycler args=
[2026-07-23T08:54:47+02:00] [INFO] [deploy.sh] Appel reçu | channel=hardware:disk_alert source=hive_cycler args=
[2026-07-23T08:54:47+02:00] [INFO] [deploy.sh] Payload: {"msg": "Health check ping", "hostname": "TheHive"}
[2026-07-23T08:54:47+02:00] [INFO] [deploy.sh] Payload: {"disk": "/", "usage_pct": 62, "hostname": "TheHive", "msg": "Periodic disk check"}
[2026-07-23T08:54:47+02:00] [WARN] [deploy.sh] Aucun argument reconnu — utilisation: /home/aza/scripts/deploy.sh [--cleanup|--restart]
[2026-07-23T08:54:47+02:00] [WARN] [deploy.sh] Aucun argument reconnu — utilisation: /home/aza/scripts/deploy.sh [--cleanup|--restart]
[2026-07-23T08:54:47+02:00] [INFO] [deploy.sh] Usage:
[2026-07-23T08:54:47+02:00] [INFO] [deploy.sh] Usage:
[2026-07-23T08:54:47+02:00] [INFO] [deploy.sh]   --cleanup   Nettoyer logs anciens, WAL, /tmp/adam-*
[2026-07-23T08:54:47+02:00] [INFO] [deploy.sh]   --cleanup   Nettoyer logs anciens, WAL, /tmp/adam-*
[2026-07-23T08:54:47+02:00] [INFO] [deploy.sh]   --restart   Redémarrer un service depuis ADAM_EVENT_PAYLOAD.service
[2026-07-23T08:54:47+02:00] [INFO] [deploy.sh]   --restart   Redémarrer un service depuis ADAM_EVENT_PAYLOAD.service
[2026-07-23T08:54:47+02:00] [INFO] [deploy.sh] Terminé (exit 0)
[2026-07-23T08:54:47+02:00] [INFO] [deploy.sh] Terminé (exit 0)
[2026-07-23T08:59:07+02:00] [INFO] [deploy.sh] ━━━━━━━━━━━━━━━━━━━━━━━━━━━━━━━━━━━━━━━━━━━━━━━━
[2026-07-23T08:59:07+02:00] [INFO] [deploy.sh] Appel reçu | channel=service:down source=hive_cycler args=
[2026-07-23T08:59:07+02:00] [INFO] [deploy.sh] Payload: {"msg": "Health check ping", "hostname": "TheHive"}
[2026-07-23T08:59:07+02:00] [WARN] [deploy.sh] Aucun argument reconnu — utilisation: /home/aza/scripts/deploy.sh [--cleanup|--restart]
[2026-07-23T08:59:07+02:00] [INFO] [deploy.sh] Usage:
[2026-07-23T08:59:07+02:00] [INFO] [deploy.sh]   --cleanup   Nettoyer logs anciens, WAL, /tmp/adam-*
[2026-07-23T08:59:07+02:00] [INFO] [deploy.sh]   --restart   Redémarrer un service depuis ADAM_EVENT_PAYLOAD.service
[2026-07-23T08:59:07+02:00] [INFO] [deploy.sh] Terminé (exit 0)
[2026-07-23T08:59:09+02:00] [INFO] [deploy.sh] ━━━━━━━━━━━━━━━━━━━━━━━━━━━━━━━━━━━━━━━━━━━━━━━━
[2026-07-23T08:59:09+02:00] [INFO] [deploy.sh] Appel reçu | channel=hardware:disk_alert source=hive_cycler args=
[2026-07-23T08:59:09+02:00] [INFO] [deploy.sh] Payload: {"disk": "/", "usage_pct": 62, "hostname": "TheHive", "msg": "Periodic disk check"}
[2026-07-23T08:59:09+02:00] [WARN] [deploy.sh] Aucun argument reconnu — utilisation: /home/aza/scripts/deploy.sh [--cleanup|--restart]
[2026-07-23T08:59:09+02:00] [INFO] [deploy.sh] Usage:
[2026-07-23T08:59:09+02:00] [INFO] [deploy.sh]   --cleanup   Nettoyer logs anciens, WAL, /tmp/adam-*
[2026-07-23T08:59:09+02:00] [INFO] [deploy.sh]   --restart   Redémarrer un service depuis ADAM_EVENT_PAYLOAD.service
[2026-07-23T08:59:09+02:00] [INFO] [deploy.sh] Terminé (exit 0)
[2026-07-23T09:03:27+02:00] [INFO] [deploy.sh] ━━━━━━━━━━━━━━━━━━━━━━━━━━━━━━━━━━━━━━━━━━━━━━━━
[2026-07-23T09:03:27+02:00] [INFO] [deploy.sh] Appel reçu | channel=service:down source=hive_cycler args=
[2026-07-23T09:03:27+02:00] [INFO] [deploy.sh] Payload: {"msg": "Health check ping", "hostname": "TheHive"}
[2026-07-23T09:03:27+02:00] [WARN] [deploy.sh] Aucun argument reconnu — utilisation: /home/aza/scripts/deploy.sh [--cleanup|--restart]
[2026-07-23T09:03:27+02:00] [INFO] [deploy.sh] Usage:
[2026-07-23T09:03:27+02:00] [INFO] [deploy.sh]   --cleanup   Nettoyer logs anciens, WAL, /tmp/adam-*
[2026-07-23T09:03:27+02:00] [INFO] [deploy.sh]   --restart   Redémarrer un service depuis ADAM_EVENT_PAYLOAD.service
[2026-07-23T09:03:27+02:00] [INFO] [deploy.sh] Terminé (exit 0)
[2026-07-23T09:03:29+02:00] [INFO] [deploy.sh] ━━━━━━━━━━━━━━━━━━━━━━━━━━━━━━━━━━━━━━━━━━━━━━━━
[2026-07-23T09:03:29+02:00] [INFO] [deploy.sh] Appel reçu | channel=hardware:disk_alert source=hive_cycler args=
[2026-07-23T09:03:29+02:00] [INFO] [deploy.sh] Payload: {"disk": "/", "usage_pct": 62, "hostname": "TheHive", "msg": "Periodic disk check"}
[2026-07-23T09:03:29+02:00] [WARN] [deploy.sh] Aucun argument reconnu — utilisation: /home/aza/scripts/deploy.sh [--cleanup|--restart]
[2026-07-23T09:03:29+02:00] [INFO] [deploy.sh] Usage:
[2026-07-23T09:03:29+02:00] [INFO] [deploy.sh]   --cleanup   Nettoyer logs anciens, WAL, /tmp/adam-*
[2026-07-23T09:03:29+02:00] [INFO] [deploy.sh]   --restart   Redémarrer un service depuis ADAM_EVENT_PAYLOAD.service
[2026-07-23T09:03:29+02:00] [INFO] [deploy.sh] Terminé (exit 0)
[2026-07-23T09:07:47+02:00] [INFO] [deploy.sh] ━━━━━━━━━━━━━━━━━━━━━━━━━━━━━━━━━━━━━━━━━━━━━━━━
[2026-07-23T09:07:47+02:00] [INFO] [deploy.sh] Appel reçu | channel=service:down source=hive_cycler args=
[2026-07-23T09:07:47+02:00] [INFO] [deploy.sh] Payload: {"msg": "Health check ping", "hostname": "TheHive"}
[2026-07-23T09:07:47+02:00] [WARN] [deploy.sh] Aucun argument reconnu — utilisation: /home/aza/scripts/deploy.sh [--cleanup|--restart]
[2026-07-23T09:07:47+02:00] [INFO] [deploy.sh] Usage:
[2026-07-23T09:07:47+02:00] [INFO] [deploy.sh]   --cleanup   Nettoyer logs anciens, WAL, /tmp/adam-*
[2026-07-23T09:07:47+02:00] [INFO] [deploy.sh]   --restart   Redémarrer un service depuis ADAM_EVENT_PAYLOAD.service
[2026-07-23T09:07:47+02:00] [INFO] [deploy.sh] Terminé (exit 0)
[2026-07-23T09:07:49+02:00] [INFO] [deploy.sh] ━━━━━━━━━━━━━━━━━━━━━━━━━━━━━━━━━━━━━━━━━━━━━━━━
[2026-07-23T09:07:49+02:00] [INFO] [deploy.sh] Appel reçu | channel=hardware:disk_alert source=hive_cycler args=
[2026-07-23T09:07:49+02:00] [INFO] [deploy.sh] Payload: {"disk": "/", "usage_pct": 62, "hostname": "TheHive", "msg": "Periodic disk check"}
[2026-07-23T09:07:49+02:00] [WARN] [deploy.sh] Aucun argument reconnu — utilisation: /home/aza/scripts/deploy.sh [--cleanup|--restart]
[2026-07-23T09:07:49+02:00] [INFO] [deploy.sh] Usage:
[2026-07-23T09:07:49+02:00] [INFO] [deploy.sh]   --cleanup   Nettoyer logs anciens, WAL, /tmp/adam-*
[2026-07-23T09:07:49+02:00] [INFO] [deploy.sh]   --restart   Redémarrer un service depuis ADAM_EVENT_PAYLOAD.service
[2026-07-23T09:07:49+02:00] [INFO] [deploy.sh] Terminé (exit 0)
[2026-07-23T09:09:53+02:00] [INFO] [deploy.sh] ━━━━━━━━━━━━━━━━━━━━━━━━━━━━━━━━━━━━━━━━━━━━━━━━
[2026-07-23T09:09:53+02:00] [INFO] [deploy.sh] Appel reçu | channel=hardware:disk_alert source=hive_cycler args=
[2026-07-23T09:09:53+02:00] [INFO] [deploy.sh] Payload: {"disk": "/", "usage_pct": 62, "hostname": "TheHive", "msg": "Periodic disk check"}
[2026-07-23T09:09:53+02:00] [WARN] [deploy.sh] Aucun argument reconnu — utilisation: /home/aza/scripts/deploy.sh [--cleanup|--restart]
[2026-07-23T09:09:53+02:00] [INFO] [deploy.sh] Usage:
[2026-07-23T09:09:53+02:00] [INFO] [deploy.sh]   --cleanup   Nettoyer logs anciens, WAL, /tmp/adam-*
[2026-07-23T09:09:53+02:00] [INFO] [deploy.sh]   --restart   Redémarrer un service depuis ADAM_EVENT_PAYLOAD.service
[2026-07-23T09:09:53+02:00] [INFO] [deploy.sh] Terminé (exit 0)
[2026-07-23T09:12:07+02:00] [INFO] [deploy.sh] ━━━━━━━━━━━━━━━━━━━━━━━━━━━━━━━━━━━━━━━━━━━━━━━━
[2026-07-23T09:12:07+02:00] [INFO] [deploy.sh] Appel reçu | channel=service:down source=hive_cycler args=
[2026-07-23T09:12:07+02:00] [INFO] [deploy.sh] Payload: {"msg": "Health check ping", "hostname": "TheHive"}
[2026-07-23T09:12:07+02:00] [WARN] [deploy.sh] Aucun argument reconnu — utilisation: /home/aza/scripts/deploy.sh [--cleanup|--restart]
[2026-07-23T09:12:07+02:00] [INFO] [deploy.sh] Usage:
[2026-07-23T09:12:07+02:00] [INFO] [deploy.sh]   --cleanup   Nettoyer logs anciens, WAL, /tmp/adam-*
[2026-07-23T09:12:07+02:00] [INFO] [deploy.sh]   --restart   Redémarrer un service depuis ADAM_EVENT_PAYLOAD.service
[2026-07-23T09:12:07+02:00] [INFO] [deploy.sh] Terminé (exit 0)
[2026-07-23T09:12:09+02:00] [INFO] [deploy.sh] ━━━━━━━━━━━━━━━━━━━━━━━━━━━━━━━━━━━━━━━━━━━━━━━━
[2026-07-23T09:12:09+02:00] [INFO] [deploy.sh] Appel reçu | channel=hardware:disk_alert source=hive_cycler args=
[2026-07-23T09:12:09+02:00] [INFO] [deploy.sh] Payload: {"disk": "/", "usage_pct": 62, "hostname": "TheHive", "msg": "Periodic disk check"}
[2026-07-23T09:12:09+02:00] [WARN] [deploy.sh] Aucun argument reconnu — utilisation: /home/aza/scripts/deploy.sh [--cleanup|--restart]
[2026-07-23T09:12:09+02:00] [INFO] [deploy.sh] Usage:
[2026-07-23T09:12:09+02:00] [INFO] [deploy.sh]   --cleanup   Nettoyer logs anciens, WAL, /tmp/adam-*
[2026-07-23T09:12:09+02:00] [INFO] [deploy.sh]   --restart   Redémarrer un service depuis ADAM_EVENT_PAYLOAD.service
[2026-07-23T09:12:09+02:00] [INFO] [deploy.sh] Terminé (exit 0)
[2026-07-23T09:13:09+02:00] [INFO] [deploy.sh] ━━━━━━━━━━━━━━━━━━━━━━━━━━━━━━━━━━━━━━━━━━━━━━━━
[2026-07-23T09:13:09+02:00] [INFO] [deploy.sh] Appel reçu | channel=hardware:disk_alert source=hive_cycler args=
[2026-07-23T09:13:09+02:00] [INFO] [deploy.sh] Payload: {"disk": "/", "usage_pct": 62, "hostname": "TheHive", "msg": "Periodic disk check"}
[2026-07-23T09:13:09+02:00] [WARN] [deploy.sh] Aucun argument reconnu — utilisation: /home/aza/scripts/deploy.sh [--cleanup|--restart]
[2026-07-23T09:13:09+02:00] [INFO] [deploy.sh] Usage:
[2026-07-23T09:13:09+02:00] [INFO] [deploy.sh]   --cleanup   Nettoyer logs anciens, WAL, /tmp/adam-*
[2026-07-23T09:13:09+02:00] [INFO] [deploy.sh]   --restart   Redémarrer un service depuis ADAM_EVENT_PAYLOAD.service
[2026-07-23T09:13:09+02:00] [INFO] [deploy.sh] Terminé (exit 0)
[2026-07-23T09:16:33+02:00] [INFO] [deploy.sh] ━━━━━━━━━━━━━━━━━━━━━━━━━━━━━━━━━━━━━━━━━━━━━━━━
[2026-07-23T09:16:33+02:00] [INFO] [deploy.sh] Appel reçu | channel=hardware:disk_alert source=hive_cycler args=
[2026-07-23T09:16:33+02:00] [INFO] [deploy.sh] Payload: {"disk": "/", "usage_pct": 62, "hostname": "TheHive", "msg": "Periodic disk check"}
[2026-07-23T09:16:33+02:00] [WARN] [deploy.sh] Aucun argument reconnu — utilisation: /home/aza/scripts/deploy.sh [--cleanup|--restart]
[2026-07-23T09:16:33+02:00] [INFO] [deploy.sh] Usage:
[2026-07-23T09:16:33+02:00] [INFO] [deploy.sh]   --cleanup   Nettoyer logs anciens, WAL, /tmp/adam-*
[2026-07-23T09:16:33+02:00] [INFO] [deploy.sh]   --restart   Redémarrer un service depuis ADAM_EVENT_PAYLOAD.service
[2026-07-23T09:16:34+02:00] [INFO] [deploy.sh] Terminé (exit 0)
[2026-07-23T09:20:54+02:00] [INFO] [deploy.sh] ━━━━━━━━━━━━━━━━━━━━━━━━━━━━━━━━━━━━━━━━━━━━━━━━
[2026-07-23T09:20:54+02:00] [INFO] [deploy.sh] Appel reçu | channel=service:down source=hive_cycler args=
[2026-07-23T09:20:54+02:00] [INFO] [deploy.sh] Payload: {"msg": "Health check ping", "hostname": "TheHive"}
[2026-07-23T09:20:54+02:00] [WARN] [deploy.sh] Aucun argument reconnu — utilisation: /home/aza/scripts/deploy.sh [--cleanup|--restart]
[2026-07-23T09:20:54+02:00] [INFO] [deploy.sh] Usage:
[2026-07-23T09:20:54+02:00] [INFO] [deploy.sh]   --cleanup   Nettoyer logs anciens, WAL, /tmp/adam-*
[2026-07-23T09:20:54+02:00] [INFO] [deploy.sh]   --restart   Redémarrer un service depuis ADAM_EVENT_PAYLOAD.service
[2026-07-23T09:20:54+02:00] [INFO] [deploy.sh] Terminé (exit 0)
[2026-07-23T09:20:56+02:00] [INFO] [deploy.sh] ━━━━━━━━━━━━━━━━━━━━━━━━━━━━━━━━━━━━━━━━━━━━━━━━
[2026-07-23T09:20:56+02:00] [INFO] [deploy.sh] Appel reçu | channel=hardware:disk_alert source=hive_cycler args=
[2026-07-23T09:20:56+02:00] [INFO] [deploy.sh] Payload: {"disk": "/", "usage_pct": 62, "hostname": "TheHive", "msg": "Periodic disk check"}
[2026-07-23T09:20:56+02:00] [WARN] [deploy.sh] Aucun argument reconnu — utilisation: /home/aza/scripts/deploy.sh [--cleanup|--restart]
[2026-07-23T09:20:56+02:00] [INFO] [deploy.sh] Usage:
[2026-07-23T09:20:56+02:00] [INFO] [deploy.sh]   --cleanup   Nettoyer logs anciens, WAL, /tmp/adam-*
[2026-07-23T09:20:56+02:00] [INFO] [deploy.sh]   --restart   Redémarrer un service depuis ADAM_EVENT_PAYLOAD.service
[2026-07-23T09:20:56+02:00] [INFO] [deploy.sh] Terminé (exit 0)
[2026-07-23T09:25:14+02:00] [INFO] [deploy.sh] ━━━━━━━━━━━━━━━━━━━━━━━━━━━━━━━━━━━━━━━━━━━━━━━━
[2026-07-23T09:25:14+02:00] [INFO] [deploy.sh] Appel reçu | channel=service:down source=hive_cycler args=
[2026-07-23T09:25:14+02:00] [INFO] [deploy.sh] Payload: {"msg": "Health check ping", "hostname": "TheHive"}
[2026-07-23T09:25:14+02:00] [WARN] [deploy.sh] Aucun argument reconnu — utilisation: /home/aza/scripts/deploy.sh [--cleanup|--restart]
[2026-07-23T09:25:14+02:00] [INFO] [deploy.sh] Usage:
[2026-07-23T09:25:14+02:00] [INFO] [deploy.sh]   --cleanup   Nettoyer logs anciens, WAL, /tmp/adam-*
[2026-07-23T09:25:14+02:00] [INFO] [deploy.sh]   --restart   Redémarrer un service depuis ADAM_EVENT_PAYLOAD.service
[2026-07-23T09:25:14+02:00] [INFO] [deploy.sh] Terminé (exit 0)
[2026-07-23T09:25:16+02:00] [INFO] [deploy.sh] ━━━━━━━━━━━━━━━━━━━━━━━━━━━━━━━━━━━━━━━━━━━━━━━━
[2026-07-23T09:25:16+02:00] [INFO] [deploy.sh] Appel reçu | channel=hardware:disk_alert source=hive_cycler args=
[2026-07-23T09:25:16+02:00] [INFO] [deploy.sh] Payload: {"disk": "/", "usage_pct": 62, "hostname": "TheHive", "msg": "Periodic disk check"}
[2026-07-23T09:25:16+02:00] [WARN] [deploy.sh] Aucun argument reconnu — utilisation: /home/aza/scripts/deploy.sh [--cleanup|--restart]
[2026-07-23T09:25:16+02:00] [INFO] [deploy.sh] Usage:
[2026-07-23T09:25:16+02:00] [INFO] [deploy.sh]   --cleanup   Nettoyer logs anciens, WAL, /tmp/adam-*
[2026-07-23T09:25:16+02:00] [INFO] [deploy.sh]   --restart   Redémarrer un service depuis ADAM_EVENT_PAYLOAD.service
[2026-07-23T09:25:16+02:00] [INFO] [deploy.sh] Terminé (exit 0)
[2026-07-23T09:29:34+02:00] [INFO] [deploy.sh] ━━━━━━━━━━━━━━━━━━━━━━━━━━━━━━━━━━━━━━━━━━━━━━━━
[2026-07-23T09:29:34+02:00] [INFO] [deploy.sh] Appel reçu | channel=service:down source=hive_cycler args=
[2026-07-23T09:29:34+02:00] [INFO] [deploy.sh] Payload: {"msg": "Health check ping", "hostname": "TheHive"}
[2026-07-23T09:29:34+02:00] [WARN] [deploy.sh] Aucun argument reconnu — utilisation: /home/aza/scripts/deploy.sh [--cleanup|--restart]
[2026-07-23T09:29:34+02:00] [INFO] [deploy.sh] Usage:
[2026-07-23T09:29:34+02:00] [INFO] [deploy.sh]   --cleanup   Nettoyer logs anciens, WAL, /tmp/adam-*
[2026-07-23T09:29:34+02:00] [INFO] [deploy.sh]   --restart   Redémarrer un service depuis ADAM_EVENT_PAYLOAD.service
[2026-07-23T09:29:34+02:00] [INFO] [deploy.sh] Terminé (exit 0)
[2026-07-23T09:29:36+02:00] [INFO] [deploy.sh] ━━━━━━━━━━━━━━━━━━━━━━━━━━━━━━━━━━━━━━━━━━━━━━━━
[2026-07-23T09:29:36+02:00] [INFO] [deploy.sh] Appel reçu | channel=hardware:disk_alert source=hive_cycler args=
[2026-07-23T09:29:36+02:00] [INFO] [deploy.sh] Payload: {"disk": "/", "usage_pct": 62, "hostname": "TheHive", "msg": "Periodic disk check"}
[2026-07-23T09:29:36+02:00] [WARN] [deploy.sh] Aucun argument reconnu — utilisation: /home/aza/scripts/deploy.sh [--cleanup|--restart]
[2026-07-23T09:29:36+02:00] [INFO] [deploy.sh] Usage:
[2026-07-23T09:29:36+02:00] [INFO] [deploy.sh]   --cleanup   Nettoyer logs anciens, WAL, /tmp/adam-*
[2026-07-23T09:29:36+02:00] [INFO] [deploy.sh]   --restart   Redémarrer un service depuis ADAM_EVENT_PAYLOAD.service
[2026-07-23T09:29:36+02:00] [INFO] [deploy.sh] Terminé (exit 0)
[2026-07-23T09:33:56+02:00] [INFO] [deploy.sh] ━━━━━━━━━━━━━━━━━━━━━━━━━━━━━━━━━━━━━━━━━━━━━━━━
[2026-07-23T09:33:56+02:00] [INFO] [deploy.sh] Appel reçu | channel=service:down source=hive_cycler args=
[2026-07-23T09:33:56+02:00] [INFO] [deploy.sh] ━━━━━━━━━━━━━━━━━━━━━━━━━━━━━━━━━━━━━━━━━━━━━━━━
[2026-07-23T09:33:56+02:00] [INFO] [deploy.sh] Payload: {"msg": "Health check ping", "hostname": "TheHive"}
[2026-07-23T09:33:56+02:00] [INFO] [deploy.sh] Appel reçu | channel=hardware:disk_alert source=hive_cycler args=
[2026-07-23T09:33:56+02:00] [WARN] [deploy.sh] Aucun argument reconnu — utilisation: /home/aza/scripts/deploy.sh [--cleanup|--restart]
[2026-07-23T09:33:56+02:00] [INFO] [deploy.sh] Payload: {"disk": "/", "usage_pct": 62, "hostname": "TheHive", "msg": "Periodic disk check"}
[2026-07-23T09:33:56+02:00] [INFO] [deploy.sh] Usage:
[2026-07-23T09:33:56+02:00] [WARN] [deploy.sh] Aucun argument reconnu — utilisation: /home/aza/scripts/deploy.sh [--cleanup|--restart]
[2026-07-23T09:33:56+02:00] [INFO] [deploy.sh]   --cleanup   Nettoyer logs anciens, WAL, /tmp/adam-*
[2026-07-23T09:33:56+02:00] [INFO] [deploy.sh] Usage:
[2026-07-23T09:33:56+02:00] [INFO] [deploy.sh]   --restart   Redémarrer un service depuis ADAM_EVENT_PAYLOAD.service
[2026-07-23T09:33:56+02:00] [INFO] [deploy.sh]   --cleanup   Nettoyer logs anciens, WAL, /tmp/adam-*
[2026-07-23T09:33:56+02:00] [INFO] [deploy.sh] Terminé (exit 0)
[2026-07-23T09:33:56+02:00] [INFO] [deploy.sh]   --restart   Redémarrer un service depuis ADAM_EVENT_PAYLOAD.service
[2026-07-23T09:33:56+02:00] [INFO] [deploy.sh] Terminé (exit 0)
[2026-07-23T09:38:16+02:00] [INFO] [deploy.sh] ━━━━━━━━━━━━━━━━━━━━━━━━━━━━━━━━━━━━━━━━━━━━━━━━
[2026-07-23T09:38:16+02:00] [INFO] [deploy.sh] Appel reçu | channel=service:down source=hive_cycler args=
[2026-07-23T09:38:16+02:00] [INFO] [deploy.sh] Payload: {"msg": "Health check ping", "hostname": "TheHive"}
[2026-07-23T09:38:16+02:00] [WARN] [deploy.sh] Aucun argument reconnu — utilisation: /home/aza/scripts/deploy.sh [--cleanup|--restart]
[2026-07-23T09:38:16+02:00] [INFO] [deploy.sh] Usage:
[2026-07-23T09:38:16+02:00] [INFO] [deploy.sh]   --cleanup   Nettoyer logs anciens, WAL, /tmp/adam-*
[2026-07-23T09:38:16+02:00] [INFO] [deploy.sh]   --restart   Redémarrer un service depuis ADAM_EVENT_PAYLOAD.service
[2026-07-23T09:38:16+02:00] [INFO] [deploy.sh] Terminé (exit 0)
[2026-07-23T09:38:18+02:00] [INFO] [deploy.sh] ━━━━━━━━━━━━━━━━━━━━━━━━━━━━━━━━━━━━━━━━━━━━━━━━
[2026-07-23T09:38:18+02:00] [INFO] [deploy.sh] Appel reçu | channel=hardware:disk_alert source=hive_cycler args=
[2026-07-23T09:38:18+02:00] [INFO] [deploy.sh] Payload: {"disk": "/", "usage_pct": 62, "hostname": "TheHive", "msg": "Periodic disk check"}
[2026-07-23T09:38:18+02:00] [WARN] [deploy.sh] Aucun argument reconnu — utilisation: /home/aza/scripts/deploy.sh [--cleanup|--restart]
[2026-07-23T09:38:18+02:00] [INFO] [deploy.sh] Usage:
[2026-07-23T09:38:18+02:00] [INFO] [deploy.sh]   --cleanup   Nettoyer logs anciens, WAL, /tmp/adam-*
[2026-07-23T09:38:18+02:00] [INFO] [deploy.sh]   --restart   Redémarrer un service depuis ADAM_EVENT_PAYLOAD.service
[2026-07-23T09:38:18+02:00] [INFO] [deploy.sh] Terminé (exit 0)
[2026-07-23T09:42:36+02:00] [INFO] [deploy.sh] ━━━━━━━━━━━━━━━━━━━━━━━━━━━━━━━━━━━━━━━━━━━━━━━━
[2026-07-23T09:42:36+02:00] [INFO] [deploy.sh] Appel reçu | channel=service:down source=hive_cycler args=
[2026-07-23T09:42:36+02:00] [INFO] [deploy.sh] Payload: {"msg": "Health check ping", "hostname": "TheHive"}
[2026-07-23T09:42:36+02:00] [WARN] [deploy.sh] Aucun argument reconnu — utilisation: /home/aza/scripts/deploy.sh [--cleanup|--restart]
[2026-07-23T09:42:36+02:00] [INFO] [deploy.sh] Usage:
[2026-07-23T09:42:36+02:00] [INFO] [deploy.sh]   --cleanup   Nettoyer logs anciens, WAL, /tmp/adam-*
[2026-07-23T09:42:36+02:00] [INFO] [deploy.sh]   --restart   Redémarrer un service depuis ADAM_EVENT_PAYLOAD.service
[2026-07-23T09:42:36+02:00] [INFO] [deploy.sh] Terminé (exit 0)
[2026-07-23T09:42:38+02:00] [INFO] [deploy.sh] ━━━━━━━━━━━━━━━━━━━━━━━━━━━━━━━━━━━━━━━━━━━━━━━━
[2026-07-23T09:42:38+02:00] [INFO] [deploy.sh] Appel reçu | channel=hardware:disk_alert source=hive_cycler args=
[2026-07-23T09:42:38+02:00] [INFO] [deploy.sh] Payload: {"disk": "/", "usage_pct": 62, "hostname": "TheHive", "msg": "Periodic disk check"}
[2026-07-23T09:42:38+02:00] [WARN] [deploy.sh] Aucun argument reconnu — utilisation: /home/aza/scripts/deploy.sh [--cleanup|--restart]
[2026-07-23T09:42:38+02:00] [INFO] [deploy.sh] Usage:
[2026-07-23T09:42:38+02:00] [INFO] [deploy.sh]   --cleanup   Nettoyer logs anciens, WAL, /tmp/adam-*
[2026-07-23T09:42:38+02:00] [INFO] [deploy.sh]   --restart   Redémarrer un service depuis ADAM_EVENT_PAYLOAD.service
[2026-07-23T09:42:38+02:00] [INFO] [deploy.sh] Terminé (exit 0)
[2026-07-23T09:46:58+02:00] [INFO] [deploy.sh] ━━━━━━━━━━━━━━━━━━━━━━━━━━━━━━━━━━━━━━━━━━━━━━━━
[2026-07-23T09:46:58+02:00] [INFO] [deploy.sh] Appel reçu | channel=service:down source=hive_cycler args=
[2026-07-23T09:46:58+02:00] [INFO] [deploy.sh] ━━━━━━━━━━━━━━━━━━━━━━━━━━━━━━━━━━━━━━━━━━━━━━━━
[2026-07-23T09:46:58+02:00] [INFO] [deploy.sh] Payload: {"msg": "Health check ping", "hostname": "TheHive"}
[2026-07-23T09:46:58+02:00] [INFO] [deploy.sh] Appel reçu | channel=hardware:disk_alert source=hive_cycler args=
[2026-07-23T09:46:58+02:00] [WARN] [deploy.sh] Aucun argument reconnu — utilisation: /home/aza/scripts/deploy.sh [--cleanup|--restart]
[2026-07-23T09:46:58+02:00] [INFO] [deploy.sh] Payload: {"disk": "/", "usage_pct": 62, "hostname": "TheHive", "msg": "Periodic disk check"}
[2026-07-23T09:46:58+02:00] [INFO] [deploy.sh] Usage:
[2026-07-23T09:46:58+02:00] [WARN] [deploy.sh] Aucun argument reconnu — utilisation: /home/aza/scripts/deploy.sh [--cleanup|--restart]
[2026-07-23T09:46:58+02:00] [INFO] [deploy.sh]   --cleanup   Nettoyer logs anciens, WAL, /tmp/adam-*
[2026-07-23T09:46:58+02:00] [INFO] [deploy.sh] Usage:
[2026-07-23T09:46:58+02:00] [INFO] [deploy.sh]   --restart   Redémarrer un service depuis ADAM_EVENT_PAYLOAD.service
[2026-07-23T09:46:58+02:00] [INFO] [deploy.sh]   --cleanup   Nettoyer logs anciens, WAL, /tmp/adam-*
[2026-07-23T09:46:58+02:00] [INFO] [deploy.sh] Terminé (exit 0)
[2026-07-23T09:46:58+02:00] [INFO] [deploy.sh]   --restart   Redémarrer un service depuis ADAM_EVENT_PAYLOAD.service
[2026-07-23T09:46:58+02:00] [INFO] [deploy.sh] Terminé (exit 0)
[2026-07-23T09:51:18+02:00] [INFO] [deploy.sh] ━━━━━━━━━━━━━━━━━━━━━━━━━━━━━━━━━━━━━━━━━━━━━━━━
[2026-07-23T09:51:18+02:00] [INFO] [deploy.sh] Appel reçu | channel=service:down source=hive_cycler args=
[2026-07-23T09:51:18+02:00] [INFO] [deploy.sh] Payload: {"msg": "Health check ping", "hostname": "TheHive"}
[2026-07-23T09:51:18+02:00] [WARN] [deploy.sh] Aucun argument reconnu — utilisation: /home/aza/scripts/deploy.sh [--cleanup|--restart]
[2026-07-23T09:51:18+02:00] [INFO] [deploy.sh] Usage:
[2026-07-23T09:51:18+02:00] [INFO] [deploy.sh]   --cleanup   Nettoyer logs anciens, WAL, /tmp/adam-*
[2026-07-23T09:51:18+02:00] [INFO] [deploy.sh]   --restart   Redémarrer un service depuis ADAM_EVENT_PAYLOAD.service
[2026-07-23T09:51:18+02:00] [INFO] [deploy.sh] Terminé (exit 0)
[2026-07-23T09:51:20+02:00] [INFO] [deploy.sh] ━━━━━━━━━━━━━━━━━━━━━━━━━━━━━━━━━━━━━━━━━━━━━━━━
[2026-07-23T09:51:20+02:00] [INFO] [deploy.sh] Appel reçu | channel=hardware:disk_alert source=hive_cycler args=
[2026-07-23T09:51:20+02:00] [INFO] [deploy.sh] Payload: {"disk": "/", "usage_pct": 62, "hostname": "TheHive", "msg": "Periodic disk check"}
[2026-07-23T09:51:20+02:00] [WARN] [deploy.sh] Aucun argument reconnu — utilisation: /home/aza/scripts/deploy.sh [--cleanup|--restart]
[2026-07-23T09:51:20+02:00] [INFO] [deploy.sh] Usage:
[2026-07-23T09:51:20+02:00] [INFO] [deploy.sh]   --cleanup   Nettoyer logs anciens, WAL, /tmp/adam-*
[2026-07-23T09:51:20+02:00] [INFO] [deploy.sh]   --restart   Redémarrer un service depuis ADAM_EVENT_PAYLOAD.service
[2026-07-23T09:51:20+02:00] [INFO] [deploy.sh] Terminé (exit 0)
[2026-07-23T09:55:38+02:00] [INFO] [deploy.sh] ━━━━━━━━━━━━━━━━━━━━━━━━━━━━━━━━━━━━━━━━━━━━━━━━
[2026-07-23T09:55:38+02:00] [INFO] [deploy.sh] Appel reçu | channel=service:down source=hive_cycler args=
[2026-07-23T09:55:38+02:00] [INFO] [deploy.sh] Payload: {"msg": "Health check ping", "hostname": "TheHive"}
[2026-07-23T09:55:38+02:00] [WARN] [deploy.sh] Aucun argument reconnu — utilisation: /home/aza/scripts/deploy.sh [--cleanup|--restart]
[2026-07-23T09:55:38+02:00] [INFO] [deploy.sh] Usage:
[2026-07-23T09:55:38+02:00] [INFO] [deploy.sh]   --cleanup   Nettoyer logs anciens, WAL, /tmp/adam-*
[2026-07-23T09:55:38+02:00] [INFO] [deploy.sh]   --restart   Redémarrer un service depuis ADAM_EVENT_PAYLOAD.service
[2026-07-23T09:55:38+02:00] [INFO] [deploy.sh] Terminé (exit 0)
[2026-07-23T09:55:40+02:00] [INFO] [deploy.sh] ━━━━━━━━━━━━━━━━━━━━━━━━━━━━━━━━━━━━━━━━━━━━━━━━
[2026-07-23T09:55:40+02:00] [INFO] [deploy.sh] Appel reçu | channel=hardware:disk_alert source=hive_cycler args=
[2026-07-23T09:55:40+02:00] [INFO] [deploy.sh] Payload: {"disk": "/", "usage_pct": 62, "hostname": "TheHive", "msg": "Periodic disk check"}
[2026-07-23T09:55:40+02:00] [WARN] [deploy.sh] Aucun argument reconnu — utilisation: /home/aza/scripts/deploy.sh [--cleanup|--restart]
[2026-07-23T09:55:40+02:00] [INFO] [deploy.sh] Usage:
[2026-07-23T09:55:40+02:00] [INFO] [deploy.sh]   --cleanup   Nettoyer logs anciens, WAL, /tmp/adam-*
[2026-07-23T09:55:40+02:00] [INFO] [deploy.sh]   --restart   Redémarrer un service depuis ADAM_EVENT_PAYLOAD.service
[2026-07-23T09:55:40+02:00] [INFO] [deploy.sh] Terminé (exit 0)
[2026-07-23T10:00:00+02:00] [INFO] [deploy.sh] ━━━━━━━━━━━━━━━━━━━━━━━━━━━━━━━━━━━━━━━━━━━━━━━━
[2026-07-23T10:00:00+02:00] [INFO] [deploy.sh] Appel reçu | channel=service:down source=hive_cycler args=
[2026-07-23T10:00:00+02:00] [INFO] [deploy.sh] ━━━━━━━━━━━━━━━━━━━━━━━━━━━━━━━━━━━━━━━━━━━━━━━━
[2026-07-23T10:00:00+02:00] [INFO] [deploy.sh] Payload: {"msg": "Health check ping", "hostname": "TheHive"}
[2026-07-23T10:00:00+02:00] [INFO] [deploy.sh] Appel reçu | channel=hardware:disk_alert source=hive_cycler args=
[2026-07-23T10:00:00+02:00] [WARN] [deploy.sh] Aucun argument reconnu — utilisation: /home/aza/scripts/deploy.sh [--cleanup|--restart]
[2026-07-23T10:00:00+02:00] [INFO] [deploy.sh] Payload: {"disk": "/", "usage_pct": 62, "hostname": "TheHive", "msg": "Periodic disk check"}
[2026-07-23T10:00:00+02:00] [INFO] [deploy.sh] Usage:
[2026-07-23T10:00:00+02:00] [INFO] [deploy.sh]   --cleanup   Nettoyer logs anciens, WAL, /tmp/adam-*
[2026-07-23T10:00:00+02:00] [WARN] [deploy.sh] Aucun argument reconnu — utilisation: /home/aza/scripts/deploy.sh [--cleanup|--restart]
[2026-07-23T10:00:00+02:00] [INFO] [deploy.sh]   --restart   Redémarrer un service depuis ADAM_EVENT_PAYLOAD.service
[2026-07-23T10:00:00+02:00] [INFO] [deploy.sh] Usage:
[2026-07-23T10:00:00+02:00] [INFO] [deploy.sh] Terminé (exit 0)
[2026-07-23T10:00:00+02:00] [INFO] [deploy.sh]   --cleanup   Nettoyer logs anciens, WAL, /tmp/adam-*
[2026-07-23T10:00:00+02:00] [INFO] [deploy.sh]   --restart   Redémarrer un service depuis ADAM_EVENT_PAYLOAD.service
[2026-07-23T10:00:00+02:00] [INFO] [deploy.sh] Terminé (exit 0)
[2026-07-23T10:02:50+02:00] [INFO] [deploy.sh] ━━━━━━━━━━━━━━━━━━━━━━━━━━━━━━━━━━━━━━━━━━━━━━━━
[2026-07-23T10:02:50+02:00] [INFO] [deploy.sh] Appel reçu | channel=hardware:disk_alert source=hive_cycler args=
[2026-07-23T10:02:50+02:00] [INFO] [deploy.sh] Payload: {"disk": "/", "usage_pct": 62, "hostname": "TheHive", "msg": "Periodic disk check"}
[2026-07-23T10:02:50+02:00] [WARN] [deploy.sh] Aucun argument reconnu — utilisation: /home/aza/scripts/deploy.sh [--cleanup|--restart]
[2026-07-23T10:02:50+02:00] [INFO] [deploy.sh] Usage:
[2026-07-23T10:02:50+02:00] [INFO] [deploy.sh]   --cleanup   Nettoyer logs anciens, WAL, /tmp/adam-*
[2026-07-23T10:02:50+02:00] [INFO] [deploy.sh]   --restart   Redémarrer un service depuis ADAM_EVENT_PAYLOAD.service
[2026-07-23T10:02:50+02:00] [INFO] [deploy.sh] Terminé (exit 0)
[2026-07-23T10:07:10+02:00] [INFO] [deploy.sh] ━━━━━━━━━━━━━━━━━━━━━━━━━━━━━━━━━━━━━━━━━━━━━━━━
[2026-07-23T10:07:10+02:00] [INFO] [deploy.sh] Appel reçu | channel=service:down source=hive_cycler args=
[2026-07-23T10:07:10+02:00] [INFO] [deploy.sh] Payload: {"msg": "Health check ping", "hostname": "TheHive"}
[2026-07-23T10:07:10+02:00] [WARN] [deploy.sh] Aucun argument reconnu — utilisation: /home/aza/scripts/deploy.sh [--cleanup|--restart]
[2026-07-23T10:07:10+02:00] [INFO] [deploy.sh] Usage:
[2026-07-23T10:07:10+02:00] [INFO] [deploy.sh]   --cleanup   Nettoyer logs anciens, WAL, /tmp/adam-*
[2026-07-23T10:07:10+02:00] [INFO] [deploy.sh]   --restart   Redémarrer un service depuis ADAM_EVENT_PAYLOAD.service
[2026-07-23T10:07:10+02:00] [INFO] [deploy.sh] Terminé (exit 0)
[2026-07-23T10:07:14+02:00] [INFO] [deploy.sh] ━━━━━━━━━━━━━━━━━━━━━━━━━━━━━━━━━━━━━━━━━━━━━━━━
[2026-07-23T10:07:14+02:00] [INFO] [deploy.sh] Appel reçu | channel=hardware:disk_alert source=hive_cycler args=
[2026-07-23T10:07:14+02:00] [INFO] [deploy.sh] Payload: {"disk": "/", "usage_pct": 62, "hostname": "TheHive", "msg": "Periodic disk check"}
[2026-07-23T10:07:14+02:00] [WARN] [deploy.sh] Aucun argument reconnu — utilisation: /home/aza/scripts/deploy.sh [--cleanup|--restart]
[2026-07-23T10:07:14+02:00] [INFO] [deploy.sh] Usage:
[2026-07-23T10:07:14+02:00] [INFO] [deploy.sh]   --cleanup   Nettoyer logs anciens, WAL, /tmp/adam-*
[2026-07-23T10:07:14+02:00] [INFO] [deploy.sh]   --restart   Redémarrer un service depuis ADAM_EVENT_PAYLOAD.service
[2026-07-23T10:07:14+02:00] [INFO] [deploy.sh] Terminé (exit 0)
[2026-07-23T10:11:30+02:00] [INFO] [deploy.sh] ━━━━━━━━━━━━━━━━━━━━━━━━━━━━━━━━━━━━━━━━━━━━━━━━
[2026-07-23T10:11:30+02:00] [INFO] [deploy.sh] Appel reçu | channel=service:down source=hive_cycler args=
[2026-07-23T10:11:30+02:00] [INFO] [deploy.sh] Payload: {"msg": "Health check ping", "hostname": "TheHive"}
[2026-07-23T10:11:30+02:00] [WARN] [deploy.sh] Aucun argument reconnu — utilisation: /home/aza/scripts/deploy.sh [--cleanup|--restart]
[2026-07-23T10:11:30+02:00] [INFO] [deploy.sh] Usage:
[2026-07-23T10:11:30+02:00] [INFO] [deploy.sh]   --cleanup   Nettoyer logs anciens, WAL, /tmp/adam-*
[2026-07-23T10:11:30+02:00] [INFO] [deploy.sh]   --restart   Redémarrer un service depuis ADAM_EVENT_PAYLOAD.service
[2026-07-23T10:11:30+02:00] [INFO] [deploy.sh] Terminé (exit 0)
[2026-07-23T10:11:34+02:00] [INFO] [deploy.sh] ━━━━━━━━━━━━━━━━━━━━━━━━━━━━━━━━━━━━━━━━━━━━━━━━
[2026-07-23T10:11:34+02:00] [INFO] [deploy.sh] Appel reçu | channel=hardware:disk_alert source=hive_cycler args=
[2026-07-23T10:11:34+02:00] [INFO] [deploy.sh] Payload: {"disk": "/", "usage_pct": 62, "hostname": "TheHive", "msg": "Periodic disk check"}
[2026-07-23T10:11:34+02:00] [WARN] [deploy.sh] Aucun argument reconnu — utilisation: /home/aza/scripts/deploy.sh [--cleanup|--restart]
[2026-07-23T10:11:34+02:00] [INFO] [deploy.sh] Usage:
[2026-07-23T10:11:34+02:00] [INFO] [deploy.sh]   --cleanup   Nettoyer logs anciens, WAL, /tmp/adam-*
[2026-07-23T10:11:34+02:00] [INFO] [deploy.sh]   --restart   Redémarrer un service depuis ADAM_EVENT_PAYLOAD.service
[2026-07-23T10:11:34+02:00] [INFO] [deploy.sh] Terminé (exit 0)
[2026-07-23T10:15:52+02:00] [INFO] [deploy.sh] ━━━━━━━━━━━━━━━━━━━━━━━━━━━━━━━━━━━━━━━━━━━━━━━━
[2026-07-23T10:15:52+02:00] [INFO] [deploy.sh] Appel reçu | channel=service:down source=hive_cycler args=
[2026-07-23T10:15:52+02:00] [INFO] [deploy.sh] Payload: {"msg": "Health check ping", "hostname": "TheHive"}
[2026-07-23T10:15:52+02:00] [WARN] [deploy.sh] Aucun argument reconnu — utilisation: /home/aza/scripts/deploy.sh [--cleanup|--restart]
[2026-07-23T10:15:52+02:00] [INFO] [deploy.sh] Usage:
[2026-07-23T10:15:52+02:00] [INFO] [deploy.sh]   --cleanup   Nettoyer logs anciens, WAL, /tmp/adam-*
[2026-07-23T10:15:52+02:00] [INFO] [deploy.sh]   --restart   Redémarrer un service depuis ADAM_EVENT_PAYLOAD.service
[2026-07-23T10:15:52+02:00] [INFO] [deploy.sh] Terminé (exit 0)
[2026-07-23T10:15:56+02:00] [INFO] [deploy.sh] ━━━━━━━━━━━━━━━━━━━━━━━━━━━━━━━━━━━━━━━━━━━━━━━━
[2026-07-23T10:15:56+02:00] [INFO] [deploy.sh] Appel reçu | channel=hardware:disk_alert source=hive_cycler args=
[2026-07-23T10:15:56+02:00] [INFO] [deploy.sh] Payload: {"disk": "/", "usage_pct": 62, "hostname": "TheHive", "msg": "Periodic disk check"}
[2026-07-23T10:15:56+02:00] [WARN] [deploy.sh] Aucun argument reconnu — utilisation: /home/aza/scripts/deploy.sh [--cleanup|--restart]
[2026-07-23T10:15:56+02:00] [INFO] [deploy.sh] Usage:
[2026-07-23T10:15:56+02:00] [INFO] [deploy.sh]   --cleanup   Nettoyer logs anciens, WAL, /tmp/adam-*
[2026-07-23T10:15:56+02:00] [INFO] [deploy.sh]   --restart   Redémarrer un service depuis ADAM_EVENT_PAYLOAD.service
[2026-07-23T10:15:56+02:00] [INFO] [deploy.sh] Terminé (exit 0)
[2026-07-23T10:20:12+02:00] [INFO] [deploy.sh] ━━━━━━━━━━━━━━━━━━━━━━━━━━━━━━━━━━━━━━━━━━━━━━━━
[2026-07-23T10:20:12+02:00] [INFO] [deploy.sh] Appel reçu | channel=service:down source=hive_cycler args=
[2026-07-23T10:20:12+02:00] [INFO] [deploy.sh] Payload: {"msg": "Health check ping", "hostname": "TheHive"}
[2026-07-23T10:20:12+02:00] [WARN] [deploy.sh] Aucun argument reconnu — utilisation: /home/aza/scripts/deploy.sh [--cleanup|--restart]
[2026-07-23T10:20:12+02:00] [INFO] [deploy.sh] Usage:
[2026-07-23T10:20:12+02:00] [INFO] [deploy.sh]   --cleanup   Nettoyer logs anciens, WAL, /tmp/adam-*
[2026-07-23T10:20:12+02:00] [INFO] [deploy.sh]   --restart   Redémarrer un service depuis ADAM_EVENT_PAYLOAD.service
[2026-07-23T10:20:13+02:00] [INFO] [deploy.sh] Terminé (exit 0)
[2026-07-23T10:20:16+02:00] [INFO] [deploy.sh] ━━━━━━━━━━━━━━━━━━━━━━━━━━━━━━━━━━━━━━━━━━━━━━━━
[2026-07-23T10:20:16+02:00] [INFO] [deploy.sh] Appel reçu | channel=hardware:disk_alert source=hive_cycler args=
[2026-07-23T10:20:16+02:00] [INFO] [deploy.sh] Payload: {"disk": "/", "usage_pct": 62, "hostname": "TheHive", "msg": "Periodic disk check"}
[2026-07-23T10:20:16+02:00] [WARN] [deploy.sh] Aucun argument reconnu — utilisation: /home/aza/scripts/deploy.sh [--cleanup|--restart]
[2026-07-23T10:20:17+02:00] [INFO] [deploy.sh] Usage:
[2026-07-23T10:20:17+02:00] [INFO] [deploy.sh]   --cleanup   Nettoyer logs anciens, WAL, /tmp/adam-*
[2026-07-23T10:20:17+02:00] [INFO] [deploy.sh]   --restart   Redémarrer un service depuis ADAM_EVENT_PAYLOAD.service
[2026-07-23T10:20:17+02:00] [INFO] [deploy.sh] Terminé (exit 0)
[2026-07-23T10:24:35+02:00] [INFO] [deploy.sh] ━━━━━━━━━━━━━━━━━━━━━━━━━━━━━━━━━━━━━━━━━━━━━━━━
[2026-07-23T10:24:35+02:00] [INFO] [deploy.sh] Appel reçu | channel=service:down source=hive_cycler args=
[2026-07-23T10:24:35+02:00] [INFO] [deploy.sh] Payload: {"msg": "Health check ping", "hostname": "TheHive"}
[2026-07-23T10:24:35+02:00] [WARN] [deploy.sh] Aucun argument reconnu — utilisation: /home/aza/scripts/deploy.sh [--cleanup|--restart]
[2026-07-23T10:24:35+02:00] [INFO] [deploy.sh] Usage:
[2026-07-23T10:24:35+02:00] [INFO] [deploy.sh]   --cleanup   Nettoyer logs anciens, WAL, /tmp/adam-*
[2026-07-23T10:24:35+02:00] [INFO] [deploy.sh]   --restart   Redémarrer un service depuis ADAM_EVENT_PAYLOAD.service
[2026-07-23T10:24:35+02:00] [INFO] [deploy.sh] Terminé (exit 0)
[2026-07-23T10:24:39+02:00] [INFO] [deploy.sh] ━━━━━━━━━━━━━━━━━━━━━━━━━━━━━━━━━━━━━━━━━━━━━━━━
[2026-07-23T10:24:39+02:00] [INFO] [deploy.sh] Appel reçu | channel=hardware:disk_alert source=hive_cycler args=
[2026-07-23T10:24:39+02:00] [INFO] [deploy.sh] Payload: {"disk": "/", "usage_pct": 62, "hostname": "TheHive", "msg": "Periodic disk check"}
[2026-07-23T10:24:39+02:00] [WARN] [deploy.sh] Aucun argument reconnu — utilisation: /home/aza/scripts/deploy.sh [--cleanup|--restart]
[2026-07-23T10:24:39+02:00] [INFO] [deploy.sh] Usage:
[2026-07-23T10:24:39+02:00] [INFO] [deploy.sh]   --cleanup   Nettoyer logs anciens, WAL, /tmp/adam-*
[2026-07-23T10:24:39+02:00] [INFO] [deploy.sh]   --restart   Redémarrer un service depuis ADAM_EVENT_PAYLOAD.service
[2026-07-23T10:24:39+02:00] [INFO] [deploy.sh] Terminé (exit 0)
[2026-07-23T10:28:57+02:00] [INFO] [deploy.sh] ━━━━━━━━━━━━━━━━━━━━━━━━━━━━━━━━━━━━━━━━━━━━━━━━
[2026-07-23T10:28:57+02:00] [INFO] [deploy.sh] Appel reçu | channel=service:down source=hive_cycler args=
[2026-07-23T10:28:57+02:00] [INFO] [deploy.sh] Payload: {"msg": "Health check ping", "hostname": "TheHive"}
[2026-07-23T10:28:57+02:00] [WARN] [deploy.sh] Aucun argument reconnu — utilisation: /home/aza/scripts/deploy.sh [--cleanup|--restart]
[2026-07-23T10:28:57+02:00] [INFO] [deploy.sh] Usage:
[2026-07-23T10:28:57+02:00] [INFO] [deploy.sh]   --cleanup   Nettoyer logs anciens, WAL, /tmp/adam-*
[2026-07-23T10:28:57+02:00] [INFO] [deploy.sh]   --restart   Redémarrer un service depuis ADAM_EVENT_PAYLOAD.service
[2026-07-23T10:28:57+02:00] [INFO] [deploy.sh] Terminé (exit 0)
[2026-07-23T10:29:01+02:00] [INFO] [deploy.sh] ━━━━━━━━━━━━━━━━━━━━━━━━━━━━━━━━━━━━━━━━━━━━━━━━
[2026-07-23T10:29:01+02:00] [INFO] [deploy.sh] Appel reçu | channel=hardware:disk_alert source=hive_cycler args=
[2026-07-23T10:29:01+02:00] [INFO] [deploy.sh] Payload: {"disk": "/", "usage_pct": 62, "hostname": "TheHive", "msg": "Periodic disk check"}
[2026-07-23T10:29:01+02:00] [WARN] [deploy.sh] Aucun argument reconnu — utilisation: /home/aza/scripts/deploy.sh [--cleanup|--restart]
[2026-07-23T10:29:01+02:00] [INFO] [deploy.sh] Usage:
[2026-07-23T10:29:01+02:00] [INFO] [deploy.sh]   --cleanup   Nettoyer logs anciens, WAL, /tmp/adam-*
[2026-07-23T10:29:01+02:00] [INFO] [deploy.sh]   --restart   Redémarrer un service depuis ADAM_EVENT_PAYLOAD.service
[2026-07-23T10:29:01+02:00] [INFO] [deploy.sh] Terminé (exit 0)
[2026-07-23T10:33:17+02:00] [INFO] [deploy.sh] ━━━━━━━━━━━━━━━━━━━━━━━━━━━━━━━━━━━━━━━━━━━━━━━━
[2026-07-23T10:33:17+02:00] [INFO] [deploy.sh] Appel reçu | channel=service:down source=hive_cycler args=
[2026-07-23T10:33:17+02:00] [INFO] [deploy.sh] Payload: {"msg": "Health check ping", "hostname": "TheHive"}
[2026-07-23T10:33:17+02:00] [WARN] [deploy.sh] Aucun argument reconnu — utilisation: /home/aza/scripts/deploy.sh [--cleanup|--restart]
[2026-07-23T10:33:17+02:00] [INFO] [deploy.sh] Usage:
[2026-07-23T10:33:17+02:00] [INFO] [deploy.sh]   --cleanup   Nettoyer logs anciens, WAL, /tmp/adam-*
[2026-07-23T10:33:17+02:00] [INFO] [deploy.sh]   --restart   Redémarrer un service depuis ADAM_EVENT_PAYLOAD.service
[2026-07-23T10:33:17+02:00] [INFO] [deploy.sh] Terminé (exit 0)
[2026-07-23T10:33:21+02:00] [INFO] [deploy.sh] ━━━━━━━━━━━━━━━━━━━━━━━━━━━━━━━━━━━━━━━━━━━━━━━━
[2026-07-23T10:33:21+02:00] [INFO] [deploy.sh] Appel reçu | channel=hardware:disk_alert source=hive_cycler args=
[2026-07-23T10:33:21+02:00] [INFO] [deploy.sh] Payload: {"disk": "/", "usage_pct": 62, "hostname": "TheHive", "msg": "Periodic disk check"}
[2026-07-23T10:33:21+02:00] [WARN] [deploy.sh] Aucun argument reconnu — utilisation: /home/aza/scripts/deploy.sh [--cleanup|--restart]
[2026-07-23T10:33:21+02:00] [INFO] [deploy.sh] Usage:
[2026-07-23T10:33:21+02:00] [INFO] [deploy.sh]   --cleanup   Nettoyer logs anciens, WAL, /tmp/adam-*
[2026-07-23T10:33:21+02:00] [INFO] [deploy.sh]   --restart   Redémarrer un service depuis ADAM_EVENT_PAYLOAD.service
[2026-07-23T10:33:21+02:00] [INFO] [deploy.sh] Terminé (exit 0)
[2026-07-23T10:37:39+02:00] [INFO] [deploy.sh] ━━━━━━━━━━━━━━━━━━━━━━━━━━━━━━━━━━━━━━━━━━━━━━━━
[2026-07-23T10:37:39+02:00] [INFO] [deploy.sh] Appel reçu | channel=service:down source=hive_cycler args=
[2026-07-23T10:37:39+02:00] [INFO] [deploy.sh] Payload: {"msg": "Health check ping", "hostname": "TheHive"}
[2026-07-23T10:37:39+02:00] [WARN] [deploy.sh] Aucun argument reconnu — utilisation: /home/aza/scripts/deploy.sh [--cleanup|--restart]
[2026-07-23T10:37:39+02:00] [INFO] [deploy.sh] Usage:
[2026-07-23T10:37:39+02:00] [INFO] [deploy.sh]   --cleanup   Nettoyer logs anciens, WAL, /tmp/adam-*
[2026-07-23T10:37:39+02:00] [INFO] [deploy.sh]   --restart   Redémarrer un service depuis ADAM_EVENT_PAYLOAD.service
[2026-07-23T10:37:39+02:00] [INFO] [deploy.sh] Terminé (exit 0)
[2026-07-23T10:37:43+02:00] [INFO] [deploy.sh] ━━━━━━━━━━━━━━━━━━━━━━━━━━━━━━━━━━━━━━━━━━━━━━━━
[2026-07-23T10:37:43+02:00] [INFO] [deploy.sh] Appel reçu | channel=hardware:disk_alert source=hive_cycler args=
[2026-07-23T10:37:43+02:00] [INFO] [deploy.sh] Payload: {"disk": "/", "usage_pct": 62, "hostname": "TheHive", "msg": "Periodic disk check"}
[2026-07-23T10:37:43+02:00] [WARN] [deploy.sh] Aucun argument reconnu — utilisation: /home/aza/scripts/deploy.sh [--cleanup|--restart]
[2026-07-23T10:37:43+02:00] [INFO] [deploy.sh] Usage:
[2026-07-23T10:37:43+02:00] [INFO] [deploy.sh]   --cleanup   Nettoyer logs anciens, WAL, /tmp/adam-*
[2026-07-23T10:37:43+02:00] [INFO] [deploy.sh]   --restart   Redémarrer un service depuis ADAM_EVENT_PAYLOAD.service
[2026-07-23T10:37:43+02:00] [INFO] [deploy.sh] Terminé (exit 0)
[2026-07-23T10:41:59+02:00] [INFO] [deploy.sh] ━━━━━━━━━━━━━━━━━━━━━━━━━━━━━━━━━━━━━━━━━━━━━━━━
[2026-07-23T10:41:59+02:00] [INFO] [deploy.sh] Appel reçu | channel=service:down source=hive_cycler args=
[2026-07-23T10:41:59+02:00] [INFO] [deploy.sh] Payload: {"msg": "Health check ping", "hostname": "TheHive"}
[2026-07-23T10:41:59+02:00] [WARN] [deploy.sh] Aucun argument reconnu — utilisation: /home/aza/scripts/deploy.sh [--cleanup|--restart]
[2026-07-23T10:41:59+02:00] [INFO] [deploy.sh] Usage:
[2026-07-23T10:41:59+02:00] [INFO] [deploy.sh]   --cleanup   Nettoyer logs anciens, WAL, /tmp/adam-*
[2026-07-23T10:41:59+02:00] [INFO] [deploy.sh]   --restart   Redémarrer un service depuis ADAM_EVENT_PAYLOAD.service
[2026-07-23T10:41:59+02:00] [INFO] [deploy.sh] Terminé (exit 0)
[2026-07-23T10:42:03+02:00] [INFO] [deploy.sh] ━━━━━━━━━━━━━━━━━━━━━━━━━━━━━━━━━━━━━━━━━━━━━━━━
[2026-07-23T10:42:03+02:00] [INFO] [deploy.sh] Appel reçu | channel=hardware:disk_alert source=hive_cycler args=
[2026-07-23T10:42:03+02:00] [INFO] [deploy.sh] Payload: {"disk": "/", "usage_pct": 62, "hostname": "TheHive", "msg": "Periodic disk check"}
[2026-07-23T10:42:03+02:00] [WARN] [deploy.sh] Aucun argument reconnu — utilisation: /home/aza/scripts/deploy.sh [--cleanup|--restart]
[2026-07-23T10:42:03+02:00] [INFO] [deploy.sh] Usage:
[2026-07-23T10:42:03+02:00] [INFO] [deploy.sh]   --cleanup   Nettoyer logs anciens, WAL, /tmp/adam-*
[2026-07-23T10:42:03+02:00] [INFO] [deploy.sh]   --restart   Redémarrer un service depuis ADAM_EVENT_PAYLOAD.service
[2026-07-23T10:42:03+02:00] [INFO] [deploy.sh] Terminé (exit 0)
[2026-07-23T10:46:21+02:00] [INFO] [deploy.sh] ━━━━━━━━━━━━━━━━━━━━━━━━━━━━━━━━━━━━━━━━━━━━━━━━
[2026-07-23T10:46:21+02:00] [INFO] [deploy.sh] Appel reçu | channel=service:down source=hive_cycler args=
[2026-07-23T10:46:21+02:00] [INFO] [deploy.sh] Payload: {"msg": "Health check ping", "hostname": "TheHive"}
[2026-07-23T10:46:21+02:00] [WARN] [deploy.sh] Aucun argument reconnu — utilisation: /home/aza/scripts/deploy.sh [--cleanup|--restart]
[2026-07-23T10:46:21+02:00] [INFO] [deploy.sh] Usage:
[2026-07-23T10:46:21+02:00] [INFO] [deploy.sh]   --cleanup   Nettoyer logs anciens, WAL, /tmp/adam-*
[2026-07-23T10:46:21+02:00] [INFO] [deploy.sh]   --restart   Redémarrer un service depuis ADAM_EVENT_PAYLOAD.service
[2026-07-23T10:46:21+02:00] [INFO] [deploy.sh] Terminé (exit 0)
[2026-07-23T10:46:25+02:00] [INFO] [deploy.sh] ━━━━━━━━━━━━━━━━━━━━━━━━━━━━━━━━━━━━━━━━━━━━━━━━
[2026-07-23T10:46:25+02:00] [INFO] [deploy.sh] Appel reçu | channel=hardware:disk_alert source=hive_cycler args=
[2026-07-23T10:46:25+02:00] [INFO] [deploy.sh] Payload: {"disk": "/", "usage_pct": 62, "hostname": "TheHive", "msg": "Periodic disk check"}
[2026-07-23T10:46:25+02:00] [WARN] [deploy.sh] Aucun argument reconnu — utilisation: /home/aza/scripts/deploy.sh [--cleanup|--restart]
[2026-07-23T10:46:25+02:00] [INFO] [deploy.sh] Usage:
[2026-07-23T10:46:25+02:00] [INFO] [deploy.sh]   --cleanup   Nettoyer logs anciens, WAL, /tmp/adam-*
[2026-07-23T10:46:25+02:00] [INFO] [deploy.sh]   --restart   Redémarrer un service depuis ADAM_EVENT_PAYLOAD.service
[2026-07-23T10:46:25+02:00] [INFO] [deploy.sh] Terminé (exit 0)
[2026-07-23T10:50:41+02:00] [INFO] [deploy.sh] ━━━━━━━━━━━━━━━━━━━━━━━━━━━━━━━━━━━━━━━━━━━━━━━━
[2026-07-23T10:50:41+02:00] [INFO] [deploy.sh] Appel reçu | channel=service:down source=hive_cycler args=
[2026-07-23T10:50:41+02:00] [INFO] [deploy.sh] Payload: {"msg": "Health check ping", "hostname": "TheHive"}
[2026-07-23T10:50:41+02:00] [WARN] [deploy.sh] Aucun argument reconnu — utilisation: /home/aza/scripts/deploy.sh [--cleanup|--restart]
[2026-07-23T10:50:41+02:00] [INFO] [deploy.sh] Usage:
[2026-07-23T10:50:41+02:00] [INFO] [deploy.sh]   --cleanup   Nettoyer logs anciens, WAL, /tmp/adam-*
[2026-07-23T10:50:41+02:00] [INFO] [deploy.sh]   --restart   Redémarrer un service depuis ADAM_EVENT_PAYLOAD.service
[2026-07-23T10:50:41+02:00] [INFO] [deploy.sh] Terminé (exit 0)
[2026-07-23T10:50:45+02:00] [INFO] [deploy.sh] ━━━━━━━━━━━━━━━━━━━━━━━━━━━━━━━━━━━━━━━━━━━━━━━━
[2026-07-23T10:50:45+02:00] [INFO] [deploy.sh] Appel reçu | channel=hardware:disk_alert source=hive_cycler args=
[2026-07-23T10:50:45+02:00] [INFO] [deploy.sh] Payload: {"disk": "/", "usage_pct": 62, "hostname": "TheHive", "msg": "Periodic disk check"}
[2026-07-23T10:50:45+02:00] [WARN] [deploy.sh] Aucun argument reconnu — utilisation: /home/aza/scripts/deploy.sh [--cleanup|--restart]
[2026-07-23T10:50:45+02:00] [INFO] [deploy.sh] Usage:
[2026-07-23T10:50:45+02:00] [INFO] [deploy.sh]   --cleanup   Nettoyer logs anciens, WAL, /tmp/adam-*
[2026-07-23T10:50:45+02:00] [INFO] [deploy.sh]   --restart   Redémarrer un service depuis ADAM_EVENT_PAYLOAD.service
[2026-07-23T10:50:45+02:00] [INFO] [deploy.sh] Terminé (exit 0)
[2026-07-23T10:55:03+02:00] [INFO] [deploy.sh] ━━━━━━━━━━━━━━━━━━━━━━━━━━━━━━━━━━━━━━━━━━━━━━━━
[2026-07-23T10:55:03+02:00] [INFO] [deploy.sh] Appel reçu | channel=service:down source=hive_cycler args=
[2026-07-23T10:55:03+02:00] [INFO] [deploy.sh] Payload: {"msg": "Health check ping", "hostname": "TheHive"}
[2026-07-23T10:55:03+02:00] [WARN] [deploy.sh] Aucun argument reconnu — utilisation: /home/aza/scripts/deploy.sh [--cleanup|--restart]
[2026-07-23T10:55:03+02:00] [INFO] [deploy.sh] Usage:
[2026-07-23T10:55:03+02:00] [INFO] [deploy.sh]   --cleanup   Nettoyer logs anciens, WAL, /tmp/adam-*
[2026-07-23T10:55:03+02:00] [INFO] [deploy.sh]   --restart   Redémarrer un service depuis ADAM_EVENT_PAYLOAD.service
[2026-07-23T10:55:03+02:00] [INFO] [deploy.sh] Terminé (exit 0)
[2026-07-23T10:55:07+02:00] [INFO] [deploy.sh] ━━━━━━━━━━━━━━━━━━━━━━━━━━━━━━━━━━━━━━━━━━━━━━━━
[2026-07-23T10:55:07+02:00] [INFO] [deploy.sh] Appel reçu | channel=hardware:disk_alert source=hive_cycler args=
[2026-07-23T10:55:07+02:00] [INFO] [deploy.sh] Payload: {"disk": "/", "usage_pct": 62, "hostname": "TheHive", "msg": "Periodic disk check"}
[2026-07-23T10:55:07+02:00] [WARN] [deploy.sh] Aucun argument reconnu — utilisation: /home/aza/scripts/deploy.sh [--cleanup|--restart]
[2026-07-23T10:55:07+02:00] [INFO] [deploy.sh] Usage:
[2026-07-23T10:55:07+02:00] [INFO] [deploy.sh]   --cleanup   Nettoyer logs anciens, WAL, /tmp/adam-*
[2026-07-23T10:55:07+02:00] [INFO] [deploy.sh]   --restart   Redémarrer un service depuis ADAM_EVENT_PAYLOAD.service
[2026-07-23T10:55:07+02:00] [INFO] [deploy.sh] Terminé (exit 0)
[2026-07-23T10:59:23+02:00] [INFO] [deploy.sh] ━━━━━━━━━━━━━━━━━━━━━━━━━━━━━━━━━━━━━━━━━━━━━━━━
[2026-07-23T10:59:23+02:00] [INFO] [deploy.sh] Appel reçu | channel=service:down source=hive_cycler args=
[2026-07-23T10:59:23+02:00] [INFO] [deploy.sh] Payload: {"msg": "Health check ping", "hostname": "TheHive"}
[2026-07-23T10:59:23+02:00] [WARN] [deploy.sh] Aucun argument reconnu — utilisation: /home/aza/scripts/deploy.sh [--cleanup|--restart]
[2026-07-23T10:59:23+02:00] [INFO] [deploy.sh] Usage:
[2026-07-23T10:59:23+02:00] [INFO] [deploy.sh]   --cleanup   Nettoyer logs anciens, WAL, /tmp/adam-*
[2026-07-23T10:59:23+02:00] [INFO] [deploy.sh]   --restart   Redémarrer un service depuis ADAM_EVENT_PAYLOAD.service
[2026-07-23T10:59:23+02:00] [INFO] [deploy.sh] Terminé (exit 0)
[2026-07-23T10:59:27+02:00] [INFO] [deploy.sh] ━━━━━━━━━━━━━━━━━━━━━━━━━━━━━━━━━━━━━━━━━━━━━━━━
[2026-07-23T10:59:27+02:00] [INFO] [deploy.sh] Appel reçu | channel=hardware:disk_alert source=hive_cycler args=
[2026-07-23T10:59:27+02:00] [INFO] [deploy.sh] Payload: {"disk": "/", "usage_pct": 62, "hostname": "TheHive", "msg": "Periodic disk check"}
[2026-07-23T10:59:27+02:00] [WARN] [deploy.sh] Aucun argument reconnu — utilisation: /home/aza/scripts/deploy.sh [--cleanup|--restart]
[2026-07-23T10:59:27+02:00] [INFO] [deploy.sh] Usage:
[2026-07-23T10:59:27+02:00] [INFO] [deploy.sh]   --cleanup   Nettoyer logs anciens, WAL, /tmp/adam-*
[2026-07-23T10:59:27+02:00] [INFO] [deploy.sh]   --restart   Redémarrer un service depuis ADAM_EVENT_PAYLOAD.service
[2026-07-23T10:59:27+02:00] [INFO] [deploy.sh] Terminé (exit 0)
[2026-07-23T11:03:45+02:00] [INFO] [deploy.sh] ━━━━━━━━━━━━━━━━━━━━━━━━━━━━━━━━━━━━━━━━━━━━━━━━
[2026-07-23T11:03:45+02:00] [INFO] [deploy.sh] Appel reçu | channel=service:down source=hive_cycler args=
[2026-07-23T11:03:45+02:00] [INFO] [deploy.sh] Payload: {"msg": "Health check ping", "hostname": "TheHive"}
[2026-07-23T11:03:45+02:00] [WARN] [deploy.sh] Aucun argument reconnu — utilisation: /home/aza/scripts/deploy.sh [--cleanup|--restart]
[2026-07-23T11:03:45+02:00] [INFO] [deploy.sh] Usage:
[2026-07-23T11:03:45+02:00] [INFO] [deploy.sh]   --cleanup   Nettoyer logs anciens, WAL, /tmp/adam-*
[2026-07-23T11:03:45+02:00] [INFO] [deploy.sh]   --restart   Redémarrer un service depuis ADAM_EVENT_PAYLOAD.service
[2026-07-23T11:03:45+02:00] [INFO] [deploy.sh] Terminé (exit 0)
[2026-07-23T11:03:49+02:00] [INFO] [deploy.sh] ━━━━━━━━━━━━━━━━━━━━━━━━━━━━━━━━━━━━━━━━━━━━━━━━
[2026-07-23T11:03:49+02:00] [INFO] [deploy.sh] Appel reçu | channel=hardware:disk_alert source=hive_cycler args=
[2026-07-23T11:03:49+02:00] [INFO] [deploy.sh] Payload: {"disk": "/", "usage_pct": 62, "hostname": "TheHive", "msg": "Periodic disk check"}
[2026-07-23T11:03:49+02:00] [WARN] [deploy.sh] Aucun argument reconnu — utilisation: /home/aza/scripts/deploy.sh [--cleanup|--restart]
[2026-07-23T11:03:49+02:00] [INFO] [deploy.sh] Usage:
[2026-07-23T11:03:49+02:00] [INFO] [deploy.sh]   --cleanup   Nettoyer logs anciens, WAL, /tmp/adam-*
[2026-07-23T11:03:49+02:00] [INFO] [deploy.sh]   --restart   Redémarrer un service depuis ADAM_EVENT_PAYLOAD.service
[2026-07-23T11:03:49+02:00] [INFO] [deploy.sh] Terminé (exit 0)
[2026-07-23T11:08:07+02:00] [INFO] [deploy.sh] ━━━━━━━━━━━━━━━━━━━━━━━━━━━━━━━━━━━━━━━━━━━━━━━━
[2026-07-23T11:08:07+02:00] [INFO] [deploy.sh] Appel reçu | channel=service:down source=hive_cycler args=
[2026-07-23T11:08:07+02:00] [INFO] [deploy.sh] Payload: {"msg": "Health check ping", "hostname": "TheHive"}
[2026-07-23T11:08:07+02:00] [WARN] [deploy.sh] Aucun argument reconnu — utilisation: /home/aza/scripts/deploy.sh [--cleanup|--restart]
[2026-07-23T11:08:07+02:00] [INFO] [deploy.sh] Usage:
[2026-07-23T11:08:07+02:00] [INFO] [deploy.sh]   --cleanup   Nettoyer logs anciens, WAL, /tmp/adam-*
[2026-07-23T11:08:07+02:00] [INFO] [deploy.sh]   --restart   Redémarrer un service depuis ADAM_EVENT_PAYLOAD.service
[2026-07-23T11:08:07+02:00] [INFO] [deploy.sh] Terminé (exit 0)
[2026-07-23T11:08:11+02:00] [INFO] [deploy.sh] ━━━━━━━━━━━━━━━━━━━━━━━━━━━━━━━━━━━━━━━━━━━━━━━━
[2026-07-23T11:08:11+02:00] [INFO] [deploy.sh] Appel reçu | channel=hardware:disk_alert source=hive_cycler args=
[2026-07-23T11:08:11+02:00] [INFO] [deploy.sh] Payload: {"disk": "/", "usage_pct": 62, "hostname": "TheHive", "msg": "Periodic disk check"}
[2026-07-23T11:08:11+02:00] [WARN] [deploy.sh] Aucun argument reconnu — utilisation: /home/aza/scripts/deploy.sh [--cleanup|--restart]
[2026-07-23T11:08:11+02:00] [INFO] [deploy.sh] Usage:
[2026-07-23T11:08:11+02:00] [INFO] [deploy.sh]   --cleanup   Nettoyer logs anciens, WAL, /tmp/adam-*
[2026-07-23T11:08:11+02:00] [INFO] [deploy.sh]   --restart   Redémarrer un service depuis ADAM_EVENT_PAYLOAD.service
[2026-07-23T11:08:11+02:00] [INFO] [deploy.sh] Terminé (exit 0)
[2026-07-23T11:12:27+02:00] [INFO] [deploy.sh] ━━━━━━━━━━━━━━━━━━━━━━━━━━━━━━━━━━━━━━━━━━━━━━━━
[2026-07-23T11:12:27+02:00] [INFO] [deploy.sh] Appel reçu | channel=service:down source=hive_cycler args=
[2026-07-23T11:12:27+02:00] [INFO] [deploy.sh] Payload: {"msg": "Health check ping", "hostname": "TheHive"}
[2026-07-23T11:12:27+02:00] [WARN] [deploy.sh] Aucun argument reconnu — utilisation: /home/aza/scripts/deploy.sh [--cleanup|--restart]
[2026-07-23T11:12:27+02:00] [INFO] [deploy.sh] Usage:
[2026-07-23T11:12:27+02:00] [INFO] [deploy.sh]   --cleanup   Nettoyer logs anciens, WAL, /tmp/adam-*
[2026-07-23T11:12:27+02:00] [INFO] [deploy.sh]   --restart   Redémarrer un service depuis ADAM_EVENT_PAYLOAD.service
[2026-07-23T11:12:27+02:00] [INFO] [deploy.sh] Terminé (exit 0)
[2026-07-23T11:12:31+02:00] [INFO] [deploy.sh] ━━━━━━━━━━━━━━━━━━━━━━━━━━━━━━━━━━━━━━━━━━━━━━━━
[2026-07-23T11:12:31+02:00] [INFO] [deploy.sh] Appel reçu | channel=hardware:disk_alert source=hive_cycler args=
[2026-07-23T11:12:31+02:00] [INFO] [deploy.sh] Payload: {"disk": "/", "usage_pct": 62, "hostname": "TheHive", "msg": "Periodic disk check"}
[2026-07-23T11:12:31+02:00] [WARN] [deploy.sh] Aucun argument reconnu — utilisation: /home/aza/scripts/deploy.sh [--cleanup|--restart]
[2026-07-23T11:12:31+02:00] [INFO] [deploy.sh] Usage:
[2026-07-23T11:12:31+02:00] [INFO] [deploy.sh]   --cleanup   Nettoyer logs anciens, WAL, /tmp/adam-*
[2026-07-23T11:12:31+02:00] [INFO] [deploy.sh]   --restart   Redémarrer un service depuis ADAM_EVENT_PAYLOAD.service
[2026-07-23T11:12:31+02:00] [INFO] [deploy.sh] Terminé (exit 0)
[2026-07-23T11:16:49+02:00] [INFO] [deploy.sh] ━━━━━━━━━━━━━━━━━━━━━━━━━━━━━━━━━━━━━━━━━━━━━━━━
[2026-07-23T11:16:49+02:00] [INFO] [deploy.sh] Appel reçu | channel=service:down source=hive_cycler args=
[2026-07-23T11:16:49+02:00] [INFO] [deploy.sh] Payload: {"msg": "Health check ping", "hostname": "TheHive"}
[2026-07-23T11:16:49+02:00] [WARN] [deploy.sh] Aucun argument reconnu — utilisation: /home/aza/scripts/deploy.sh [--cleanup|--restart]
[2026-07-23T11:16:49+02:00] [INFO] [deploy.sh] Usage:
[2026-07-23T11:16:49+02:00] [INFO] [deploy.sh]   --cleanup   Nettoyer logs anciens, WAL, /tmp/adam-*
[2026-07-23T11:16:49+02:00] [INFO] [deploy.sh]   --restart   Redémarrer un service depuis ADAM_EVENT_PAYLOAD.service
[2026-07-23T11:16:49+02:00] [INFO] [deploy.sh] Terminé (exit 0)
[2026-07-23T11:16:53+02:00] [INFO] [deploy.sh] ━━━━━━━━━━━━━━━━━━━━━━━━━━━━━━━━━━━━━━━━━━━━━━━━
[2026-07-23T11:16:53+02:00] [INFO] [deploy.sh] Appel reçu | channel=hardware:disk_alert source=hive_cycler args=
[2026-07-23T11:16:53+02:00] [INFO] [deploy.sh] Payload: {"disk": "/", "usage_pct": 62, "hostname": "TheHive", "msg": "Periodic disk check"}
[2026-07-23T11:16:53+02:00] [WARN] [deploy.sh] Aucun argument reconnu — utilisation: /home/aza/scripts/deploy.sh [--cleanup|--restart]
[2026-07-23T11:16:53+02:00] [INFO] [deploy.sh] Usage:
[2026-07-23T11:16:53+02:00] [INFO] [deploy.sh]   --cleanup   Nettoyer logs anciens, WAL, /tmp/adam-*
[2026-07-23T11:16:53+02:00] [INFO] [deploy.sh]   --restart   Redémarrer un service depuis ADAM_EVENT_PAYLOAD.service
[2026-07-23T11:16:53+02:00] [INFO] [deploy.sh] Terminé (exit 0)
[2026-07-23T11:21:09+02:00] [INFO] [deploy.sh] ━━━━━━━━━━━━━━━━━━━━━━━━━━━━━━━━━━━━━━━━━━━━━━━━
[2026-07-23T11:21:09+02:00] [INFO] [deploy.sh] Appel reçu | channel=service:down source=hive_cycler args=
[2026-07-23T11:21:09+02:00] [INFO] [deploy.sh] Payload: {"msg": "Health check ping", "hostname": "TheHive"}
[2026-07-23T11:21:09+02:00] [WARN] [deploy.sh] Aucun argument reconnu — utilisation: /home/aza/scripts/deploy.sh [--cleanup|--restart]
[2026-07-23T11:21:09+02:00] [INFO] [deploy.sh] Usage:
[2026-07-23T11:21:09+02:00] [INFO] [deploy.sh]   --cleanup   Nettoyer logs anciens, WAL, /tmp/adam-*
[2026-07-23T11:21:09+02:00] [INFO] [deploy.sh]   --restart   Redémarrer un service depuis ADAM_EVENT_PAYLOAD.service
[2026-07-23T11:21:09+02:00] [INFO] [deploy.sh] Terminé (exit 0)
[2026-07-23T11:21:13+02:00] [INFO] [deploy.sh] ━━━━━━━━━━━━━━━━━━━━━━━━━━━━━━━━━━━━━━━━━━━━━━━━
[2026-07-23T11:21:13+02:00] [INFO] [deploy.sh] Appel reçu | channel=hardware:disk_alert source=hive_cycler args=
[2026-07-23T11:21:13+02:00] [INFO] [deploy.sh] Payload: {"disk": "/", "usage_pct": 62, "hostname": "TheHive", "msg": "Periodic disk check"}
[2026-07-23T11:21:13+02:00] [WARN] [deploy.sh] Aucun argument reconnu — utilisation: /home/aza/scripts/deploy.sh [--cleanup|--restart]
[2026-07-23T11:21:13+02:00] [INFO] [deploy.sh] Usage:
[2026-07-23T11:21:13+02:00] [INFO] [deploy.sh]   --cleanup   Nettoyer logs anciens, WAL, /tmp/adam-*
[2026-07-23T11:21:13+02:00] [INFO] [deploy.sh]   --restart   Redémarrer un service depuis ADAM_EVENT_PAYLOAD.service
[2026-07-23T11:21:13+02:00] [INFO] [deploy.sh] Terminé (exit 0)
[2026-07-23T11:25:31+02:00] [INFO] [deploy.sh] ━━━━━━━━━━━━━━━━━━━━━━━━━━━━━━━━━━━━━━━━━━━━━━━━
[2026-07-23T11:25:31+02:00] [INFO] [deploy.sh] Appel reçu | channel=service:down source=hive_cycler args=
[2026-07-23T11:25:31+02:00] [INFO] [deploy.sh] Payload: {"msg": "Health check ping", "hostname": "TheHive"}
[2026-07-23T11:25:31+02:00] [WARN] [deploy.sh] Aucun argument reconnu — utilisation: /home/aza/scripts/deploy.sh [--cleanup|--restart]
[2026-07-23T11:25:31+02:00] [INFO] [deploy.sh] Usage:
[2026-07-23T11:25:31+02:00] [INFO] [deploy.sh]   --cleanup   Nettoyer logs anciens, WAL, /tmp/adam-*
[2026-07-23T11:25:31+02:00] [INFO] [deploy.sh]   --restart   Redémarrer un service depuis ADAM_EVENT_PAYLOAD.service
[2026-07-23T11:25:32+02:00] [INFO] [deploy.sh] Terminé (exit 0)
[2026-07-23T11:25:38+02:00] [INFO] [deploy.sh] ━━━━━━━━━━━━━━━━━━━━━━━━━━━━━━━━━━━━━━━━━━━━━━━━
[2026-07-23T11:25:38+02:00] [INFO] [deploy.sh] Appel reçu | channel=hardware:disk_alert source=hive_cycler args=
[2026-07-23T11:25:38+02:00] [INFO] [deploy.sh] Payload: {"disk": "/", "usage_pct": 62, "hostname": "TheHive", "msg": "Periodic disk check"}
[2026-07-23T11:25:38+02:00] [WARN] [deploy.sh] Aucun argument reconnu — utilisation: /home/aza/scripts/deploy.sh [--cleanup|--restart]
[2026-07-23T11:25:38+02:00] [INFO] [deploy.sh] Usage:
[2026-07-23T11:25:38+02:00] [INFO] [deploy.sh]   --cleanup   Nettoyer logs anciens, WAL, /tmp/adam-*
[2026-07-23T11:25:38+02:00] [INFO] [deploy.sh]   --restart   Redémarrer un service depuis ADAM_EVENT_PAYLOAD.service
[2026-07-23T11:25:38+02:00] [INFO] [deploy.sh] Terminé (exit 0)
[2026-07-23T11:29:52+02:00] [INFO] [deploy.sh] ━━━━━━━━━━━━━━━━━━━━━━━━━━━━━━━━━━━━━━━━━━━━━━━━
[2026-07-23T11:29:52+02:00] [INFO] [deploy.sh] Appel reçu | channel=service:down source=hive_cycler args=
[2026-07-23T11:29:52+02:00] [INFO] [deploy.sh] Payload: {"msg": "Health check ping", "hostname": "TheHive"}
[2026-07-23T11:29:52+02:00] [WARN] [deploy.sh] Aucun argument reconnu — utilisation: /home/aza/scripts/deploy.sh [--cleanup|--restart]
[2026-07-23T11:29:52+02:00] [INFO] [deploy.sh] Usage:
[2026-07-23T11:29:52+02:00] [INFO] [deploy.sh]   --cleanup   Nettoyer logs anciens, WAL, /tmp/adam-*
[2026-07-23T11:29:52+02:00] [INFO] [deploy.sh]   --restart   Redémarrer un service depuis ADAM_EVENT_PAYLOAD.service
[2026-07-23T11:29:52+02:00] [INFO] [deploy.sh] Terminé (exit 0)
[2026-07-23T11:30:00+02:00] [INFO] [deploy.sh] ━━━━━━━━━━━━━━━━━━━━━━━━━━━━━━━━━━━━━━━━━━━━━━━━
[2026-07-23T11:30:00+02:00] [INFO] [deploy.sh] Appel reçu | channel=hardware:disk_alert source=hive_cycler args=
[2026-07-23T11:30:00+02:00] [INFO] [deploy.sh] Payload: {"disk": "/", "usage_pct": 62, "hostname": "TheHive", "msg": "Periodic disk check"}
[2026-07-23T11:30:00+02:00] [WARN] [deploy.sh] Aucun argument reconnu — utilisation: /home/aza/scripts/deploy.sh [--cleanup|--restart]
[2026-07-23T11:30:00+02:00] [INFO] [deploy.sh] Usage:
[2026-07-23T11:30:00+02:00] [INFO] [deploy.sh]   --cleanup   Nettoyer logs anciens, WAL, /tmp/adam-*
[2026-07-23T11:30:00+02:00] [INFO] [deploy.sh]   --restart   Redémarrer un service depuis ADAM_EVENT_PAYLOAD.service
[2026-07-23T11:30:00+02:00] [INFO] [deploy.sh] Terminé (exit 0)
[2026-07-23T11:34:14+02:00] [INFO] [deploy.sh] ━━━━━━━━━━━━━━━━━━━━━━━━━━━━━━━━━━━━━━━━━━━━━━━━
[2026-07-23T11:34:14+02:00] [INFO] [deploy.sh] Appel reçu | channel=service:down source=hive_cycler args=
[2026-07-23T11:34:14+02:00] [INFO] [deploy.sh] Payload: {"msg": "Health check ping", "hostname": "TheHive"}
[2026-07-23T11:34:14+02:00] [WARN] [deploy.sh] Aucun argument reconnu — utilisation: /home/aza/scripts/deploy.sh [--cleanup|--restart]
[2026-07-23T11:34:14+02:00] [INFO] [deploy.sh] Usage:
[2026-07-23T11:34:14+02:00] [INFO] [deploy.sh]   --cleanup   Nettoyer logs anciens, WAL, /tmp/adam-*
[2026-07-23T11:34:14+02:00] [INFO] [deploy.sh]   --restart   Redémarrer un service depuis ADAM_EVENT_PAYLOAD.service
[2026-07-23T11:34:14+02:00] [INFO] [deploy.sh] Terminé (exit 0)
[2026-07-23T11:34:20+02:00] [INFO] [deploy.sh] ━━━━━━━━━━━━━━━━━━━━━━━━━━━━━━━━━━━━━━━━━━━━━━━━
[2026-07-23T11:34:20+02:00] [INFO] [deploy.sh] Appel reçu | channel=hardware:disk_alert source=hive_cycler args=
[2026-07-23T11:34:20+02:00] [INFO] [deploy.sh] Payload: {"disk": "/", "usage_pct": 62, "hostname": "TheHive", "msg": "Periodic disk check"}
[2026-07-23T11:34:20+02:00] [WARN] [deploy.sh] Aucun argument reconnu — utilisation: /home/aza/scripts/deploy.sh [--cleanup|--restart]
[2026-07-23T11:34:20+02:00] [INFO] [deploy.sh] Usage:
[2026-07-23T11:34:20+02:00] [INFO] [deploy.sh]   --cleanup   Nettoyer logs anciens, WAL, /tmp/adam-*
[2026-07-23T11:34:20+02:00] [INFO] [deploy.sh]   --restart   Redémarrer un service depuis ADAM_EVENT_PAYLOAD.service
[2026-07-23T11:34:20+02:00] [INFO] [deploy.sh] Terminé (exit 0)
[2026-07-23T11:38:36+02:00] [INFO] [deploy.sh] ━━━━━━━━━━━━━━━━━━━━━━━━━━━━━━━━━━━━━━━━━━━━━━━━
[2026-07-23T11:38:36+02:00] [INFO] [deploy.sh] Appel reçu | channel=service:down source=hive_cycler args=
[2026-07-23T11:38:36+02:00] [INFO] [deploy.sh] Payload: {"msg": "Health check ping", "hostname": "TheHive"}
[2026-07-23T11:38:36+02:00] [WARN] [deploy.sh] Aucun argument reconnu — utilisation: /home/aza/scripts/deploy.sh [--cleanup|--restart]
[2026-07-23T11:38:36+02:00] [INFO] [deploy.sh] Usage:
[2026-07-23T11:38:36+02:00] [INFO] [deploy.sh]   --cleanup   Nettoyer logs anciens, WAL, /tmp/adam-*
[2026-07-23T11:38:36+02:00] [INFO] [deploy.sh]   --restart   Redémarrer un service depuis ADAM_EVENT_PAYLOAD.service
[2026-07-23T11:38:36+02:00] [INFO] [deploy.sh] Terminé (exit 0)
[2026-07-23T11:38:40+02:00] [INFO] [deploy.sh] ━━━━━━━━━━━━━━━━━━━━━━━━━━━━━━━━━━━━━━━━━━━━━━━━
[2026-07-23T11:38:40+02:00] [INFO] [deploy.sh] Appel reçu | channel=hardware:disk_alert source=hive_cycler args=
[2026-07-23T11:38:40+02:00] [INFO] [deploy.sh] Payload: {"disk": "/", "usage_pct": 62, "hostname": "TheHive", "msg": "Periodic disk check"}
[2026-07-23T11:38:40+02:00] [WARN] [deploy.sh] Aucun argument reconnu — utilisation: /home/aza/scripts/deploy.sh [--cleanup|--restart]
[2026-07-23T11:38:40+02:00] [INFO] [deploy.sh] Usage:
[2026-07-23T11:38:40+02:00] [INFO] [deploy.sh]   --cleanup   Nettoyer logs anciens, WAL, /tmp/adam-*
[2026-07-23T11:38:40+02:00] [INFO] [deploy.sh]   --restart   Redémarrer un service depuis ADAM_EVENT_PAYLOAD.service
[2026-07-23T11:38:40+02:00] [INFO] [deploy.sh] Terminé (exit 0)
[2026-07-23T11:42:56+02:00] [INFO] [deploy.sh] ━━━━━━━━━━━━━━━━━━━━━━━━━━━━━━━━━━━━━━━━━━━━━━━━
[2026-07-23T11:42:56+02:00] [INFO] [deploy.sh] Appel reçu | channel=service:down source=hive_cycler args=
[2026-07-23T11:42:56+02:00] [INFO] [deploy.sh] Payload: {"msg": "Health check ping", "hostname": "TheHive"}
[2026-07-23T11:42:56+02:00] [WARN] [deploy.sh] Aucun argument reconnu — utilisation: /home/aza/scripts/deploy.sh [--cleanup|--restart]
[2026-07-23T11:42:56+02:00] [INFO] [deploy.sh] Usage:
[2026-07-23T11:42:56+02:00] [INFO] [deploy.sh]   --cleanup   Nettoyer logs anciens, WAL, /tmp/adam-*
[2026-07-23T11:42:56+02:00] [INFO] [deploy.sh]   --restart   Redémarrer un service depuis ADAM_EVENT_PAYLOAD.service
[2026-07-23T11:42:56+02:00] [INFO] [deploy.sh] Terminé (exit 0)
[2026-07-23T11:43:02+02:00] [INFO] [deploy.sh] ━━━━━━━━━━━━━━━━━━━━━━━━━━━━━━━━━━━━━━━━━━━━━━━━
[2026-07-23T11:43:02+02:00] [INFO] [deploy.sh] Appel reçu | channel=hardware:disk_alert source=hive_cycler args=
[2026-07-23T11:43:02+02:00] [INFO] [deploy.sh] Payload: {"disk": "/", "usage_pct": 62, "hostname": "TheHive", "msg": "Periodic disk check"}
[2026-07-23T11:43:02+02:00] [WARN] [deploy.sh] Aucun argument reconnu — utilisation: /home/aza/scripts/deploy.sh [--cleanup|--restart]
[2026-07-23T11:43:02+02:00] [INFO] [deploy.sh] Usage:
[2026-07-23T11:43:02+02:00] [INFO] [deploy.sh]   --cleanup   Nettoyer logs anciens, WAL, /tmp/adam-*
[2026-07-23T11:43:02+02:00] [INFO] [deploy.sh]   --restart   Redémarrer un service depuis ADAM_EVENT_PAYLOAD.service
[2026-07-23T11:43:02+02:00] [INFO] [deploy.sh] Terminé (exit 0)
[2026-07-23T11:47:18+02:00] [INFO] [deploy.sh] ━━━━━━━━━━━━━━━━━━━━━━━━━━━━━━━━━━━━━━━━━━━━━━━━
[2026-07-23T11:47:18+02:00] [INFO] [deploy.sh] Appel reçu | channel=service:down source=hive_cycler args=
[2026-07-23T11:47:18+02:00] [INFO] [deploy.sh] Payload: {"msg": "Health check ping", "hostname": "TheHive"}
[2026-07-23T11:47:18+02:00] [WARN] [deploy.sh] Aucun argument reconnu — utilisation: /home/aza/scripts/deploy.sh [--cleanup|--restart]
[2026-07-23T11:47:18+02:00] [INFO] [deploy.sh] Usage:
[2026-07-23T11:47:18+02:00] [INFO] [deploy.sh]   --cleanup   Nettoyer logs anciens, WAL, /tmp/adam-*
[2026-07-23T11:47:18+02:00] [INFO] [deploy.sh]   --restart   Redémarrer un service depuis ADAM_EVENT_PAYLOAD.service
[2026-07-23T11:47:18+02:00] [INFO] [deploy.sh] Terminé (exit 0)
[2026-07-23T11:47:22+02:00] [INFO] [deploy.sh] ━━━━━━━━━━━━━━━━━━━━━━━━━━━━━━━━━━━━━━━━━━━━━━━━
[2026-07-23T11:47:22+02:00] [INFO] [deploy.sh] Appel reçu | channel=hardware:disk_alert source=hive_cycler args=
[2026-07-23T11:47:22+02:00] [INFO] [deploy.sh] Payload: {"disk": "/", "usage_pct": 62, "hostname": "TheHive", "msg": "Periodic disk check"}
[2026-07-23T11:47:22+02:00] [WARN] [deploy.sh] Aucun argument reconnu — utilisation: /home/aza/scripts/deploy.sh [--cleanup|--restart]
[2026-07-23T11:47:22+02:00] [INFO] [deploy.sh] Usage:
[2026-07-23T11:47:22+02:00] [INFO] [deploy.sh]   --cleanup   Nettoyer logs anciens, WAL, /tmp/adam-*
[2026-07-23T11:47:22+02:00] [INFO] [deploy.sh]   --restart   Redémarrer un service depuis ADAM_EVENT_PAYLOAD.service
[2026-07-23T11:47:22+02:00] [INFO] [deploy.sh] Terminé (exit 0)
[2026-07-23T11:51:38+02:00] [INFO] [deploy.sh] ━━━━━━━━━━━━━━━━━━━━━━━━━━━━━━━━━━━━━━━━━━━━━━━━
[2026-07-23T11:51:38+02:00] [INFO] [deploy.sh] Appel reçu | channel=service:down source=hive_cycler args=
[2026-07-23T11:51:38+02:00] [INFO] [deploy.sh] Payload: {"msg": "Health check ping", "hostname": "TheHive"}
[2026-07-23T11:51:38+02:00] [WARN] [deploy.sh] Aucun argument reconnu — utilisation: /home/aza/scripts/deploy.sh [--cleanup|--restart]
[2026-07-23T11:51:38+02:00] [INFO] [deploy.sh] Usage:
[2026-07-23T11:51:38+02:00] [INFO] [deploy.sh]   --cleanup   Nettoyer logs anciens, WAL, /tmp/adam-*
[2026-07-23T11:51:38+02:00] [INFO] [deploy.sh]   --restart   Redémarrer un service depuis ADAM_EVENT_PAYLOAD.service
[2026-07-23T11:51:38+02:00] [INFO] [deploy.sh] Terminé (exit 0)
[2026-07-23T11:51:44+02:00] [INFO] [deploy.sh] ━━━━━━━━━━━━━━━━━━━━━━━━━━━━━━━━━━━━━━━━━━━━━━━━
[2026-07-23T11:51:44+02:00] [INFO] [deploy.sh] Appel reçu | channel=hardware:disk_alert source=hive_cycler args=
[2026-07-23T11:51:44+02:00] [INFO] [deploy.sh] Payload: {"disk": "/", "usage_pct": 62, "hostname": "TheHive", "msg": "Periodic disk check"}
[2026-07-23T11:51:44+02:00] [WARN] [deploy.sh] Aucun argument reconnu — utilisation: /home/aza/scripts/deploy.sh [--cleanup|--restart]
[2026-07-23T11:51:44+02:00] [INFO] [deploy.sh] Usage:
[2026-07-23T11:51:44+02:00] [INFO] [deploy.sh]   --cleanup   Nettoyer logs anciens, WAL, /tmp/adam-*
[2026-07-23T11:51:44+02:00] [INFO] [deploy.sh]   --restart   Redémarrer un service depuis ADAM_EVENT_PAYLOAD.service
[2026-07-23T11:51:44+02:00] [INFO] [deploy.sh] Terminé (exit 0)
[2026-07-23T11:56:00+02:00] [INFO] [deploy.sh] ━━━━━━━━━━━━━━━━━━━━━━━━━━━━━━━━━━━━━━━━━━━━━━━━
[2026-07-23T11:56:00+02:00] [INFO] [deploy.sh] Appel reçu | channel=service:down source=hive_cycler args=
[2026-07-23T11:56:00+02:00] [INFO] [deploy.sh] Payload: {"msg": "Health check ping", "hostname": "TheHive"}
[2026-07-23T11:56:00+02:00] [WARN] [deploy.sh] Aucun argument reconnu — utilisation: /home/aza/scripts/deploy.sh [--cleanup|--restart]
[2026-07-23T11:56:00+02:00] [INFO] [deploy.sh] Usage:
[2026-07-23T11:56:00+02:00] [INFO] [deploy.sh]   --cleanup   Nettoyer logs anciens, WAL, /tmp/adam-*
[2026-07-23T11:56:00+02:00] [INFO] [deploy.sh]   --restart   Redémarrer un service depuis ADAM_EVENT_PAYLOAD.service
[2026-07-23T11:56:00+02:00] [INFO] [deploy.sh] Terminé (exit 0)
[2026-07-23T11:56:04+02:00] [INFO] [deploy.sh] ━━━━━━━━━━━━━━━━━━━━━━━━━━━━━━━━━━━━━━━━━━━━━━━━
[2026-07-23T11:56:04+02:00] [INFO] [deploy.sh] Appel reçu | channel=hardware:disk_alert source=hive_cycler args=
[2026-07-23T11:56:04+02:00] [INFO] [deploy.sh] Payload: {"disk": "/", "usage_pct": 62, "hostname": "TheHive", "msg": "Periodic disk check"}
[2026-07-23T11:56:04+02:00] [WARN] [deploy.sh] Aucun argument reconnu — utilisation: /home/aza/scripts/deploy.sh [--cleanup|--restart]
[2026-07-23T11:56:04+02:00] [INFO] [deploy.sh] Usage:
[2026-07-23T11:56:04+02:00] [INFO] [deploy.sh]   --cleanup   Nettoyer logs anciens, WAL, /tmp/adam-*
[2026-07-23T11:56:04+02:00] [INFO] [deploy.sh]   --restart   Redémarrer un service depuis ADAM_EVENT_PAYLOAD.service
[2026-07-23T11:56:04+02:00] [INFO] [deploy.sh] Terminé (exit 0)
[2026-07-23T12:00:20+02:00] [INFO] [deploy.sh] ━━━━━━━━━━━━━━━━━━━━━━━━━━━━━━━━━━━━━━━━━━━━━━━━
[2026-07-23T12:00:20+02:00] [INFO] [deploy.sh] Appel reçu | channel=service:down source=hive_cycler args=
[2026-07-23T12:00:20+02:00] [INFO] [deploy.sh] Payload: {"msg": "Health check ping", "hostname": "TheHive"}
[2026-07-23T12:00:20+02:00] [WARN] [deploy.sh] Aucun argument reconnu — utilisation: /home/aza/scripts/deploy.sh [--cleanup|--restart]
[2026-07-23T12:00:20+02:00] [INFO] [deploy.sh] Usage:
[2026-07-23T12:00:20+02:00] [INFO] [deploy.sh]   --cleanup   Nettoyer logs anciens, WAL, /tmp/adam-*
[2026-07-23T12:00:20+02:00] [INFO] [deploy.sh]   --restart   Redémarrer un service depuis ADAM_EVENT_PAYLOAD.service
[2026-07-23T12:00:20+02:00] [INFO] [deploy.sh] Terminé (exit 0)
[2026-07-23T12:00:28+02:00] [INFO] [deploy.sh] ━━━━━━━━━━━━━━━━━━━━━━━━━━━━━━━━━━━━━━━━━━━━━━━━
[2026-07-23T12:00:28+02:00] [INFO] [deploy.sh] Appel reçu | channel=hardware:disk_alert source=hive_cycler args=
[2026-07-23T12:00:28+02:00] [INFO] [deploy.sh] Payload: {"disk": "/", "usage_pct": 62, "hostname": "TheHive", "msg": "Periodic disk check"}
[2026-07-23T12:00:28+02:00] [WARN] [deploy.sh] Aucun argument reconnu — utilisation: /home/aza/scripts/deploy.sh [--cleanup|--restart]
[2026-07-23T12:00:28+02:00] [INFO] [deploy.sh] Usage:
[2026-07-23T12:00:28+02:00] [INFO] [deploy.sh]   --cleanup   Nettoyer logs anciens, WAL, /tmp/adam-*
[2026-07-23T12:00:28+02:00] [INFO] [deploy.sh]   --restart   Redémarrer un service depuis ADAM_EVENT_PAYLOAD.service
[2026-07-23T12:00:28+02:00] [INFO] [deploy.sh] Terminé (exit 0)
[2026-07-23T12:04:42+02:00] [INFO] [deploy.sh] ━━━━━━━━━━━━━━━━━━━━━━━━━━━━━━━━━━━━━━━━━━━━━━━━
[2026-07-23T12:04:42+02:00] [INFO] [deploy.sh] Appel reçu | channel=service:down source=hive_cycler args=
[2026-07-23T12:04:42+02:00] [INFO] [deploy.sh] Payload: {"msg": "Health check ping", "hostname": "TheHive"}
[2026-07-23T12:04:42+02:00] [WARN] [deploy.sh] Aucun argument reconnu — utilisation: /home/aza/scripts/deploy.sh [--cleanup|--restart]
[2026-07-23T12:04:42+02:00] [INFO] [deploy.sh] Usage:
[2026-07-23T12:04:42+02:00] [INFO] [deploy.sh]   --cleanup   Nettoyer logs anciens, WAL, /tmp/adam-*
[2026-07-23T12:04:42+02:00] [INFO] [deploy.sh]   --restart   Redémarrer un service depuis ADAM_EVENT_PAYLOAD.service
[2026-07-23T12:04:42+02:00] [INFO] [deploy.sh] Terminé (exit 0)
[2026-07-23T12:04:48+02:00] [INFO] [deploy.sh] ━━━━━━━━━━━━━━━━━━━━━━━━━━━━━━━━━━━━━━━━━━━━━━━━
[2026-07-23T12:04:48+02:00] [INFO] [deploy.sh] Appel reçu | channel=hardware:disk_alert source=hive_cycler args=
[2026-07-23T12:04:48+02:00] [INFO] [deploy.sh] Payload: {"disk": "/", "usage_pct": 62, "hostname": "TheHive", "msg": "Periodic disk check"}
[2026-07-23T12:04:48+02:00] [WARN] [deploy.sh] Aucun argument reconnu — utilisation: /home/aza/scripts/deploy.sh [--cleanup|--restart]
[2026-07-23T12:04:48+02:00] [INFO] [deploy.sh] Usage:
[2026-07-23T12:04:48+02:00] [INFO] [deploy.sh]   --cleanup   Nettoyer logs anciens, WAL, /tmp/adam-*
[2026-07-23T12:04:48+02:00] [INFO] [deploy.sh]   --restart   Redémarrer un service depuis ADAM_EVENT_PAYLOAD.service
[2026-07-23T12:04:48+02:00] [INFO] [deploy.sh] Terminé (exit 0)
[2026-07-23T12:09:02+02:00] [INFO] [deploy.sh] ━━━━━━━━━━━━━━━━━━━━━━━━━━━━━━━━━━━━━━━━━━━━━━━━
[2026-07-23T12:09:02+02:00] [INFO] [deploy.sh] Appel reçu | channel=service:down source=hive_cycler args=
[2026-07-23T12:09:02+02:00] [INFO] [deploy.sh] Payload: {"msg": "Health check ping", "hostname": "TheHive"}
[2026-07-23T12:09:02+02:00] [WARN] [deploy.sh] Aucun argument reconnu — utilisation: /home/aza/scripts/deploy.sh [--cleanup|--restart]
[2026-07-23T12:09:02+02:00] [INFO] [deploy.sh] Usage:
[2026-07-23T12:09:02+02:00] [INFO] [deploy.sh]   --cleanup   Nettoyer logs anciens, WAL, /tmp/adam-*
[2026-07-23T12:09:02+02:00] [INFO] [deploy.sh]   --restart   Redémarrer un service depuis ADAM_EVENT_PAYLOAD.service
[2026-07-23T12:09:02+02:00] [INFO] [deploy.sh] Terminé (exit 0)
[2026-07-23T12:09:10+02:00] [INFO] [deploy.sh] ━━━━━━━━━━━━━━━━━━━━━━━━━━━━━━━━━━━━━━━━━━━━━━━━
[2026-07-23T12:09:10+02:00] [INFO] [deploy.sh] Appel reçu | channel=hardware:disk_alert source=hive_cycler args=
[2026-07-23T12:09:10+02:00] [INFO] [deploy.sh] Payload: {"disk": "/", "usage_pct": 62, "hostname": "TheHive", "msg": "Periodic disk check"}
[2026-07-23T12:09:10+02:00] [WARN] [deploy.sh] Aucun argument reconnu — utilisation: /home/aza/scripts/deploy.sh [--cleanup|--restart]
[2026-07-23T12:09:10+02:00] [INFO] [deploy.sh] Usage:
[2026-07-23T12:09:10+02:00] [INFO] [deploy.sh]   --cleanup   Nettoyer logs anciens, WAL, /tmp/adam-*
[2026-07-23T12:09:10+02:00] [INFO] [deploy.sh]   --restart   Redémarrer un service depuis ADAM_EVENT_PAYLOAD.service
[2026-07-23T12:09:10+02:00] [INFO] [deploy.sh] Terminé (exit 0)
[2026-07-23T12:13:25+02:00] [INFO] [deploy.sh] ━━━━━━━━━━━━━━━━━━━━━━━━━━━━━━━━━━━━━━━━━━━━━━━━
[2026-07-23T12:13:25+02:00] [INFO] [deploy.sh] Appel reçu | channel=service:down source=hive_cycler args=
[2026-07-23T12:13:25+02:00] [INFO] [deploy.sh] Payload: {"msg": "Health check ping", "hostname": "TheHive"}
[2026-07-23T12:13:25+02:00] [WARN] [deploy.sh] Aucun argument reconnu — utilisation: /home/aza/scripts/deploy.sh [--cleanup|--restart]
[2026-07-23T12:13:25+02:00] [INFO] [deploy.sh] Usage:
[2026-07-23T12:13:25+02:00] [INFO] [deploy.sh]   --cleanup   Nettoyer logs anciens, WAL, /tmp/adam-*
[2026-07-23T12:13:25+02:00] [INFO] [deploy.sh]   --restart   Redémarrer un service depuis ADAM_EVENT_PAYLOAD.service
[2026-07-23T12:13:25+02:00] [INFO] [deploy.sh] Terminé (exit 0)
[2026-07-23T12:13:31+02:00] [INFO] [deploy.sh] ━━━━━━━━━━━━━━━━━━━━━━━━━━━━━━━━━━━━━━━━━━━━━━━━
[2026-07-23T12:13:31+02:00] [INFO] [deploy.sh] Appel reçu | channel=hardware:disk_alert source=hive_cycler args=
[2026-07-23T12:13:31+02:00] [INFO] [deploy.sh] Payload: {"disk": "/", "usage_pct": 62, "hostname": "TheHive", "msg": "Periodic disk check"}
[2026-07-23T12:13:31+02:00] [WARN] [deploy.sh] Aucun argument reconnu — utilisation: /home/aza/scripts/deploy.sh [--cleanup|--restart]
[2026-07-23T12:13:31+02:00] [INFO] [deploy.sh] Usage:
[2026-07-23T12:13:31+02:00] [INFO] [deploy.sh]   --cleanup   Nettoyer logs anciens, WAL, /tmp/adam-*
[2026-07-23T12:13:31+02:00] [INFO] [deploy.sh]   --restart   Redémarrer un service depuis ADAM_EVENT_PAYLOAD.service
[2026-07-23T12:13:31+02:00] [INFO] [deploy.sh] Terminé (exit 0)
[2026-07-23T12:17:45+02:00] [INFO] [deploy.sh] ━━━━━━━━━━━━━━━━━━━━━━━━━━━━━━━━━━━━━━━━━━━━━━━━
[2026-07-23T12:17:45+02:00] [INFO] [deploy.sh] Appel reçu | channel=service:down source=hive_cycler args=
[2026-07-23T12:17:45+02:00] [INFO] [deploy.sh] Payload: {"msg": "Health check ping", "hostname": "TheHive"}
[2026-07-23T12:17:45+02:00] [WARN] [deploy.sh] Aucun argument reconnu — utilisation: /home/aza/scripts/deploy.sh [--cleanup|--restart]
[2026-07-23T12:17:45+02:00] [INFO] [deploy.sh] Usage:
[2026-07-23T12:17:45+02:00] [INFO] [deploy.sh]   --cleanup   Nettoyer logs anciens, WAL, /tmp/adam-*
[2026-07-23T12:17:45+02:00] [INFO] [deploy.sh]   --restart   Redémarrer un service depuis ADAM_EVENT_PAYLOAD.service
[2026-07-23T12:17:45+02:00] [INFO] [deploy.sh] Terminé (exit 0)
[2026-07-23T12:17:53+02:00] [INFO] [deploy.sh] ━━━━━━━━━━━━━━━━━━━━━━━━━━━━━━━━━━━━━━━━━━━━━━━━
[2026-07-23T12:17:53+02:00] [INFO] [deploy.sh] Appel reçu | channel=hardware:disk_alert source=hive_cycler args=
[2026-07-23T12:17:53+02:00] [INFO] [deploy.sh] Payload: {"disk": "/", "usage_pct": 62, "hostname": "TheHive", "msg": "Periodic disk check"}
[2026-07-23T12:17:53+02:00] [WARN] [deploy.sh] Aucun argument reconnu — utilisation: /home/aza/scripts/deploy.sh [--cleanup|--restart]
[2026-07-23T12:17:53+02:00] [INFO] [deploy.sh] Usage:
[2026-07-23T12:17:53+02:00] [INFO] [deploy.sh]   --cleanup   Nettoyer logs anciens, WAL, /tmp/adam-*
[2026-07-23T12:17:53+02:00] [INFO] [deploy.sh]   --restart   Redémarrer un service depuis ADAM_EVENT_PAYLOAD.service
[2026-07-23T12:17:53+02:00] [INFO] [deploy.sh] Terminé (exit 0)
[2026-07-23T12:22:07+02:00] [INFO] [deploy.sh] ━━━━━━━━━━━━━━━━━━━━━━━━━━━━━━━━━━━━━━━━━━━━━━━━
[2026-07-23T12:22:07+02:00] [INFO] [deploy.sh] Appel reçu | channel=service:down source=hive_cycler args=
[2026-07-23T12:22:07+02:00] [INFO] [deploy.sh] Payload: {"msg": "Health check ping", "hostname": "TheHive"}
[2026-07-23T12:22:07+02:00] [WARN] [deploy.sh] Aucun argument reconnu — utilisation: /home/aza/scripts/deploy.sh [--cleanup|--restart]
[2026-07-23T12:22:07+02:00] [INFO] [deploy.sh] Usage:
[2026-07-23T12:22:07+02:00] [INFO] [deploy.sh]   --cleanup   Nettoyer logs anciens, WAL, /tmp/adam-*
[2026-07-23T12:22:07+02:00] [INFO] [deploy.sh]   --restart   Redémarrer un service depuis ADAM_EVENT_PAYLOAD.service
[2026-07-23T12:22:07+02:00] [INFO] [deploy.sh] Terminé (exit 0)
[2026-07-23T12:22:13+02:00] [INFO] [deploy.sh] ━━━━━━━━━━━━━━━━━━━━━━━━━━━━━━━━━━━━━━━━━━━━━━━━
[2026-07-23T12:22:13+02:00] [INFO] [deploy.sh] Appel reçu | channel=hardware:disk_alert source=hive_cycler args=
[2026-07-23T12:22:13+02:00] [INFO] [deploy.sh] Payload: {"disk": "/", "usage_pct": 62, "hostname": "TheHive", "msg": "Periodic disk check"}
[2026-07-23T12:22:13+02:00] [WARN] [deploy.sh] Aucun argument reconnu — utilisation: /home/aza/scripts/deploy.sh [--cleanup|--restart]
[2026-07-23T12:22:13+02:00] [INFO] [deploy.sh] Usage:
[2026-07-23T12:22:13+02:00] [INFO] [deploy.sh]   --cleanup   Nettoyer logs anciens, WAL, /tmp/adam-*
[2026-07-23T12:22:13+02:00] [INFO] [deploy.sh]   --restart   Redémarrer un service depuis ADAM_EVENT_PAYLOAD.service
[2026-07-23T12:22:13+02:00] [INFO] [deploy.sh] Terminé (exit 0)
[2026-07-23T12:26:29+02:00] [INFO] [deploy.sh] ━━━━━━━━━━━━━━━━━━━━━━━━━━━━━━━━━━━━━━━━━━━━━━━━
[2026-07-23T12:26:29+02:00] [INFO] [deploy.sh] Appel reçu | channel=service:down source=hive_cycler args=
[2026-07-23T12:26:29+02:00] [INFO] [deploy.sh] Payload: {"msg": "Health check ping", "hostname": "TheHive"}
[2026-07-23T12:26:29+02:00] [WARN] [deploy.sh] Aucun argument reconnu — utilisation: /home/aza/scripts/deploy.sh [--cleanup|--restart]
[2026-07-23T12:26:29+02:00] [INFO] [deploy.sh] Usage:
[2026-07-23T12:26:29+02:00] [INFO] [deploy.sh]   --cleanup   Nettoyer logs anciens, WAL, /tmp/adam-*
[2026-07-23T12:26:29+02:00] [INFO] [deploy.sh]   --restart   Redémarrer un service depuis ADAM_EVENT_PAYLOAD.service
[2026-07-23T12:26:29+02:00] [INFO] [deploy.sh] Terminé (exit 0)
[2026-07-23T12:26:33+02:00] [INFO] [deploy.sh] ━━━━━━━━━━━━━━━━━━━━━━━━━━━━━━━━━━━━━━━━━━━━━━━━
[2026-07-23T12:26:33+02:00] [INFO] [deploy.sh] Appel reçu | channel=hardware:disk_alert source=hive_cycler args=
[2026-07-23T12:26:33+02:00] [INFO] [deploy.sh] Payload: {"disk": "/", "usage_pct": 62, "hostname": "TheHive", "msg": "Periodic disk check"}
[2026-07-23T12:26:33+02:00] [WARN] [deploy.sh] Aucun argument reconnu — utilisation: /home/aza/scripts/deploy.sh [--cleanup|--restart]
[2026-07-23T12:26:33+02:00] [INFO] [deploy.sh] Usage:
[2026-07-23T12:26:33+02:00] [INFO] [deploy.sh]   --cleanup   Nettoyer logs anciens, WAL, /tmp/adam-*
[2026-07-23T12:26:33+02:00] [INFO] [deploy.sh]   --restart   Redémarrer un service depuis ADAM_EVENT_PAYLOAD.service
[2026-07-23T12:26:33+02:00] [INFO] [deploy.sh] Terminé (exit 0)
[2026-07-23T12:30:49+02:00] [INFO] [deploy.sh] ━━━━━━━━━━━━━━━━━━━━━━━━━━━━━━━━━━━━━━━━━━━━━━━━
[2026-07-23T12:30:49+02:00] [INFO] [deploy.sh] Appel reçu | channel=service:down source=hive_cycler args=
[2026-07-23T12:30:49+02:00] [INFO] [deploy.sh] Payload: {"msg": "Health check ping", "hostname": "TheHive"}
[2026-07-23T12:30:49+02:00] [WARN] [deploy.sh] Aucun argument reconnu — utilisation: /home/aza/scripts/deploy.sh [--cleanup|--restart]
[2026-07-23T12:30:49+02:00] [INFO] [deploy.sh] Usage:
[2026-07-23T12:30:49+02:00] [INFO] [deploy.sh]   --cleanup   Nettoyer logs anciens, WAL, /tmp/adam-*
[2026-07-23T12:30:49+02:00] [INFO] [deploy.sh]   --restart   Redémarrer un service depuis ADAM_EVENT_PAYLOAD.service
[2026-07-23T12:30:49+02:00] [INFO] [deploy.sh] Terminé (exit 0)
[2026-07-23T12:30:55+02:00] [INFO] [deploy.sh] ━━━━━━━━━━━━━━━━━━━━━━━━━━━━━━━━━━━━━━━━━━━━━━━━
[2026-07-23T12:30:55+02:00] [INFO] [deploy.sh] Appel reçu | channel=hardware:disk_alert source=hive_cycler args=
[2026-07-23T12:30:55+02:00] [INFO] [deploy.sh] Payload: {"disk": "/", "usage_pct": 62, "hostname": "TheHive", "msg": "Periodic disk check"}
[2026-07-23T12:30:55+02:00] [WARN] [deploy.sh] Aucun argument reconnu — utilisation: /home/aza/scripts/deploy.sh [--cleanup|--restart]
[2026-07-23T12:30:55+02:00] [INFO] [deploy.sh] Usage:
[2026-07-23T12:30:55+02:00] [INFO] [deploy.sh]   --cleanup   Nettoyer logs anciens, WAL, /tmp/adam-*
[2026-07-23T12:30:55+02:00] [INFO] [deploy.sh]   --restart   Redémarrer un service depuis ADAM_EVENT_PAYLOAD.service
[2026-07-23T12:30:55+02:00] [INFO] [deploy.sh] Terminé (exit 0)
[2026-07-23T12:35:11+02:00] [INFO] [deploy.sh] ━━━━━━━━━━━━━━━━━━━━━━━━━━━━━━━━━━━━━━━━━━━━━━━━
[2026-07-23T12:35:11+02:00] [INFO] [deploy.sh] Appel reçu | channel=service:down source=hive_cycler args=
[2026-07-23T12:35:11+02:00] [INFO] [deploy.sh] Payload: {"msg": "Health check ping", "hostname": "TheHive"}
[2026-07-23T12:35:11+02:00] [WARN] [deploy.sh] Aucun argument reconnu — utilisation: /home/aza/scripts/deploy.sh [--cleanup|--restart]
[2026-07-23T12:35:11+02:00] [INFO] [deploy.sh] Usage:
[2026-07-23T12:35:11+02:00] [INFO] [deploy.sh]   --cleanup   Nettoyer logs anciens, WAL, /tmp/adam-*
[2026-07-23T12:35:11+02:00] [INFO] [deploy.sh]   --restart   Redémarrer un service depuis ADAM_EVENT_PAYLOAD.service
[2026-07-23T12:35:11+02:00] [INFO] [deploy.sh] Terminé (exit 0)
[2026-07-23T12:35:15+02:00] [INFO] [deploy.sh] ━━━━━━━━━━━━━━━━━━━━━━━━━━━━━━━━━━━━━━━━━━━━━━━━
[2026-07-23T12:35:15+02:00] [INFO] [deploy.sh] Appel reçu | channel=hardware:disk_alert source=hive_cycler args=
[2026-07-23T12:35:15+02:00] [INFO] [deploy.sh] Payload: {"disk": "/", "usage_pct": 62, "hostname": "TheHive", "msg": "Periodic disk check"}
[2026-07-23T12:35:15+02:00] [WARN] [deploy.sh] Aucun argument reconnu — utilisation: /home/aza/scripts/deploy.sh [--cleanup|--restart]
[2026-07-23T12:35:15+02:00] [INFO] [deploy.sh] Usage:
[2026-07-23T12:35:15+02:00] [INFO] [deploy.sh]   --cleanup   Nettoyer logs anciens, WAL, /tmp/adam-*
[2026-07-23T12:35:15+02:00] [INFO] [deploy.sh]   --restart   Redémarrer un service depuis ADAM_EVENT_PAYLOAD.service
[2026-07-23T12:35:15+02:00] [INFO] [deploy.sh] Terminé (exit 0)
[2026-07-23T12:39:31+02:00] [INFO] [deploy.sh] ━━━━━━━━━━━━━━━━━━━━━━━━━━━━━━━━━━━━━━━━━━━━━━━━
[2026-07-23T12:39:31+02:00] [INFO] [deploy.sh] Appel reçu | channel=service:down source=hive_cycler args=
[2026-07-23T12:39:31+02:00] [INFO] [deploy.sh] Payload: {"msg": "Health check ping", "hostname": "TheHive"}
[2026-07-23T12:39:31+02:00] [WARN] [deploy.sh] Aucun argument reconnu — utilisation: /home/aza/scripts/deploy.sh [--cleanup|--restart]
[2026-07-23T12:39:31+02:00] [INFO] [deploy.sh] Usage:
[2026-07-23T12:39:31+02:00] [INFO] [deploy.sh]   --cleanup   Nettoyer logs anciens, WAL, /tmp/adam-*
[2026-07-23T12:39:31+02:00] [INFO] [deploy.sh]   --restart   Redémarrer un service depuis ADAM_EVENT_PAYLOAD.service
[2026-07-23T12:39:31+02:00] [INFO] [deploy.sh] Terminé (exit 0)
[2026-07-23T12:39:37+02:00] [INFO] [deploy.sh] ━━━━━━━━━━━━━━━━━━━━━━━━━━━━━━━━━━━━━━━━━━━━━━━━
[2026-07-23T12:39:37+02:00] [INFO] [deploy.sh] Appel reçu | channel=hardware:disk_alert source=hive_cycler args=
[2026-07-23T12:39:37+02:00] [INFO] [deploy.sh] Payload: {"disk": "/", "usage_pct": 62, "hostname": "TheHive", "msg": "Periodic disk check"}
[2026-07-23T12:39:37+02:00] [WARN] [deploy.sh] Aucun argument reconnu — utilisation: /home/aza/scripts/deploy.sh [--cleanup|--restart]
[2026-07-23T12:39:37+02:00] [INFO] [deploy.sh] Usage:
[2026-07-23T12:39:37+02:00] [INFO] [deploy.sh]   --cleanup   Nettoyer logs anciens, WAL, /tmp/adam-*
[2026-07-23T12:39:37+02:00] [INFO] [deploy.sh]   --restart   Redémarrer un service depuis ADAM_EVENT_PAYLOAD.service
[2026-07-23T12:39:37+02:00] [INFO] [deploy.sh] Terminé (exit 0)
[2026-07-23T12:43:53+02:00] [INFO] [deploy.sh] ━━━━━━━━━━━━━━━━━━━━━━━━━━━━━━━━━━━━━━━━━━━━━━━━
[2026-07-23T12:43:53+02:00] [INFO] [deploy.sh] Appel reçu | channel=service:down source=hive_cycler args=
[2026-07-23T12:43:53+02:00] [INFO] [deploy.sh] Payload: {"msg": "Health check ping", "hostname": "TheHive"}
[2026-07-23T12:43:53+02:00] [WARN] [deploy.sh] Aucun argument reconnu — utilisation: /home/aza/scripts/deploy.sh [--cleanup|--restart]
[2026-07-23T12:43:53+02:00] [INFO] [deploy.sh] Usage:
[2026-07-23T12:43:53+02:00] [INFO] [deploy.sh]   --cleanup   Nettoyer logs anciens, WAL, /tmp/adam-*
[2026-07-23T12:43:53+02:00] [INFO] [deploy.sh]   --restart   Redémarrer un service depuis ADAM_EVENT_PAYLOAD.service
[2026-07-23T12:43:53+02:00] [INFO] [deploy.sh] Terminé (exit 0)
[2026-07-23T12:43:57+02:00] [INFO] [deploy.sh] ━━━━━━━━━━━━━━━━━━━━━━━━━━━━━━━━━━━━━━━━━━━━━━━━
[2026-07-23T12:43:57+02:00] [INFO] [deploy.sh] Appel reçu | channel=hardware:disk_alert source=hive_cycler args=
[2026-07-23T12:43:57+02:00] [INFO] [deploy.sh] Payload: {"disk": "/", "usage_pct": 62, "hostname": "TheHive", "msg": "Periodic disk check"}
[2026-07-23T12:43:57+02:00] [WARN] [deploy.sh] Aucun argument reconnu — utilisation: /home/aza/scripts/deploy.sh [--cleanup|--restart]
[2026-07-23T12:43:57+02:00] [INFO] [deploy.sh] Usage:
[2026-07-23T12:43:57+02:00] [INFO] [deploy.sh]   --cleanup   Nettoyer logs anciens, WAL, /tmp/adam-*
[2026-07-23T12:43:57+02:00] [INFO] [deploy.sh]   --restart   Redémarrer un service depuis ADAM_EVENT_PAYLOAD.service
[2026-07-23T12:43:57+02:00] [INFO] [deploy.sh] Terminé (exit 0)
[2026-07-23T12:48:13+02:00] [INFO] [deploy.sh] ━━━━━━━━━━━━━━━━━━━━━━━━━━━━━━━━━━━━━━━━━━━━━━━━
[2026-07-23T12:48:13+02:00] [INFO] [deploy.sh] Appel reçu | channel=service:down source=hive_cycler args=
[2026-07-23T12:48:13+02:00] [INFO] [deploy.sh] Payload: {"msg": "Health check ping", "hostname": "TheHive"}
[2026-07-23T12:48:13+02:00] [WARN] [deploy.sh] Aucun argument reconnu — utilisation: /home/aza/scripts/deploy.sh [--cleanup|--restart]
[2026-07-23T12:48:13+02:00] [INFO] [deploy.sh] Usage:
[2026-07-23T12:48:13+02:00] [INFO] [deploy.sh]   --cleanup   Nettoyer logs anciens, WAL, /tmp/adam-*
[2026-07-23T12:48:13+02:00] [INFO] [deploy.sh]   --restart   Redémarrer un service depuis ADAM_EVENT_PAYLOAD.service
[2026-07-23T12:48:13+02:00] [INFO] [deploy.sh] Terminé (exit 0)
[2026-07-23T12:48:21+02:00] [INFO] [deploy.sh] ━━━━━━━━━━━━━━━━━━━━━━━━━━━━━━━━━━━━━━━━━━━━━━━━
[2026-07-23T12:48:21+02:00] [INFO] [deploy.sh] Appel reçu | channel=hardware:disk_alert source=hive_cycler args=
[2026-07-23T12:48:21+02:00] [INFO] [deploy.sh] Payload: {"disk": "/", "usage_pct": 62, "hostname": "TheHive", "msg": "Periodic disk check"}
[2026-07-23T12:48:21+02:00] [WARN] [deploy.sh] Aucun argument reconnu — utilisation: /home/aza/scripts/deploy.sh [--cleanup|--restart]
[2026-07-23T12:48:21+02:00] [INFO] [deploy.sh] Usage:
[2026-07-23T12:48:21+02:00] [INFO] [deploy.sh]   --cleanup   Nettoyer logs anciens, WAL, /tmp/adam-*
[2026-07-23T12:48:21+02:00] [INFO] [deploy.sh]   --restart   Redémarrer un service depuis ADAM_EVENT_PAYLOAD.service
[2026-07-23T12:48:21+02:00] [INFO] [deploy.sh] Terminé (exit 0)
[2026-07-23T12:52:35+02:00] [INFO] [deploy.sh] ━━━━━━━━━━━━━━━━━━━━━━━━━━━━━━━━━━━━━━━━━━━━━━━━
[2026-07-23T12:52:35+02:00] [INFO] [deploy.sh] Appel reçu | channel=service:down source=hive_cycler args=
[2026-07-23T12:52:35+02:00] [INFO] [deploy.sh] Payload: {"msg": "Health check ping", "hostname": "TheHive"}
[2026-07-23T12:52:35+02:00] [WARN] [deploy.sh] Aucun argument reconnu — utilisation: /home/aza/scripts/deploy.sh [--cleanup|--restart]
[2026-07-23T12:52:35+02:00] [INFO] [deploy.sh] Usage:
[2026-07-23T12:52:35+02:00] [INFO] [deploy.sh]   --cleanup   Nettoyer logs anciens, WAL, /tmp/adam-*
[2026-07-23T12:52:35+02:00] [INFO] [deploy.sh]   --restart   Redémarrer un service depuis ADAM_EVENT_PAYLOAD.service
[2026-07-23T12:52:35+02:00] [INFO] [deploy.sh] Terminé (exit 0)
[2026-07-23T12:52:41+02:00] [INFO] [deploy.sh] ━━━━━━━━━━━━━━━━━━━━━━━━━━━━━━━━━━━━━━━━━━━━━━━━
[2026-07-23T12:52:41+02:00] [INFO] [deploy.sh] Appel reçu | channel=hardware:disk_alert source=hive_cycler args=
[2026-07-23T12:52:41+02:00] [INFO] [deploy.sh] Payload: {"disk": "/", "usage_pct": 62, "hostname": "TheHive", "msg": "Periodic disk check"}
[2026-07-23T12:52:41+02:00] [WARN] [deploy.sh] Aucun argument reconnu — utilisation: /home/aza/scripts/deploy.sh [--cleanup|--restart]
[2026-07-23T12:52:41+02:00] [INFO] [deploy.sh] Usage:
[2026-07-23T12:52:41+02:00] [INFO] [deploy.sh]   --cleanup   Nettoyer logs anciens, WAL, /tmp/adam-*
[2026-07-23T12:52:41+02:00] [INFO] [deploy.sh]   --restart   Redémarrer un service depuis ADAM_EVENT_PAYLOAD.service
[2026-07-23T12:52:41+02:00] [INFO] [deploy.sh] Terminé (exit 0)
[2026-07-23T12:56:56+02:00] [INFO] [deploy.sh] ━━━━━━━━━━━━━━━━━━━━━━━━━━━━━━━━━━━━━━━━━━━━━━━━
[2026-07-23T12:56:56+02:00] [INFO] [deploy.sh] Appel reçu | channel=service:down source=hive_cycler args=
[2026-07-23T12:56:56+02:00] [INFO] [deploy.sh] Payload: {"msg": "Health check ping", "hostname": "TheHive"}
[2026-07-23T12:56:56+02:00] [WARN] [deploy.sh] Aucun argument reconnu — utilisation: /home/aza/scripts/deploy.sh [--cleanup|--restart]
[2026-07-23T12:56:56+02:00] [INFO] [deploy.sh] Usage:
[2026-07-23T12:56:56+02:00] [INFO] [deploy.sh]   --cleanup   Nettoyer logs anciens, WAL, /tmp/adam-*
[2026-07-23T12:56:56+02:00] [INFO] [deploy.sh]   --restart   Redémarrer un service depuis ADAM_EVENT_PAYLOAD.service
[2026-07-23T12:56:56+02:00] [INFO] [deploy.sh] Terminé (exit 0)
[2026-07-23T12:57:04+02:00] [INFO] [deploy.sh] ━━━━━━━━━━━━━━━━━━━━━━━━━━━━━━━━━━━━━━━━━━━━━━━━
[2026-07-23T12:57:04+02:00] [INFO] [deploy.sh] Appel reçu | channel=hardware:disk_alert source=hive_cycler args=
[2026-07-23T12:57:04+02:00] [INFO] [deploy.sh] Payload: {"disk": "/", "usage_pct": 62, "hostname": "TheHive", "msg": "Periodic disk check"}
[2026-07-23T12:57:04+02:00] [WARN] [deploy.sh] Aucun argument reconnu — utilisation: /home/aza/scripts/deploy.sh [--cleanup|--restart]
[2026-07-23T12:57:04+02:00] [INFO] [deploy.sh] Usage:
[2026-07-23T12:57:04+02:00] [INFO] [deploy.sh]   --cleanup   Nettoyer logs anciens, WAL, /tmp/adam-*
[2026-07-23T12:57:04+02:00] [INFO] [deploy.sh]   --restart   Redémarrer un service depuis ADAM_EVENT_PAYLOAD.service
[2026-07-23T12:57:04+02:00] [INFO] [deploy.sh] Terminé (exit 0)
[2026-07-23T13:01:18+02:00] [INFO] [deploy.sh] ━━━━━━━━━━━━━━━━━━━━━━━━━━━━━━━━━━━━━━━━━━━━━━━━
[2026-07-23T13:01:18+02:00] [INFO] [deploy.sh] Appel reçu | channel=service:down source=hive_cycler args=
[2026-07-23T13:01:18+02:00] [INFO] [deploy.sh] Payload: {"msg": "Health check ping", "hostname": "TheHive"}
[2026-07-23T13:01:18+02:00] [WARN] [deploy.sh] Aucun argument reconnu — utilisation: /home/aza/scripts/deploy.sh [--cleanup|--restart]
[2026-07-23T13:01:18+02:00] [INFO] [deploy.sh] Usage:
[2026-07-23T13:01:18+02:00] [INFO] [deploy.sh]   --cleanup   Nettoyer logs anciens, WAL, /tmp/adam-*
[2026-07-23T13:01:18+02:00] [INFO] [deploy.sh]   --restart   Redémarrer un service depuis ADAM_EVENT_PAYLOAD.service
[2026-07-23T13:01:18+02:00] [INFO] [deploy.sh] Terminé (exit 0)
[2026-07-23T13:01:24+02:00] [INFO] [deploy.sh] ━━━━━━━━━━━━━━━━━━━━━━━━━━━━━━━━━━━━━━━━━━━━━━━━
[2026-07-23T13:01:24+02:00] [INFO] [deploy.sh] Appel reçu | channel=hardware:disk_alert source=hive_cycler args=
[2026-07-23T13:01:24+02:00] [INFO] [deploy.sh] Payload: {"disk": "/", "usage_pct": 62, "hostname": "TheHive", "msg": "Periodic disk check"}
[2026-07-23T13:01:24+02:00] [WARN] [deploy.sh] Aucun argument reconnu — utilisation: /home/aza/scripts/deploy.sh [--cleanup|--restart]
[2026-07-23T13:01:24+02:00] [INFO] [deploy.sh] Usage:
[2026-07-23T13:01:24+02:00] [INFO] [deploy.sh]   --cleanup   Nettoyer logs anciens, WAL, /tmp/adam-*
[2026-07-23T13:01:24+02:00] [INFO] [deploy.sh]   --restart   Redémarrer un service depuis ADAM_EVENT_PAYLOAD.service
[2026-07-23T13:01:24+02:00] [INFO] [deploy.sh] Terminé (exit 0)
[2026-07-23T13:05:38+02:00] [INFO] [deploy.sh] ━━━━━━━━━━━━━━━━━━━━━━━━━━━━━━━━━━━━━━━━━━━━━━━━
[2026-07-23T13:05:38+02:00] [INFO] [deploy.sh] Appel reçu | channel=service:down source=hive_cycler args=
[2026-07-23T13:05:38+02:00] [INFO] [deploy.sh] Payload: {"msg": "Health check ping", "hostname": "TheHive"}
[2026-07-23T13:05:38+02:00] [WARN] [deploy.sh] Aucun argument reconnu — utilisation: /home/aza/scripts/deploy.sh [--cleanup|--restart]
[2026-07-23T13:05:38+02:00] [INFO] [deploy.sh] Usage:
[2026-07-23T13:05:38+02:00] [INFO] [deploy.sh]   --cleanup   Nettoyer logs anciens, WAL, /tmp/adam-*
[2026-07-23T13:05:38+02:00] [INFO] [deploy.sh]   --restart   Redémarrer un service depuis ADAM_EVENT_PAYLOAD.service
[2026-07-23T13:05:38+02:00] [INFO] [deploy.sh] Terminé (exit 0)
[2026-07-23T13:05:46+02:00] [INFO] [deploy.sh] ━━━━━━━━━━━━━━━━━━━━━━━━━━━━━━━━━━━━━━━━━━━━━━━━
[2026-07-23T13:05:46+02:00] [INFO] [deploy.sh] Appel reçu | channel=hardware:disk_alert source=hive_cycler args=
[2026-07-23T13:05:46+02:00] [INFO] [deploy.sh] Payload: {"disk": "/", "usage_pct": 62, "hostname": "TheHive", "msg": "Periodic disk check"}
[2026-07-23T13:05:46+02:00] [WARN] [deploy.sh] Aucun argument reconnu — utilisation: /home/aza/scripts/deploy.sh [--cleanup|--restart]
[2026-07-23T13:05:46+02:00] [INFO] [deploy.sh] Usage:
[2026-07-23T13:05:46+02:00] [INFO] [deploy.sh]   --cleanup   Nettoyer logs anciens, WAL, /tmp/adam-*
[2026-07-23T13:05:46+02:00] [INFO] [deploy.sh]   --restart   Redémarrer un service depuis ADAM_EVENT_PAYLOAD.service
[2026-07-23T13:05:46+02:00] [INFO] [deploy.sh] Terminé (exit 0)
[2026-07-23T13:10:00+02:00] [INFO] [deploy.sh] ━━━━━━━━━━━━━━━━━━━━━━━━━━━━━━━━━━━━━━━━━━━━━━━━
[2026-07-23T13:10:00+02:00] [INFO] [deploy.sh] Appel reçu | channel=service:down source=hive_cycler args=
[2026-07-23T13:10:00+02:00] [INFO] [deploy.sh] Payload: {"msg": "Health check ping", "hostname": "TheHive"}
[2026-07-23T13:10:00+02:00] [WARN] [deploy.sh] Aucun argument reconnu — utilisation: /home/aza/scripts/deploy.sh [--cleanup|--restart]
[2026-07-23T13:10:00+02:00] [INFO] [deploy.sh] Usage:
[2026-07-23T13:10:00+02:00] [INFO] [deploy.sh]   --cleanup   Nettoyer logs anciens, WAL, /tmp/adam-*
[2026-07-23T13:10:00+02:00] [INFO] [deploy.sh]   --restart   Redémarrer un service depuis ADAM_EVENT_PAYLOAD.service
[2026-07-23T13:10:00+02:00] [INFO] [deploy.sh] Terminé (exit 0)
[2026-07-23T13:10:06+02:00] [INFO] [deploy.sh] ━━━━━━━━━━━━━━━━━━━━━━━━━━━━━━━━━━━━━━━━━━━━━━━━
[2026-07-23T13:10:06+02:00] [INFO] [deploy.sh] Appel reçu | channel=hardware:disk_alert source=hive_cycler args=
[2026-07-23T13:10:06+02:00] [INFO] [deploy.sh] Payload: {"disk": "/", "usage_pct": 62, "hostname": "TheHive", "msg": "Periodic disk check"}
[2026-07-23T13:10:06+02:00] [WARN] [deploy.sh] Aucun argument reconnu — utilisation: /home/aza/scripts/deploy.sh [--cleanup|--restart]
[2026-07-23T13:10:06+02:00] [INFO] [deploy.sh] Usage:
[2026-07-23T13:10:06+02:00] [INFO] [deploy.sh]   --cleanup   Nettoyer logs anciens, WAL, /tmp/adam-*
[2026-07-23T13:10:06+02:00] [INFO] [deploy.sh]   --restart   Redémarrer un service depuis ADAM_EVENT_PAYLOAD.service
[2026-07-23T13:10:06+02:00] [INFO] [deploy.sh] Terminé (exit 0)
[2026-07-23T13:14:22+02:00] [INFO] [deploy.sh] ━━━━━━━━━━━━━━━━━━━━━━━━━━━━━━━━━━━━━━━━━━━━━━━━
[2026-07-23T13:14:22+02:00] [INFO] [deploy.sh] Appel reçu | channel=service:down source=hive_cycler args=
[2026-07-23T13:14:22+02:00] [INFO] [deploy.sh] Payload: {"msg": "Health check ping", "hostname": "TheHive"}
[2026-07-23T13:14:22+02:00] [WARN] [deploy.sh] Aucun argument reconnu — utilisation: /home/aza/scripts/deploy.sh [--cleanup|--restart]
[2026-07-23T13:14:22+02:00] [INFO] [deploy.sh] Usage:
[2026-07-23T13:14:22+02:00] [INFO] [deploy.sh]   --cleanup   Nettoyer logs anciens, WAL, /tmp/adam-*
[2026-07-23T13:14:22+02:00] [INFO] [deploy.sh]   --restart   Redémarrer un service depuis ADAM_EVENT_PAYLOAD.service
[2026-07-23T13:14:22+02:00] [INFO] [deploy.sh] Terminé (exit 0)
[2026-07-23T13:14:26+02:00] [INFO] [deploy.sh] ━━━━━━━━━━━━━━━━━━━━━━━━━━━━━━━━━━━━━━━━━━━━━━━━
[2026-07-23T13:14:26+02:00] [INFO] [deploy.sh] Appel reçu | channel=hardware:disk_alert source=hive_cycler args=
[2026-07-23T13:14:26+02:00] [INFO] [deploy.sh] Payload: {"disk": "/", "usage_pct": 62, "hostname": "TheHive", "msg": "Periodic disk check"}
[2026-07-23T13:14:26+02:00] [WARN] [deploy.sh] Aucun argument reconnu — utilisation: /home/aza/scripts/deploy.sh [--cleanup|--restart]
[2026-07-23T13:14:26+02:00] [INFO] [deploy.sh] Usage:
[2026-07-23T13:14:26+02:00] [INFO] [deploy.sh]   --cleanup   Nettoyer logs anciens, WAL, /tmp/adam-*
[2026-07-23T13:14:26+02:00] [INFO] [deploy.sh]   --restart   Redémarrer un service depuis ADAM_EVENT_PAYLOAD.service
[2026-07-23T13:14:26+02:00] [INFO] [deploy.sh] Terminé (exit 0)
[2026-07-23T13:18:42+02:00] [INFO] [deploy.sh] ━━━━━━━━━━━━━━━━━━━━━━━━━━━━━━━━━━━━━━━━━━━━━━━━
[2026-07-23T13:18:42+02:00] [INFO] [deploy.sh] Appel reçu | channel=service:down source=hive_cycler args=
[2026-07-23T13:18:42+02:00] [INFO] [deploy.sh] Payload: {"msg": "Health check ping", "hostname": "TheHive"}
[2026-07-23T13:18:42+02:00] [WARN] [deploy.sh] Aucun argument reconnu — utilisation: /home/aza/scripts/deploy.sh [--cleanup|--restart]
[2026-07-23T13:18:42+02:00] [INFO] [deploy.sh] Usage:
[2026-07-23T13:18:42+02:00] [INFO] [deploy.sh]   --cleanup   Nettoyer logs anciens, WAL, /tmp/adam-*
[2026-07-23T13:18:42+02:00] [INFO] [deploy.sh]   --restart   Redémarrer un service depuis ADAM_EVENT_PAYLOAD.service
[2026-07-23T13:18:42+02:00] [INFO] [deploy.sh] Terminé (exit 0)
[2026-07-23T13:18:48+02:00] [INFO] [deploy.sh] ━━━━━━━━━━━━━━━━━━━━━━━━━━━━━━━━━━━━━━━━━━━━━━━━
[2026-07-23T13:18:48+02:00] [INFO] [deploy.sh] Appel reçu | channel=hardware:disk_alert source=hive_cycler args=
[2026-07-23T13:18:48+02:00] [INFO] [deploy.sh] Payload: {"disk": "/", "usage_pct": 62, "hostname": "TheHive", "msg": "Periodic disk check"}
[2026-07-23T13:18:48+02:00] [WARN] [deploy.sh] Aucun argument reconnu — utilisation: /home/aza/scripts/deploy.sh [--cleanup|--restart]
[2026-07-23T13:18:48+02:00] [INFO] [deploy.sh] Usage:
[2026-07-23T13:18:48+02:00] [INFO] [deploy.sh]   --cleanup   Nettoyer logs anciens, WAL, /tmp/adam-*
[2026-07-23T13:18:48+02:00] [INFO] [deploy.sh]   --restart   Redémarrer un service depuis ADAM_EVENT_PAYLOAD.service
[2026-07-23T13:18:48+02:00] [INFO] [deploy.sh] Terminé (exit 0)
[2026-07-23T13:23:04+02:00] [INFO] [deploy.sh] ━━━━━━━━━━━━━━━━━━━━━━━━━━━━━━━━━━━━━━━━━━━━━━━━
[2026-07-23T13:23:04+02:00] [INFO] [deploy.sh] Appel reçu | channel=service:down source=hive_cycler args=
[2026-07-23T13:23:04+02:00] [INFO] [deploy.sh] Payload: {"msg": "Health check ping", "hostname": "TheHive"}
[2026-07-23T13:23:04+02:00] [WARN] [deploy.sh] Aucun argument reconnu — utilisation: /home/aza/scripts/deploy.sh [--cleanup|--restart]
[2026-07-23T13:23:04+02:00] [INFO] [deploy.sh] Usage:
[2026-07-23T13:23:04+02:00] [INFO] [deploy.sh]   --cleanup   Nettoyer logs anciens, WAL, /tmp/adam-*
[2026-07-23T13:23:04+02:00] [INFO] [deploy.sh]   --restart   Redémarrer un service depuis ADAM_EVENT_PAYLOAD.service
[2026-07-23T13:23:04+02:00] [INFO] [deploy.sh] Terminé (exit 0)
[2026-07-23T13:23:08+02:00] [INFO] [deploy.sh] ━━━━━━━━━━━━━━━━━━━━━━━━━━━━━━━━━━━━━━━━━━━━━━━━
[2026-07-23T13:23:08+02:00] [INFO] [deploy.sh] Appel reçu | channel=hardware:disk_alert source=hive_cycler args=
[2026-07-23T13:23:08+02:00] [INFO] [deploy.sh] Payload: {"disk": "/", "usage_pct": 62, "hostname": "TheHive", "msg": "Periodic disk check"}
[2026-07-23T13:23:08+02:00] [WARN] [deploy.sh] Aucun argument reconnu — utilisation: /home/aza/scripts/deploy.sh [--cleanup|--restart]
[2026-07-23T13:23:08+02:00] [INFO] [deploy.sh] Usage:
[2026-07-23T13:23:08+02:00] [INFO] [deploy.sh]   --cleanup   Nettoyer logs anciens, WAL, /tmp/adam-*
[2026-07-23T13:23:08+02:00] [INFO] [deploy.sh]   --restart   Redémarrer un service depuis ADAM_EVENT_PAYLOAD.service
[2026-07-23T13:23:08+02:00] [INFO] [deploy.sh] Terminé (exit 0)
[2026-07-23T13:27:24+02:00] [INFO] [deploy.sh] ━━━━━━━━━━━━━━━━━━━━━━━━━━━━━━━━━━━━━━━━━━━━━━━━
[2026-07-23T13:27:24+02:00] [INFO] [deploy.sh] Appel reçu | channel=service:down source=hive_cycler args=
[2026-07-23T13:27:24+02:00] [INFO] [deploy.sh] Payload: {"msg": "Health check ping", "hostname": "TheHive"}
[2026-07-23T13:27:24+02:00] [WARN] [deploy.sh] Aucun argument reconnu — utilisation: /home/aza/scripts/deploy.sh [--cleanup|--restart]
[2026-07-23T13:27:24+02:00] [INFO] [deploy.sh] Usage:
[2026-07-23T13:27:24+02:00] [INFO] [deploy.sh]   --cleanup   Nettoyer logs anciens, WAL, /tmp/adam-*
[2026-07-23T13:27:24+02:00] [INFO] [deploy.sh]   --restart   Redémarrer un service depuis ADAM_EVENT_PAYLOAD.service
[2026-07-23T13:27:24+02:00] [INFO] [deploy.sh] Terminé (exit 0)
[2026-07-23T13:27:30+02:00] [INFO] [deploy.sh] ━━━━━━━━━━━━━━━━━━━━━━━━━━━━━━━━━━━━━━━━━━━━━━━━
[2026-07-23T13:27:30+02:00] [INFO] [deploy.sh] Appel reçu | channel=hardware:disk_alert source=hive_cycler args=
[2026-07-23T13:27:30+02:00] [INFO] [deploy.sh] Payload: {"disk": "/", "usage_pct": 62, "hostname": "TheHive", "msg": "Periodic disk check"}
[2026-07-23T13:27:30+02:00] [WARN] [deploy.sh] Aucun argument reconnu — utilisation: /home/aza/scripts/deploy.sh [--cleanup|--restart]
[2026-07-23T13:27:30+02:00] [INFO] [deploy.sh] Usage:
[2026-07-23T13:27:30+02:00] [INFO] [deploy.sh]   --cleanup   Nettoyer logs anciens, WAL, /tmp/adam-*
[2026-07-23T13:27:30+02:00] [INFO] [deploy.sh]   --restart   Redémarrer un service depuis ADAM_EVENT_PAYLOAD.service
[2026-07-23T13:27:30+02:00] [INFO] [deploy.sh] Terminé (exit 0)
[2026-07-23T13:31:46+02:00] [INFO] [deploy.sh] ━━━━━━━━━━━━━━━━━━━━━━━━━━━━━━━━━━━━━━━━━━━━━━━━
[2026-07-23T13:31:46+02:00] [INFO] [deploy.sh] Appel reçu | channel=service:down source=hive_cycler args=
[2026-07-23T13:31:46+02:00] [INFO] [deploy.sh] Payload: {"msg": "Health check ping", "hostname": "TheHive"}
[2026-07-23T13:31:46+02:00] [WARN] [deploy.sh] Aucun argument reconnu — utilisation: /home/aza/scripts/deploy.sh [--cleanup|--restart]
[2026-07-23T13:31:46+02:00] [INFO] [deploy.sh] Usage:
[2026-07-23T13:31:46+02:00] [INFO] [deploy.sh]   --cleanup   Nettoyer logs anciens, WAL, /tmp/adam-*
[2026-07-23T13:31:46+02:00] [INFO] [deploy.sh]   --restart   Redémarrer un service depuis ADAM_EVENT_PAYLOAD.service
[2026-07-23T13:31:46+02:00] [INFO] [deploy.sh] Terminé (exit 0)
[2026-07-23T13:31:52+02:00] [INFO] [deploy.sh] ━━━━━━━━━━━━━━━━━━━━━━━━━━━━━━━━━━━━━━━━━━━━━━━━
[2026-07-23T13:31:52+02:00] [INFO] [deploy.sh] Appel reçu | channel=hardware:disk_alert source=hive_cycler args=
[2026-07-23T13:31:52+02:00] [INFO] [deploy.sh] Payload: {"disk": "/", "usage_pct": 62, "hostname": "TheHive", "msg": "Periodic disk check"}
[2026-07-23T13:31:52+02:00] [WARN] [deploy.sh] Aucun argument reconnu — utilisation: /home/aza/scripts/deploy.sh [--cleanup|--restart]
[2026-07-23T13:31:52+02:00] [INFO] [deploy.sh] Usage:
[2026-07-23T13:31:52+02:00] [INFO] [deploy.sh]   --cleanup   Nettoyer logs anciens, WAL, /tmp/adam-*
[2026-07-23T13:31:52+02:00] [INFO] [deploy.sh]   --restart   Redémarrer un service depuis ADAM_EVENT_PAYLOAD.service
[2026-07-23T13:31:52+02:00] [INFO] [deploy.sh] Terminé (exit 0)
[2026-07-23T13:36:06+02:00] [INFO] [deploy.sh] ━━━━━━━━━━━━━━━━━━━━━━━━━━━━━━━━━━━━━━━━━━━━━━━━
[2026-07-23T13:36:06+02:00] [INFO] [deploy.sh] Appel reçu | channel=service:down source=hive_cycler args=
[2026-07-23T13:36:06+02:00] [INFO] [deploy.sh] Payload: {"msg": "Health check ping", "hostname": "TheHive"}
[2026-07-23T13:36:06+02:00] [WARN] [deploy.sh] Aucun argument reconnu — utilisation: /home/aza/scripts/deploy.sh [--cleanup|--restart]
[2026-07-23T13:36:06+02:00] [INFO] [deploy.sh] Usage:
[2026-07-23T13:36:06+02:00] [INFO] [deploy.sh]   --cleanup   Nettoyer logs anciens, WAL, /tmp/adam-*
[2026-07-23T13:36:06+02:00] [INFO] [deploy.sh]   --restart   Redémarrer un service depuis ADAM_EVENT_PAYLOAD.service
[2026-07-23T13:36:06+02:00] [INFO] [deploy.sh] Terminé (exit 0)
[2026-07-23T13:36:14+02:00] [INFO] [deploy.sh] ━━━━━━━━━━━━━━━━━━━━━━━━━━━━━━━━━━━━━━━━━━━━━━━━
[2026-07-23T13:36:14+02:00] [INFO] [deploy.sh] Appel reçu | channel=hardware:disk_alert source=hive_cycler args=
[2026-07-23T13:36:14+02:00] [INFO] [deploy.sh] Payload: {"disk": "/", "usage_pct": 62, "hostname": "TheHive", "msg": "Periodic disk check"}
[2026-07-23T13:36:14+02:00] [WARN] [deploy.sh] Aucun argument reconnu — utilisation: /home/aza/scripts/deploy.sh [--cleanup|--restart]
[2026-07-23T13:36:14+02:00] [INFO] [deploy.sh] Usage:
[2026-07-23T13:36:15+02:00] [INFO] [deploy.sh]   --cleanup   Nettoyer logs anciens, WAL, /tmp/adam-*
[2026-07-23T13:36:15+02:00] [INFO] [deploy.sh]   --restart   Redémarrer un service depuis ADAM_EVENT_PAYLOAD.service
[2026-07-23T13:36:15+02:00] [INFO] [deploy.sh] Terminé (exit 0)
[2026-07-23T13:40:29+02:00] [INFO] [deploy.sh] ━━━━━━━━━━━━━━━━━━━━━━━━━━━━━━━━━━━━━━━━━━━━━━━━
[2026-07-23T13:40:29+02:00] [INFO] [deploy.sh] Appel reçu | channel=service:down source=hive_cycler args=
[2026-07-23T13:40:29+02:00] [INFO] [deploy.sh] Payload: {"msg": "Health check ping", "hostname": "TheHive"}
[2026-07-23T13:40:29+02:00] [WARN] [deploy.sh] Aucun argument reconnu — utilisation: /home/aza/scripts/deploy.sh [--cleanup|--restart]
[2026-07-23T13:40:29+02:00] [INFO] [deploy.sh] Usage:
[2026-07-23T13:40:29+02:00] [INFO] [deploy.sh]   --cleanup   Nettoyer logs anciens, WAL, /tmp/adam-*
[2026-07-23T13:40:29+02:00] [INFO] [deploy.sh]   --restart   Redémarrer un service depuis ADAM_EVENT_PAYLOAD.service
[2026-07-23T13:40:29+02:00] [INFO] [deploy.sh] Terminé (exit 0)
[2026-07-23T13:40:35+02:00] [INFO] [deploy.sh] ━━━━━━━━━━━━━━━━━━━━━━━━━━━━━━━━━━━━━━━━━━━━━━━━
[2026-07-23T13:40:35+02:00] [INFO] [deploy.sh] Appel reçu | channel=hardware:disk_alert source=hive_cycler args=
[2026-07-23T13:40:35+02:00] [INFO] [deploy.sh] Payload: {"disk": "/", "usage_pct": 62, "hostname": "TheHive", "msg": "Periodic disk check"}
[2026-07-23T13:40:35+02:00] [WARN] [deploy.sh] Aucun argument reconnu — utilisation: /home/aza/scripts/deploy.sh [--cleanup|--restart]
[2026-07-23T13:40:35+02:00] [INFO] [deploy.sh] Usage:
[2026-07-23T13:40:35+02:00] [INFO] [deploy.sh]   --cleanup   Nettoyer logs anciens, WAL, /tmp/adam-*
[2026-07-23T13:40:35+02:00] [INFO] [deploy.sh]   --restart   Redémarrer un service depuis ADAM_EVENT_PAYLOAD.service
[2026-07-23T13:40:35+02:00] [INFO] [deploy.sh] Terminé (exit 0)
[2026-07-23T13:44:49+02:00] [INFO] [deploy.sh] ━━━━━━━━━━━━━━━━━━━━━━━━━━━━━━━━━━━━━━━━━━━━━━━━
[2026-07-23T13:44:49+02:00] [INFO] [deploy.sh] Appel reçu | channel=service:down source=hive_cycler args=
[2026-07-23T13:44:49+02:00] [INFO] [deploy.sh] Payload: {"msg": "Health check ping", "hostname": "TheHive"}
[2026-07-23T13:44:49+02:00] [WARN] [deploy.sh] Aucun argument reconnu — utilisation: /home/aza/scripts/deploy.sh [--cleanup|--restart]
[2026-07-23T13:44:49+02:00] [INFO] [deploy.sh] Usage:
[2026-07-23T13:44:49+02:00] [INFO] [deploy.sh]   --cleanup   Nettoyer logs anciens, WAL, /tmp/adam-*
[2026-07-23T13:44:49+02:00] [INFO] [deploy.sh]   --restart   Redémarrer un service depuis ADAM_EVENT_PAYLOAD.service
[2026-07-23T13:44:49+02:00] [INFO] [deploy.sh] Terminé (exit 0)
[2026-07-23T13:44:57+02:00] [INFO] [deploy.sh] ━━━━━━━━━━━━━━━━━━━━━━━━━━━━━━━━━━━━━━━━━━━━━━━━
[2026-07-23T13:44:57+02:00] [INFO] [deploy.sh] Appel reçu | channel=hardware:disk_alert source=hive_cycler args=
[2026-07-23T13:44:57+02:00] [INFO] [deploy.sh] Payload: {"disk": "/", "usage_pct": 62, "hostname": "TheHive", "msg": "Periodic disk check"}
[2026-07-23T13:44:57+02:00] [WARN] [deploy.sh] Aucun argument reconnu — utilisation: /home/aza/scripts/deploy.sh [--cleanup|--restart]
[2026-07-23T13:44:57+02:00] [INFO] [deploy.sh] Usage:
[2026-07-23T13:44:57+02:00] [INFO] [deploy.sh]   --cleanup   Nettoyer logs anciens, WAL, /tmp/adam-*
[2026-07-23T13:44:57+02:00] [INFO] [deploy.sh]   --restart   Redémarrer un service depuis ADAM_EVENT_PAYLOAD.service
[2026-07-23T13:44:57+02:00] [INFO] [deploy.sh] Terminé (exit 0)
[2026-07-23T13:49:11+02:00] [INFO] [deploy.sh] ━━━━━━━━━━━━━━━━━━━━━━━━━━━━━━━━━━━━━━━━━━━━━━━━
[2026-07-23T13:49:11+02:00] [INFO] [deploy.sh] Appel reçu | channel=service:down source=hive_cycler args=
[2026-07-23T13:49:11+02:00] [INFO] [deploy.sh] Payload: {"msg": "Health check ping", "hostname": "TheHive"}
[2026-07-23T13:49:11+02:00] [WARN] [deploy.sh] Aucun argument reconnu — utilisation: /home/aza/scripts/deploy.sh [--cleanup|--restart]
[2026-07-23T13:49:11+02:00] [INFO] [deploy.sh] Usage:
[2026-07-23T13:49:11+02:00] [INFO] [deploy.sh]   --cleanup   Nettoyer logs anciens, WAL, /tmp/adam-*
[2026-07-23T13:49:11+02:00] [INFO] [deploy.sh]   --restart   Redémarrer un service depuis ADAM_EVENT_PAYLOAD.service
[2026-07-23T13:49:11+02:00] [INFO] [deploy.sh] Terminé (exit 0)
[2026-07-23T13:49:17+02:00] [INFO] [deploy.sh] ━━━━━━━━━━━━━━━━━━━━━━━━━━━━━━━━━━━━━━━━━━━━━━━━
[2026-07-23T13:49:17+02:00] [INFO] [deploy.sh] Appel reçu | channel=hardware:disk_alert source=hive_cycler args=
[2026-07-23T13:49:17+02:00] [INFO] [deploy.sh] Payload: {"disk": "/", "usage_pct": 62, "hostname": "TheHive", "msg": "Periodic disk check"}
[2026-07-23T13:49:17+02:00] [WARN] [deploy.sh] Aucun argument reconnu — utilisation: /home/aza/scripts/deploy.sh [--cleanup|--restart]
[2026-07-23T13:49:17+02:00] [INFO] [deploy.sh] Usage:
[2026-07-23T13:49:17+02:00] [INFO] [deploy.sh]   --cleanup   Nettoyer logs anciens, WAL, /tmp/adam-*
[2026-07-23T13:49:17+02:00] [INFO] [deploy.sh]   --restart   Redémarrer un service depuis ADAM_EVENT_PAYLOAD.service
[2026-07-23T13:49:17+02:00] [INFO] [deploy.sh] Terminé (exit 0)
[2026-07-23T13:53:33+02:00] [INFO] [deploy.sh] ━━━━━━━━━━━━━━━━━━━━━━━━━━━━━━━━━━━━━━━━━━━━━━━━
[2026-07-23T13:53:33+02:00] [INFO] [deploy.sh] Appel reçu | channel=service:down source=hive_cycler args=
[2026-07-23T13:53:33+02:00] [INFO] [deploy.sh] Payload: {"msg": "Health check ping", "hostname": "TheHive"}
[2026-07-23T13:53:33+02:00] [WARN] [deploy.sh] Aucun argument reconnu — utilisation: /home/aza/scripts/deploy.sh [--cleanup|--restart]
[2026-07-23T13:53:33+02:00] [INFO] [deploy.sh] Usage:
[2026-07-23T13:53:33+02:00] [INFO] [deploy.sh]   --cleanup   Nettoyer logs anciens, WAL, /tmp/adam-*
[2026-07-23T13:53:33+02:00] [INFO] [deploy.sh]   --restart   Redémarrer un service depuis ADAM_EVENT_PAYLOAD.service
[2026-07-23T13:53:33+02:00] [INFO] [deploy.sh] Terminé (exit 0)
[2026-07-23T13:53:37+02:00] [INFO] [deploy.sh] ━━━━━━━━━━━━━━━━━━━━━━━━━━━━━━━━━━━━━━━━━━━━━━━━
[2026-07-23T13:53:37+02:00] [INFO] [deploy.sh] Appel reçu | channel=hardware:disk_alert source=hive_cycler args=
[2026-07-23T13:53:37+02:00] [INFO] [deploy.sh] Payload: {"disk": "/", "usage_pct": 62, "hostname": "TheHive", "msg": "Periodic disk check"}
[2026-07-23T13:53:37+02:00] [WARN] [deploy.sh] Aucun argument reconnu — utilisation: /home/aza/scripts/deploy.sh [--cleanup|--restart]
[2026-07-23T13:53:37+02:00] [INFO] [deploy.sh] Usage:
[2026-07-23T13:53:37+02:00] [INFO] [deploy.sh]   --cleanup   Nettoyer logs anciens, WAL, /tmp/adam-*
[2026-07-23T13:53:37+02:00] [INFO] [deploy.sh]   --restart   Redémarrer un service depuis ADAM_EVENT_PAYLOAD.service
[2026-07-23T13:53:37+02:00] [INFO] [deploy.sh] Terminé (exit 0)
[2026-07-23T13:57:53+02:00] [INFO] [deploy.sh] ━━━━━━━━━━━━━━━━━━━━━━━━━━━━━━━━━━━━━━━━━━━━━━━━
[2026-07-23T13:57:53+02:00] [INFO] [deploy.sh] Appel reçu | channel=service:down source=hive_cycler args=
[2026-07-23T13:57:53+02:00] [INFO] [deploy.sh] Payload: {"msg": "Health check ping", "hostname": "TheHive"}
[2026-07-23T13:57:53+02:00] [WARN] [deploy.sh] Aucun argument reconnu — utilisation: /home/aza/scripts/deploy.sh [--cleanup|--restart]
[2026-07-23T13:57:53+02:00] [INFO] [deploy.sh] Usage:
[2026-07-23T13:57:53+02:00] [INFO] [deploy.sh]   --cleanup   Nettoyer logs anciens, WAL, /tmp/adam-*
[2026-07-23T13:57:53+02:00] [INFO] [deploy.sh]   --restart   Redémarrer un service depuis ADAM_EVENT_PAYLOAD.service
[2026-07-23T13:57:53+02:00] [INFO] [deploy.sh] Terminé (exit 0)
[2026-07-23T13:57:59+02:00] [INFO] [deploy.sh] ━━━━━━━━━━━━━━━━━━━━━━━━━━━━━━━━━━━━━━━━━━━━━━━━
[2026-07-23T13:57:59+02:00] [INFO] [deploy.sh] Appel reçu | channel=hardware:disk_alert source=hive_cycler args=
[2026-07-23T13:57:59+02:00] [INFO] [deploy.sh] Payload: {"disk": "/", "usage_pct": 62, "hostname": "TheHive", "msg": "Periodic disk check"}
[2026-07-23T13:57:59+02:00] [WARN] [deploy.sh] Aucun argument reconnu — utilisation: /home/aza/scripts/deploy.sh [--cleanup|--restart]
[2026-07-23T13:57:59+02:00] [INFO] [deploy.sh] Usage:
[2026-07-23T13:57:59+02:00] [INFO] [deploy.sh]   --cleanup   Nettoyer logs anciens, WAL, /tmp/adam-*
[2026-07-23T13:57:59+02:00] [INFO] [deploy.sh]   --restart   Redémarrer un service depuis ADAM_EVENT_PAYLOAD.service
[2026-07-23T13:57:59+02:00] [INFO] [deploy.sh] Terminé (exit 0)
[2026-07-23T14:02:15+02:00] [INFO] [deploy.sh] ━━━━━━━━━━━━━━━━━━━━━━━━━━━━━━━━━━━━━━━━━━━━━━━━
[2026-07-23T14:02:15+02:00] [INFO] [deploy.sh] Appel reçu | channel=service:down source=hive_cycler args=
[2026-07-23T14:02:15+02:00] [INFO] [deploy.sh] Payload: {"msg": "Health check ping", "hostname": "TheHive"}
[2026-07-23T14:02:15+02:00] [WARN] [deploy.sh] Aucun argument reconnu — utilisation: /home/aza/scripts/deploy.sh [--cleanup|--restart]
[2026-07-23T14:02:15+02:00] [INFO] [deploy.sh] Usage:
[2026-07-23T14:02:15+02:00] [INFO] [deploy.sh]   --cleanup   Nettoyer logs anciens, WAL, /tmp/adam-*
[2026-07-23T14:02:15+02:00] [INFO] [deploy.sh]   --restart   Redémarrer un service depuis ADAM_EVENT_PAYLOAD.service
[2026-07-23T14:02:15+02:00] [INFO] [deploy.sh] Terminé (exit 0)
[2026-07-23T14:02:19+02:00] [INFO] [deploy.sh] ━━━━━━━━━━━━━━━━━━━━━━━━━━━━━━━━━━━━━━━━━━━━━━━━
[2026-07-23T14:02:19+02:00] [INFO] [deploy.sh] Appel reçu | channel=hardware:disk_alert source=hive_cycler args=
[2026-07-23T14:02:19+02:00] [INFO] [deploy.sh] Payload: {"disk": "/", "usage_pct": 62, "hostname": "TheHive", "msg": "Periodic disk check"}
[2026-07-23T14:02:19+02:00] [WARN] [deploy.sh] Aucun argument reconnu — utilisation: /home/aza/scripts/deploy.sh [--cleanup|--restart]
[2026-07-23T14:02:19+02:00] [INFO] [deploy.sh] Usage:
[2026-07-23T14:02:19+02:00] [INFO] [deploy.sh]   --cleanup   Nettoyer logs anciens, WAL, /tmp/adam-*
[2026-07-23T14:02:19+02:00] [INFO] [deploy.sh]   --restart   Redémarrer un service depuis ADAM_EVENT_PAYLOAD.service
[2026-07-23T14:02:19+02:00] [INFO] [deploy.sh] Terminé (exit 0)
[2026-07-23T14:06:35+02:00] [INFO] [deploy.sh] ━━━━━━━━━━━━━━━━━━━━━━━━━━━━━━━━━━━━━━━━━━━━━━━━
[2026-07-23T14:06:35+02:00] [INFO] [deploy.sh] Appel reçu | channel=service:down source=hive_cycler args=
[2026-07-23T14:06:35+02:00] [INFO] [deploy.sh] Payload: {"msg": "Health check ping", "hostname": "TheHive"}
[2026-07-23T14:06:35+02:00] [WARN] [deploy.sh] Aucun argument reconnu — utilisation: /home/aza/scripts/deploy.sh [--cleanup|--restart]
[2026-07-23T14:06:35+02:00] [INFO] [deploy.sh] Usage:
[2026-07-23T14:06:35+02:00] [INFO] [deploy.sh]   --cleanup   Nettoyer logs anciens, WAL, /tmp/adam-*
[2026-07-23T14:06:35+02:00] [INFO] [deploy.sh]   --restart   Redémarrer un service depuis ADAM_EVENT_PAYLOAD.service
[2026-07-23T14:06:35+02:00] [INFO] [deploy.sh] Terminé (exit 0)
[2026-07-23T14:06:41+02:00] [INFO] [deploy.sh] ━━━━━━━━━━━━━━━━━━━━━━━━━━━━━━━━━━━━━━━━━━━━━━━━
[2026-07-23T14:06:41+02:00] [INFO] [deploy.sh] Appel reçu | channel=hardware:disk_alert source=hive_cycler args=
[2026-07-23T14:06:41+02:00] [INFO] [deploy.sh] Payload: {"disk": "/", "usage_pct": 62, "hostname": "TheHive", "msg": "Periodic disk check"}
[2026-07-23T14:06:41+02:00] [WARN] [deploy.sh] Aucun argument reconnu — utilisation: /home/aza/scripts/deploy.sh [--cleanup|--restart]
[2026-07-23T14:06:41+02:00] [INFO] [deploy.sh] Usage:
[2026-07-23T14:06:41+02:00] [INFO] [deploy.sh]   --cleanup   Nettoyer logs anciens, WAL, /tmp/adam-*
[2026-07-23T14:06:41+02:00] [INFO] [deploy.sh]   --restart   Redémarrer un service depuis ADAM_EVENT_PAYLOAD.service
[2026-07-23T14:06:41+02:00] [INFO] [deploy.sh] Terminé (exit 0)
[2026-07-23T14:10:57+02:00] [INFO] [deploy.sh] ━━━━━━━━━━━━━━━━━━━━━━━━━━━━━━━━━━━━━━━━━━━━━━━━
[2026-07-23T14:10:57+02:00] [INFO] [deploy.sh] Appel reçu | channel=service:down source=hive_cycler args=
[2026-07-23T14:10:57+02:00] [INFO] [deploy.sh] Payload: {"msg": "Health check ping", "hostname": "TheHive"}
[2026-07-23T14:10:57+02:00] [WARN] [deploy.sh] Aucun argument reconnu — utilisation: /home/aza/scripts/deploy.sh [--cleanup|--restart]
[2026-07-23T14:10:57+02:00] [INFO] [deploy.sh] Usage:
[2026-07-23T14:10:57+02:00] [INFO] [deploy.sh]   --cleanup   Nettoyer logs anciens, WAL, /tmp/adam-*
[2026-07-23T14:10:57+02:00] [INFO] [deploy.sh]   --restart   Redémarrer un service depuis ADAM_EVENT_PAYLOAD.service
[2026-07-23T14:10:57+02:00] [INFO] [deploy.sh] Terminé (exit 0)
[2026-07-23T14:11:01+02:00] [INFO] [deploy.sh] ━━━━━━━━━━━━━━━━━━━━━━━━━━━━━━━━━━━━━━━━━━━━━━━━
[2026-07-23T14:11:01+02:00] [INFO] [deploy.sh] Appel reçu | channel=hardware:disk_alert source=hive_cycler args=
[2026-07-23T14:11:01+02:00] [INFO] [deploy.sh] Payload: {"disk": "/", "usage_pct": 62, "hostname": "TheHive", "msg": "Periodic disk check"}
[2026-07-23T14:11:01+02:00] [WARN] [deploy.sh] Aucun argument reconnu — utilisation: /home/aza/scripts/deploy.sh [--cleanup|--restart]
[2026-07-23T14:11:01+02:00] [INFO] [deploy.sh] Usage:
[2026-07-23T14:11:01+02:00] [INFO] [deploy.sh]   --cleanup   Nettoyer logs anciens, WAL, /tmp/adam-*
[2026-07-23T14:11:01+02:00] [INFO] [deploy.sh]   --restart   Redémarrer un service depuis ADAM_EVENT_PAYLOAD.service
[2026-07-23T14:11:01+02:00] [INFO] [deploy.sh] Terminé (exit 0)
[2026-07-23T14:15:17+02:00] [INFO] [deploy.sh] ━━━━━━━━━━━━━━━━━━━━━━━━━━━━━━━━━━━━━━━━━━━━━━━━
[2026-07-23T14:15:17+02:00] [INFO] [deploy.sh] Appel reçu | channel=service:down source=hive_cycler args=
[2026-07-23T14:15:17+02:00] [INFO] [deploy.sh] Payload: {"msg": "Health check ping", "hostname": "TheHive"}
[2026-07-23T14:15:17+02:00] [WARN] [deploy.sh] Aucun argument reconnu — utilisation: /home/aza/scripts/deploy.sh [--cleanup|--restart]
[2026-07-23T14:15:17+02:00] [INFO] [deploy.sh] Usage:
[2026-07-23T14:15:17+02:00] [INFO] [deploy.sh]   --cleanup   Nettoyer logs anciens, WAL, /tmp/adam-*
[2026-07-23T14:15:17+02:00] [INFO] [deploy.sh]   --restart   Redémarrer un service depuis ADAM_EVENT_PAYLOAD.service
[2026-07-23T14:15:17+02:00] [INFO] [deploy.sh] Terminé (exit 0)
[2026-07-23T14:15:23+02:00] [INFO] [deploy.sh] ━━━━━━━━━━━━━━━━━━━━━━━━━━━━━━━━━━━━━━━━━━━━━━━━
[2026-07-23T14:15:23+02:00] [INFO] [deploy.sh] Appel reçu | channel=hardware:disk_alert source=hive_cycler args=
[2026-07-23T14:15:23+02:00] [INFO] [deploy.sh] Payload: {"disk": "/", "usage_pct": 62, "hostname": "TheHive", "msg": "Periodic disk check"}
[2026-07-23T14:15:23+02:00] [WARN] [deploy.sh] Aucun argument reconnu — utilisation: /home/aza/scripts/deploy.sh [--cleanup|--restart]
[2026-07-23T14:15:23+02:00] [INFO] [deploy.sh] Usage:
[2026-07-23T14:15:23+02:00] [INFO] [deploy.sh]   --cleanup   Nettoyer logs anciens, WAL, /tmp/adam-*
[2026-07-23T14:15:23+02:00] [INFO] [deploy.sh]   --restart   Redémarrer un service depuis ADAM_EVENT_PAYLOAD.service
[2026-07-23T14:15:23+02:00] [INFO] [deploy.sh] Terminé (exit 0)
[2026-07-23T14:19:39+02:00] [INFO] [deploy.sh] ━━━━━━━━━━━━━━━━━━━━━━━━━━━━━━━━━━━━━━━━━━━━━━━━
[2026-07-23T14:19:39+02:00] [INFO] [deploy.sh] Appel reçu | channel=service:down source=hive_cycler args=
[2026-07-23T14:19:40+02:00] [INFO] [deploy.sh] Payload: {"msg": "Health check ping", "hostname": "TheHive"}
[2026-07-23T14:19:40+02:00] [WARN] [deploy.sh] Aucun argument reconnu — utilisation: /home/aza/scripts/deploy.sh [--cleanup|--restart]
[2026-07-23T14:19:40+02:00] [INFO] [deploy.sh] Usage:
[2026-07-23T14:19:40+02:00] [INFO] [deploy.sh]   --cleanup   Nettoyer logs anciens, WAL, /tmp/adam-*
[2026-07-23T14:19:40+02:00] [INFO] [deploy.sh]   --restart   Redémarrer un service depuis ADAM_EVENT_PAYLOAD.service
[2026-07-23T14:19:40+02:00] [INFO] [deploy.sh] Terminé (exit 0)
[2026-07-23T14:19:46+02:00] [INFO] [deploy.sh] ━━━━━━━━━━━━━━━━━━━━━━━━━━━━━━━━━━━━━━━━━━━━━━━━
[2026-07-23T14:19:46+02:00] [INFO] [deploy.sh] Appel reçu | channel=hardware:disk_alert source=hive_cycler args=
[2026-07-23T14:19:46+02:00] [INFO] [deploy.sh] Payload: {"disk": "/", "usage_pct": 62, "hostname": "TheHive", "msg": "Periodic disk check"}
[2026-07-23T14:19:46+02:00] [WARN] [deploy.sh] Aucun argument reconnu — utilisation: /home/aza/scripts/deploy.sh [--cleanup|--restart]
[2026-07-23T14:19:46+02:00] [INFO] [deploy.sh] Usage:
[2026-07-23T14:19:46+02:00] [INFO] [deploy.sh]   --cleanup   Nettoyer logs anciens, WAL, /tmp/adam-*
[2026-07-23T14:19:46+02:00] [INFO] [deploy.sh]   --restart   Redémarrer un service depuis ADAM_EVENT_PAYLOAD.service
[2026-07-23T14:19:46+02:00] [INFO] [deploy.sh] Terminé (exit 0)
[2026-07-23T14:24:00+02:00] [INFO] [deploy.sh] ━━━━━━━━━━━━━━━━━━━━━━━━━━━━━━━━━━━━━━━━━━━━━━━━
[2026-07-23T14:24:00+02:00] [INFO] [deploy.sh] Appel reçu | channel=service:down source=hive_cycler args=
[2026-07-23T14:24:00+02:00] [INFO] [deploy.sh] Payload: {"msg": "Health check ping", "hostname": "TheHive"}
[2026-07-23T14:24:00+02:00] [WARN] [deploy.sh] Aucun argument reconnu — utilisation: /home/aza/scripts/deploy.sh [--cleanup|--restart]
[2026-07-23T14:24:00+02:00] [INFO] [deploy.sh] Usage:
[2026-07-23T14:24:00+02:00] [INFO] [deploy.sh]   --cleanup   Nettoyer logs anciens, WAL, /tmp/adam-*
[2026-07-23T14:24:00+02:00] [INFO] [deploy.sh]   --restart   Redémarrer un service depuis ADAM_EVENT_PAYLOAD.service
[2026-07-23T14:24:00+02:00] [INFO] [deploy.sh] Terminé (exit 0)
[2026-07-23T14:24:08+02:00] [INFO] [deploy.sh] ━━━━━━━━━━━━━━━━━━━━━━━━━━━━━━━━━━━━━━━━━━━━━━━━
[2026-07-23T14:24:08+02:00] [INFO] [deploy.sh] Appel reçu | channel=hardware:disk_alert source=hive_cycler args=
[2026-07-23T14:24:08+02:00] [INFO] [deploy.sh] Payload: {"disk": "/", "usage_pct": 62, "hostname": "TheHive", "msg": "Periodic disk check"}
[2026-07-23T14:24:08+02:00] [WARN] [deploy.sh] Aucun argument reconnu — utilisation: /home/aza/scripts/deploy.sh [--cleanup|--restart]
[2026-07-23T14:24:08+02:00] [INFO] [deploy.sh] Usage:
[2026-07-23T14:24:08+02:00] [INFO] [deploy.sh]   --cleanup   Nettoyer logs anciens, WAL, /tmp/adam-*
[2026-07-23T14:24:08+02:00] [INFO] [deploy.sh]   --restart   Redémarrer un service depuis ADAM_EVENT_PAYLOAD.service
[2026-07-23T14:24:08+02:00] [INFO] [deploy.sh] Terminé (exit 0)
[2026-07-23T14:28:22+02:00] [INFO] [deploy.sh] ━━━━━━━━━━━━━━━━━━━━━━━━━━━━━━━━━━━━━━━━━━━━━━━━
[2026-07-23T14:28:22+02:00] [INFO] [deploy.sh] Appel reçu | channel=service:down source=hive_cycler args=
[2026-07-23T14:28:22+02:00] [INFO] [deploy.sh] Payload: {"msg": "Health check ping", "hostname": "TheHive"}
[2026-07-23T14:28:22+02:00] [WARN] [deploy.sh] Aucun argument reconnu — utilisation: /home/aza/scripts/deploy.sh [--cleanup|--restart]
[2026-07-23T14:28:22+02:00] [INFO] [deploy.sh] Usage:
[2026-07-23T14:28:22+02:00] [INFO] [deploy.sh]   --cleanup   Nettoyer logs anciens, WAL, /tmp/adam-*
[2026-07-23T14:28:22+02:00] [INFO] [deploy.sh]   --restart   Redémarrer un service depuis ADAM_EVENT_PAYLOAD.service
[2026-07-23T14:28:22+02:00] [INFO] [deploy.sh] Terminé (exit 0)
[2026-07-23T14:28:28+02:00] [INFO] [deploy.sh] ━━━━━━━━━━━━━━━━━━━━━━━━━━━━━━━━━━━━━━━━━━━━━━━━
[2026-07-23T14:28:28+02:00] [INFO] [deploy.sh] Appel reçu | channel=hardware:disk_alert source=hive_cycler args=
[2026-07-23T14:28:28+02:00] [INFO] [deploy.sh] Payload: {"disk": "/", "usage_pct": 62, "hostname": "TheHive", "msg": "Periodic disk check"}
[2026-07-23T14:28:28+02:00] [WARN] [deploy.sh] Aucun argument reconnu — utilisation: /home/aza/scripts/deploy.sh [--cleanup|--restart]
[2026-07-23T14:28:28+02:00] [INFO] [deploy.sh] Usage:
[2026-07-23T14:28:28+02:00] [INFO] [deploy.sh]   --cleanup   Nettoyer logs anciens, WAL, /tmp/adam-*
[2026-07-23T14:28:28+02:00] [INFO] [deploy.sh]   --restart   Redémarrer un service depuis ADAM_EVENT_PAYLOAD.service
[2026-07-23T14:28:28+02:00] [INFO] [deploy.sh] Terminé (exit 0)
[2026-07-23T14:32:42+02:00] [INFO] [deploy.sh] ━━━━━━━━━━━━━━━━━━━━━━━━━━━━━━━━━━━━━━━━━━━━━━━━
[2026-07-23T14:32:42+02:00] [INFO] [deploy.sh] Appel reçu | channel=service:down source=hive_cycler args=
[2026-07-23T14:32:42+02:00] [INFO] [deploy.sh] Payload: {"msg": "Health check ping", "hostname": "TheHive"}
[2026-07-23T14:32:42+02:00] [WARN] [deploy.sh] Aucun argument reconnu — utilisation: /home/aza/scripts/deploy.sh [--cleanup|--restart]
[2026-07-23T14:32:42+02:00] [INFO] [deploy.sh] Usage:
[2026-07-23T14:32:42+02:00] [INFO] [deploy.sh]   --cleanup   Nettoyer logs anciens, WAL, /tmp/adam-*
[2026-07-23T14:32:42+02:00] [INFO] [deploy.sh]   --restart   Redémarrer un service depuis ADAM_EVENT_PAYLOAD.service
[2026-07-23T14:32:42+02:00] [INFO] [deploy.sh] Terminé (exit 0)
[2026-07-23T14:32:50+02:00] [INFO] [deploy.sh] ━━━━━━━━━━━━━━━━━━━━━━━━━━━━━━━━━━━━━━━━━━━━━━━━
[2026-07-23T14:32:50+02:00] [INFO] [deploy.sh] Appel reçu | channel=hardware:disk_alert source=hive_cycler args=
[2026-07-23T14:32:50+02:00] [INFO] [deploy.sh] Payload: {"disk": "/", "usage_pct": 62, "hostname": "TheHive", "msg": "Periodic disk check"}
[2026-07-23T14:32:50+02:00] [WARN] [deploy.sh] Aucun argument reconnu — utilisation: /home/aza/scripts/deploy.sh [--cleanup|--restart]
[2026-07-23T14:32:50+02:00] [INFO] [deploy.sh] Usage:
[2026-07-23T14:32:50+02:00] [INFO] [deploy.sh]   --cleanup   Nettoyer logs anciens, WAL, /tmp/adam-*
[2026-07-23T14:32:50+02:00] [INFO] [deploy.sh]   --restart   Redémarrer un service depuis ADAM_EVENT_PAYLOAD.service
[2026-07-23T14:32:50+02:00] [INFO] [deploy.sh] Terminé (exit 0)
[2026-07-23T14:37:04+02:00] [INFO] [deploy.sh] ━━━━━━━━━━━━━━━━━━━━━━━━━━━━━━━━━━━━━━━━━━━━━━━━
[2026-07-23T14:37:04+02:00] [INFO] [deploy.sh] Appel reçu | channel=service:down source=hive_cycler args=
[2026-07-23T14:37:04+02:00] [INFO] [deploy.sh] Payload: {"msg": "Health check ping", "hostname": "TheHive"}
[2026-07-23T14:37:04+02:00] [WARN] [deploy.sh] Aucun argument reconnu — utilisation: /home/aza/scripts/deploy.sh [--cleanup|--restart]
[2026-07-23T14:37:04+02:00] [INFO] [deploy.sh] Usage:
[2026-07-23T14:37:04+02:00] [INFO] [deploy.sh]   --cleanup   Nettoyer logs anciens, WAL, /tmp/adam-*
[2026-07-23T14:37:04+02:00] [INFO] [deploy.sh]   --restart   Redémarrer un service depuis ADAM_EVENT_PAYLOAD.service
[2026-07-23T14:37:04+02:00] [INFO] [deploy.sh] Terminé (exit 0)
[2026-07-23T14:37:10+02:00] [INFO] [deploy.sh] ━━━━━━━━━━━━━━━━━━━━━━━━━━━━━━━━━━━━━━━━━━━━━━━━
[2026-07-23T14:37:10+02:00] [INFO] [deploy.sh] Appel reçu | channel=hardware:disk_alert source=hive_cycler args=
[2026-07-23T14:37:10+02:00] [INFO] [deploy.sh] Payload: {"disk": "/", "usage_pct": 62, "hostname": "TheHive", "msg": "Periodic disk check"}
[2026-07-23T14:37:10+02:00] [WARN] [deploy.sh] Aucun argument reconnu — utilisation: /home/aza/scripts/deploy.sh [--cleanup|--restart]
[2026-07-23T14:37:10+02:00] [INFO] [deploy.sh] Usage:
[2026-07-23T14:37:10+02:00] [INFO] [deploy.sh]   --cleanup   Nettoyer logs anciens, WAL, /tmp/adam-*
[2026-07-23T14:37:10+02:00] [INFO] [deploy.sh]   --restart   Redémarrer un service depuis ADAM_EVENT_PAYLOAD.service
[2026-07-23T14:37:10+02:00] [INFO] [deploy.sh] Terminé (exit 0)
[2026-07-23T14:41:26+02:00] [INFO] [deploy.sh] ━━━━━━━━━━━━━━━━━━━━━━━━━━━━━━━━━━━━━━━━━━━━━━━━
[2026-07-23T14:41:26+02:00] [INFO] [deploy.sh] Appel reçu | channel=service:down source=hive_cycler args=
[2026-07-23T14:41:26+02:00] [INFO] [deploy.sh] Payload: {"msg": "Health check ping", "hostname": "TheHive"}
[2026-07-23T14:41:26+02:00] [WARN] [deploy.sh] Aucun argument reconnu — utilisation: /home/aza/scripts/deploy.sh [--cleanup|--restart]
[2026-07-23T14:41:26+02:00] [INFO] [deploy.sh] Usage:
[2026-07-23T14:41:26+02:00] [INFO] [deploy.sh]   --cleanup   Nettoyer logs anciens, WAL, /tmp/adam-*
[2026-07-23T14:41:26+02:00] [INFO] [deploy.sh]   --restart   Redémarrer un service depuis ADAM_EVENT_PAYLOAD.service
[2026-07-23T14:41:26+02:00] [INFO] [deploy.sh] Terminé (exit 0)
[2026-07-23T14:41:30+02:00] [INFO] [deploy.sh] ━━━━━━━━━━━━━━━━━━━━━━━━━━━━━━━━━━━━━━━━━━━━━━━━
[2026-07-23T14:41:30+02:00] [INFO] [deploy.sh] Appel reçu | channel=hardware:disk_alert source=hive_cycler args=
[2026-07-23T14:41:30+02:00] [INFO] [deploy.sh] Payload: {"disk": "/", "usage_pct": 62, "hostname": "TheHive", "msg": "Periodic disk check"}
[2026-07-23T14:41:30+02:00] [WARN] [deploy.sh] Aucun argument reconnu — utilisation: /home/aza/scripts/deploy.sh [--cleanup|--restart]
[2026-07-23T14:41:30+02:00] [INFO] [deploy.sh] Usage:
[2026-07-23T14:41:30+02:00] [INFO] [deploy.sh]   --cleanup   Nettoyer logs anciens, WAL, /tmp/adam-*
[2026-07-23T14:41:30+02:00] [INFO] [deploy.sh]   --restart   Redémarrer un service depuis ADAM_EVENT_PAYLOAD.service
[2026-07-23T14:41:30+02:00] [INFO] [deploy.sh] Terminé (exit 0)
[2026-07-23T14:45:46+02:00] [INFO] [deploy.sh] ━━━━━━━━━━━━━━━━━━━━━━━━━━━━━━━━━━━━━━━━━━━━━━━━
[2026-07-23T14:45:46+02:00] [INFO] [deploy.sh] Appel reçu | channel=service:down source=hive_cycler args=
[2026-07-23T14:45:46+02:00] [INFO] [deploy.sh] Payload: {"msg": "Health check ping", "hostname": "TheHive"}
[2026-07-23T14:45:46+02:00] [WARN] [deploy.sh] Aucun argument reconnu — utilisation: /home/aza/scripts/deploy.sh [--cleanup|--restart]
[2026-07-23T14:45:46+02:00] [INFO] [deploy.sh] Usage:
[2026-07-23T14:45:46+02:00] [INFO] [deploy.sh]   --cleanup   Nettoyer logs anciens, WAL, /tmp/adam-*
[2026-07-23T14:45:46+02:00] [INFO] [deploy.sh]   --restart   Redémarrer un service depuis ADAM_EVENT_PAYLOAD.service
[2026-07-23T14:45:46+02:00] [INFO] [deploy.sh] Terminé (exit 0)
[2026-07-23T14:45:52+02:00] [INFO] [deploy.sh] ━━━━━━━━━━━━━━━━━━━━━━━━━━━━━━━━━━━━━━━━━━━━━━━━
[2026-07-23T14:45:52+02:00] [INFO] [deploy.sh] Appel reçu | channel=hardware:disk_alert source=hive_cycler args=
[2026-07-23T14:45:52+02:00] [INFO] [deploy.sh] Payload: {"disk": "/", "usage_pct": 62, "hostname": "TheHive", "msg": "Periodic disk check"}
[2026-07-23T14:45:52+02:00] [WARN] [deploy.sh] Aucun argument reconnu — utilisation: /home/aza/scripts/deploy.sh [--cleanup|--restart]
[2026-07-23T14:45:52+02:00] [INFO] [deploy.sh] Usage:
[2026-07-23T14:45:52+02:00] [INFO] [deploy.sh]   --cleanup   Nettoyer logs anciens, WAL, /tmp/adam-*
[2026-07-23T14:45:52+02:00] [INFO] [deploy.sh]   --restart   Redémarrer un service depuis ADAM_EVENT_PAYLOAD.service
[2026-07-23T14:45:52+02:00] [INFO] [deploy.sh] Terminé (exit 0)
[2026-07-23T14:50:08+02:00] [INFO] [deploy.sh] ━━━━━━━━━━━━━━━━━━━━━━━━━━━━━━━━━━━━━━━━━━━━━━━━
[2026-07-23T14:50:08+02:00] [INFO] [deploy.sh] Appel reçu | channel=service:down source=hive_cycler args=
[2026-07-23T14:50:08+02:00] [INFO] [deploy.sh] Payload: {"msg": "Health check ping", "hostname": "TheHive"}
[2026-07-23T14:50:08+02:00] [WARN] [deploy.sh] Aucun argument reconnu — utilisation: /home/aza/scripts/deploy.sh [--cleanup|--restart]
[2026-07-23T14:50:08+02:00] [INFO] [deploy.sh] Usage:
[2026-07-23T14:50:08+02:00] [INFO] [deploy.sh]   --cleanup   Nettoyer logs anciens, WAL, /tmp/adam-*
[2026-07-23T14:50:08+02:00] [INFO] [deploy.sh]   --restart   Redémarrer un service depuis ADAM_EVENT_PAYLOAD.service
[2026-07-23T14:50:08+02:00] [INFO] [deploy.sh] Terminé (exit 0)
[2026-07-23T14:50:12+02:00] [INFO] [deploy.sh] ━━━━━━━━━━━━━━━━━━━━━━━━━━━━━━━━━━━━━━━━━━━━━━━━
[2026-07-23T14:50:12+02:00] [INFO] [deploy.sh] Appel reçu | channel=hardware:disk_alert source=hive_cycler args=
[2026-07-23T14:50:12+02:00] [INFO] [deploy.sh] Payload: {"disk": "/", "usage_pct": 62, "hostname": "TheHive", "msg": "Periodic disk check"}
[2026-07-23T14:50:12+02:00] [WARN] [deploy.sh] Aucun argument reconnu — utilisation: /home/aza/scripts/deploy.sh [--cleanup|--restart]
[2026-07-23T14:50:12+02:00] [INFO] [deploy.sh] Usage:
[2026-07-23T14:50:12+02:00] [INFO] [deploy.sh]   --cleanup   Nettoyer logs anciens, WAL, /tmp/adam-*
[2026-07-23T14:50:12+02:00] [INFO] [deploy.sh]   --restart   Redémarrer un service depuis ADAM_EVENT_PAYLOAD.service
[2026-07-23T14:50:12+02:00] [INFO] [deploy.sh] Terminé (exit 0)
[2026-07-23T14:54:28+02:00] [INFO] [deploy.sh] ━━━━━━━━━━━━━━━━━━━━━━━━━━━━━━━━━━━━━━━━━━━━━━━━
[2026-07-23T14:54:28+02:00] [INFO] [deploy.sh] Appel reçu | channel=service:down source=hive_cycler args=
[2026-07-23T14:54:28+02:00] [INFO] [deploy.sh] Payload: {"msg": "Health check ping", "hostname": "TheHive"}
[2026-07-23T14:54:28+02:00] [WARN] [deploy.sh] Aucun argument reconnu — utilisation: /home/aza/scripts/deploy.sh [--cleanup|--restart]
[2026-07-23T14:54:28+02:00] [INFO] [deploy.sh] Usage:
[2026-07-23T14:54:28+02:00] [INFO] [deploy.sh]   --cleanup   Nettoyer logs anciens, WAL, /tmp/adam-*
[2026-07-23T14:54:28+02:00] [INFO] [deploy.sh]   --restart   Redémarrer un service depuis ADAM_EVENT_PAYLOAD.service
[2026-07-23T14:54:28+02:00] [INFO] [deploy.sh] Terminé (exit 0)
[2026-07-23T14:54:34+02:00] [INFO] [deploy.sh] ━━━━━━━━━━━━━━━━━━━━━━━━━━━━━━━━━━━━━━━━━━━━━━━━
[2026-07-23T14:54:34+02:00] [INFO] [deploy.sh] Appel reçu | channel=hardware:disk_alert source=hive_cycler args=
[2026-07-23T14:54:34+02:00] [INFO] [deploy.sh] Payload: {"disk": "/", "usage_pct": 62, "hostname": "TheHive", "msg": "Periodic disk check"}
[2026-07-23T14:54:34+02:00] [WARN] [deploy.sh] Aucun argument reconnu — utilisation: /home/aza/scripts/deploy.sh [--cleanup|--restart]
[2026-07-23T14:54:34+02:00] [INFO] [deploy.sh] Usage:
[2026-07-23T14:54:34+02:00] [INFO] [deploy.sh]   --cleanup   Nettoyer logs anciens, WAL, /tmp/adam-*
[2026-07-23T14:54:34+02:00] [INFO] [deploy.sh]   --restart   Redémarrer un service depuis ADAM_EVENT_PAYLOAD.service
[2026-07-23T14:54:34+02:00] [INFO] [deploy.sh] Terminé (exit 0)
[2026-07-23T14:58:50+02:00] [INFO] [deploy.sh] ━━━━━━━━━━━━━━━━━━━━━━━━━━━━━━━━━━━━━━━━━━━━━━━━
[2026-07-23T14:58:50+02:00] [INFO] [deploy.sh] Appel reçu | channel=service:down source=hive_cycler args=
[2026-07-23T14:58:50+02:00] [INFO] [deploy.sh] Payload: {"msg": "Health check ping", "hostname": "TheHive"}
[2026-07-23T14:58:50+02:00] [WARN] [deploy.sh] Aucun argument reconnu — utilisation: /home/aza/scripts/deploy.sh [--cleanup|--restart]
[2026-07-23T14:58:50+02:00] [INFO] [deploy.sh] Usage:
[2026-07-23T14:58:50+02:00] [INFO] [deploy.sh]   --cleanup   Nettoyer logs anciens, WAL, /tmp/adam-*
[2026-07-23T14:58:50+02:00] [INFO] [deploy.sh]   --restart   Redémarrer un service depuis ADAM_EVENT_PAYLOAD.service
[2026-07-23T14:58:50+02:00] [INFO] [deploy.sh] Terminé (exit 0)
[2026-07-23T14:58:54+02:00] [INFO] [deploy.sh] ━━━━━━━━━━━━━━━━━━━━━━━━━━━━━━━━━━━━━━━━━━━━━━━━
[2026-07-23T14:58:54+02:00] [INFO] [deploy.sh] Appel reçu | channel=hardware:disk_alert source=hive_cycler args=
[2026-07-23T14:58:54+02:00] [INFO] [deploy.sh] Payload: {"disk": "/", "usage_pct": 62, "hostname": "TheHive", "msg": "Periodic disk check"}
[2026-07-23T14:58:54+02:00] [WARN] [deploy.sh] Aucun argument reconnu — utilisation: /home/aza/scripts/deploy.sh [--cleanup|--restart]
[2026-07-23T14:58:54+02:00] [INFO] [deploy.sh] Usage:
[2026-07-23T14:58:54+02:00] [INFO] [deploy.sh]   --cleanup   Nettoyer logs anciens, WAL, /tmp/adam-*
[2026-07-23T14:58:54+02:00] [INFO] [deploy.sh]   --restart   Redémarrer un service depuis ADAM_EVENT_PAYLOAD.service
[2026-07-23T14:58:54+02:00] [INFO] [deploy.sh] Terminé (exit 0)
[2026-07-23T15:03:11+02:00] [INFO] [deploy.sh] ━━━━━━━━━━━━━━━━━━━━━━━━━━━━━━━━━━━━━━━━━━━━━━━━
[2026-07-23T15:03:11+02:00] [INFO] [deploy.sh] Appel reçu | channel=service:down source=hive_cycler args=
[2026-07-23T15:03:11+02:00] [INFO] [deploy.sh] Payload: {"msg": "Health check ping", "hostname": "TheHive"}
[2026-07-23T15:03:11+02:00] [WARN] [deploy.sh] Aucun argument reconnu — utilisation: /home/aza/scripts/deploy.sh [--cleanup|--restart]
[2026-07-23T15:03:11+02:00] [INFO] [deploy.sh] Usage:
[2026-07-23T15:03:11+02:00] [INFO] [deploy.sh]   --cleanup   Nettoyer logs anciens, WAL, /tmp/adam-*
[2026-07-23T15:03:11+02:00] [INFO] [deploy.sh]   --restart   Redémarrer un service depuis ADAM_EVENT_PAYLOAD.service
[2026-07-23T15:03:11+02:00] [INFO] [deploy.sh] Terminé (exit 0)
[2026-07-23T15:03:19+02:00] [INFO] [deploy.sh] ━━━━━━━━━━━━━━━━━━━━━━━━━━━━━━━━━━━━━━━━━━━━━━━━
[2026-07-23T15:03:19+02:00] [INFO] [deploy.sh] Appel reçu | channel=hardware:disk_alert source=hive_cycler args=
[2026-07-23T15:03:19+02:00] [INFO] [deploy.sh] Payload: {"disk": "/", "usage_pct": 62, "hostname": "TheHive", "msg": "Periodic disk check"}
[2026-07-23T15:03:19+02:00] [WARN] [deploy.sh] Aucun argument reconnu — utilisation: /home/aza/scripts/deploy.sh [--cleanup|--restart]
[2026-07-23T15:03:19+02:00] [INFO] [deploy.sh] Usage:
[2026-07-23T15:03:19+02:00] [INFO] [deploy.sh]   --cleanup   Nettoyer logs anciens, WAL, /tmp/adam-*
[2026-07-23T15:03:19+02:00] [INFO] [deploy.sh]   --restart   Redémarrer un service depuis ADAM_EVENT_PAYLOAD.service
[2026-07-23T15:03:19+02:00] [INFO] [deploy.sh] Terminé (exit 0)
[2026-07-23T15:07:33+02:00] [INFO] [deploy.sh] ━━━━━━━━━━━━━━━━━━━━━━━━━━━━━━━━━━━━━━━━━━━━━━━━
[2026-07-23T15:07:33+02:00] [INFO] [deploy.sh] Appel reçu | channel=service:down source=hive_cycler args=
[2026-07-23T15:07:33+02:00] [INFO] [deploy.sh] Payload: {"msg": "Health check ping", "hostname": "TheHive"}
[2026-07-23T15:07:33+02:00] [WARN] [deploy.sh] Aucun argument reconnu — utilisation: /home/aza/scripts/deploy.sh [--cleanup|--restart]
[2026-07-23T15:07:33+02:00] [INFO] [deploy.sh] Usage:
[2026-07-23T15:07:33+02:00] [INFO] [deploy.sh]   --cleanup   Nettoyer logs anciens, WAL, /tmp/adam-*
[2026-07-23T15:07:33+02:00] [INFO] [deploy.sh]   --restart   Redémarrer un service depuis ADAM_EVENT_PAYLOAD.service
[2026-07-23T15:07:33+02:00] [INFO] [deploy.sh] Terminé (exit 0)
[2026-07-23T15:07:39+02:00] [INFO] [deploy.sh] ━━━━━━━━━━━━━━━━━━━━━━━━━━━━━━━━━━━━━━━━━━━━━━━━
[2026-07-23T15:07:39+02:00] [INFO] [deploy.sh] Appel reçu | channel=hardware:disk_alert source=hive_cycler args=
[2026-07-23T15:07:39+02:00] [INFO] [deploy.sh] Payload: {"disk": "/", "usage_pct": 62, "hostname": "TheHive", "msg": "Periodic disk check"}
[2026-07-23T15:07:39+02:00] [WARN] [deploy.sh] Aucun argument reconnu — utilisation: /home/aza/scripts/deploy.sh [--cleanup|--restart]
[2026-07-23T15:07:39+02:00] [INFO] [deploy.sh] Usage:
[2026-07-23T15:07:39+02:00] [INFO] [deploy.sh]   --cleanup   Nettoyer logs anciens, WAL, /tmp/adam-*
[2026-07-23T15:07:39+02:00] [INFO] [deploy.sh]   --restart   Redémarrer un service depuis ADAM_EVENT_PAYLOAD.service
[2026-07-23T15:07:39+02:00] [INFO] [deploy.sh] Terminé (exit 0)
[2026-07-23T15:11:53+02:00] [INFO] [deploy.sh] ━━━━━━━━━━━━━━━━━━━━━━━━━━━━━━━━━━━━━━━━━━━━━━━━
[2026-07-23T15:11:53+02:00] [INFO] [deploy.sh] Appel reçu | channel=service:down source=hive_cycler args=
[2026-07-23T15:11:53+02:00] [INFO] [deploy.sh] Payload: {"msg": "Health check ping", "hostname": "TheHive"}
[2026-07-23T15:11:53+02:00] [WARN] [deploy.sh] Aucun argument reconnu — utilisation: /home/aza/scripts/deploy.sh [--cleanup|--restart]
[2026-07-23T15:11:53+02:00] [INFO] [deploy.sh] Usage:
[2026-07-23T15:11:53+02:00] [INFO] [deploy.sh]   --cleanup   Nettoyer logs anciens, WAL, /tmp/adam-*
[2026-07-23T15:11:53+02:00] [INFO] [deploy.sh]   --restart   Redémarrer un service depuis ADAM_EVENT_PAYLOAD.service
[2026-07-23T15:11:53+02:00] [INFO] [deploy.sh] Terminé (exit 0)
[2026-07-23T15:12:01+02:00] [INFO] [deploy.sh] ━━━━━━━━━━━━━━━━━━━━━━━━━━━━━━━━━━━━━━━━━━━━━━━━
[2026-07-23T15:12:01+02:00] [INFO] [deploy.sh] Appel reçu | channel=hardware:disk_alert source=hive_cycler args=
[2026-07-23T15:12:01+02:00] [INFO] [deploy.sh] Payload: {"disk": "/", "usage_pct": 62, "hostname": "TheHive", "msg": "Periodic disk check"}
[2026-07-23T15:12:01+02:00] [WARN] [deploy.sh] Aucun argument reconnu — utilisation: /home/aza/scripts/deploy.sh [--cleanup|--restart]
[2026-07-23T15:12:01+02:00] [INFO] [deploy.sh] Usage:
[2026-07-23T15:12:01+02:00] [INFO] [deploy.sh]   --cleanup   Nettoyer logs anciens, WAL, /tmp/adam-*
[2026-07-23T15:12:01+02:00] [INFO] [deploy.sh]   --restart   Redémarrer un service depuis ADAM_EVENT_PAYLOAD.service
[2026-07-23T15:12:01+02:00] [INFO] [deploy.sh] Terminé (exit 0)
[2026-07-23T15:16:15+02:00] [INFO] [deploy.sh] ━━━━━━━━━━━━━━━━━━━━━━━━━━━━━━━━━━━━━━━━━━━━━━━━
[2026-07-23T15:16:15+02:00] [INFO] [deploy.sh] Appel reçu | channel=service:down source=hive_cycler args=
[2026-07-23T15:16:15+02:00] [INFO] [deploy.sh] Payload: {"msg": "Health check ping", "hostname": "TheHive"}
[2026-07-23T15:16:15+02:00] [WARN] [deploy.sh] Aucun argument reconnu — utilisation: /home/aza/scripts/deploy.sh [--cleanup|--restart]
[2026-07-23T15:16:15+02:00] [INFO] [deploy.sh] Usage:
[2026-07-23T15:16:15+02:00] [INFO] [deploy.sh]   --cleanup   Nettoyer logs anciens, WAL, /tmp/adam-*
[2026-07-23T15:16:15+02:00] [INFO] [deploy.sh]   --restart   Redémarrer un service depuis ADAM_EVENT_PAYLOAD.service
[2026-07-23T15:16:15+02:00] [INFO] [deploy.sh] Terminé (exit 0)
[2026-07-23T15:16:21+02:00] [INFO] [deploy.sh] ━━━━━━━━━━━━━━━━━━━━━━━━━━━━━━━━━━━━━━━━━━━━━━━━
[2026-07-23T15:16:21+02:00] [INFO] [deploy.sh] Appel reçu | channel=hardware:disk_alert source=hive_cycler args=
[2026-07-23T15:16:21+02:00] [INFO] [deploy.sh] Payload: {"disk": "/", "usage_pct": 62, "hostname": "TheHive", "msg": "Periodic disk check"}
[2026-07-23T15:16:21+02:00] [WARN] [deploy.sh] Aucun argument reconnu — utilisation: /home/aza/scripts/deploy.sh [--cleanup|--restart]
[2026-07-23T15:16:21+02:00] [INFO] [deploy.sh] Usage:
[2026-07-23T15:16:21+02:00] [INFO] [deploy.sh]   --cleanup   Nettoyer logs anciens, WAL, /tmp/adam-*
[2026-07-23T15:16:21+02:00] [INFO] [deploy.sh]   --restart   Redémarrer un service depuis ADAM_EVENT_PAYLOAD.service
[2026-07-23T15:16:21+02:00] [INFO] [deploy.sh] Terminé (exit 0)
[2026-07-23T15:20:35+02:00] [INFO] [deploy.sh] ━━━━━━━━━━━━━━━━━━━━━━━━━━━━━━━━━━━━━━━━━━━━━━━━
[2026-07-23T15:20:35+02:00] [INFO] [deploy.sh] Appel reçu | channel=service:down source=hive_cycler args=
[2026-07-23T15:20:35+02:00] [INFO] [deploy.sh] Payload: {"msg": "Health check ping", "hostname": "TheHive"}
[2026-07-23T15:20:35+02:00] [WARN] [deploy.sh] Aucun argument reconnu — utilisation: /home/aza/scripts/deploy.sh [--cleanup|--restart]
[2026-07-23T15:20:35+02:00] [INFO] [deploy.sh] Usage:
[2026-07-23T15:20:35+02:00] [INFO] [deploy.sh]   --cleanup   Nettoyer logs anciens, WAL, /tmp/adam-*
[2026-07-23T15:20:35+02:00] [INFO] [deploy.sh]   --restart   Redémarrer un service depuis ADAM_EVENT_PAYLOAD.service
[2026-07-23T15:20:35+02:00] [INFO] [deploy.sh] Terminé (exit 0)
[2026-07-23T15:20:43+02:00] [INFO] [deploy.sh] ━━━━━━━━━━━━━━━━━━━━━━━━━━━━━━━━━━━━━━━━━━━━━━━━
[2026-07-23T15:20:43+02:00] [INFO] [deploy.sh] Appel reçu | channel=hardware:disk_alert source=hive_cycler args=
[2026-07-23T15:20:43+02:00] [INFO] [deploy.sh] Payload: {"disk": "/", "usage_pct": 62, "hostname": "TheHive", "msg": "Periodic disk check"}
[2026-07-23T15:20:43+02:00] [WARN] [deploy.sh] Aucun argument reconnu — utilisation: /home/aza/scripts/deploy.sh [--cleanup|--restart]
[2026-07-23T15:20:43+02:00] [INFO] [deploy.sh] Usage:
[2026-07-23T15:20:43+02:00] [INFO] [deploy.sh]   --cleanup   Nettoyer logs anciens, WAL, /tmp/adam-*
[2026-07-23T15:20:43+02:00] [INFO] [deploy.sh]   --restart   Redémarrer un service depuis ADAM_EVENT_PAYLOAD.service
[2026-07-23T15:20:43+02:00] [INFO] [deploy.sh] Terminé (exit 0)
[2026-07-23T15:24:57+02:00] [INFO] [deploy.sh] ━━━━━━━━━━━━━━━━━━━━━━━━━━━━━━━━━━━━━━━━━━━━━━━━
[2026-07-23T15:24:57+02:00] [INFO] [deploy.sh] Appel reçu | channel=service:down source=hive_cycler args=
[2026-07-23T15:24:57+02:00] [INFO] [deploy.sh] Payload: {"msg": "Health check ping", "hostname": "TheHive"}
[2026-07-23T15:24:57+02:00] [WARN] [deploy.sh] Aucun argument reconnu — utilisation: /home/aza/scripts/deploy.sh [--cleanup|--restart]
[2026-07-23T15:24:57+02:00] [INFO] [deploy.sh] Usage:
[2026-07-23T15:24:57+02:00] [INFO] [deploy.sh]   --cleanup   Nettoyer logs anciens, WAL, /tmp/adam-*
[2026-07-23T15:24:57+02:00] [INFO] [deploy.sh]   --restart   Redémarrer un service depuis ADAM_EVENT_PAYLOAD.service
[2026-07-23T15:24:57+02:00] [INFO] [deploy.sh] Terminé (exit 0)
[2026-07-23T15:25:03+02:00] [INFO] [deploy.sh] ━━━━━━━━━━━━━━━━━━━━━━━━━━━━━━━━━━━━━━━━━━━━━━━━
[2026-07-23T15:25:03+02:00] [INFO] [deploy.sh] Appel reçu | channel=hardware:disk_alert source=hive_cycler args=
[2026-07-23T15:25:03+02:00] [INFO] [deploy.sh] Payload: {"disk": "/", "usage_pct": 62, "hostname": "TheHive", "msg": "Periodic disk check"}
[2026-07-23T15:25:03+02:00] [WARN] [deploy.sh] Aucun argument reconnu — utilisation: /home/aza/scripts/deploy.sh [--cleanup|--restart]
[2026-07-23T15:25:03+02:00] [INFO] [deploy.sh] Usage:
[2026-07-23T15:25:03+02:00] [INFO] [deploy.sh]   --cleanup   Nettoyer logs anciens, WAL, /tmp/adam-*
[2026-07-23T15:25:03+02:00] [INFO] [deploy.sh]   --restart   Redémarrer un service depuis ADAM_EVENT_PAYLOAD.service
[2026-07-23T15:25:03+02:00] [INFO] [deploy.sh] Terminé (exit 0)
[2026-07-23T15:29:19+02:00] [INFO] [deploy.sh] ━━━━━━━━━━━━━━━━━━━━━━━━━━━━━━━━━━━━━━━━━━━━━━━━
[2026-07-23T15:29:19+02:00] [INFO] [deploy.sh] Appel reçu | channel=service:down source=hive_cycler args=
[2026-07-23T15:29:19+02:00] [INFO] [deploy.sh] Payload: {"msg": "Health check ping", "hostname": "TheHive"}
[2026-07-23T15:29:19+02:00] [WARN] [deploy.sh] Aucun argument reconnu — utilisation: /home/aza/scripts/deploy.sh [--cleanup|--restart]
[2026-07-23T15:29:19+02:00] [INFO] [deploy.sh] Usage:
[2026-07-23T15:29:19+02:00] [INFO] [deploy.sh]   --cleanup   Nettoyer logs anciens, WAL, /tmp/adam-*
[2026-07-23T15:29:19+02:00] [INFO] [deploy.sh]   --restart   Redémarrer un service depuis ADAM_EVENT_PAYLOAD.service
[2026-07-23T15:29:19+02:00] [INFO] [deploy.sh] Terminé (exit 0)
[2026-07-23T15:29:23+02:00] [INFO] [deploy.sh] ━━━━━━━━━━━━━━━━━━━━━━━━━━━━━━━━━━━━━━━━━━━━━━━━
[2026-07-23T15:29:23+02:00] [INFO] [deploy.sh] Appel reçu | channel=hardware:disk_alert source=hive_cycler args=
[2026-07-23T15:29:23+02:00] [INFO] [deploy.sh] Payload: {"disk": "/", "usage_pct": 62, "hostname": "TheHive", "msg": "Periodic disk check"}
[2026-07-23T15:29:23+02:00] [WARN] [deploy.sh] Aucun argument reconnu — utilisation: /home/aza/scripts/deploy.sh [--cleanup|--restart]
[2026-07-23T15:29:23+02:00] [INFO] [deploy.sh] Usage:
[2026-07-23T15:29:23+02:00] [INFO] [deploy.sh]   --cleanup   Nettoyer logs anciens, WAL, /tmp/adam-*
[2026-07-23T15:29:23+02:00] [INFO] [deploy.sh]   --restart   Redémarrer un service depuis ADAM_EVENT_PAYLOAD.service
[2026-07-23T15:29:23+02:00] [INFO] [deploy.sh] Terminé (exit 0)
[2026-07-23T15:33:39+02:00] [INFO] [deploy.sh] ━━━━━━━━━━━━━━━━━━━━━━━━━━━━━━━━━━━━━━━━━━━━━━━━
[2026-07-23T15:33:39+02:00] [INFO] [deploy.sh] Appel reçu | channel=service:down source=hive_cycler args=
[2026-07-23T15:33:39+02:00] [INFO] [deploy.sh] Payload: {"msg": "Health check ping", "hostname": "TheHive"}
[2026-07-23T15:33:39+02:00] [WARN] [deploy.sh] Aucun argument reconnu — utilisation: /home/aza/scripts/deploy.sh [--cleanup|--restart]
[2026-07-23T15:33:39+02:00] [INFO] [deploy.sh] Usage:
[2026-07-23T15:33:39+02:00] [INFO] [deploy.sh]   --cleanup   Nettoyer logs anciens, WAL, /tmp/adam-*
[2026-07-23T15:33:39+02:00] [INFO] [deploy.sh]   --restart   Redémarrer un service depuis ADAM_EVENT_PAYLOAD.service
[2026-07-23T15:33:39+02:00] [INFO] [deploy.sh] Terminé (exit 0)
[2026-07-23T15:33:45+02:00] [INFO] [deploy.sh] ━━━━━━━━━━━━━━━━━━━━━━━━━━━━━━━━━━━━━━━━━━━━━━━━
[2026-07-23T15:33:45+02:00] [INFO] [deploy.sh] Appel reçu | channel=hardware:disk_alert source=hive_cycler args=
[2026-07-23T15:33:45+02:00] [INFO] [deploy.sh] Payload: {"disk": "/", "usage_pct": 62, "hostname": "TheHive", "msg": "Periodic disk check"}
[2026-07-23T15:33:45+02:00] [WARN] [deploy.sh] Aucun argument reconnu — utilisation: /home/aza/scripts/deploy.sh [--cleanup|--restart]
[2026-07-23T15:33:45+02:00] [INFO] [deploy.sh] Usage:
[2026-07-23T15:33:45+02:00] [INFO] [deploy.sh]   --cleanup   Nettoyer logs anciens, WAL, /tmp/adam-*
[2026-07-23T15:33:45+02:00] [INFO] [deploy.sh]   --restart   Redémarrer un service depuis ADAM_EVENT_PAYLOAD.service
[2026-07-23T15:33:45+02:00] [INFO] [deploy.sh] Terminé (exit 0)
[2026-07-23T15:38:01+02:00] [INFO] [deploy.sh] ━━━━━━━━━━━━━━━━━━━━━━━━━━━━━━━━━━━━━━━━━━━━━━━━
[2026-07-23T15:38:01+02:00] [INFO] [deploy.sh] Appel reçu | channel=service:down source=hive_cycler args=
[2026-07-23T15:38:01+02:00] [INFO] [deploy.sh] Payload: {"msg": "Health check ping", "hostname": "TheHive"}
[2026-07-23T15:38:01+02:00] [WARN] [deploy.sh] Aucun argument reconnu — utilisation: /home/aza/scripts/deploy.sh [--cleanup|--restart]
[2026-07-23T15:38:01+02:00] [INFO] [deploy.sh] Usage:
[2026-07-23T15:38:01+02:00] [INFO] [deploy.sh]   --cleanup   Nettoyer logs anciens, WAL, /tmp/adam-*
[2026-07-23T15:38:01+02:00] [INFO] [deploy.sh]   --restart   Redémarrer un service depuis ADAM_EVENT_PAYLOAD.service
[2026-07-23T15:38:01+02:00] [INFO] [deploy.sh] Terminé (exit 0)
[2026-07-23T15:38:05+02:00] [INFO] [deploy.sh] ━━━━━━━━━━━━━━━━━━━━━━━━━━━━━━━━━━━━━━━━━━━━━━━━
[2026-07-23T15:38:05+02:00] [INFO] [deploy.sh] Appel reçu | channel=hardware:disk_alert source=hive_cycler args=
[2026-07-23T15:38:05+02:00] [INFO] [deploy.sh] Payload: {"disk": "/", "usage_pct": 62, "hostname": "TheHive", "msg": "Periodic disk check"}
[2026-07-23T15:38:05+02:00] [WARN] [deploy.sh] Aucun argument reconnu — utilisation: /home/aza/scripts/deploy.sh [--cleanup|--restart]
[2026-07-23T15:38:05+02:00] [INFO] [deploy.sh] Usage:
[2026-07-23T15:38:05+02:00] [INFO] [deploy.sh]   --cleanup   Nettoyer logs anciens, WAL, /tmp/adam-*
[2026-07-23T15:38:05+02:00] [INFO] [deploy.sh]   --restart   Redémarrer un service depuis ADAM_EVENT_PAYLOAD.service
[2026-07-23T15:38:05+02:00] [INFO] [deploy.sh] Terminé (exit 0)
[2026-07-23T15:42:21+02:00] [INFO] [deploy.sh] ━━━━━━━━━━━━━━━━━━━━━━━━━━━━━━━━━━━━━━━━━━━━━━━━
[2026-07-23T15:42:21+02:00] [INFO] [deploy.sh] Appel reçu | channel=service:down source=hive_cycler args=
[2026-07-23T15:42:21+02:00] [INFO] [deploy.sh] Payload: {"msg": "Health check ping", "hostname": "TheHive"}
[2026-07-23T15:42:21+02:00] [WARN] [deploy.sh] Aucun argument reconnu — utilisation: /home/aza/scripts/deploy.sh [--cleanup|--restart]
[2026-07-23T15:42:21+02:00] [INFO] [deploy.sh] Usage:
[2026-07-23T15:42:22+02:00] [INFO] [deploy.sh]   --cleanup   Nettoyer logs anciens, WAL, /tmp/adam-*
[2026-07-23T15:42:22+02:00] [INFO] [deploy.sh]   --restart   Redémarrer un service depuis ADAM_EVENT_PAYLOAD.service
[2026-07-23T15:42:22+02:00] [INFO] [deploy.sh] Terminé (exit 0)
[2026-07-23T15:42:28+02:00] [INFO] [deploy.sh] ━━━━━━━━━━━━━━━━━━━━━━━━━━━━━━━━━━━━━━━━━━━━━━━━
[2026-07-23T15:42:28+02:00] [INFO] [deploy.sh] Appel reçu | channel=hardware:disk_alert source=hive_cycler args=
[2026-07-23T15:42:28+02:00] [INFO] [deploy.sh] Payload: {"disk": "/", "usage_pct": 62, "hostname": "TheHive", "msg": "Periodic disk check"}
[2026-07-23T15:42:28+02:00] [WARN] [deploy.sh] Aucun argument reconnu — utilisation: /home/aza/scripts/deploy.sh [--cleanup|--restart]
[2026-07-23T15:42:28+02:00] [INFO] [deploy.sh] Usage:
[2026-07-23T15:42:28+02:00] [INFO] [deploy.sh]   --cleanup   Nettoyer logs anciens, WAL, /tmp/adam-*
[2026-07-23T15:42:28+02:00] [INFO] [deploy.sh]   --restart   Redémarrer un service depuis ADAM_EVENT_PAYLOAD.service
[2026-07-23T15:42:28+02:00] [INFO] [deploy.sh] Terminé (exit 0)
[2026-07-23T15:46:44+02:00] [INFO] [deploy.sh] ━━━━━━━━━━━━━━━━━━━━━━━━━━━━━━━━━━━━━━━━━━━━━━━━
[2026-07-23T15:46:44+02:00] [INFO] [deploy.sh] Appel reçu | channel=service:down source=hive_cycler args=
[2026-07-23T15:46:44+02:00] [INFO] [deploy.sh] Payload: {"msg": "Health check ping", "hostname": "TheHive"}
[2026-07-23T15:46:44+02:00] [WARN] [deploy.sh] Aucun argument reconnu — utilisation: /home/aza/scripts/deploy.sh [--cleanup|--restart]
[2026-07-23T15:46:44+02:00] [INFO] [deploy.sh] Usage:
[2026-07-23T15:46:44+02:00] [INFO] [deploy.sh]   --cleanup   Nettoyer logs anciens, WAL, /tmp/adam-*
[2026-07-23T15:46:44+02:00] [INFO] [deploy.sh]   --restart   Redémarrer un service depuis ADAM_EVENT_PAYLOAD.service
[2026-07-23T15:46:44+02:00] [INFO] [deploy.sh] Terminé (exit 0)
[2026-07-23T15:46:50+02:00] [INFO] [deploy.sh] ━━━━━━━━━━━━━━━━━━━━━━━━━━━━━━━━━━━━━━━━━━━━━━━━
[2026-07-23T15:46:50+02:00] [INFO] [deploy.sh] Appel reçu | channel=hardware:disk_alert source=hive_cycler args=
[2026-07-23T15:46:50+02:00] [INFO] [deploy.sh] Payload: {"disk": "/", "usage_pct": 62, "hostname": "TheHive", "msg": "Periodic disk check"}
[2026-07-23T15:46:50+02:00] [WARN] [deploy.sh] Aucun argument reconnu — utilisation: /home/aza/scripts/deploy.sh [--cleanup|--restart]
[2026-07-23T15:46:50+02:00] [INFO] [deploy.sh] Usage:
[2026-07-23T15:46:50+02:00] [INFO] [deploy.sh]   --cleanup   Nettoyer logs anciens, WAL, /tmp/adam-*
[2026-07-23T15:46:50+02:00] [INFO] [deploy.sh]   --restart   Redémarrer un service depuis ADAM_EVENT_PAYLOAD.service
[2026-07-23T15:46:50+02:00] [INFO] [deploy.sh] Terminé (exit 0)
[2026-07-23T15:51:04+02:00] [INFO] [deploy.sh] ━━━━━━━━━━━━━━━━━━━━━━━━━━━━━━━━━━━━━━━━━━━━━━━━
[2026-07-23T15:51:04+02:00] [INFO] [deploy.sh] Appel reçu | channel=service:down source=hive_cycler args=
[2026-07-23T15:51:04+02:00] [INFO] [deploy.sh] Payload: {"msg": "Health check ping", "hostname": "TheHive"}
[2026-07-23T15:51:04+02:00] [WARN] [deploy.sh] Aucun argument reconnu — utilisation: /home/aza/scripts/deploy.sh [--cleanup|--restart]
[2026-07-23T15:51:04+02:00] [INFO] [deploy.sh] Usage:
[2026-07-23T15:51:04+02:00] [INFO] [deploy.sh]   --cleanup   Nettoyer logs anciens, WAL, /tmp/adam-*
[2026-07-23T15:51:04+02:00] [INFO] [deploy.sh]   --restart   Redémarrer un service depuis ADAM_EVENT_PAYLOAD.service
[2026-07-23T15:51:04+02:00] [INFO] [deploy.sh] Terminé (exit 0)
[2026-07-23T15:51:12+02:00] [INFO] [deploy.sh] ━━━━━━━━━━━━━━━━━━━━━━━━━━━━━━━━━━━━━━━━━━━━━━━━
[2026-07-23T15:51:12+02:00] [INFO] [deploy.sh] Appel reçu | channel=hardware:disk_alert source=hive_cycler args=
[2026-07-23T15:51:12+02:00] [INFO] [deploy.sh] Payload: {"disk": "/", "usage_pct": 62, "hostname": "TheHive", "msg": "Periodic disk check"}
[2026-07-23T15:51:12+02:00] [WARN] [deploy.sh] Aucun argument reconnu — utilisation: /home/aza/scripts/deploy.sh [--cleanup|--restart]
[2026-07-23T15:51:12+02:00] [INFO] [deploy.sh] Usage:
[2026-07-23T15:51:12+02:00] [INFO] [deploy.sh]   --cleanup   Nettoyer logs anciens, WAL, /tmp/adam-*
[2026-07-23T15:51:12+02:00] [INFO] [deploy.sh]   --restart   Redémarrer un service depuis ADAM_EVENT_PAYLOAD.service
[2026-07-23T15:51:12+02:00] [INFO] [deploy.sh] Terminé (exit 0)
[2026-07-23T15:55:26+02:00] [INFO] [deploy.sh] ━━━━━━━━━━━━━━━━━━━━━━━━━━━━━━━━━━━━━━━━━━━━━━━━
[2026-07-23T15:55:26+02:00] [INFO] [deploy.sh] Appel reçu | channel=service:down source=hive_cycler args=
[2026-07-23T15:55:26+02:00] [INFO] [deploy.sh] Payload: {"msg": "Health check ping", "hostname": "TheHive"}
[2026-07-23T15:55:26+02:00] [WARN] [deploy.sh] Aucun argument reconnu — utilisation: /home/aza/scripts/deploy.sh [--cleanup|--restart]
[2026-07-23T15:55:26+02:00] [INFO] [deploy.sh] Usage:
[2026-07-23T15:55:26+02:00] [INFO] [deploy.sh]   --cleanup   Nettoyer logs anciens, WAL, /tmp/adam-*
[2026-07-23T15:55:26+02:00] [INFO] [deploy.sh]   --restart   Redémarrer un service depuis ADAM_EVENT_PAYLOAD.service
[2026-07-23T15:55:26+02:00] [INFO] [deploy.sh] Terminé (exit 0)
[2026-07-23T15:55:32+02:00] [INFO] [deploy.sh] ━━━━━━━━━━━━━━━━━━━━━━━━━━━━━━━━━━━━━━━━━━━━━━━━
[2026-07-23T15:55:32+02:00] [INFO] [deploy.sh] Appel reçu | channel=hardware:disk_alert source=hive_cycler args=
[2026-07-23T15:55:32+02:00] [INFO] [deploy.sh] Payload: {"disk": "/", "usage_pct": 62, "hostname": "TheHive", "msg": "Periodic disk check"}
[2026-07-23T15:55:32+02:00] [WARN] [deploy.sh] Aucun argument reconnu — utilisation: /home/aza/scripts/deploy.sh [--cleanup|--restart]
[2026-07-23T15:55:32+02:00] [INFO] [deploy.sh] Usage:
[2026-07-23T15:55:32+02:00] [INFO] [deploy.sh]   --cleanup   Nettoyer logs anciens, WAL, /tmp/adam-*
[2026-07-23T15:55:32+02:00] [INFO] [deploy.sh]   --restart   Redémarrer un service depuis ADAM_EVENT_PAYLOAD.service
[2026-07-23T15:55:32+02:00] [INFO] [deploy.sh] Terminé (exit 0)
[2026-07-23T15:59:46+02:00] [INFO] [deploy.sh] ━━━━━━━━━━━━━━━━━━━━━━━━━━━━━━━━━━━━━━━━━━━━━━━━
[2026-07-23T15:59:46+02:00] [INFO] [deploy.sh] Appel reçu | channel=service:down source=hive_cycler args=
[2026-07-23T15:59:46+02:00] [INFO] [deploy.sh] Payload: {"msg": "Health check ping", "hostname": "TheHive"}
[2026-07-23T15:59:46+02:00] [WARN] [deploy.sh] Aucun argument reconnu — utilisation: /home/aza/scripts/deploy.sh [--cleanup|--restart]
[2026-07-23T15:59:46+02:00] [INFO] [deploy.sh] Usage:
[2026-07-23T15:59:46+02:00] [INFO] [deploy.sh]   --cleanup   Nettoyer logs anciens, WAL, /tmp/adam-*
[2026-07-23T15:59:46+02:00] [INFO] [deploy.sh]   --restart   Redémarrer un service depuis ADAM_EVENT_PAYLOAD.service
[2026-07-23T15:59:46+02:00] [INFO] [deploy.sh] Terminé (exit 0)
[2026-07-23T15:59:54+02:00] [INFO] [deploy.sh] ━━━━━━━━━━━━━━━━━━━━━━━━━━━━━━━━━━━━━━━━━━━━━━━━
[2026-07-23T15:59:54+02:00] [INFO] [deploy.sh] Appel reçu | channel=hardware:disk_alert source=hive_cycler args=
[2026-07-23T15:59:54+02:00] [INFO] [deploy.sh] Payload: {"disk": "/", "usage_pct": 62, "hostname": "TheHive", "msg": "Periodic disk check"}
[2026-07-23T15:59:54+02:00] [WARN] [deploy.sh] Aucun argument reconnu — utilisation: /home/aza/scripts/deploy.sh [--cleanup|--restart]
[2026-07-23T15:59:54+02:00] [INFO] [deploy.sh] Usage:
[2026-07-23T15:59:54+02:00] [INFO] [deploy.sh]   --cleanup   Nettoyer logs anciens, WAL, /tmp/adam-*
[2026-07-23T15:59:54+02:00] [INFO] [deploy.sh]   --restart   Redémarrer un service depuis ADAM_EVENT_PAYLOAD.service
[2026-07-23T15:59:54+02:00] [INFO] [deploy.sh] Terminé (exit 0)
[2026-07-23T16:04:08+02:00] [INFO] [deploy.sh] ━━━━━━━━━━━━━━━━━━━━━━━━━━━━━━━━━━━━━━━━━━━━━━━━
[2026-07-23T16:04:08+02:00] [INFO] [deploy.sh] Appel reçu | channel=service:down source=hive_cycler args=
[2026-07-23T16:04:08+02:00] [INFO] [deploy.sh] Payload: {"msg": "Health check ping", "hostname": "TheHive"}
[2026-07-23T16:04:08+02:00] [WARN] [deploy.sh] Aucun argument reconnu — utilisation: /home/aza/scripts/deploy.sh [--cleanup|--restart]
[2026-07-23T16:04:08+02:00] [INFO] [deploy.sh] Usage:
[2026-07-23T16:04:08+02:00] [INFO] [deploy.sh]   --cleanup   Nettoyer logs anciens, WAL, /tmp/adam-*
[2026-07-23T16:04:08+02:00] [INFO] [deploy.sh]   --restart   Redémarrer un service depuis ADAM_EVENT_PAYLOAD.service
[2026-07-23T16:04:08+02:00] [INFO] [deploy.sh] Terminé (exit 0)
[2026-07-23T16:04:14+02:00] [INFO] [deploy.sh] ━━━━━━━━━━━━━━━━━━━━━━━━━━━━━━━━━━━━━━━━━━━━━━━━
[2026-07-23T16:04:14+02:00] [INFO] [deploy.sh] Appel reçu | channel=hardware:disk_alert source=hive_cycler args=
[2026-07-23T16:04:14+02:00] [INFO] [deploy.sh] Payload: {"disk": "/", "usage_pct": 62, "hostname": "TheHive", "msg": "Periodic disk check"}
[2026-07-23T16:04:14+02:00] [WARN] [deploy.sh] Aucun argument reconnu — utilisation: /home/aza/scripts/deploy.sh [--cleanup|--restart]
[2026-07-23T16:04:14+02:00] [INFO] [deploy.sh] Usage:
[2026-07-23T16:04:14+02:00] [INFO] [deploy.sh]   --cleanup   Nettoyer logs anciens, WAL, /tmp/adam-*
[2026-07-23T16:04:14+02:00] [INFO] [deploy.sh]   --restart   Redémarrer un service depuis ADAM_EVENT_PAYLOAD.service
[2026-07-23T16:04:14+02:00] [INFO] [deploy.sh] Terminé (exit 0)
[2026-07-23T16:08:30+02:00] [INFO] [deploy.sh] ━━━━━━━━━━━━━━━━━━━━━━━━━━━━━━━━━━━━━━━━━━━━━━━━
[2026-07-23T16:08:30+02:00] [INFO] [deploy.sh] Appel reçu | channel=service:down source=hive_cycler args=
[2026-07-23T16:08:30+02:00] [INFO] [deploy.sh] Payload: {"msg": "Health check ping", "hostname": "TheHive"}
[2026-07-23T16:08:30+02:00] [WARN] [deploy.sh] Aucun argument reconnu — utilisation: /home/aza/scripts/deploy.sh [--cleanup|--restart]
[2026-07-23T16:08:30+02:00] [INFO] [deploy.sh] Usage:
[2026-07-23T16:08:30+02:00] [INFO] [deploy.sh]   --cleanup   Nettoyer logs anciens, WAL, /tmp/adam-*
[2026-07-23T16:08:30+02:00] [INFO] [deploy.sh]   --restart   Redémarrer un service depuis ADAM_EVENT_PAYLOAD.service
[2026-07-23T16:08:30+02:00] [INFO] [deploy.sh] Terminé (exit 0)
[2026-07-23T16:08:34+02:00] [INFO] [deploy.sh] ━━━━━━━━━━━━━━━━━━━━━━━━━━━━━━━━━━━━━━━━━━━━━━━━
[2026-07-23T16:08:34+02:00] [INFO] [deploy.sh] Appel reçu | channel=hardware:disk_alert source=hive_cycler args=
[2026-07-23T16:08:34+02:00] [INFO] [deploy.sh] Payload: {"disk": "/", "usage_pct": 62, "hostname": "TheHive", "msg": "Periodic disk check"}
[2026-07-23T16:08:34+02:00] [WARN] [deploy.sh] Aucun argument reconnu — utilisation: /home/aza/scripts/deploy.sh [--cleanup|--restart]
[2026-07-23T16:08:34+02:00] [INFO] [deploy.sh] Usage:
[2026-07-23T16:08:34+02:00] [INFO] [deploy.sh]   --cleanup   Nettoyer logs anciens, WAL, /tmp/adam-*
[2026-07-23T16:08:34+02:00] [INFO] [deploy.sh]   --restart   Redémarrer un service depuis ADAM_EVENT_PAYLOAD.service
[2026-07-23T16:08:34+02:00] [INFO] [deploy.sh] Terminé (exit 0)
[2026-07-23T16:12:50+02:00] [INFO] [deploy.sh] ━━━━━━━━━━━━━━━━━━━━━━━━━━━━━━━━━━━━━━━━━━━━━━━━
[2026-07-23T16:12:50+02:00] [INFO] [deploy.sh] Appel reçu | channel=service:down source=hive_cycler args=
[2026-07-23T16:12:50+02:00] [INFO] [deploy.sh] Payload: {"msg": "Health check ping", "hostname": "TheHive"}
[2026-07-23T16:12:50+02:00] [WARN] [deploy.sh] Aucun argument reconnu — utilisation: /home/aza/scripts/deploy.sh [--cleanup|--restart]
[2026-07-23T16:12:50+02:00] [INFO] [deploy.sh] Usage:
[2026-07-23T16:12:50+02:00] [INFO] [deploy.sh]   --cleanup   Nettoyer logs anciens, WAL, /tmp/adam-*
[2026-07-23T16:12:50+02:00] [INFO] [deploy.sh]   --restart   Redémarrer un service depuis ADAM_EVENT_PAYLOAD.service
[2026-07-23T16:12:50+02:00] [INFO] [deploy.sh] Terminé (exit 0)
[2026-07-23T16:12:56+02:00] [INFO] [deploy.sh] ━━━━━━━━━━━━━━━━━━━━━━━━━━━━━━━━━━━━━━━━━━━━━━━━
[2026-07-23T16:12:56+02:00] [INFO] [deploy.sh] Appel reçu | channel=hardware:disk_alert source=hive_cycler args=
[2026-07-23T16:12:56+02:00] [INFO] [deploy.sh] Payload: {"disk": "/", "usage_pct": 62, "hostname": "TheHive", "msg": "Periodic disk check"}
[2026-07-23T16:12:56+02:00] [WARN] [deploy.sh] Aucun argument reconnu — utilisation: /home/aza/scripts/deploy.sh [--cleanup|--restart]
[2026-07-23T16:12:56+02:00] [INFO] [deploy.sh] Usage:
[2026-07-23T16:12:56+02:00] [INFO] [deploy.sh]   --cleanup   Nettoyer logs anciens, WAL, /tmp/adam-*
[2026-07-23T16:12:56+02:00] [INFO] [deploy.sh]   --restart   Redémarrer un service depuis ADAM_EVENT_PAYLOAD.service
[2026-07-23T16:12:56+02:00] [INFO] [deploy.sh] Terminé (exit 0)
[2026-07-23T16:17:12+02:00] [INFO] [deploy.sh] ━━━━━━━━━━━━━━━━━━━━━━━━━━━━━━━━━━━━━━━━━━━━━━━━
[2026-07-23T16:17:12+02:00] [INFO] [deploy.sh] Appel reçu | channel=service:down source=hive_cycler args=
[2026-07-23T16:17:12+02:00] [INFO] [deploy.sh] Payload: {"msg": "Health check ping", "hostname": "TheHive"}
[2026-07-23T16:17:12+02:00] [WARN] [deploy.sh] Aucun argument reconnu — utilisation: /home/aza/scripts/deploy.sh [--cleanup|--restart]
[2026-07-23T16:17:12+02:00] [INFO] [deploy.sh] Usage:
[2026-07-23T16:17:12+02:00] [INFO] [deploy.sh]   --cleanup   Nettoyer logs anciens, WAL, /tmp/adam-*
[2026-07-23T16:17:12+02:00] [INFO] [deploy.sh]   --restart   Redémarrer un service depuis ADAM_EVENT_PAYLOAD.service
[2026-07-23T16:17:12+02:00] [INFO] [deploy.sh] Terminé (exit 0)
[2026-07-23T16:17:16+02:00] [INFO] [deploy.sh] ━━━━━━━━━━━━━━━━━━━━━━━━━━━━━━━━━━━━━━━━━━━━━━━━
[2026-07-23T16:17:16+02:00] [INFO] [deploy.sh] Appel reçu | channel=hardware:disk_alert source=hive_cycler args=
[2026-07-23T16:17:16+02:00] [INFO] [deploy.sh] Payload: {"disk": "/", "usage_pct": 62, "hostname": "TheHive", "msg": "Periodic disk check"}
[2026-07-23T16:17:16+02:00] [WARN] [deploy.sh] Aucun argument reconnu — utilisation: /home/aza/scripts/deploy.sh [--cleanup|--restart]
[2026-07-23T16:17:16+02:00] [INFO] [deploy.sh] Usage:
[2026-07-23T16:17:16+02:00] [INFO] [deploy.sh]   --cleanup   Nettoyer logs anciens, WAL, /tmp/adam-*
[2026-07-23T16:17:16+02:00] [INFO] [deploy.sh]   --restart   Redémarrer un service depuis ADAM_EVENT_PAYLOAD.service
[2026-07-23T16:17:16+02:00] [INFO] [deploy.sh] Terminé (exit 0)
[2026-07-23T16:21:32+02:00] [INFO] [deploy.sh] ━━━━━━━━━━━━━━━━━━━━━━━━━━━━━━━━━━━━━━━━━━━━━━━━
[2026-07-23T16:21:32+02:00] [INFO] [deploy.sh] Appel reçu | channel=service:down source=hive_cycler args=
[2026-07-23T16:21:32+02:00] [INFO] [deploy.sh] Payload: {"msg": "Health check ping", "hostname": "TheHive"}
[2026-07-23T16:21:32+02:00] [WARN] [deploy.sh] Aucun argument reconnu — utilisation: /home/aza/scripts/deploy.sh [--cleanup|--restart]
[2026-07-23T16:21:32+02:00] [INFO] [deploy.sh] Usage:
[2026-07-23T16:21:32+02:00] [INFO] [deploy.sh]   --cleanup   Nettoyer logs anciens, WAL, /tmp/adam-*
[2026-07-23T16:21:32+02:00] [INFO] [deploy.sh]   --restart   Redémarrer un service depuis ADAM_EVENT_PAYLOAD.service
[2026-07-23T16:21:32+02:00] [INFO] [deploy.sh] Terminé (exit 0)
[2026-07-23T16:21:38+02:00] [INFO] [deploy.sh] ━━━━━━━━━━━━━━━━━━━━━━━━━━━━━━━━━━━━━━━━━━━━━━━━
[2026-07-23T16:21:38+02:00] [INFO] [deploy.sh] Appel reçu | channel=hardware:disk_alert source=hive_cycler args=
[2026-07-23T16:21:38+02:00] [INFO] [deploy.sh] Payload: {"disk": "/", "usage_pct": 62, "hostname": "TheHive", "msg": "Periodic disk check"}
[2026-07-23T16:21:38+02:00] [WARN] [deploy.sh] Aucun argument reconnu — utilisation: /home/aza/scripts/deploy.sh [--cleanup|--restart]
[2026-07-23T16:21:38+02:00] [INFO] [deploy.sh] Usage:
[2026-07-23T16:21:38+02:00] [INFO] [deploy.sh]   --cleanup   Nettoyer logs anciens, WAL, /tmp/adam-*
[2026-07-23T16:21:38+02:00] [INFO] [deploy.sh]   --restart   Redémarrer un service depuis ADAM_EVENT_PAYLOAD.service
[2026-07-23T16:21:38+02:00] [INFO] [deploy.sh] Terminé (exit 0)
[2026-07-23T16:25:54+02:00] [INFO] [deploy.sh] ━━━━━━━━━━━━━━━━━━━━━━━━━━━━━━━━━━━━━━━━━━━━━━━━
[2026-07-23T16:25:54+02:00] [INFO] [deploy.sh] Appel reçu | channel=service:down source=hive_cycler args=
[2026-07-23T16:25:54+02:00] [INFO] [deploy.sh] Payload: {"msg": "Health check ping", "hostname": "TheHive"}
[2026-07-23T16:25:54+02:00] [WARN] [deploy.sh] Aucun argument reconnu — utilisation: /home/aza/scripts/deploy.sh [--cleanup|--restart]
[2026-07-23T16:25:54+02:00] [INFO] [deploy.sh] Usage:
[2026-07-23T16:25:54+02:00] [INFO] [deploy.sh]   --cleanup   Nettoyer logs anciens, WAL, /tmp/adam-*
[2026-07-23T16:25:54+02:00] [INFO] [deploy.sh]   --restart   Redémarrer un service depuis ADAM_EVENT_PAYLOAD.service
[2026-07-23T16:25:54+02:00] [INFO] [deploy.sh] Terminé (exit 0)
[2026-07-23T16:25:58+02:00] [INFO] [deploy.sh] ━━━━━━━━━━━━━━━━━━━━━━━━━━━━━━━━━━━━━━━━━━━━━━━━
[2026-07-23T16:25:58+02:00] [INFO] [deploy.sh] Appel reçu | channel=hardware:disk_alert source=hive_cycler args=
[2026-07-23T16:25:58+02:00] [INFO] [deploy.sh] Payload: {"disk": "/", "usage_pct": 62, "hostname": "TheHive", "msg": "Periodic disk check"}
[2026-07-23T16:25:58+02:00] [WARN] [deploy.sh] Aucun argument reconnu — utilisation: /home/aza/scripts/deploy.sh [--cleanup|--restart]
[2026-07-23T16:25:58+02:00] [INFO] [deploy.sh] Usage:
[2026-07-23T16:25:58+02:00] [INFO] [deploy.sh]   --cleanup   Nettoyer logs anciens, WAL, /tmp/adam-*
[2026-07-23T16:25:58+02:00] [INFO] [deploy.sh]   --restart   Redémarrer un service depuis ADAM_EVENT_PAYLOAD.service
[2026-07-23T16:25:58+02:00] [INFO] [deploy.sh] Terminé (exit 0)
[2026-07-23T16:30:15+02:00] [INFO] [deploy.sh] ━━━━━━━━━━━━━━━━━━━━━━━━━━━━━━━━━━━━━━━━━━━━━━━━
[2026-07-23T16:30:15+02:00] [INFO] [deploy.sh] Appel reçu | channel=service:down source=hive_cycler args=
[2026-07-23T16:30:15+02:00] [INFO] [deploy.sh] Payload: {"msg": "Health check ping", "hostname": "TheHive"}
[2026-07-23T16:30:15+02:00] [WARN] [deploy.sh] Aucun argument reconnu — utilisation: /home/aza/scripts/deploy.sh [--cleanup|--restart]
[2026-07-23T16:30:15+02:00] [INFO] [deploy.sh] Usage:
[2026-07-23T16:30:15+02:00] [INFO] [deploy.sh]   --cleanup   Nettoyer logs anciens, WAL, /tmp/adam-*
[2026-07-23T16:30:15+02:00] [INFO] [deploy.sh]   --restart   Redémarrer un service depuis ADAM_EVENT_PAYLOAD.service
[2026-07-23T16:30:15+02:00] [INFO] [deploy.sh] Terminé (exit 0)
[2026-07-23T16:30:21+02:00] [INFO] [deploy.sh] ━━━━━━━━━━━━━━━━━━━━━━━━━━━━━━━━━━━━━━━━━━━━━━━━
[2026-07-23T16:30:21+02:00] [INFO] [deploy.sh] Appel reçu | channel=hardware:disk_alert source=hive_cycler args=
[2026-07-23T16:30:21+02:00] [INFO] [deploy.sh] Payload: {"disk": "/", "usage_pct": 62, "hostname": "TheHive", "msg": "Periodic disk check"}
[2026-07-23T16:30:21+02:00] [WARN] [deploy.sh] Aucun argument reconnu — utilisation: /home/aza/scripts/deploy.sh [--cleanup|--restart]
[2026-07-23T16:30:21+02:00] [INFO] [deploy.sh] Usage:
[2026-07-23T16:30:21+02:00] [INFO] [deploy.sh]   --cleanup   Nettoyer logs anciens, WAL, /tmp/adam-*
[2026-07-23T16:30:21+02:00] [INFO] [deploy.sh]   --restart   Redémarrer un service depuis ADAM_EVENT_PAYLOAD.service
[2026-07-23T16:30:21+02:00] [INFO] [deploy.sh] Terminé (exit 0)
[2026-07-23T16:34:37+02:00] [INFO] [deploy.sh] ━━━━━━━━━━━━━━━━━━━━━━━━━━━━━━━━━━━━━━━━━━━━━━━━
[2026-07-23T16:34:37+02:00] [INFO] [deploy.sh] Appel reçu | channel=service:down source=hive_cycler args=
[2026-07-23T16:34:37+02:00] [INFO] [deploy.sh] Payload: {"msg": "Health check ping", "hostname": "TheHive"}
[2026-07-23T16:34:37+02:00] [WARN] [deploy.sh] Aucun argument reconnu — utilisation: /home/aza/scripts/deploy.sh [--cleanup|--restart]
[2026-07-23T16:34:37+02:00] [INFO] [deploy.sh] Usage:
[2026-07-23T16:34:37+02:00] [INFO] [deploy.sh]   --cleanup   Nettoyer logs anciens, WAL, /tmp/adam-*
[2026-07-23T16:34:37+02:00] [INFO] [deploy.sh]   --restart   Redémarrer un service depuis ADAM_EVENT_PAYLOAD.service
[2026-07-23T16:34:37+02:00] [INFO] [deploy.sh] Terminé (exit 0)
[2026-07-23T16:34:43+02:00] [INFO] [deploy.sh] ━━━━━━━━━━━━━━━━━━━━━━━━━━━━━━━━━━━━━━━━━━━━━━━━
[2026-07-23T16:34:43+02:00] [INFO] [deploy.sh] Appel reçu | channel=hardware:disk_alert source=hive_cycler args=
[2026-07-23T16:34:43+02:00] [INFO] [deploy.sh] Payload: {"disk": "/", "usage_pct": 62, "hostname": "TheHive", "msg": "Periodic disk check"}
[2026-07-23T16:34:43+02:00] [WARN] [deploy.sh] Aucun argument reconnu — utilisation: /home/aza/scripts/deploy.sh [--cleanup|--restart]
[2026-07-23T16:34:43+02:00] [INFO] [deploy.sh] Usage:
[2026-07-23T16:34:43+02:00] [INFO] [deploy.sh]   --cleanup   Nettoyer logs anciens, WAL, /tmp/adam-*
[2026-07-23T16:34:43+02:00] [INFO] [deploy.sh]   --restart   Redémarrer un service depuis ADAM_EVENT_PAYLOAD.service
[2026-07-23T16:34:43+02:00] [INFO] [deploy.sh] Terminé (exit 0)
[2026-07-23T16:38:57+02:00] [INFO] [deploy.sh] ━━━━━━━━━━━━━━━━━━━━━━━━━━━━━━━━━━━━━━━━━━━━━━━━
[2026-07-23T16:38:57+02:00] [INFO] [deploy.sh] Appel reçu | channel=service:down source=hive_cycler args=
[2026-07-23T16:38:57+02:00] [INFO] [deploy.sh] Payload: {"msg": "Health check ping", "hostname": "TheHive"}
[2026-07-23T16:38:57+02:00] [WARN] [deploy.sh] Aucun argument reconnu — utilisation: /home/aza/scripts/deploy.sh [--cleanup|--restart]
[2026-07-23T16:38:57+02:00] [INFO] [deploy.sh] Usage:
[2026-07-23T16:38:57+02:00] [INFO] [deploy.sh]   --cleanup   Nettoyer logs anciens, WAL, /tmp/adam-*
[2026-07-23T16:38:57+02:00] [INFO] [deploy.sh]   --restart   Redémarrer un service depuis ADAM_EVENT_PAYLOAD.service
[2026-07-23T16:38:57+02:00] [INFO] [deploy.sh] Terminé (exit 0)
[2026-07-23T16:39:05+02:00] [INFO] [deploy.sh] ━━━━━━━━━━━━━━━━━━━━━━━━━━━━━━━━━━━━━━━━━━━━━━━━
[2026-07-23T16:39:05+02:00] [INFO] [deploy.sh] Appel reçu | channel=hardware:disk_alert source=hive_cycler args=
[2026-07-23T16:39:05+02:00] [INFO] [deploy.sh] Payload: {"disk": "/", "usage_pct": 62, "hostname": "TheHive", "msg": "Periodic disk check"}
[2026-07-23T16:39:05+02:00] [WARN] [deploy.sh] Aucun argument reconnu — utilisation: /home/aza/scripts/deploy.sh [--cleanup|--restart]
[2026-07-23T16:39:05+02:00] [INFO] [deploy.sh] Usage:
[2026-07-23T16:39:05+02:00] [INFO] [deploy.sh]   --cleanup   Nettoyer logs anciens, WAL, /tmp/adam-*
[2026-07-23T16:39:05+02:00] [INFO] [deploy.sh]   --restart   Redémarrer un service depuis ADAM_EVENT_PAYLOAD.service
[2026-07-23T16:39:05+02:00] [INFO] [deploy.sh] Terminé (exit 0)
[2026-07-23T16:43:19+02:00] [INFO] [deploy.sh] ━━━━━━━━━━━━━━━━━━━━━━━━━━━━━━━━━━━━━━━━━━━━━━━━
[2026-07-23T16:43:19+02:00] [INFO] [deploy.sh] Appel reçu | channel=service:down source=hive_cycler args=
[2026-07-23T16:43:19+02:00] [INFO] [deploy.sh] Payload: {"msg": "Health check ping", "hostname": "TheHive"}
[2026-07-23T16:43:19+02:00] [WARN] [deploy.sh] Aucun argument reconnu — utilisation: /home/aza/scripts/deploy.sh [--cleanup|--restart]
[2026-07-23T16:43:19+02:00] [INFO] [deploy.sh] Usage:
[2026-07-23T16:43:19+02:00] [INFO] [deploy.sh]   --cleanup   Nettoyer logs anciens, WAL, /tmp/adam-*
[2026-07-23T16:43:19+02:00] [INFO] [deploy.sh]   --restart   Redémarrer un service depuis ADAM_EVENT_PAYLOAD.service
[2026-07-23T16:43:19+02:00] [INFO] [deploy.sh] Terminé (exit 0)
[2026-07-23T16:43:25+02:00] [INFO] [deploy.sh] ━━━━━━━━━━━━━━━━━━━━━━━━━━━━━━━━━━━━━━━━━━━━━━━━
[2026-07-23T16:43:25+02:00] [INFO] [deploy.sh] Appel reçu | channel=hardware:disk_alert source=hive_cycler args=
[2026-07-23T16:43:25+02:00] [INFO] [deploy.sh] Payload: {"disk": "/", "usage_pct": 62, "hostname": "TheHive", "msg": "Periodic disk check"}
[2026-07-23T16:43:25+02:00] [WARN] [deploy.sh] Aucun argument reconnu — utilisation: /home/aza/scripts/deploy.sh [--cleanup|--restart]
[2026-07-23T16:43:25+02:00] [INFO] [deploy.sh] Usage:
[2026-07-23T16:43:25+02:00] [INFO] [deploy.sh]   --cleanup   Nettoyer logs anciens, WAL, /tmp/adam-*
[2026-07-23T16:43:25+02:00] [INFO] [deploy.sh]   --restart   Redémarrer un service depuis ADAM_EVENT_PAYLOAD.service
[2026-07-23T16:43:25+02:00] [INFO] [deploy.sh] Terminé (exit 0)
[2026-07-23T16:47:39+02:00] [INFO] [deploy.sh] ━━━━━━━━━━━━━━━━━━━━━━━━━━━━━━━━━━━━━━━━━━━━━━━━
[2026-07-23T16:47:39+02:00] [INFO] [deploy.sh] Appel reçu | channel=service:down source=hive_cycler args=
[2026-07-23T16:47:39+02:00] [INFO] [deploy.sh] Payload: {"msg": "Health check ping", "hostname": "TheHive"}
[2026-07-23T16:47:39+02:00] [WARN] [deploy.sh] Aucun argument reconnu — utilisation: /home/aza/scripts/deploy.sh [--cleanup|--restart]
[2026-07-23T16:47:39+02:00] [INFO] [deploy.sh] Usage:
[2026-07-23T16:47:39+02:00] [INFO] [deploy.sh]   --cleanup   Nettoyer logs anciens, WAL, /tmp/adam-*
[2026-07-23T16:47:39+02:00] [INFO] [deploy.sh]   --restart   Redémarrer un service depuis ADAM_EVENT_PAYLOAD.service
[2026-07-23T16:47:39+02:00] [INFO] [deploy.sh] Terminé (exit 0)
[2026-07-23T16:47:47+02:00] [INFO] [deploy.sh] ━━━━━━━━━━━━━━━━━━━━━━━━━━━━━━━━━━━━━━━━━━━━━━━━
[2026-07-23T16:47:47+02:00] [INFO] [deploy.sh] Appel reçu | channel=hardware:disk_alert source=hive_cycler args=
[2026-07-23T16:47:47+02:00] [INFO] [deploy.sh] Payload: {"disk": "/", "usage_pct": 62, "hostname": "TheHive", "msg": "Periodic disk check"}
[2026-07-23T16:47:47+02:00] [WARN] [deploy.sh] Aucun argument reconnu — utilisation: /home/aza/scripts/deploy.sh [--cleanup|--restart]
[2026-07-23T16:47:47+02:00] [INFO] [deploy.sh] Usage:
[2026-07-23T16:47:47+02:00] [INFO] [deploy.sh]   --cleanup   Nettoyer logs anciens, WAL, /tmp/adam-*
[2026-07-23T16:47:47+02:00] [INFO] [deploy.sh]   --restart   Redémarrer un service depuis ADAM_EVENT_PAYLOAD.service
[2026-07-23T16:47:47+02:00] [INFO] [deploy.sh] Terminé (exit 0)
[2026-07-23T16:52:01+02:00] [INFO] [deploy.sh] ━━━━━━━━━━━━━━━━━━━━━━━━━━━━━━━━━━━━━━━━━━━━━━━━
[2026-07-23T16:52:01+02:00] [INFO] [deploy.sh] Appel reçu | channel=service:down source=hive_cycler args=
[2026-07-23T16:52:01+02:00] [INFO] [deploy.sh] Payload: {"msg": "Health check ping", "hostname": "TheHive"}
[2026-07-23T16:52:01+02:00] [WARN] [deploy.sh] Aucun argument reconnu — utilisation: /home/aza/scripts/deploy.sh [--cleanup|--restart]
[2026-07-23T16:52:01+02:00] [INFO] [deploy.sh] Usage:
[2026-07-23T16:52:01+02:00] [INFO] [deploy.sh]   --cleanup   Nettoyer logs anciens, WAL, /tmp/adam-*
[2026-07-23T16:52:01+02:00] [INFO] [deploy.sh]   --restart   Redémarrer un service depuis ADAM_EVENT_PAYLOAD.service
[2026-07-23T16:52:01+02:00] [INFO] [deploy.sh] Terminé (exit 0)
[2026-07-23T16:52:07+02:00] [INFO] [deploy.sh] ━━━━━━━━━━━━━━━━━━━━━━━━━━━━━━━━━━━━━━━━━━━━━━━━
[2026-07-23T16:52:07+02:00] [INFO] [deploy.sh] Appel reçu | channel=hardware:disk_alert source=hive_cycler args=
[2026-07-23T16:52:07+02:00] [INFO] [deploy.sh] Payload: {"disk": "/", "usage_pct": 62, "hostname": "TheHive", "msg": "Periodic disk check"}
[2026-07-23T16:52:07+02:00] [WARN] [deploy.sh] Aucun argument reconnu — utilisation: /home/aza/scripts/deploy.sh [--cleanup|--restart]
[2026-07-23T16:52:07+02:00] [INFO] [deploy.sh] Usage:
[2026-07-23T16:52:07+02:00] [INFO] [deploy.sh]   --cleanup   Nettoyer logs anciens, WAL, /tmp/adam-*
[2026-07-23T16:52:07+02:00] [INFO] [deploy.sh]   --restart   Redémarrer un service depuis ADAM_EVENT_PAYLOAD.service
[2026-07-23T16:52:07+02:00] [INFO] [deploy.sh] Terminé (exit 0)
[2026-07-23T16:56:23+02:00] [INFO] [deploy.sh] ━━━━━━━━━━━━━━━━━━━━━━━━━━━━━━━━━━━━━━━━━━━━━━━━
[2026-07-23T16:56:23+02:00] [INFO] [deploy.sh] Appel reçu | channel=service:down source=hive_cycler args=
[2026-07-23T16:56:23+02:00] [INFO] [deploy.sh] Payload: {"msg": "Health check ping", "hostname": "TheHive"}
[2026-07-23T16:56:23+02:00] [WARN] [deploy.sh] Aucun argument reconnu — utilisation: /home/aza/scripts/deploy.sh [--cleanup|--restart]
[2026-07-23T16:56:23+02:00] [INFO] [deploy.sh] Usage:
[2026-07-23T16:56:23+02:00] [INFO] [deploy.sh]   --cleanup   Nettoyer logs anciens, WAL, /tmp/adam-*
[2026-07-23T16:56:23+02:00] [INFO] [deploy.sh]   --restart   Redémarrer un service depuis ADAM_EVENT_PAYLOAD.service
[2026-07-23T16:56:23+02:00] [INFO] [deploy.sh] Terminé (exit 0)
[2026-07-23T16:56:27+02:00] [INFO] [deploy.sh] ━━━━━━━━━━━━━━━━━━━━━━━━━━━━━━━━━━━━━━━━━━━━━━━━
[2026-07-23T16:56:27+02:00] [INFO] [deploy.sh] Appel reçu | channel=hardware:disk_alert source=hive_cycler args=
[2026-07-23T16:56:27+02:00] [INFO] [deploy.sh] Payload: {"disk": "/", "usage_pct": 62, "hostname": "TheHive", "msg": "Periodic disk check"}
[2026-07-23T16:56:27+02:00] [WARN] [deploy.sh] Aucun argument reconnu — utilisation: /home/aza/scripts/deploy.sh [--cleanup|--restart]
[2026-07-23T16:56:27+02:00] [INFO] [deploy.sh] Usage:
[2026-07-23T16:56:27+02:00] [INFO] [deploy.sh]   --cleanup   Nettoyer logs anciens, WAL, /tmp/adam-*
[2026-07-23T16:56:27+02:00] [INFO] [deploy.sh]   --restart   Redémarrer un service depuis ADAM_EVENT_PAYLOAD.service
[2026-07-23T16:56:27+02:00] [INFO] [deploy.sh] Terminé (exit 0)
[2026-07-23T17:00:43+02:00] [INFO] [deploy.sh] ━━━━━━━━━━━━━━━━━━━━━━━━━━━━━━━━━━━━━━━━━━━━━━━━
[2026-07-23T17:00:43+02:00] [INFO] [deploy.sh] Appel reçu | channel=service:down source=hive_cycler args=
[2026-07-23T17:00:43+02:00] [INFO] [deploy.sh] Payload: {"msg": "Health check ping", "hostname": "TheHive"}
[2026-07-23T17:00:43+02:00] [WARN] [deploy.sh] Aucun argument reconnu — utilisation: /home/aza/scripts/deploy.sh [--cleanup|--restart]
[2026-07-23T17:00:43+02:00] [INFO] [deploy.sh] Usage:
[2026-07-23T17:00:43+02:00] [INFO] [deploy.sh]   --cleanup   Nettoyer logs anciens, WAL, /tmp/adam-*
[2026-07-23T17:00:43+02:00] [INFO] [deploy.sh]   --restart   Redémarrer un service depuis ADAM_EVENT_PAYLOAD.service
[2026-07-23T17:00:43+02:00] [INFO] [deploy.sh] Terminé (exit 0)
[2026-07-23T17:00:49+02:00] [INFO] [deploy.sh] ━━━━━━━━━━━━━━━━━━━━━━━━━━━━━━━━━━━━━━━━━━━━━━━━
[2026-07-23T17:00:49+02:00] [INFO] [deploy.sh] Appel reçu | channel=hardware:disk_alert source=hive_cycler args=
[2026-07-23T17:00:49+02:00] [INFO] [deploy.sh] Payload: {"disk": "/", "usage_pct": 62, "hostname": "TheHive", "msg": "Periodic disk check"}
[2026-07-23T17:00:49+02:00] [WARN] [deploy.sh] Aucun argument reconnu — utilisation: /home/aza/scripts/deploy.sh [--cleanup|--restart]
[2026-07-23T17:00:49+02:00] [INFO] [deploy.sh] Usage:
[2026-07-23T17:00:49+02:00] [INFO] [deploy.sh]   --cleanup   Nettoyer logs anciens, WAL, /tmp/adam-*
[2026-07-23T17:00:49+02:00] [INFO] [deploy.sh]   --restart   Redémarrer un service depuis ADAM_EVENT_PAYLOAD.service
[2026-07-23T17:00:49+02:00] [INFO] [deploy.sh] Terminé (exit 0)
[2026-07-23T17:05:06+02:00] [INFO] [deploy.sh] ━━━━━━━━━━━━━━━━━━━━━━━━━━━━━━━━━━━━━━━━━━━━━━━━
[2026-07-23T17:05:06+02:00] [INFO] [deploy.sh] Appel reçu | channel=service:down source=hive_cycler args=
[2026-07-23T17:05:06+02:00] [INFO] [deploy.sh] Payload: {"msg": "Health check ping", "hostname": "TheHive"}
[2026-07-23T17:05:06+02:00] [WARN] [deploy.sh] Aucun argument reconnu — utilisation: /home/aza/scripts/deploy.sh [--cleanup|--restart]
[2026-07-23T17:05:06+02:00] [INFO] [deploy.sh] Usage:
[2026-07-23T17:05:06+02:00] [INFO] [deploy.sh]   --cleanup   Nettoyer logs anciens, WAL, /tmp/adam-*
[2026-07-23T17:05:06+02:00] [INFO] [deploy.sh]   --restart   Redémarrer un service depuis ADAM_EVENT_PAYLOAD.service
[2026-07-23T17:05:06+02:00] [INFO] [deploy.sh] Terminé (exit 0)
[2026-07-23T17:05:10+02:00] [INFO] [deploy.sh] ━━━━━━━━━━━━━━━━━━━━━━━━━━━━━━━━━━━━━━━━━━━━━━━━
[2026-07-23T17:05:10+02:00] [INFO] [deploy.sh] Appel reçu | channel=hardware:disk_alert source=hive_cycler args=
[2026-07-23T17:05:10+02:00] [INFO] [deploy.sh] Payload: {"disk": "/", "usage_pct": 62, "hostname": "TheHive", "msg": "Periodic disk check"}
[2026-07-23T17:05:10+02:00] [WARN] [deploy.sh] Aucun argument reconnu — utilisation: /home/aza/scripts/deploy.sh [--cleanup|--restart]
[2026-07-23T17:05:10+02:00] [INFO] [deploy.sh] Usage:
[2026-07-23T17:05:10+02:00] [INFO] [deploy.sh]   --cleanup   Nettoyer logs anciens, WAL, /tmp/adam-*
[2026-07-23T17:05:10+02:00] [INFO] [deploy.sh]   --restart   Redémarrer un service depuis ADAM_EVENT_PAYLOAD.service
[2026-07-23T17:05:10+02:00] [INFO] [deploy.sh] Terminé (exit 0)
[2026-07-23T17:09:26+02:00] [INFO] [deploy.sh] ━━━━━━━━━━━━━━━━━━━━━━━━━━━━━━━━━━━━━━━━━━━━━━━━
[2026-07-23T17:09:26+02:00] [INFO] [deploy.sh] Appel reçu | channel=service:down source=hive_cycler args=
[2026-07-23T17:09:26+02:00] [INFO] [deploy.sh] Payload: {"msg": "Health check ping", "hostname": "TheHive"}
[2026-07-23T17:09:26+02:00] [WARN] [deploy.sh] Aucun argument reconnu — utilisation: /home/aza/scripts/deploy.sh [--cleanup|--restart]
[2026-07-23T17:09:26+02:00] [INFO] [deploy.sh] Usage:
[2026-07-23T17:09:26+02:00] [INFO] [deploy.sh]   --cleanup   Nettoyer logs anciens, WAL, /tmp/adam-*
[2026-07-23T17:09:26+02:00] [INFO] [deploy.sh]   --restart   Redémarrer un service depuis ADAM_EVENT_PAYLOAD.service
[2026-07-23T17:09:26+02:00] [INFO] [deploy.sh] Terminé (exit 0)
[2026-07-23T17:09:32+02:00] [INFO] [deploy.sh] ━━━━━━━━━━━━━━━━━━━━━━━━━━━━━━━━━━━━━━━━━━━━━━━━
[2026-07-23T17:09:32+02:00] [INFO] [deploy.sh] Appel reçu | channel=hardware:disk_alert source=hive_cycler args=
[2026-07-23T17:09:32+02:00] [INFO] [deploy.sh] Payload: {"disk": "/", "usage_pct": 62, "hostname": "TheHive", "msg": "Periodic disk check"}
[2026-07-23T17:09:32+02:00] [WARN] [deploy.sh] Aucun argument reconnu — utilisation: /home/aza/scripts/deploy.sh [--cleanup|--restart]
[2026-07-23T17:09:32+02:00] [INFO] [deploy.sh] Usage:
[2026-07-23T17:09:32+02:00] [INFO] [deploy.sh]   --cleanup   Nettoyer logs anciens, WAL, /tmp/adam-*
[2026-07-23T17:09:32+02:00] [INFO] [deploy.sh]   --restart   Redémarrer un service depuis ADAM_EVENT_PAYLOAD.service
[2026-07-23T17:09:32+02:00] [INFO] [deploy.sh] Terminé (exit 0)
[2026-07-23T17:13:48+02:00] [INFO] [deploy.sh] ━━━━━━━━━━━━━━━━━━━━━━━━━━━━━━━━━━━━━━━━━━━━━━━━
[2026-07-23T17:13:48+02:00] [INFO] [deploy.sh] Appel reçu | channel=service:down source=hive_cycler args=
[2026-07-23T17:13:48+02:00] [INFO] [deploy.sh] Payload: {"msg": "Health check ping", "hostname": "TheHive"}
[2026-07-23T17:13:48+02:00] [WARN] [deploy.sh] Aucun argument reconnu — utilisation: /home/aza/scripts/deploy.sh [--cleanup|--restart]
[2026-07-23T17:13:48+02:00] [INFO] [deploy.sh] Usage:
[2026-07-23T17:13:48+02:00] [INFO] [deploy.sh]   --cleanup   Nettoyer logs anciens, WAL, /tmp/adam-*
[2026-07-23T17:13:48+02:00] [INFO] [deploy.sh]   --restart   Redémarrer un service depuis ADAM_EVENT_PAYLOAD.service
[2026-07-23T17:13:48+02:00] [INFO] [deploy.sh] Terminé (exit 0)
[2026-07-23T17:13:52+02:00] [INFO] [deploy.sh] ━━━━━━━━━━━━━━━━━━━━━━━━━━━━━━━━━━━━━━━━━━━━━━━━
[2026-07-23T17:13:52+02:00] [INFO] [deploy.sh] Appel reçu | channel=hardware:disk_alert source=hive_cycler args=
[2026-07-23T17:13:52+02:00] [INFO] [deploy.sh] Payload: {"disk": "/", "usage_pct": 62, "hostname": "TheHive", "msg": "Periodic disk check"}
[2026-07-23T17:13:52+02:00] [WARN] [deploy.sh] Aucun argument reconnu — utilisation: /home/aza/scripts/deploy.sh [--cleanup|--restart]
[2026-07-23T17:13:52+02:00] [INFO] [deploy.sh] Usage:
[2026-07-23T17:13:52+02:00] [INFO] [deploy.sh]   --cleanup   Nettoyer logs anciens, WAL, /tmp/adam-*
[2026-07-23T17:13:52+02:00] [INFO] [deploy.sh]   --restart   Redémarrer un service depuis ADAM_EVENT_PAYLOAD.service
[2026-07-23T17:13:52+02:00] [INFO] [deploy.sh] Terminé (exit 0)
[2026-07-23T17:18:07+02:00] [INFO] [deploy.sh] ━━━━━━━━━━━━━━━━━━━━━━━━━━━━━━━━━━━━━━━━━━━━━━━━
[2026-07-23T17:18:07+02:00] [INFO] [deploy.sh] Appel reçu | channel=service:down source=hive_cycler args=
[2026-07-23T17:18:07+02:00] [INFO] [deploy.sh] Payload: {"msg": "Health check ping", "hostname": "TheHive"}
[2026-07-23T17:18:07+02:00] [WARN] [deploy.sh] Aucun argument reconnu — utilisation: /home/aza/scripts/deploy.sh [--cleanup|--restart]
[2026-07-23T17:18:07+02:00] [INFO] [deploy.sh] Usage:
[2026-07-23T17:18:07+02:00] [INFO] [deploy.sh]   --cleanup   Nettoyer logs anciens, WAL, /tmp/adam-*
[2026-07-23T17:18:07+02:00] [INFO] [deploy.sh]   --restart   Redémarrer un service depuis ADAM_EVENT_PAYLOAD.service
[2026-07-23T17:18:07+02:00] [INFO] [deploy.sh] Terminé (exit 0)
[2026-07-23T17:18:09+02:00] [INFO] [deploy.sh] ━━━━━━━━━━━━━━━━━━━━━━━━━━━━━━━━━━━━━━━━━━━━━━━━
[2026-07-23T17:18:09+02:00] [INFO] [deploy.sh] Appel reçu | channel=hardware:disk_alert source=hive_cycler args=
[2026-07-23T17:18:09+02:00] [INFO] [deploy.sh] Payload: {"disk": "/", "usage_pct": 62, "hostname": "TheHive", "msg": "Periodic disk check"}
[2026-07-23T17:18:09+02:00] [WARN] [deploy.sh] Aucun argument reconnu — utilisation: /home/aza/scripts/deploy.sh [--cleanup|--restart]
[2026-07-23T17:18:09+02:00] [INFO] [deploy.sh] Usage:
[2026-07-23T17:18:09+02:00] [INFO] [deploy.sh]   --cleanup   Nettoyer logs anciens, WAL, /tmp/adam-*
[2026-07-23T17:18:09+02:00] [INFO] [deploy.sh]   --restart   Redémarrer un service depuis ADAM_EVENT_PAYLOAD.service
[2026-07-23T17:18:09+02:00] [INFO] [deploy.sh] Terminé (exit 0)
[2026-07-23T17:22:30+02:00] [INFO] [deploy.sh] ━━━━━━━━━━━━━━━━━━━━━━━━━━━━━━━━━━━━━━━━━━━━━━━━
[2026-07-23T17:22:30+02:00] [INFO] [deploy.sh] Appel reçu | channel=service:down source=hive_cycler args=
[2026-07-23T17:22:30+02:00] [INFO] [deploy.sh] Payload: {"msg": "Health check ping", "hostname": "TheHive"}
[2026-07-23T17:22:30+02:00] [WARN] [deploy.sh] Aucun argument reconnu — utilisation: /home/aza/scripts/deploy.sh [--cleanup|--restart]
[2026-07-23T17:22:30+02:00] [INFO] [deploy.sh] Usage:
[2026-07-23T17:22:30+02:00] [INFO] [deploy.sh]   --cleanup   Nettoyer logs anciens, WAL, /tmp/adam-*
[2026-07-23T17:22:30+02:00] [INFO] [deploy.sh]   --restart   Redémarrer un service depuis ADAM_EVENT_PAYLOAD.service
[2026-07-23T17:22:30+02:00] [INFO] [deploy.sh] Terminé (exit 0)
[2026-07-23T17:22:36+02:00] [INFO] [deploy.sh] ━━━━━━━━━━━━━━━━━━━━━━━━━━━━━━━━━━━━━━━━━━━━━━━━
[2026-07-23T17:22:36+02:00] [INFO] [deploy.sh] Appel reçu | channel=hardware:disk_alert source=hive_cycler args=
[2026-07-23T17:22:36+02:00] [INFO] [deploy.sh] Payload: {"disk": "/", "usage_pct": 62, "hostname": "TheHive", "msg": "Periodic disk check"}
[2026-07-23T17:22:36+02:00] [WARN] [deploy.sh] Aucun argument reconnu — utilisation: /home/aza/scripts/deploy.sh [--cleanup|--restart]
[2026-07-23T17:22:36+02:00] [INFO] [deploy.sh] Usage:
[2026-07-23T17:22:36+02:00] [INFO] [deploy.sh]   --cleanup   Nettoyer logs anciens, WAL, /tmp/adam-*
[2026-07-23T17:22:36+02:00] [INFO] [deploy.sh]   --restart   Redémarrer un service depuis ADAM_EVENT_PAYLOAD.service
[2026-07-23T17:22:36+02:00] [INFO] [deploy.sh] Terminé (exit 0)
[2026-07-23T17:26:50+02:00] [INFO] [deploy.sh] ━━━━━━━━━━━━━━━━━━━━━━━━━━━━━━━━━━━━━━━━━━━━━━━━
[2026-07-23T17:26:50+02:00] [INFO] [deploy.sh] Appel reçu | channel=service:down source=hive_cycler args=
[2026-07-23T17:26:50+02:00] [INFO] [deploy.sh] Payload: {"msg": "Health check ping", "hostname": "TheHive"}
[2026-07-23T17:26:50+02:00] [WARN] [deploy.sh] Aucun argument reconnu — utilisation: /home/aza/scripts/deploy.sh [--cleanup|--restart]
[2026-07-23T17:26:50+02:00] [INFO] [deploy.sh] Usage:
[2026-07-23T17:26:50+02:00] [INFO] [deploy.sh]   --cleanup   Nettoyer logs anciens, WAL, /tmp/adam-*
[2026-07-23T17:26:50+02:00] [INFO] [deploy.sh]   --restart   Redémarrer un service depuis ADAM_EVENT_PAYLOAD.service
[2026-07-23T17:26:50+02:00] [INFO] [deploy.sh] Terminé (exit 0)
[2026-07-23T17:26:56+02:00] [INFO] [deploy.sh] ━━━━━━━━━━━━━━━━━━━━━━━━━━━━━━━━━━━━━━━━━━━━━━━━
[2026-07-23T17:26:56+02:00] [INFO] [deploy.sh] Appel reçu | channel=hardware:disk_alert source=hive_cycler args=
[2026-07-23T17:26:56+02:00] [INFO] [deploy.sh] Payload: {"disk": "/", "usage_pct": 62, "hostname": "TheHive", "msg": "Periodic disk check"}
[2026-07-23T17:26:56+02:00] [WARN] [deploy.sh] Aucun argument reconnu — utilisation: /home/aza/scripts/deploy.sh [--cleanup|--restart]
[2026-07-23T17:26:56+02:00] [INFO] [deploy.sh] Usage:
[2026-07-23T17:26:56+02:00] [INFO] [deploy.sh]   --cleanup   Nettoyer logs anciens, WAL, /tmp/adam-*
[2026-07-23T17:26:56+02:00] [INFO] [deploy.sh]   --restart   Redémarrer un service depuis ADAM_EVENT_PAYLOAD.service
[2026-07-23T17:26:56+02:00] [INFO] [deploy.sh] Terminé (exit 0)
[2026-07-23T17:31:13+02:00] [INFO] [deploy.sh] ━━━━━━━━━━━━━━━━━━━━━━━━━━━━━━━━━━━━━━━━━━━━━━━━
[2026-07-23T17:31:13+02:00] [INFO] [deploy.sh] Appel reçu | channel=service:down source=hive_cycler args=
[2026-07-23T17:31:13+02:00] [INFO] [deploy.sh] Payload: {"msg": "Health check ping", "hostname": "TheHive"}
[2026-07-23T17:31:13+02:00] [WARN] [deploy.sh] Aucun argument reconnu — utilisation: /home/aza/scripts/deploy.sh [--cleanup|--restart]
[2026-07-23T17:31:13+02:00] [INFO] [deploy.sh] Usage:
[2026-07-23T17:31:13+02:00] [INFO] [deploy.sh]   --cleanup   Nettoyer logs anciens, WAL, /tmp/adam-*
[2026-07-23T17:31:13+02:00] [INFO] [deploy.sh]   --restart   Redémarrer un service depuis ADAM_EVENT_PAYLOAD.service
[2026-07-23T17:31:13+02:00] [INFO] [deploy.sh] Terminé (exit 0)
[2026-07-23T17:31:17+02:00] [INFO] [deploy.sh] ━━━━━━━━━━━━━━━━━━━━━━━━━━━━━━━━━━━━━━━━━━━━━━━━
[2026-07-23T17:31:17+02:00] [INFO] [deploy.sh] Appel reçu | channel=hardware:disk_alert source=hive_cycler args=
[2026-07-23T17:31:17+02:00] [INFO] [deploy.sh] Payload: {"disk": "/", "usage_pct": 62, "hostname": "TheHive", "msg": "Periodic disk check"}
[2026-07-23T17:31:17+02:00] [WARN] [deploy.sh] Aucun argument reconnu — utilisation: /home/aza/scripts/deploy.sh [--cleanup|--restart]
[2026-07-23T17:31:17+02:00] [INFO] [deploy.sh] Usage:
[2026-07-23T17:31:17+02:00] [INFO] [deploy.sh]   --cleanup   Nettoyer logs anciens, WAL, /tmp/adam-*
[2026-07-23T17:31:17+02:00] [INFO] [deploy.sh]   --restart   Redémarrer un service depuis ADAM_EVENT_PAYLOAD.service
[2026-07-23T17:31:17+02:00] [INFO] [deploy.sh] Terminé (exit 0)
[2026-07-23T17:35:33+02:00] [INFO] [deploy.sh] ━━━━━━━━━━━━━━━━━━━━━━━━━━━━━━━━━━━━━━━━━━━━━━━━
[2026-07-23T17:35:33+02:00] [INFO] [deploy.sh] Appel reçu | channel=service:down source=hive_cycler args=
[2026-07-23T17:35:33+02:00] [INFO] [deploy.sh] Payload: {"msg": "Health check ping", "hostname": "TheHive"}
[2026-07-23T17:35:33+02:00] [WARN] [deploy.sh] Aucun argument reconnu — utilisation: /home/aza/scripts/deploy.sh [--cleanup|--restart]
[2026-07-23T17:35:33+02:00] [INFO] [deploy.sh] Usage:
[2026-07-23T17:35:33+02:00] [INFO] [deploy.sh]   --cleanup   Nettoyer logs anciens, WAL, /tmp/adam-*
[2026-07-23T17:35:33+02:00] [INFO] [deploy.sh]   --restart   Redémarrer un service depuis ADAM_EVENT_PAYLOAD.service
[2026-07-23T17:35:33+02:00] [INFO] [deploy.sh] Terminé (exit 0)
[2026-07-23T17:35:39+02:00] [INFO] [deploy.sh] ━━━━━━━━━━━━━━━━━━━━━━━━━━━━━━━━━━━━━━━━━━━━━━━━
[2026-07-23T17:35:39+02:00] [INFO] [deploy.sh] Appel reçu | channel=hardware:disk_alert source=hive_cycler args=
[2026-07-23T17:35:39+02:00] [INFO] [deploy.sh] Payload: {"disk": "/", "usage_pct": 62, "hostname": "TheHive", "msg": "Periodic disk check"}
[2026-07-23T17:35:39+02:00] [WARN] [deploy.sh] Aucun argument reconnu — utilisation: /home/aza/scripts/deploy.sh [--cleanup|--restart]
[2026-07-23T17:35:39+02:00] [INFO] [deploy.sh] Usage:
[2026-07-23T17:35:39+02:00] [INFO] [deploy.sh]   --cleanup   Nettoyer logs anciens, WAL, /tmp/adam-*
[2026-07-23T17:35:39+02:00] [INFO] [deploy.sh]   --restart   Redémarrer un service depuis ADAM_EVENT_PAYLOAD.service
[2026-07-23T17:35:39+02:00] [INFO] [deploy.sh] Terminé (exit 0)
[2026-07-23T17:39:54+02:00] [INFO] [deploy.sh] ━━━━━━━━━━━━━━━━━━━━━━━━━━━━━━━━━━━━━━━━━━━━━━━━
[2026-07-23T17:39:54+02:00] [INFO] [deploy.sh] Appel reçu | channel=service:down source=hive_cycler args=
[2026-07-23T17:39:54+02:00] [INFO] [deploy.sh] Payload: {"msg": "Health check ping", "hostname": "TheHive"}
[2026-07-23T17:39:54+02:00] [WARN] [deploy.sh] Aucun argument reconnu — utilisation: /home/aza/scripts/deploy.sh [--cleanup|--restart]
[2026-07-23T17:39:54+02:00] [INFO] [deploy.sh] Usage:
[2026-07-23T17:39:54+02:00] [INFO] [deploy.sh]   --cleanup   Nettoyer logs anciens, WAL, /tmp/adam-*
[2026-07-23T17:39:54+02:00] [INFO] [deploy.sh]   --restart   Redémarrer un service depuis ADAM_EVENT_PAYLOAD.service
[2026-07-23T17:39:54+02:00] [INFO] [deploy.sh] Terminé (exit 0)
[2026-07-23T17:40:00+02:00] [INFO] [deploy.sh] ━━━━━━━━━━━━━━━━━━━━━━━━━━━━━━━━━━━━━━━━━━━━━━━━
[2026-07-23T17:40:00+02:00] [INFO] [deploy.sh] Appel reçu | channel=hardware:disk_alert source=hive_cycler args=
[2026-07-23T17:40:00+02:00] [INFO] [deploy.sh] Payload: {"disk": "/", "usage_pct": 62, "hostname": "TheHive", "msg": "Periodic disk check"}
[2026-07-23T17:40:00+02:00] [WARN] [deploy.sh] Aucun argument reconnu — utilisation: /home/aza/scripts/deploy.sh [--cleanup|--restart]
[2026-07-23T17:40:00+02:00] [INFO] [deploy.sh] Usage:
[2026-07-23T17:40:00+02:00] [INFO] [deploy.sh]   --cleanup   Nettoyer logs anciens, WAL, /tmp/adam-*
[2026-07-23T17:40:00+02:00] [INFO] [deploy.sh]   --restart   Redémarrer un service depuis ADAM_EVENT_PAYLOAD.service
[2026-07-23T17:40:00+02:00] [INFO] [deploy.sh] Terminé (exit 0)
[2026-07-23T17:44:16+02:00] [INFO] [deploy.sh] ━━━━━━━━━━━━━━━━━━━━━━━━━━━━━━━━━━━━━━━━━━━━━━━━
[2026-07-23T17:44:16+02:00] [INFO] [deploy.sh] Appel reçu | channel=service:down source=hive_cycler args=
[2026-07-23T17:44:16+02:00] [INFO] [deploy.sh] Payload: {"msg": "Health check ping", "hostname": "TheHive"}
[2026-07-23T17:44:16+02:00] [WARN] [deploy.sh] Aucun argument reconnu — utilisation: /home/aza/scripts/deploy.sh [--cleanup|--restart]
[2026-07-23T17:44:16+02:00] [INFO] [deploy.sh] Usage:
[2026-07-23T17:44:16+02:00] [INFO] [deploy.sh]   --cleanup   Nettoyer logs anciens, WAL, /tmp/adam-*
[2026-07-23T17:44:16+02:00] [INFO] [deploy.sh]   --restart   Redémarrer un service depuis ADAM_EVENT_PAYLOAD.service
[2026-07-23T17:44:16+02:00] [INFO] [deploy.sh] Terminé (exit 0)
[2026-07-23T17:44:20+02:00] [INFO] [deploy.sh] ━━━━━━━━━━━━━━━━━━━━━━━━━━━━━━━━━━━━━━━━━━━━━━━━
[2026-07-23T17:44:20+02:00] [INFO] [deploy.sh] Appel reçu | channel=hardware:disk_alert source=hive_cycler args=
[2026-07-23T17:44:20+02:00] [INFO] [deploy.sh] Payload: {"disk": "/", "usage_pct": 62, "hostname": "TheHive", "msg": "Periodic disk check"}
[2026-07-23T17:44:20+02:00] [WARN] [deploy.sh] Aucun argument reconnu — utilisation: /home/aza/scripts/deploy.sh [--cleanup|--restart]
[2026-07-23T17:44:20+02:00] [INFO] [deploy.sh] Usage:
[2026-07-23T17:44:20+02:00] [INFO] [deploy.sh]   --cleanup   Nettoyer logs anciens, WAL, /tmp/adam-*
[2026-07-23T17:44:20+02:00] [INFO] [deploy.sh]   --restart   Redémarrer un service depuis ADAM_EVENT_PAYLOAD.service
[2026-07-23T17:44:20+02:00] [INFO] [deploy.sh] Terminé (exit 0)
[2026-07-23T17:54:56+02:00] [INFO] [deploy.sh] ━━━━━━━━━━━━━━━━━━━━━━━━━━━━━━━━━━━━━━━━━━━━━━━━
[2026-07-23T17:54:56+02:00] [INFO] [deploy.sh] ━━━━━━━━━━━━━━━━━━━━━━━━━━━━━━━━━━━━━━━━━━━━━━━━
[2026-07-23T17:54:56+02:00] [INFO] [deploy.sh] Appel reçu | channel=service:down source=hive_cycler args=
[2026-07-23T17:54:56+02:00] [INFO] [deploy.sh] Appel reçu | channel=service:down source=hive_cycler args=
[2026-07-23T17:54:56+02:00] [INFO] [deploy.sh] Payload: {"msg": "Health check ping", "hostname": "TheHive"}
[2026-07-23T17:54:56+02:00] [INFO] [deploy.sh] Payload: {"msg": "Health check ping", "hostname": "TheHive"}
[2026-07-23T17:54:56+02:00] [WARN] [deploy.sh] Aucun argument reconnu — utilisation: /home/aza/scripts/deploy.sh [--cleanup|--restart]
[2026-07-23T17:54:56+02:00] [WARN] [deploy.sh] Aucun argument reconnu — utilisation: /home/aza/scripts/deploy.sh [--cleanup|--restart]
[2026-07-23T17:54:56+02:00] [INFO] [deploy.sh] Usage:
[2026-07-23T17:54:56+02:00] [INFO] [deploy.sh] Usage:
[2026-07-23T17:54:56+02:00] [INFO] [deploy.sh]   --cleanup   Nettoyer logs anciens, WAL, /tmp/adam-*
[2026-07-23T17:54:56+02:00] [INFO] [deploy.sh]   --cleanup   Nettoyer logs anciens, WAL, /tmp/adam-*
[2026-07-23T17:54:56+02:00] [INFO] [deploy.sh]   --restart   Redémarrer un service depuis ADAM_EVENT_PAYLOAD.service
[2026-07-23T17:54:56+02:00] [INFO] [deploy.sh]   --restart   Redémarrer un service depuis ADAM_EVENT_PAYLOAD.service
[2026-07-23T17:54:56+02:00] [INFO] [deploy.sh] Terminé (exit 0)
[2026-07-23T17:54:56+02:00] [INFO] [deploy.sh] Terminé (exit 0)
[2026-07-23T17:55:06+02:00] [INFO] [deploy.sh] ━━━━━━━━━━━━━━━━━━━━━━━━━━━━━━━━━━━━━━━━━━━━━━━━
[2026-07-23T17:55:06+02:00] [INFO] [deploy.sh] ━━━━━━━━━━━━━━━━━━━━━━━━━━━━━━━━━━━━━━━━━━━━━━━━
[2026-07-23T17:55:06+02:00] [INFO] [deploy.sh] Appel reçu | channel=hardware:disk_alert source=hive_cycler args=
[2026-07-23T17:55:06+02:00] [INFO] [deploy.sh] Appel reçu | channel=hardware:disk_alert source=hive_cycler args=
[2026-07-23T17:55:06+02:00] [INFO] [deploy.sh] Payload: {"disk": "/", "usage_pct": 62, "hostname": "TheHive", "msg": "Periodic disk check"}
[2026-07-23T17:55:06+02:00] [INFO] [deploy.sh] Payload: {"disk": "/", "usage_pct": 62, "hostname": "TheHive", "msg": "Periodic disk check"}
[2026-07-23T17:55:06+02:00] [WARN] [deploy.sh] Aucun argument reconnu — utilisation: /home/aza/scripts/deploy.sh [--cleanup|--restart]
[2026-07-23T17:55:06+02:00] [WARN] [deploy.sh] Aucun argument reconnu — utilisation: /home/aza/scripts/deploy.sh [--cleanup|--restart]
[2026-07-23T17:55:06+02:00] [INFO] [deploy.sh] Usage:
[2026-07-23T17:55:06+02:00] [INFO] [deploy.sh] Usage:
[2026-07-23T17:55:06+02:00] [INFO] [deploy.sh]   --cleanup   Nettoyer logs anciens, WAL, /tmp/adam-*
[2026-07-23T17:55:06+02:00] [INFO] [deploy.sh]   --cleanup   Nettoyer logs anciens, WAL, /tmp/adam-*
[2026-07-23T17:55:06+02:00] [INFO] [deploy.sh]   --restart   Redémarrer un service depuis ADAM_EVENT_PAYLOAD.service
[2026-07-23T17:55:06+02:00] [INFO] [deploy.sh]   --restart   Redémarrer un service depuis ADAM_EVENT_PAYLOAD.service
[2026-07-23T17:55:06+02:00] [INFO] [deploy.sh] Terminé (exit 0)
[2026-07-23T17:55:06+02:00] [INFO] [deploy.sh] Terminé (exit 0)
[2026-07-23T17:57:20+02:00] [INFO] [deploy.sh] ━━━━━━━━━━━━━━━━━━━━━━━━━━━━━━━━━━━━━━━━━━━━━━━━
[2026-07-23T17:57:20+02:00] [INFO] [deploy.sh] Appel reçu | channel=service:down source=hive_cycler args=
[2026-07-23T17:57:20+02:00] [INFO] [deploy.sh] Payload: {"msg": "Health check ping", "hostname": "TheHive"}
[2026-07-23T17:57:20+02:00] [WARN] [deploy.sh] Aucun argument reconnu — utilisation: /home/aza/scripts/deploy.sh [--cleanup|--restart]
[2026-07-23T17:57:20+02:00] [INFO] [deploy.sh] Usage:
[2026-07-23T17:57:20+02:00] [INFO] [deploy.sh]   --cleanup   Nettoyer logs anciens, WAL, /tmp/adam-*
[2026-07-23T17:57:20+02:00] [INFO] [deploy.sh]   --restart   Redémarrer un service depuis ADAM_EVENT_PAYLOAD.service
[2026-07-23T17:57:20+02:00] [INFO] [deploy.sh] Terminé (exit 0)
[2026-07-23T17:57:24+02:00] [INFO] [deploy.sh] ━━━━━━━━━━━━━━━━━━━━━━━━━━━━━━━━━━━━━━━━━━━━━━━━
[2026-07-23T17:57:24+02:00] [INFO] [deploy.sh] Appel reçu | channel=hardware:disk_alert source=hive_cycler args=
[2026-07-23T17:57:24+02:00] [INFO] [deploy.sh] Payload: {"disk": "/", "usage_pct": 62, "hostname": "TheHive", "msg": "Periodic disk check"}
[2026-07-23T17:57:24+02:00] [WARN] [deploy.sh] Aucun argument reconnu — utilisation: /home/aza/scripts/deploy.sh [--cleanup|--restart]
[2026-07-23T17:57:24+02:00] [INFO] [deploy.sh] Usage:
[2026-07-23T17:57:24+02:00] [INFO] [deploy.sh]   --cleanup   Nettoyer logs anciens, WAL, /tmp/adam-*
[2026-07-23T17:57:24+02:00] [INFO] [deploy.sh]   --restart   Redémarrer un service depuis ADAM_EVENT_PAYLOAD.service
[2026-07-23T17:57:24+02:00] [INFO] [deploy.sh] Terminé (exit 0)
[2026-07-23T18:01:41+02:00] [INFO] [deploy.sh] ━━━━━━━━━━━━━━━━━━━━━━━━━━━━━━━━━━━━━━━━━━━━━━━━
[2026-07-23T18:01:41+02:00] [INFO] [deploy.sh] Appel reçu | channel=service:down source=hive_cycler args=
[2026-07-23T18:01:41+02:00] [INFO] [deploy.sh] Payload: {"msg": "Health check ping", "hostname": "TheHive"}
[2026-07-23T18:01:41+02:00] [WARN] [deploy.sh] Aucun argument reconnu — utilisation: /home/aza/scripts/deploy.sh [--cleanup|--restart]
[2026-07-23T18:01:41+02:00] [INFO] [deploy.sh] Usage:
[2026-07-23T18:01:41+02:00] [INFO] [deploy.sh]   --cleanup   Nettoyer logs anciens, WAL, /tmp/adam-*
[2026-07-23T18:01:41+02:00] [INFO] [deploy.sh]   --restart   Redémarrer un service depuis ADAM_EVENT_PAYLOAD.service
[2026-07-23T18:01:41+02:00] [INFO] [deploy.sh] Terminé (exit 0)
[2026-07-23T18:01:47+02:00] [INFO] [deploy.sh] ━━━━━━━━━━━━━━━━━━━━━━━━━━━━━━━━━━━━━━━━━━━━━━━━
[2026-07-23T18:01:47+02:00] [INFO] [deploy.sh] Appel reçu | channel=hardware:disk_alert source=hive_cycler args=
[2026-07-23T18:01:47+02:00] [INFO] [deploy.sh] Payload: {"disk": "/", "usage_pct": 62, "hostname": "TheHive", "msg": "Periodic disk check"}
[2026-07-23T18:01:47+02:00] [WARN] [deploy.sh] Aucun argument reconnu — utilisation: /home/aza/scripts/deploy.sh [--cleanup|--restart]
[2026-07-23T18:01:47+02:00] [INFO] [deploy.sh] Usage:
[2026-07-23T18:01:47+02:00] [INFO] [deploy.sh]   --cleanup   Nettoyer logs anciens, WAL, /tmp/adam-*
[2026-07-23T18:01:47+02:00] [INFO] [deploy.sh]   --restart   Redémarrer un service depuis ADAM_EVENT_PAYLOAD.service
[2026-07-23T18:01:47+02:00] [INFO] [deploy.sh] Terminé (exit 0)
[2026-07-23T18:06:01+02:00] [INFO] [deploy.sh] ━━━━━━━━━━━━━━━━━━━━━━━━━━━━━━━━━━━━━━━━━━━━━━━━
[2026-07-23T18:06:01+02:00] [INFO] [deploy.sh] Appel reçu | channel=service:down source=hive_cycler args=
[2026-07-23T18:06:01+02:00] [INFO] [deploy.sh] Payload: {"msg": "Health check ping", "hostname": "TheHive"}
[2026-07-23T18:06:01+02:00] [WARN] [deploy.sh] Aucun argument reconnu — utilisation: /home/aza/scripts/deploy.sh [--cleanup|--restart]
[2026-07-23T18:06:01+02:00] [INFO] [deploy.sh] Usage:
[2026-07-23T18:06:01+02:00] [INFO] [deploy.sh]   --cleanup   Nettoyer logs anciens, WAL, /tmp/adam-*
[2026-07-23T18:06:01+02:00] [INFO] [deploy.sh]   --restart   Redémarrer un service depuis ADAM_EVENT_PAYLOAD.service
[2026-07-23T18:06:01+02:00] [INFO] [deploy.sh] Terminé (exit 0)
[2026-07-23T18:06:07+02:00] [INFO] [deploy.sh] ━━━━━━━━━━━━━━━━━━━━━━━━━━━━━━━━━━━━━━━━━━━━━━━━
[2026-07-23T18:06:07+02:00] [INFO] [deploy.sh] Appel reçu | channel=hardware:disk_alert source=hive_cycler args=
[2026-07-23T18:06:07+02:00] [INFO] [deploy.sh] Payload: {"disk": "/", "usage_pct": 62, "hostname": "TheHive", "msg": "Periodic disk check"}
[2026-07-23T18:06:07+02:00] [WARN] [deploy.sh] Aucun argument reconnu — utilisation: /home/aza/scripts/deploy.sh [--cleanup|--restart]
[2026-07-23T18:06:07+02:00] [INFO] [deploy.sh] Usage:
[2026-07-23T18:06:07+02:00] [INFO] [deploy.sh]   --cleanup   Nettoyer logs anciens, WAL, /tmp/adam-*
[2026-07-23T18:06:07+02:00] [INFO] [deploy.sh]   --restart   Redémarrer un service depuis ADAM_EVENT_PAYLOAD.service
[2026-07-23T18:06:07+02:00] [INFO] [deploy.sh] Terminé (exit 0)
[2026-07-23T18:10:22+02:00] [INFO] [deploy.sh] ━━━━━━━━━━━━━━━━━━━━━━━━━━━━━━━━━━━━━━━━━━━━━━━━
[2026-07-23T18:10:22+02:00] [INFO] [deploy.sh] Appel reçu | channel=service:down source=hive_cycler args=
[2026-07-23T18:10:22+02:00] [INFO] [deploy.sh] Payload: {"msg": "Health check ping", "hostname": "TheHive"}
[2026-07-23T18:10:22+02:00] [WARN] [deploy.sh] Aucun argument reconnu — utilisation: /home/aza/scripts/deploy.sh [--cleanup|--restart]
[2026-07-23T18:10:22+02:00] [INFO] [deploy.sh] Usage:
[2026-07-23T18:10:22+02:00] [INFO] [deploy.sh]   --cleanup   Nettoyer logs anciens, WAL, /tmp/adam-*
[2026-07-23T18:10:22+02:00] [INFO] [deploy.sh]   --restart   Redémarrer un service depuis ADAM_EVENT_PAYLOAD.service
[2026-07-23T18:10:22+02:00] [INFO] [deploy.sh] Terminé (exit 0)
[2026-07-23T18:10:30+02:00] [INFO] [deploy.sh] ━━━━━━━━━━━━━━━━━━━━━━━━━━━━━━━━━━━━━━━━━━━━━━━━
[2026-07-23T18:10:30+02:00] [INFO] [deploy.sh] Appel reçu | channel=hardware:disk_alert source=hive_cycler args=
[2026-07-23T18:10:30+02:00] [INFO] [deploy.sh] Payload: {"disk": "/", "usage_pct": 62, "hostname": "TheHive", "msg": "Periodic disk check"}
[2026-07-23T18:10:30+02:00] [WARN] [deploy.sh] Aucun argument reconnu — utilisation: /home/aza/scripts/deploy.sh [--cleanup|--restart]
[2026-07-23T18:10:30+02:00] [INFO] [deploy.sh] Usage:
[2026-07-23T18:10:30+02:00] [INFO] [deploy.sh]   --cleanup   Nettoyer logs anciens, WAL, /tmp/adam-*
[2026-07-23T18:10:30+02:00] [INFO] [deploy.sh]   --restart   Redémarrer un service depuis ADAM_EVENT_PAYLOAD.service
[2026-07-23T18:10:30+02:00] [INFO] [deploy.sh] Terminé (exit 0)
[2026-07-23T18:14:44+02:00] [INFO] [deploy.sh] ━━━━━━━━━━━━━━━━━━━━━━━━━━━━━━━━━━━━━━━━━━━━━━━━
[2026-07-23T18:14:44+02:00] [INFO] [deploy.sh] Appel reçu | channel=service:down source=hive_cycler args=
[2026-07-23T18:14:44+02:00] [INFO] [deploy.sh] Payload: {"msg": "Health check ping", "hostname": "TheHive"}
[2026-07-23T18:14:44+02:00] [WARN] [deploy.sh] Aucun argument reconnu — utilisation: /home/aza/scripts/deploy.sh [--cleanup|--restart]
[2026-07-23T18:14:44+02:00] [INFO] [deploy.sh] Usage:
[2026-07-23T18:14:44+02:00] [INFO] [deploy.sh]   --cleanup   Nettoyer logs anciens, WAL, /tmp/adam-*
[2026-07-23T18:14:44+02:00] [INFO] [deploy.sh]   --restart   Redémarrer un service depuis ADAM_EVENT_PAYLOAD.service
[2026-07-23T18:14:44+02:00] [INFO] [deploy.sh] Terminé (exit 0)
[2026-07-23T18:14:48+02:00] [INFO] [deploy.sh] ━━━━━━━━━━━━━━━━━━━━━━━━━━━━━━━━━━━━━━━━━━━━━━━━
[2026-07-23T18:14:48+02:00] [INFO] [deploy.sh] Appel reçu | channel=hardware:disk_alert source=hive_cycler args=
[2026-07-23T18:14:48+02:00] [INFO] [deploy.sh] Payload: {"disk": "/", "usage_pct": 62, "hostname": "TheHive", "msg": "Periodic disk check"}
[2026-07-23T18:14:48+02:00] [WARN] [deploy.sh] Aucun argument reconnu — utilisation: /home/aza/scripts/deploy.sh [--cleanup|--restart]
[2026-07-23T18:14:48+02:00] [INFO] [deploy.sh] Usage:
[2026-07-23T18:14:48+02:00] [INFO] [deploy.sh]   --cleanup   Nettoyer logs anciens, WAL, /tmp/adam-*
[2026-07-23T18:14:48+02:00] [INFO] [deploy.sh]   --restart   Redémarrer un service depuis ADAM_EVENT_PAYLOAD.service
[2026-07-23T18:14:48+02:00] [INFO] [deploy.sh] Terminé (exit 0)
[2026-07-23T18:19:05+02:00] [INFO] [deploy.sh] ━━━━━━━━━━━━━━━━━━━━━━━━━━━━━━━━━━━━━━━━━━━━━━━━
[2026-07-23T18:19:05+02:00] [INFO] [deploy.sh] Appel reçu | channel=service:down source=hive_cycler args=
[2026-07-23T18:19:05+02:00] [INFO] [deploy.sh] Payload: {"msg": "Health check ping", "hostname": "TheHive"}
[2026-07-23T18:19:05+02:00] [WARN] [deploy.sh] Aucun argument reconnu — utilisation: /home/aza/scripts/deploy.sh [--cleanup|--restart]
[2026-07-23T18:19:05+02:00] [INFO] [deploy.sh] Usage:
[2026-07-23T18:19:05+02:00] [INFO] [deploy.sh]   --cleanup   Nettoyer logs anciens, WAL, /tmp/adam-*
[2026-07-23T18:19:05+02:00] [INFO] [deploy.sh]   --restart   Redémarrer un service depuis ADAM_EVENT_PAYLOAD.service
[2026-07-23T18:19:05+02:00] [INFO] [deploy.sh] Terminé (exit 0)
[2026-07-23T18:19:13+02:00] [INFO] [deploy.sh] ━━━━━━━━━━━━━━━━━━━━━━━━━━━━━━━━━━━━━━━━━━━━━━━━
[2026-07-23T18:19:13+02:00] [INFO] [deploy.sh] Appel reçu | channel=hardware:disk_alert source=hive_cycler args=
[2026-07-23T18:19:13+02:00] [INFO] [deploy.sh] Payload: {"disk": "/", "usage_pct": 62, "hostname": "TheHive", "msg": "Periodic disk check"}
[2026-07-23T18:19:13+02:00] [WARN] [deploy.sh] Aucun argument reconnu — utilisation: /home/aza/scripts/deploy.sh [--cleanup|--restart]
[2026-07-23T18:19:13+02:00] [INFO] [deploy.sh] Usage:
[2026-07-23T18:19:13+02:00] [INFO] [deploy.sh]   --cleanup   Nettoyer logs anciens, WAL, /tmp/adam-*
[2026-07-23T18:19:13+02:00] [INFO] [deploy.sh]   --restart   Redémarrer un service depuis ADAM_EVENT_PAYLOAD.service
[2026-07-23T18:19:13+02:00] [INFO] [deploy.sh] Terminé (exit 0)
[2026-07-23T18:23:26+02:00] [INFO] [deploy.sh] ━━━━━━━━━━━━━━━━━━━━━━━━━━━━━━━━━━━━━━━━━━━━━━━━
[2026-07-23T18:23:26+02:00] [INFO] [deploy.sh] Appel reçu | channel=service:down source=hive_cycler args=
[2026-07-23T18:23:26+02:00] [INFO] [deploy.sh] Payload: {"msg": "Health check ping", "hostname": "TheHive"}
[2026-07-23T18:23:26+02:00] [WARN] [deploy.sh] Aucun argument reconnu — utilisation: /home/aza/scripts/deploy.sh [--cleanup|--restart]
[2026-07-23T18:23:26+02:00] [INFO] [deploy.sh] Usage:
[2026-07-23T18:23:26+02:00] [INFO] [deploy.sh]   --cleanup   Nettoyer logs anciens, WAL, /tmp/adam-*
[2026-07-23T18:23:26+02:00] [INFO] [deploy.sh]   --restart   Redémarrer un service depuis ADAM_EVENT_PAYLOAD.service
[2026-07-23T18:23:26+02:00] [INFO] [deploy.sh] Terminé (exit 0)
[2026-07-23T18:23:34+02:00] [INFO] [deploy.sh] ━━━━━━━━━━━━━━━━━━━━━━━━━━━━━━━━━━━━━━━━━━━━━━━━
[2026-07-23T18:23:34+02:00] [INFO] [deploy.sh] Appel reçu | channel=hardware:disk_alert source=hive_cycler args=
[2026-07-23T18:23:34+02:00] [INFO] [deploy.sh] Payload: {"disk": "/", "usage_pct": 62, "hostname": "TheHive", "msg": "Periodic disk check"}
[2026-07-23T18:23:34+02:00] [WARN] [deploy.sh] Aucun argument reconnu — utilisation: /home/aza/scripts/deploy.sh [--cleanup|--restart]
[2026-07-23T18:23:34+02:00] [INFO] [deploy.sh] Usage:
[2026-07-23T18:23:34+02:00] [INFO] [deploy.sh]   --cleanup   Nettoyer logs anciens, WAL, /tmp/adam-*
[2026-07-23T18:23:34+02:00] [INFO] [deploy.sh]   --restart   Redémarrer un service depuis ADAM_EVENT_PAYLOAD.service
[2026-07-23T18:23:34+02:00] [INFO] [deploy.sh] Terminé (exit 0)
[2026-07-23T18:27:48+02:00] [INFO] [deploy.sh] ━━━━━━━━━━━━━━━━━━━━━━━━━━━━━━━━━━━━━━━━━━━━━━━━
[2026-07-23T18:27:48+02:00] [INFO] [deploy.sh] Appel reçu | channel=service:down source=hive_cycler args=
[2026-07-23T18:27:48+02:00] [INFO] [deploy.sh] Payload: {"msg": "Health check ping", "hostname": "TheHive"}
[2026-07-23T18:27:48+02:00] [WARN] [deploy.sh] Aucun argument reconnu — utilisation: /home/aza/scripts/deploy.sh [--cleanup|--restart]
[2026-07-23T18:27:48+02:00] [INFO] [deploy.sh] Usage:
[2026-07-23T18:27:48+02:00] [INFO] [deploy.sh]   --cleanup   Nettoyer logs anciens, WAL, /tmp/adam-*
[2026-07-23T18:27:48+02:00] [INFO] [deploy.sh]   --restart   Redémarrer un service depuis ADAM_EVENT_PAYLOAD.service
[2026-07-23T18:27:48+02:00] [INFO] [deploy.sh] Terminé (exit 0)
[2026-07-23T18:27:52+02:00] [INFO] [deploy.sh] ━━━━━━━━━━━━━━━━━━━━━━━━━━━━━━━━━━━━━━━━━━━━━━━━
[2026-07-23T18:27:52+02:00] [INFO] [deploy.sh] Appel reçu | channel=hardware:disk_alert source=hive_cycler args=
[2026-07-23T18:27:52+02:00] [INFO] [deploy.sh] Payload: {"disk": "/", "usage_pct": 62, "hostname": "TheHive", "msg": "Periodic disk check"}
[2026-07-23T18:27:52+02:00] [WARN] [deploy.sh] Aucun argument reconnu — utilisation: /home/aza/scripts/deploy.sh [--cleanup|--restart]
[2026-07-23T18:27:52+02:00] [INFO] [deploy.sh] Usage:
[2026-07-23T18:27:52+02:00] [INFO] [deploy.sh]   --cleanup   Nettoyer logs anciens, WAL, /tmp/adam-*
[2026-07-23T18:27:52+02:00] [INFO] [deploy.sh]   --restart   Redémarrer un service depuis ADAM_EVENT_PAYLOAD.service
[2026-07-23T18:27:52+02:00] [INFO] [deploy.sh] Terminé (exit 0)
[2026-07-23T18:32:09+02:00] [INFO] [deploy.sh] ━━━━━━━━━━━━━━━━━━━━━━━━━━━━━━━━━━━━━━━━━━━━━━━━
[2026-07-23T18:32:09+02:00] [INFO] [deploy.sh] Appel reçu | channel=service:down source=hive_cycler args=
[2026-07-23T18:32:09+02:00] [INFO] [deploy.sh] Payload: {"msg": "Health check ping", "hostname": "TheHive"}
[2026-07-23T18:32:09+02:00] [WARN] [deploy.sh] Aucun argument reconnu — utilisation: /home/aza/scripts/deploy.sh [--cleanup|--restart]
[2026-07-23T18:32:09+02:00] [INFO] [deploy.sh] Usage:
[2026-07-23T18:32:09+02:00] [INFO] [deploy.sh]   --cleanup   Nettoyer logs anciens, WAL, /tmp/adam-*
[2026-07-23T18:32:09+02:00] [INFO] [deploy.sh]   --restart   Redémarrer un service depuis ADAM_EVENT_PAYLOAD.service
[2026-07-23T18:32:09+02:00] [INFO] [deploy.sh] Terminé (exit 0)
[2026-07-23T18:32:15+02:00] [INFO] [deploy.sh] ━━━━━━━━━━━━━━━━━━━━━━━━━━━━━━━━━━━━━━━━━━━━━━━━
[2026-07-23T18:32:15+02:00] [INFO] [deploy.sh] Appel reçu | channel=hardware:disk_alert source=hive_cycler args=
[2026-07-23T18:32:15+02:00] [INFO] [deploy.sh] Payload: {"disk": "/", "usage_pct": 62, "hostname": "TheHive", "msg": "Periodic disk check"}
[2026-07-23T18:32:15+02:00] [WARN] [deploy.sh] Aucun argument reconnu — utilisation: /home/aza/scripts/deploy.sh [--cleanup|--restart]
[2026-07-23T18:32:15+02:00] [INFO] [deploy.sh] Usage:
[2026-07-23T18:32:15+02:00] [INFO] [deploy.sh]   --cleanup   Nettoyer logs anciens, WAL, /tmp/adam-*
[2026-07-23T18:32:15+02:00] [INFO] [deploy.sh]   --restart   Redémarrer un service depuis ADAM_EVENT_PAYLOAD.service
[2026-07-23T18:32:15+02:00] [INFO] [deploy.sh] Terminé (exit 0)
[2026-07-23T18:36:30+02:00] [INFO] [deploy.sh] ━━━━━━━━━━━━━━━━━━━━━━━━━━━━━━━━━━━━━━━━━━━━━━━━
[2026-07-23T18:36:30+02:00] [INFO] [deploy.sh] Appel reçu | channel=service:down source=hive_cycler args=
[2026-07-23T18:36:30+02:00] [INFO] [deploy.sh] Payload: {"msg": "Health check ping", "hostname": "TheHive"}
[2026-07-23T18:36:30+02:00] [WARN] [deploy.sh] Aucun argument reconnu — utilisation: /home/aza/scripts/deploy.sh [--cleanup|--restart]
[2026-07-23T18:36:30+02:00] [INFO] [deploy.sh] Usage:
[2026-07-23T18:36:30+02:00] [INFO] [deploy.sh]   --cleanup   Nettoyer logs anciens, WAL, /tmp/adam-*
[2026-07-23T18:36:30+02:00] [INFO] [deploy.sh]   --restart   Redémarrer un service depuis ADAM_EVENT_PAYLOAD.service
[2026-07-23T18:36:30+02:00] [INFO] [deploy.sh] Terminé (exit 0)
[2026-07-23T18:36:36+02:00] [INFO] [deploy.sh] ━━━━━━━━━━━━━━━━━━━━━━━━━━━━━━━━━━━━━━━━━━━━━━━━
[2026-07-23T18:36:36+02:00] [INFO] [deploy.sh] Appel reçu | channel=hardware:disk_alert source=hive_cycler args=
[2026-07-23T18:36:36+02:00] [INFO] [deploy.sh] Payload: {"disk": "/", "usage_pct": 62, "hostname": "TheHive", "msg": "Periodic disk check"}
[2026-07-23T18:36:36+02:00] [WARN] [deploy.sh] Aucun argument reconnu — utilisation: /home/aza/scripts/deploy.sh [--cleanup|--restart]
[2026-07-23T18:36:36+02:00] [INFO] [deploy.sh] Usage:
[2026-07-23T18:36:36+02:00] [INFO] [deploy.sh]   --cleanup   Nettoyer logs anciens, WAL, /tmp/adam-*
[2026-07-23T18:36:36+02:00] [INFO] [deploy.sh]   --restart   Redémarrer un service depuis ADAM_EVENT_PAYLOAD.service
[2026-07-23T18:36:36+02:00] [INFO] [deploy.sh] Terminé (exit 0)
[2026-07-23T18:40:50+02:00] [INFO] [deploy.sh] ━━━━━━━━━━━━━━━━━━━━━━━━━━━━━━━━━━━━━━━━━━━━━━━━
[2026-07-23T18:40:50+02:00] [INFO] [deploy.sh] Appel reçu | channel=service:down source=hive_cycler args=
[2026-07-23T18:40:50+02:00] [INFO] [deploy.sh] Payload: {"msg": "Health check ping", "hostname": "TheHive"}
[2026-07-23T18:40:50+02:00] [WARN] [deploy.sh] Aucun argument reconnu — utilisation: /home/aza/scripts/deploy.sh [--cleanup|--restart]
[2026-07-23T18:40:50+02:00] [INFO] [deploy.sh] Usage:
[2026-07-23T18:40:50+02:00] [INFO] [deploy.sh]   --cleanup   Nettoyer logs anciens, WAL, /tmp/adam-*
[2026-07-23T18:40:50+02:00] [INFO] [deploy.sh]   --restart   Redémarrer un service depuis ADAM_EVENT_PAYLOAD.service
[2026-07-23T18:40:50+02:00] [INFO] [deploy.sh] Terminé (exit 0)
[2026-07-23T18:40:58+02:00] [INFO] [deploy.sh] ━━━━━━━━━━━━━━━━━━━━━━━━━━━━━━━━━━━━━━━━━━━━━━━━
[2026-07-23T18:40:58+02:00] [INFO] [deploy.sh] Appel reçu | channel=hardware:disk_alert source=hive_cycler args=
[2026-07-23T18:40:58+02:00] [INFO] [deploy.sh] Payload: {"disk": "/", "usage_pct": 62, "hostname": "TheHive", "msg": "Periodic disk check"}
[2026-07-23T18:40:58+02:00] [WARN] [deploy.sh] Aucun argument reconnu — utilisation: /home/aza/scripts/deploy.sh [--cleanup|--restart]
[2026-07-23T18:40:58+02:00] [INFO] [deploy.sh] Usage:
[2026-07-23T18:40:58+02:00] [INFO] [deploy.sh]   --cleanup   Nettoyer logs anciens, WAL, /tmp/adam-*
[2026-07-23T18:40:58+02:00] [INFO] [deploy.sh]   --restart   Redémarrer un service depuis ADAM_EVENT_PAYLOAD.service
[2026-07-23T18:40:58+02:00] [INFO] [deploy.sh] Terminé (exit 0)
[2026-07-23T18:45:13+02:00] [INFO] [deploy.sh] ━━━━━━━━━━━━━━━━━━━━━━━━━━━━━━━━━━━━━━━━━━━━━━━━
[2026-07-23T18:45:13+02:00] [INFO] [deploy.sh] Appel reçu | channel=service:down source=hive_cycler args=
[2026-07-23T18:45:13+02:00] [INFO] [deploy.sh] Payload: {"msg": "Health check ping", "hostname": "TheHive"}
[2026-07-23T18:45:13+02:00] [WARN] [deploy.sh] Aucun argument reconnu — utilisation: /home/aza/scripts/deploy.sh [--cleanup|--restart]
[2026-07-23T18:45:13+02:00] [INFO] [deploy.sh] Usage:
[2026-07-23T18:45:13+02:00] [INFO] [deploy.sh]   --cleanup   Nettoyer logs anciens, WAL, /tmp/adam-*
[2026-07-23T18:45:13+02:00] [INFO] [deploy.sh]   --restart   Redémarrer un service depuis ADAM_EVENT_PAYLOAD.service
[2026-07-23T18:45:13+02:00] [INFO] [deploy.sh] Terminé (exit 0)
[2026-07-23T18:45:17+02:00] [INFO] [deploy.sh] ━━━━━━━━━━━━━━━━━━━━━━━━━━━━━━━━━━━━━━━━━━━━━━━━
[2026-07-23T18:45:17+02:00] [INFO] [deploy.sh] Appel reçu | channel=hardware:disk_alert source=hive_cycler args=
[2026-07-23T18:45:17+02:00] [INFO] [deploy.sh] Payload: {"disk": "/", "usage_pct": 62, "hostname": "TheHive", "msg": "Periodic disk check"}
[2026-07-23T18:45:17+02:00] [WARN] [deploy.sh] Aucun argument reconnu — utilisation: /home/aza/scripts/deploy.sh [--cleanup|--restart]
[2026-07-23T18:45:17+02:00] [INFO] [deploy.sh] Usage:
[2026-07-23T18:45:17+02:00] [INFO] [deploy.sh]   --cleanup   Nettoyer logs anciens, WAL, /tmp/adam-*
[2026-07-23T18:45:17+02:00] [INFO] [deploy.sh]   --restart   Redémarrer un service depuis ADAM_EVENT_PAYLOAD.service
[2026-07-23T18:45:17+02:00] [INFO] [deploy.sh] Terminé (exit 0)
[2026-07-23T18:49:50+02:00] [INFO] [deploy.sh] ━━━━━━━━━━━━━━━━━━━━━━━━━━━━━━━━━━━━━━━━━━━━━━━━
[2026-07-23T18:49:50+02:00] [INFO] [deploy.sh] Appel reçu | channel=service:down source=hive_cycler args=
[2026-07-23T18:49:50+02:00] [INFO] [deploy.sh] Payload: {"msg": "Health check ping", "hostname": "TheHive"}
[2026-07-23T18:49:50+02:00] [WARN] [deploy.sh] Aucun argument reconnu — utilisation: /home/aza/scripts/deploy.sh [--cleanup|--restart]
[2026-07-23T18:49:50+02:00] [INFO] [deploy.sh] Usage:
[2026-07-23T18:49:50+02:00] [INFO] [deploy.sh]   --cleanup   Nettoyer logs anciens, WAL, /tmp/adam-*
[2026-07-23T18:49:50+02:00] [INFO] [deploy.sh]   --restart   Redémarrer un service depuis ADAM_EVENT_PAYLOAD.service
[2026-07-23T18:49:50+02:00] [INFO] [deploy.sh] Terminé (exit 0)
[2026-07-23T18:49:58+02:00] [INFO] [deploy.sh] ━━━━━━━━━━━━━━━━━━━━━━━━━━━━━━━━━━━━━━━━━━━━━━━━
[2026-07-23T18:49:58+02:00] [INFO] [deploy.sh] Appel reçu | channel=hardware:disk_alert source=hive_cycler args=
[2026-07-23T18:49:58+02:00] [INFO] [deploy.sh] Payload: {"disk": "/", "usage_pct": 62, "hostname": "TheHive", "msg": "Periodic disk check"}
[2026-07-23T18:49:58+02:00] [WARN] [deploy.sh] Aucun argument reconnu — utilisation: /home/aza/scripts/deploy.sh [--cleanup|--restart]
[2026-07-23T18:49:58+02:00] [INFO] [deploy.sh] Usage:
[2026-07-23T18:49:58+02:00] [INFO] [deploy.sh]   --cleanup   Nettoyer logs anciens, WAL, /tmp/adam-*
[2026-07-23T18:49:58+02:00] [INFO] [deploy.sh]   --restart   Redémarrer un service depuis ADAM_EVENT_PAYLOAD.service
[2026-07-23T18:49:58+02:00] [INFO] [deploy.sh] Terminé (exit 0)
[2026-07-23T18:53:55+02:00] [INFO] [deploy.sh] ━━━━━━━━━━━━━━━━━━━━━━━━━━━━━━━━━━━━━━━━━━━━━━━━
[2026-07-23T18:53:55+02:00] [INFO] [deploy.sh] Appel reçu | channel=service:down source=hive_cycler args=
[2026-07-23T18:53:55+02:00] [INFO] [deploy.sh] Payload: {"msg": "Health check ping", "hostname": "TheHive"}
[2026-07-23T18:53:55+02:00] [WARN] [deploy.sh] Aucun argument reconnu — utilisation: /home/aza/scripts/deploy.sh [--cleanup|--restart]
[2026-07-23T18:53:55+02:00] [INFO] [deploy.sh] Usage:
[2026-07-23T18:53:55+02:00] [INFO] [deploy.sh]   --cleanup   Nettoyer logs anciens, WAL, /tmp/adam-*
[2026-07-23T18:53:55+02:00] [INFO] [deploy.sh]   --restart   Redémarrer un service depuis ADAM_EVENT_PAYLOAD.service
[2026-07-23T18:53:55+02:00] [INFO] [deploy.sh] Terminé (exit 0)
[2026-07-23T18:54:03+02:00] [INFO] [deploy.sh] ━━━━━━━━━━━━━━━━━━━━━━━━━━━━━━━━━━━━━━━━━━━━━━━━
[2026-07-23T18:54:03+02:00] [INFO] [deploy.sh] Appel reçu | channel=hardware:disk_alert source=hive_cycler args=
[2026-07-23T18:54:03+02:00] [INFO] [deploy.sh] Payload: {"disk": "/", "usage_pct": 62, "hostname": "TheHive", "msg": "Periodic disk check"}
[2026-07-23T18:54:03+02:00] [WARN] [deploy.sh] Aucun argument reconnu — utilisation: /home/aza/scripts/deploy.sh [--cleanup|--restart]
[2026-07-23T18:54:03+02:00] [INFO] [deploy.sh] Usage:
[2026-07-23T18:54:03+02:00] [INFO] [deploy.sh]   --cleanup   Nettoyer logs anciens, WAL, /tmp/adam-*
[2026-07-23T18:54:03+02:00] [INFO] [deploy.sh]   --restart   Redémarrer un service depuis ADAM_EVENT_PAYLOAD.service
[2026-07-23T18:54:03+02:00] [INFO] [deploy.sh] Terminé (exit 0)
[2026-07-23T18:58:16+02:00] [INFO] [deploy.sh] ━━━━━━━━━━━━━━━━━━━━━━━━━━━━━━━━━━━━━━━━━━━━━━━━
[2026-07-23T18:58:16+02:00] [INFO] [deploy.sh] Appel reçu | channel=service:down source=hive_cycler args=
[2026-07-23T18:58:16+02:00] [INFO] [deploy.sh] Payload: {"msg": "Health check ping", "hostname": "TheHive"}
[2026-07-23T18:58:16+02:00] [WARN] [deploy.sh] Aucun argument reconnu — utilisation: /home/aza/scripts/deploy.sh [--cleanup|--restart]
[2026-07-23T18:58:16+02:00] [INFO] [deploy.sh] Usage:
[2026-07-23T18:58:16+02:00] [INFO] [deploy.sh]   --cleanup   Nettoyer logs anciens, WAL, /tmp/adam-*
[2026-07-23T18:58:16+02:00] [INFO] [deploy.sh]   --restart   Redémarrer un service depuis ADAM_EVENT_PAYLOAD.service
[2026-07-23T18:58:16+02:00] [INFO] [deploy.sh] Terminé (exit 0)
[2026-07-23T18:58:22+02:00] [INFO] [deploy.sh] ━━━━━━━━━━━━━━━━━━━━━━━━━━━━━━━━━━━━━━━━━━━━━━━━
[2026-07-23T18:58:22+02:00] [INFO] [deploy.sh] Appel reçu | channel=hardware:disk_alert source=hive_cycler args=
[2026-07-23T18:58:22+02:00] [INFO] [deploy.sh] Payload: {"disk": "/", "usage_pct": 62, "hostname": "TheHive", "msg": "Periodic disk check"}
[2026-07-23T18:58:22+02:00] [WARN] [deploy.sh] Aucun argument reconnu — utilisation: /home/aza/scripts/deploy.sh [--cleanup|--restart]
[2026-07-23T18:58:22+02:00] [INFO] [deploy.sh] Usage:
[2026-07-23T18:58:22+02:00] [INFO] [deploy.sh]   --cleanup   Nettoyer logs anciens, WAL, /tmp/adam-*
[2026-07-23T18:58:22+02:00] [INFO] [deploy.sh]   --restart   Redémarrer un service depuis ADAM_EVENT_PAYLOAD.service
[2026-07-23T18:58:22+02:00] [INFO] [deploy.sh] Terminé (exit 0)
[2026-07-23T19:02:37+02:00] [INFO] [deploy.sh] ━━━━━━━━━━━━━━━━━━━━━━━━━━━━━━━━━━━━━━━━━━━━━━━━
[2026-07-23T19:02:37+02:00] [INFO] [deploy.sh] Appel reçu | channel=service:down source=hive_cycler args=
[2026-07-23T19:02:37+02:00] [INFO] [deploy.sh] Payload: {"msg": "Health check ping", "hostname": "TheHive"}
[2026-07-23T19:02:37+02:00] [WARN] [deploy.sh] Aucun argument reconnu — utilisation: /home/aza/scripts/deploy.sh [--cleanup|--restart]
[2026-07-23T19:02:37+02:00] [INFO] [deploy.sh] Usage:
[2026-07-23T19:02:37+02:00] [INFO] [deploy.sh]   --cleanup   Nettoyer logs anciens, WAL, /tmp/adam-*
[2026-07-23T19:02:37+02:00] [INFO] [deploy.sh]   --restart   Redémarrer un service depuis ADAM_EVENT_PAYLOAD.service
[2026-07-23T19:02:37+02:00] [INFO] [deploy.sh] Terminé (exit 0)
[2026-07-23T19:02:43+02:00] [INFO] [deploy.sh] ━━━━━━━━━━━━━━━━━━━━━━━━━━━━━━━━━━━━━━━━━━━━━━━━
[2026-07-23T19:02:43+02:00] [INFO] [deploy.sh] Appel reçu | channel=hardware:disk_alert source=hive_cycler args=
[2026-07-23T19:02:43+02:00] [INFO] [deploy.sh] Payload: {"disk": "/", "usage_pct": 62, "hostname": "TheHive", "msg": "Periodic disk check"}
[2026-07-23T19:02:43+02:00] [WARN] [deploy.sh] Aucun argument reconnu — utilisation: /home/aza/scripts/deploy.sh [--cleanup|--restart]
[2026-07-23T19:02:43+02:00] [INFO] [deploy.sh] Usage:
[2026-07-23T19:02:43+02:00] [INFO] [deploy.sh]   --cleanup   Nettoyer logs anciens, WAL, /tmp/adam-*
[2026-07-23T19:02:43+02:00] [INFO] [deploy.sh]   --restart   Redémarrer un service depuis ADAM_EVENT_PAYLOAD.service
[2026-07-23T19:02:43+02:00] [INFO] [deploy.sh] Terminé (exit 0)
[2026-07-23T19:06:57+02:00] [INFO] [deploy.sh] ━━━━━━━━━━━━━━━━━━━━━━━━━━━━━━━━━━━━━━━━━━━━━━━━
[2026-07-23T19:06:57+02:00] [INFO] [deploy.sh] Appel reçu | channel=service:down source=hive_cycler args=
[2026-07-23T19:06:57+02:00] [INFO] [deploy.sh] Payload: {"msg": "Health check ping", "hostname": "TheHive"}
[2026-07-23T19:06:57+02:00] [WARN] [deploy.sh] Aucun argument reconnu — utilisation: /home/aza/scripts/deploy.sh [--cleanup|--restart]
[2026-07-23T19:06:57+02:00] [INFO] [deploy.sh] Usage:
[2026-07-23T19:06:57+02:00] [INFO] [deploy.sh]   --cleanup   Nettoyer logs anciens, WAL, /tmp/adam-*
[2026-07-23T19:06:57+02:00] [INFO] [deploy.sh]   --restart   Redémarrer un service depuis ADAM_EVENT_PAYLOAD.service
[2026-07-23T19:06:57+02:00] [INFO] [deploy.sh] Terminé (exit 0)
[2026-07-23T19:07:06+02:00] [INFO] [deploy.sh] ━━━━━━━━━━━━━━━━━━━━━━━━━━━━━━━━━━━━━━━━━━━━━━━━
[2026-07-23T19:07:06+02:00] [INFO] [deploy.sh] Appel reçu | channel=hardware:disk_alert source=hive_cycler args=
[2026-07-23T19:07:06+02:00] [INFO] [deploy.sh] Payload: {"disk": "/", "usage_pct": 62, "hostname": "TheHive", "msg": "Periodic disk check"}
[2026-07-23T19:07:06+02:00] [WARN] [deploy.sh] Aucun argument reconnu — utilisation: /home/aza/scripts/deploy.sh [--cleanup|--restart]
[2026-07-23T19:07:06+02:00] [INFO] [deploy.sh] Usage:
[2026-07-23T19:07:06+02:00] [INFO] [deploy.sh]   --cleanup   Nettoyer logs anciens, WAL, /tmp/adam-*
[2026-07-23T19:07:06+02:00] [INFO] [deploy.sh]   --restart   Redémarrer un service depuis ADAM_EVENT_PAYLOAD.service
[2026-07-23T19:07:06+02:00] [INFO] [deploy.sh] Terminé (exit 0)
[2026-07-23T19:11:20+02:00] [INFO] [deploy.sh] ━━━━━━━━━━━━━━━━━━━━━━━━━━━━━━━━━━━━━━━━━━━━━━━━
[2026-07-23T19:11:20+02:00] [INFO] [deploy.sh] Appel reçu | channel=service:down source=hive_cycler args=
[2026-07-23T19:11:20+02:00] [INFO] [deploy.sh] Payload: {"msg": "Health check ping", "hostname": "TheHive"}
[2026-07-23T19:11:20+02:00] [WARN] [deploy.sh] Aucun argument reconnu — utilisation: /home/aza/scripts/deploy.sh [--cleanup|--restart]
[2026-07-23T19:11:20+02:00] [INFO] [deploy.sh] Usage:
[2026-07-23T19:11:20+02:00] [INFO] [deploy.sh]   --cleanup   Nettoyer logs anciens, WAL, /tmp/adam-*
[2026-07-23T19:11:20+02:00] [INFO] [deploy.sh]   --restart   Redémarrer un service depuis ADAM_EVENT_PAYLOAD.service
[2026-07-23T19:11:20+02:00] [INFO] [deploy.sh] Terminé (exit 0)
[2026-07-23T19:11:24+02:00] [INFO] [deploy.sh] ━━━━━━━━━━━━━━━━━━━━━━━━━━━━━━━━━━━━━━━━━━━━━━━━
[2026-07-23T19:11:24+02:00] [INFO] [deploy.sh] Appel reçu | channel=hardware:disk_alert source=hive_cycler args=
[2026-07-23T19:11:24+02:00] [INFO] [deploy.sh] Payload: {"disk": "/", "usage_pct": 62, "hostname": "TheHive", "msg": "Periodic disk check"}
[2026-07-23T19:11:24+02:00] [WARN] [deploy.sh] Aucun argument reconnu — utilisation: /home/aza/scripts/deploy.sh [--cleanup|--restart]
[2026-07-23T19:11:24+02:00] [INFO] [deploy.sh] Usage:
[2026-07-23T19:11:24+02:00] [INFO] [deploy.sh]   --cleanup   Nettoyer logs anciens, WAL, /tmp/adam-*
[2026-07-23T19:11:24+02:00] [INFO] [deploy.sh]   --restart   Redémarrer un service depuis ADAM_EVENT_PAYLOAD.service
[2026-07-23T19:11:24+02:00] [INFO] [deploy.sh] Terminé (exit 0)
[2026-07-23T19:15:41+02:00] [INFO] [deploy.sh] ━━━━━━━━━━━━━━━━━━━━━━━━━━━━━━━━━━━━━━━━━━━━━━━━
[2026-07-23T19:15:41+02:00] [INFO] [deploy.sh] Appel reçu | channel=service:down source=hive_cycler args=
[2026-07-23T19:15:41+02:00] [INFO] [deploy.sh] Payload: {"msg": "Health check ping", "hostname": "TheHive"}
[2026-07-23T19:15:41+02:00] [WARN] [deploy.sh] Aucun argument reconnu — utilisation: /home/aza/scripts/deploy.sh [--cleanup|--restart]
[2026-07-23T19:15:41+02:00] [INFO] [deploy.sh] Usage:
[2026-07-23T19:15:41+02:00] [INFO] [deploy.sh]   --cleanup   Nettoyer logs anciens, WAL, /tmp/adam-*
[2026-07-23T19:15:41+02:00] [INFO] [deploy.sh]   --restart   Redémarrer un service depuis ADAM_EVENT_PAYLOAD.service
[2026-07-23T19:15:41+02:00] [INFO] [deploy.sh] Terminé (exit 0)
[2026-07-23T19:15:45+02:00] [INFO] [deploy.sh] ━━━━━━━━━━━━━━━━━━━━━━━━━━━━━━━━━━━━━━━━━━━━━━━━
[2026-07-23T19:15:45+02:00] [INFO] [deploy.sh] Appel reçu | channel=hardware:disk_alert source=hive_cycler args=
[2026-07-23T19:15:45+02:00] [INFO] [deploy.sh] Payload: {"disk": "/", "usage_pct": 62, "hostname": "TheHive", "msg": "Periodic disk check"}
[2026-07-23T19:15:45+02:00] [WARN] [deploy.sh] Aucun argument reconnu — utilisation: /home/aza/scripts/deploy.sh [--cleanup|--restart]
[2026-07-23T19:15:45+02:00] [INFO] [deploy.sh] Usage:
[2026-07-23T19:15:45+02:00] [INFO] [deploy.sh]   --cleanup   Nettoyer logs anciens, WAL, /tmp/adam-*
[2026-07-23T19:15:45+02:00] [INFO] [deploy.sh]   --restart   Redémarrer un service depuis ADAM_EVENT_PAYLOAD.service
[2026-07-23T19:15:45+02:00] [INFO] [deploy.sh] Terminé (exit 0)
[2026-07-23T19:20:02+02:00] [INFO] [deploy.sh] ━━━━━━━━━━━━━━━━━━━━━━━━━━━━━━━━━━━━━━━━━━━━━━━━
[2026-07-23T19:20:02+02:00] [INFO] [deploy.sh] Appel reçu | channel=service:down source=hive_cycler args=
[2026-07-23T19:20:02+02:00] [INFO] [deploy.sh] Payload: {"msg": "Health check ping", "hostname": "TheHive"}
[2026-07-23T19:20:02+02:00] [WARN] [deploy.sh] Aucun argument reconnu — utilisation: /home/aza/scripts/deploy.sh [--cleanup|--restart]
[2026-07-23T19:20:02+02:00] [INFO] [deploy.sh] Usage:
[2026-07-23T19:20:02+02:00] [INFO] [deploy.sh]   --cleanup   Nettoyer logs anciens, WAL, /tmp/adam-*
[2026-07-23T19:20:02+02:00] [INFO] [deploy.sh]   --restart   Redémarrer un service depuis ADAM_EVENT_PAYLOAD.service
[2026-07-23T19:20:02+02:00] [INFO] [deploy.sh] Terminé (exit 0)
[2026-07-23T19:20:08+02:00] [INFO] [deploy.sh] ━━━━━━━━━━━━━━━━━━━━━━━━━━━━━━━━━━━━━━━━━━━━━━━━
[2026-07-23T19:20:08+02:00] [INFO] [deploy.sh] Appel reçu | channel=hardware:disk_alert source=hive_cycler args=
[2026-07-23T19:20:08+02:00] [INFO] [deploy.sh] Payload: {"disk": "/", "usage_pct": 62, "hostname": "TheHive", "msg": "Periodic disk check"}
[2026-07-23T19:20:08+02:00] [WARN] [deploy.sh] Aucun argument reconnu — utilisation: /home/aza/scripts/deploy.sh [--cleanup|--restart]
[2026-07-23T19:20:08+02:00] [INFO] [deploy.sh] Usage:
[2026-07-23T19:20:08+02:00] [INFO] [deploy.sh]   --cleanup   Nettoyer logs anciens, WAL, /tmp/adam-*
[2026-07-23T19:20:08+02:00] [INFO] [deploy.sh]   --restart   Redémarrer un service depuis ADAM_EVENT_PAYLOAD.service
[2026-07-23T19:20:08+02:00] [INFO] [deploy.sh] Terminé (exit 0)
[2026-07-23T19:24:23+02:00] [INFO] [deploy.sh] ━━━━━━━━━━━━━━━━━━━━━━━━━━━━━━━━━━━━━━━━━━━━━━━━
[2026-07-23T19:24:23+02:00] [INFO] [deploy.sh] Appel reçu | channel=service:down source=hive_cycler args=
[2026-07-23T19:24:23+02:00] [INFO] [deploy.sh] Payload: {"msg": "Health check ping", "hostname": "TheHive"}
[2026-07-23T19:24:23+02:00] [WARN] [deploy.sh] Aucun argument reconnu — utilisation: /home/aza/scripts/deploy.sh [--cleanup|--restart]
[2026-07-23T19:24:23+02:00] [INFO] [deploy.sh] Usage:
[2026-07-23T19:24:23+02:00] [INFO] [deploy.sh]   --cleanup   Nettoyer logs anciens, WAL, /tmp/adam-*
[2026-07-23T19:24:23+02:00] [INFO] [deploy.sh]   --restart   Redémarrer un service depuis ADAM_EVENT_PAYLOAD.service
[2026-07-23T19:24:23+02:00] [INFO] [deploy.sh] Terminé (exit 0)
[2026-07-23T19:24:29+02:00] [INFO] [deploy.sh] ━━━━━━━━━━━━━━━━━━━━━━━━━━━━━━━━━━━━━━━━━━━━━━━━
[2026-07-23T19:24:29+02:00] [INFO] [deploy.sh] Appel reçu | channel=hardware:disk_alert source=hive_cycler args=
[2026-07-23T19:24:29+02:00] [INFO] [deploy.sh] Payload: {"disk": "/", "usage_pct": 62, "hostname": "TheHive", "msg": "Periodic disk check"}
[2026-07-23T19:24:29+02:00] [WARN] [deploy.sh] Aucun argument reconnu — utilisation: /home/aza/scripts/deploy.sh [--cleanup|--restart]
[2026-07-23T19:24:29+02:00] [INFO] [deploy.sh] Usage:
[2026-07-23T19:24:29+02:00] [INFO] [deploy.sh]   --cleanup   Nettoyer logs anciens, WAL, /tmp/adam-*
[2026-07-23T19:24:29+02:00] [INFO] [deploy.sh]   --restart   Redémarrer un service depuis ADAM_EVENT_PAYLOAD.service
[2026-07-23T19:24:29+02:00] [INFO] [deploy.sh] Terminé (exit 0)
[2026-07-23T19:28:43+02:00] [INFO] [deploy.sh] ━━━━━━━━━━━━━━━━━━━━━━━━━━━━━━━━━━━━━━━━━━━━━━━━
[2026-07-23T19:28:43+02:00] [INFO] [deploy.sh] Appel reçu | channel=service:down source=hive_cycler args=
[2026-07-23T19:28:43+02:00] [INFO] [deploy.sh] Payload: {"msg": "Health check ping", "hostname": "TheHive"}
[2026-07-23T19:28:43+02:00] [WARN] [deploy.sh] Aucun argument reconnu — utilisation: /home/aza/scripts/deploy.sh [--cleanup|--restart]
[2026-07-23T19:28:43+02:00] [INFO] [deploy.sh] Usage:
[2026-07-23T19:28:43+02:00] [INFO] [deploy.sh]   --cleanup   Nettoyer logs anciens, WAL, /tmp/adam-*
[2026-07-23T19:28:43+02:00] [INFO] [deploy.sh]   --restart   Redémarrer un service depuis ADAM_EVENT_PAYLOAD.service
[2026-07-23T19:28:43+02:00] [INFO] [deploy.sh] Terminé (exit 0)
[2026-07-23T19:28:51+02:00] [INFO] [deploy.sh] ━━━━━━━━━━━━━━━━━━━━━━━━━━━━━━━━━━━━━━━━━━━━━━━━
[2026-07-23T19:28:51+02:00] [INFO] [deploy.sh] Appel reçu | channel=hardware:disk_alert source=hive_cycler args=
[2026-07-23T19:28:51+02:00] [INFO] [deploy.sh] Payload: {"disk": "/", "usage_pct": 62, "hostname": "TheHive", "msg": "Periodic disk check"}
[2026-07-23T19:28:51+02:00] [WARN] [deploy.sh] Aucun argument reconnu — utilisation: /home/aza/scripts/deploy.sh [--cleanup|--restart]
[2026-07-23T19:28:51+02:00] [INFO] [deploy.sh] Usage:
[2026-07-23T19:28:51+02:00] [INFO] [deploy.sh]   --cleanup   Nettoyer logs anciens, WAL, /tmp/adam-*
[2026-07-23T19:28:51+02:00] [INFO] [deploy.sh]   --restart   Redémarrer un service depuis ADAM_EVENT_PAYLOAD.service
[2026-07-23T19:28:51+02:00] [INFO] [deploy.sh] Terminé (exit 0)
[2026-07-23T19:33:06+02:00] [INFO] [deploy.sh] ━━━━━━━━━━━━━━━━━━━━━━━━━━━━━━━━━━━━━━━━━━━━━━━━
[2026-07-23T19:33:06+02:00] [INFO] [deploy.sh] Appel reçu | channel=service:down source=hive_cycler args=
[2026-07-23T19:33:06+02:00] [INFO] [deploy.sh] Payload: {"msg": "Health check ping", "hostname": "TheHive"}
[2026-07-23T19:33:06+02:00] [WARN] [deploy.sh] Aucun argument reconnu — utilisation: /home/aza/scripts/deploy.sh [--cleanup|--restart]
[2026-07-23T19:33:06+02:00] [INFO] [deploy.sh] Usage:
[2026-07-23T19:33:06+02:00] [INFO] [deploy.sh]   --cleanup   Nettoyer logs anciens, WAL, /tmp/adam-*
[2026-07-23T19:33:06+02:00] [INFO] [deploy.sh]   --restart   Redémarrer un service depuis ADAM_EVENT_PAYLOAD.service
[2026-07-23T19:33:06+02:00] [INFO] [deploy.sh] Terminé (exit 0)
[2026-07-23T19:33:10+02:00] [INFO] [deploy.sh] ━━━━━━━━━━━━━━━━━━━━━━━━━━━━━━━━━━━━━━━━━━━━━━━━
[2026-07-23T19:33:10+02:00] [INFO] [deploy.sh] Appel reçu | channel=hardware:disk_alert source=hive_cycler args=
[2026-07-23T19:33:10+02:00] [INFO] [deploy.sh] Payload: {"disk": "/", "usage_pct": 62, "hostname": "TheHive", "msg": "Periodic disk check"}
[2026-07-23T19:33:10+02:00] [WARN] [deploy.sh] Aucun argument reconnu — utilisation: /home/aza/scripts/deploy.sh [--cleanup|--restart]
[2026-07-23T19:33:10+02:00] [INFO] [deploy.sh] Usage:
[2026-07-23T19:33:10+02:00] [INFO] [deploy.sh]   --cleanup   Nettoyer logs anciens, WAL, /tmp/adam-*
[2026-07-23T19:33:10+02:00] [INFO] [deploy.sh]   --restart   Redémarrer un service depuis ADAM_EVENT_PAYLOAD.service
[2026-07-23T19:33:10+02:00] [INFO] [deploy.sh] Terminé (exit 0)
[2026-07-23T19:37:27+02:00] [INFO] [deploy.sh] ━━━━━━━━━━━━━━━━━━━━━━━━━━━━━━━━━━━━━━━━━━━━━━━━
[2026-07-23T19:37:27+02:00] [INFO] [deploy.sh] Appel reçu | channel=service:down source=hive_cycler args=
[2026-07-23T19:37:27+02:00] [INFO] [deploy.sh] Payload: {"msg": "Health check ping", "hostname": "TheHive"}
[2026-07-23T19:37:27+02:00] [WARN] [deploy.sh] Aucun argument reconnu — utilisation: /home/aza/scripts/deploy.sh [--cleanup|--restart]
[2026-07-23T19:37:27+02:00] [INFO] [deploy.sh] Usage:
[2026-07-23T19:37:27+02:00] [INFO] [deploy.sh]   --cleanup   Nettoyer logs anciens, WAL, /tmp/adam-*
[2026-07-23T19:37:27+02:00] [INFO] [deploy.sh]   --restart   Redémarrer un service depuis ADAM_EVENT_PAYLOAD.service
[2026-07-23T19:37:27+02:00] [INFO] [deploy.sh] Terminé (exit 0)
[2026-07-23T19:37:33+02:00] [INFO] [deploy.sh] ━━━━━━━━━━━━━━━━━━━━━━━━━━━━━━━━━━━━━━━━━━━━━━━━
[2026-07-23T19:37:33+02:00] [INFO] [deploy.sh] Appel reçu | channel=hardware:disk_alert source=hive_cycler args=
[2026-07-23T19:37:33+02:00] [INFO] [deploy.sh] Payload: {"disk": "/", "usage_pct": 62, "hostname": "TheHive", "msg": "Periodic disk check"}
[2026-07-23T19:37:33+02:00] [WARN] [deploy.sh] Aucun argument reconnu — utilisation: /home/aza/scripts/deploy.sh [--cleanup|--restart]
[2026-07-23T19:37:33+02:00] [INFO] [deploy.sh] Usage:
[2026-07-23T19:37:33+02:00] [INFO] [deploy.sh]   --cleanup   Nettoyer logs anciens, WAL, /tmp/adam-*
[2026-07-23T19:37:33+02:00] [INFO] [deploy.sh]   --restart   Redémarrer un service depuis ADAM_EVENT_PAYLOAD.service
[2026-07-23T19:37:33+02:00] [INFO] [deploy.sh] Terminé (exit 0)
[2026-07-23T19:41:47+02:00] [INFO] [deploy.sh] ━━━━━━━━━━━━━━━━━━━━━━━━━━━━━━━━━━━━━━━━━━━━━━━━
[2026-07-23T19:41:48+02:00] [INFO] [deploy.sh] Appel reçu | channel=service:down source=hive_cycler args=
[2026-07-23T19:41:48+02:00] [INFO] [deploy.sh] Payload: {"msg": "Health check ping", "hostname": "TheHive"}
[2026-07-23T19:41:48+02:00] [WARN] [deploy.sh] Aucun argument reconnu — utilisation: /home/aza/scripts/deploy.sh [--cleanup|--restart]
[2026-07-23T19:41:48+02:00] [INFO] [deploy.sh] Usage:
[2026-07-23T19:41:48+02:00] [INFO] [deploy.sh]   --cleanup   Nettoyer logs anciens, WAL, /tmp/adam-*
[2026-07-23T19:41:48+02:00] [INFO] [deploy.sh]   --restart   Redémarrer un service depuis ADAM_EVENT_PAYLOAD.service
[2026-07-23T19:41:48+02:00] [INFO] [deploy.sh] Terminé (exit 0)
[2026-07-23T19:41:54+02:00] [INFO] [deploy.sh] ━━━━━━━━━━━━━━━━━━━━━━━━━━━━━━━━━━━━━━━━━━━━━━━━
[2026-07-23T19:41:54+02:00] [INFO] [deploy.sh] Appel reçu | channel=hardware:disk_alert source=hive_cycler args=
[2026-07-23T19:41:54+02:00] [INFO] [deploy.sh] Payload: {"disk": "/", "usage_pct": 62, "hostname": "TheHive", "msg": "Periodic disk check"}
[2026-07-23T19:41:54+02:00] [WARN] [deploy.sh] Aucun argument reconnu — utilisation: /home/aza/scripts/deploy.sh [--cleanup|--restart]
[2026-07-23T19:41:54+02:00] [INFO] [deploy.sh] Usage:
[2026-07-23T19:41:54+02:00] [INFO] [deploy.sh]   --cleanup   Nettoyer logs anciens, WAL, /tmp/adam-*
[2026-07-23T19:41:54+02:00] [INFO] [deploy.sh]   --restart   Redémarrer un service depuis ADAM_EVENT_PAYLOAD.service
[2026-07-23T19:41:54+02:00] [INFO] [deploy.sh] Terminé (exit 0)
[2026-07-23T19:46:08+02:00] [INFO] [deploy.sh] ━━━━━━━━━━━━━━━━━━━━━━━━━━━━━━━━━━━━━━━━━━━━━━━━
[2026-07-23T19:46:08+02:00] [INFO] [deploy.sh] Appel reçu | channel=service:down source=hive_cycler args=
[2026-07-23T19:46:08+02:00] [INFO] [deploy.sh] Payload: {"msg": "Health check ping", "hostname": "TheHive"}
[2026-07-23T19:46:08+02:00] [WARN] [deploy.sh] Aucun argument reconnu — utilisation: /home/aza/scripts/deploy.sh [--cleanup|--restart]
[2026-07-23T19:46:08+02:00] [INFO] [deploy.sh] Usage:
[2026-07-23T19:46:08+02:00] [INFO] [deploy.sh]   --cleanup   Nettoyer logs anciens, WAL, /tmp/adam-*
[2026-07-23T19:46:08+02:00] [INFO] [deploy.sh]   --restart   Redémarrer un service depuis ADAM_EVENT_PAYLOAD.service
[2026-07-23T19:46:08+02:00] [INFO] [deploy.sh] Terminé (exit 0)
[2026-07-23T19:46:16+02:00] [INFO] [deploy.sh] ━━━━━━━━━━━━━━━━━━━━━━━━━━━━━━━━━━━━━━━━━━━━━━━━
[2026-07-23T19:46:16+02:00] [INFO] [deploy.sh] Appel reçu | channel=hardware:disk_alert source=hive_cycler args=
[2026-07-23T19:46:16+02:00] [INFO] [deploy.sh] Payload: {"disk": "/", "usage_pct": 62, "hostname": "TheHive", "msg": "Periodic disk check"}
[2026-07-23T19:46:16+02:00] [WARN] [deploy.sh] Aucun argument reconnu — utilisation: /home/aza/scripts/deploy.sh [--cleanup|--restart]
[2026-07-23T19:46:16+02:00] [INFO] [deploy.sh] Usage:
[2026-07-23T19:46:16+02:00] [INFO] [deploy.sh]   --cleanup   Nettoyer logs anciens, WAL, /tmp/adam-*
[2026-07-23T19:46:16+02:00] [INFO] [deploy.sh]   --restart   Redémarrer un service depuis ADAM_EVENT_PAYLOAD.service
[2026-07-23T19:46:16+02:00] [INFO] [deploy.sh] Terminé (exit 0)
[2026-07-23T19:50:31+02:00] [INFO] [deploy.sh] ━━━━━━━━━━━━━━━━━━━━━━━━━━━━━━━━━━━━━━━━━━━━━━━━
[2026-07-23T19:50:31+02:00] [INFO] [deploy.sh] Appel reçu | channel=service:down source=hive_cycler args=
[2026-07-23T19:50:31+02:00] [INFO] [deploy.sh] Payload: {"msg": "Health check ping", "hostname": "TheHive"}
[2026-07-23T19:50:31+02:00] [WARN] [deploy.sh] Aucun argument reconnu — utilisation: /home/aza/scripts/deploy.sh [--cleanup|--restart]
[2026-07-23T19:50:31+02:00] [INFO] [deploy.sh] Usage:
[2026-07-23T19:50:31+02:00] [INFO] [deploy.sh]   --cleanup   Nettoyer logs anciens, WAL, /tmp/adam-*
[2026-07-23T19:50:31+02:00] [INFO] [deploy.sh]   --restart   Redémarrer un service depuis ADAM_EVENT_PAYLOAD.service
[2026-07-23T19:50:31+02:00] [INFO] [deploy.sh] Terminé (exit 0)
[2026-07-23T19:50:35+02:00] [INFO] [deploy.sh] ━━━━━━━━━━━━━━━━━━━━━━━━━━━━━━━━━━━━━━━━━━━━━━━━
[2026-07-23T19:50:35+02:00] [INFO] [deploy.sh] Appel reçu | channel=hardware:disk_alert source=hive_cycler args=
[2026-07-23T19:50:35+02:00] [INFO] [deploy.sh] Payload: {"disk": "/", "usage_pct": 63, "hostname": "TheHive", "msg": "Periodic disk check"}
[2026-07-23T19:50:35+02:00] [WARN] [deploy.sh] Aucun argument reconnu — utilisation: /home/aza/scripts/deploy.sh [--cleanup|--restart]
[2026-07-23T19:50:35+02:00] [INFO] [deploy.sh] Usage:
[2026-07-23T19:50:35+02:00] [INFO] [deploy.sh]   --cleanup   Nettoyer logs anciens, WAL, /tmp/adam-*
[2026-07-23T19:50:35+02:00] [INFO] [deploy.sh]   --restart   Redémarrer un service depuis ADAM_EVENT_PAYLOAD.service
[2026-07-23T19:50:35+02:00] [INFO] [deploy.sh] Terminé (exit 0)
[2026-07-23T19:54:52+02:00] [INFO] [deploy.sh] ━━━━━━━━━━━━━━━━━━━━━━━━━━━━━━━━━━━━━━━━━━━━━━━━
[2026-07-23T19:54:52+02:00] [INFO] [deploy.sh] Appel reçu | channel=service:down source=hive_cycler args=
[2026-07-23T19:54:52+02:00] [INFO] [deploy.sh] Payload: {"msg": "Health check ping", "hostname": "TheHive"}
[2026-07-23T19:54:52+02:00] [WARN] [deploy.sh] Aucun argument reconnu — utilisation: /home/aza/scripts/deploy.sh [--cleanup|--restart]
[2026-07-23T19:54:52+02:00] [INFO] [deploy.sh] Usage:
[2026-07-23T19:54:52+02:00] [INFO] [deploy.sh]   --cleanup   Nettoyer logs anciens, WAL, /tmp/adam-*
[2026-07-23T19:54:52+02:00] [INFO] [deploy.sh]   --restart   Redémarrer un service depuis ADAM_EVENT_PAYLOAD.service
[2026-07-23T19:54:52+02:00] [INFO] [deploy.sh] Terminé (exit 0)
[2026-07-23T19:54:58+02:00] [INFO] [deploy.sh] ━━━━━━━━━━━━━━━━━━━━━━━━━━━━━━━━━━━━━━━━━━━━━━━━
[2026-07-23T19:54:58+02:00] [INFO] [deploy.sh] Appel reçu | channel=hardware:disk_alert source=hive_cycler args=
[2026-07-23T19:54:58+02:00] [INFO] [deploy.sh] Payload: {"disk": "/", "usage_pct": 63, "hostname": "TheHive", "msg": "Periodic disk check"}
[2026-07-23T19:54:58+02:00] [WARN] [deploy.sh] Aucun argument reconnu — utilisation: /home/aza/scripts/deploy.sh [--cleanup|--restart]
[2026-07-23T19:54:58+02:00] [INFO] [deploy.sh] Usage:
[2026-07-23T19:54:58+02:00] [INFO] [deploy.sh]   --cleanup   Nettoyer logs anciens, WAL, /tmp/adam-*
[2026-07-23T19:54:58+02:00] [INFO] [deploy.sh]   --restart   Redémarrer un service depuis ADAM_EVENT_PAYLOAD.service
[2026-07-23T19:54:58+02:00] [INFO] [deploy.sh] Terminé (exit 0)
[2026-07-23T19:59:13+02:00] [INFO] [deploy.sh] ━━━━━━━━━━━━━━━━━━━━━━━━━━━━━━━━━━━━━━━━━━━━━━━━
[2026-07-23T19:59:13+02:00] [INFO] [deploy.sh] Appel reçu | channel=service:down source=hive_cycler args=
[2026-07-23T19:59:13+02:00] [INFO] [deploy.sh] Payload: {"msg": "Health check ping", "hostname": "TheHive"}
[2026-07-23T19:59:13+02:00] [WARN] [deploy.sh] Aucun argument reconnu — utilisation: /home/aza/scripts/deploy.sh [--cleanup|--restart]
[2026-07-23T19:59:13+02:00] [INFO] [deploy.sh] Usage:
[2026-07-23T19:59:13+02:00] [INFO] [deploy.sh]   --cleanup   Nettoyer logs anciens, WAL, /tmp/adam-*
[2026-07-23T19:59:13+02:00] [INFO] [deploy.sh]   --restart   Redémarrer un service depuis ADAM_EVENT_PAYLOAD.service
[2026-07-23T19:59:13+02:00] [INFO] [deploy.sh] Terminé (exit 0)
[2026-07-23T19:59:19+02:00] [INFO] [deploy.sh] ━━━━━━━━━━━━━━━━━━━━━━━━━━━━━━━━━━━━━━━━━━━━━━━━
[2026-07-23T19:59:19+02:00] [INFO] [deploy.sh] Appel reçu | channel=hardware:disk_alert source=hive_cycler args=
[2026-07-23T19:59:19+02:00] [INFO] [deploy.sh] Payload: {"disk": "/", "usage_pct": 63, "hostname": "TheHive", "msg": "Periodic disk check"}
[2026-07-23T19:59:19+02:00] [WARN] [deploy.sh] Aucun argument reconnu — utilisation: /home/aza/scripts/deploy.sh [--cleanup|--restart]
[2026-07-23T19:59:19+02:00] [INFO] [deploy.sh] Usage:
[2026-07-23T19:59:19+02:00] [INFO] [deploy.sh]   --cleanup   Nettoyer logs anciens, WAL, /tmp/adam-*
[2026-07-23T19:59:19+02:00] [INFO] [deploy.sh]   --restart   Redémarrer un service depuis ADAM_EVENT_PAYLOAD.service
[2026-07-23T19:59:19+02:00] [INFO] [deploy.sh] Terminé (exit 0)
[2026-07-23T20:03:34+02:00] [INFO] [deploy.sh] ━━━━━━━━━━━━━━━━━━━━━━━━━━━━━━━━━━━━━━━━━━━━━━━━
[2026-07-23T20:03:34+02:00] [INFO] [deploy.sh] Appel reçu | channel=service:down source=hive_cycler args=
[2026-07-23T20:03:34+02:00] [INFO] [deploy.sh] Payload: {"msg": "Health check ping", "hostname": "TheHive"}
[2026-07-23T20:03:34+02:00] [WARN] [deploy.sh] Aucun argument reconnu — utilisation: /home/aza/scripts/deploy.sh [--cleanup|--restart]
[2026-07-23T20:03:34+02:00] [INFO] [deploy.sh] Usage:
[2026-07-23T20:03:34+02:00] [INFO] [deploy.sh]   --cleanup   Nettoyer logs anciens, WAL, /tmp/adam-*
[2026-07-23T20:03:34+02:00] [INFO] [deploy.sh]   --restart   Redémarrer un service depuis ADAM_EVENT_PAYLOAD.service
[2026-07-23T20:03:34+02:00] [INFO] [deploy.sh] Terminé (exit 0)
[2026-07-23T20:03:40+02:00] [INFO] [deploy.sh] ━━━━━━━━━━━━━━━━━━━━━━━━━━━━━━━━━━━━━━━━━━━━━━━━
[2026-07-23T20:03:40+02:00] [INFO] [deploy.sh] Appel reçu | channel=hardware:disk_alert source=hive_cycler args=
[2026-07-23T20:03:40+02:00] [INFO] [deploy.sh] Payload: {"disk": "/", "usage_pct": 63, "hostname": "TheHive", "msg": "Periodic disk check"}
[2026-07-23T20:03:40+02:00] [WARN] [deploy.sh] Aucun argument reconnu — utilisation: /home/aza/scripts/deploy.sh [--cleanup|--restart]
[2026-07-23T20:03:40+02:00] [INFO] [deploy.sh] Usage:
[2026-07-23T20:03:40+02:00] [INFO] [deploy.sh]   --cleanup   Nettoyer logs anciens, WAL, /tmp/adam-*
[2026-07-23T20:03:40+02:00] [INFO] [deploy.sh]   --restart   Redémarrer un service depuis ADAM_EVENT_PAYLOAD.service
[2026-07-23T20:03:40+02:00] [INFO] [deploy.sh] Terminé (exit 0)
[2026-07-23T20:07:54+02:00] [INFO] [deploy.sh] ━━━━━━━━━━━━━━━━━━━━━━━━━━━━━━━━━━━━━━━━━━━━━━━━
[2026-07-23T20:07:54+02:00] [INFO] [deploy.sh] Appel reçu | channel=service:down source=hive_cycler args=
[2026-07-23T20:07:54+02:00] [INFO] [deploy.sh] Payload: {"msg": "Health check ping", "hostname": "TheHive"}
[2026-07-23T20:07:54+02:00] [WARN] [deploy.sh] Aucun argument reconnu — utilisation: /home/aza/scripts/deploy.sh [--cleanup|--restart]
[2026-07-23T20:07:54+02:00] [INFO] [deploy.sh] Usage:
[2026-07-23T20:07:54+02:00] [INFO] [deploy.sh]   --cleanup   Nettoyer logs anciens, WAL, /tmp/adam-*
[2026-07-23T20:07:54+02:00] [INFO] [deploy.sh]   --restart   Redémarrer un service depuis ADAM_EVENT_PAYLOAD.service
[2026-07-23T20:07:54+02:00] [INFO] [deploy.sh] Terminé (exit 0)
[2026-07-23T20:08:02+02:00] [INFO] [deploy.sh] ━━━━━━━━━━━━━━━━━━━━━━━━━━━━━━━━━━━━━━━━━━━━━━━━
[2026-07-23T20:08:02+02:00] [INFO] [deploy.sh] Appel reçu | channel=hardware:disk_alert source=hive_cycler args=
[2026-07-23T20:08:02+02:00] [INFO] [deploy.sh] Payload: {"disk": "/", "usage_pct": 63, "hostname": "TheHive", "msg": "Periodic disk check"}
[2026-07-23T20:08:02+02:00] [WARN] [deploy.sh] Aucun argument reconnu — utilisation: /home/aza/scripts/deploy.sh [--cleanup|--restart]
[2026-07-23T20:08:02+02:00] [INFO] [deploy.sh] Usage:
[2026-07-23T20:08:02+02:00] [INFO] [deploy.sh]   --cleanup   Nettoyer logs anciens, WAL, /tmp/adam-*
[2026-07-23T20:08:02+02:00] [INFO] [deploy.sh]   --restart   Redémarrer un service depuis ADAM_EVENT_PAYLOAD.service
[2026-07-23T20:08:02+02:00] [INFO] [deploy.sh] Terminé (exit 0)
[2026-07-23T20:12:15+02:00] [INFO] [deploy.sh] ━━━━━━━━━━━━━━━━━━━━━━━━━━━━━━━━━━━━━━━━━━━━━━━━
[2026-07-23T20:12:15+02:00] [INFO] [deploy.sh] Appel reçu | channel=service:down source=hive_cycler args=
[2026-07-23T20:12:15+02:00] [INFO] [deploy.sh] Payload: {"msg": "Health check ping", "hostname": "TheHive"}
[2026-07-23T20:12:15+02:00] [WARN] [deploy.sh] Aucun argument reconnu — utilisation: /home/aza/scripts/deploy.sh [--cleanup|--restart]
[2026-07-23T20:12:15+02:00] [INFO] [deploy.sh] Usage:
[2026-07-23T20:12:15+02:00] [INFO] [deploy.sh]   --cleanup   Nettoyer logs anciens, WAL, /tmp/adam-*
[2026-07-23T20:12:15+02:00] [INFO] [deploy.sh]   --restart   Redémarrer un service depuis ADAM_EVENT_PAYLOAD.service
[2026-07-23T20:12:15+02:00] [INFO] [deploy.sh] Terminé (exit 0)
[2026-07-23T20:12:23+02:00] [INFO] [deploy.sh] ━━━━━━━━━━━━━━━━━━━━━━━━━━━━━━━━━━━━━━━━━━━━━━━━
[2026-07-23T20:12:23+02:00] [INFO] [deploy.sh] Appel reçu | channel=hardware:disk_alert source=hive_cycler args=
[2026-07-23T20:12:23+02:00] [INFO] [deploy.sh] Payload: {"disk": "/", "usage_pct": 63, "hostname": "TheHive", "msg": "Periodic disk check"}
[2026-07-23T20:12:23+02:00] [WARN] [deploy.sh] Aucun argument reconnu — utilisation: /home/aza/scripts/deploy.sh [--cleanup|--restart]
[2026-07-23T20:12:23+02:00] [INFO] [deploy.sh] Usage:
[2026-07-23T20:12:23+02:00] [INFO] [deploy.sh]   --cleanup   Nettoyer logs anciens, WAL, /tmp/adam-*
[2026-07-23T20:12:23+02:00] [INFO] [deploy.sh]   --restart   Redémarrer un service depuis ADAM_EVENT_PAYLOAD.service
[2026-07-23T20:12:23+02:00] [INFO] [deploy.sh] Terminé (exit 0)
[2026-07-23T20:16:38+02:00] [INFO] [deploy.sh] ━━━━━━━━━━━━━━━━━━━━━━━━━━━━━━━━━━━━━━━━━━━━━━━━
[2026-07-23T20:16:38+02:00] [INFO] [deploy.sh] Appel reçu | channel=service:down source=hive_cycler args=
[2026-07-23T20:16:38+02:00] [INFO] [deploy.sh] Payload: {"msg": "Health check ping", "hostname": "TheHive"}
[2026-07-23T20:16:38+02:00] [WARN] [deploy.sh] Aucun argument reconnu — utilisation: /home/aza/scripts/deploy.sh [--cleanup|--restart]
[2026-07-23T20:16:38+02:00] [INFO] [deploy.sh] Usage:
[2026-07-23T20:16:38+02:00] [INFO] [deploy.sh]   --cleanup   Nettoyer logs anciens, WAL, /tmp/adam-*
[2026-07-23T20:16:38+02:00] [INFO] [deploy.sh]   --restart   Redémarrer un service depuis ADAM_EVENT_PAYLOAD.service
[2026-07-23T20:16:38+02:00] [INFO] [deploy.sh] Terminé (exit 0)
[2026-07-23T20:16:42+02:00] [INFO] [deploy.sh] ━━━━━━━━━━━━━━━━━━━━━━━━━━━━━━━━━━━━━━━━━━━━━━━━
[2026-07-23T20:16:42+02:00] [INFO] [deploy.sh] Appel reçu | channel=hardware:disk_alert source=hive_cycler args=
[2026-07-23T20:16:42+02:00] [INFO] [deploy.sh] Payload: {"disk": "/", "usage_pct": 63, "hostname": "TheHive", "msg": "Periodic disk check"}
[2026-07-23T20:16:42+02:00] [WARN] [deploy.sh] Aucun argument reconnu — utilisation: /home/aza/scripts/deploy.sh [--cleanup|--restart]
[2026-07-23T20:16:42+02:00] [INFO] [deploy.sh] Usage:
[2026-07-23T20:16:42+02:00] [INFO] [deploy.sh]   --cleanup   Nettoyer logs anciens, WAL, /tmp/adam-*
[2026-07-23T20:16:42+02:00] [INFO] [deploy.sh]   --restart   Redémarrer un service depuis ADAM_EVENT_PAYLOAD.service
[2026-07-23T20:16:42+02:00] [INFO] [deploy.sh] Terminé (exit 0)
[2026-07-23T20:20:59+02:00] [INFO] [deploy.sh] ━━━━━━━━━━━━━━━━━━━━━━━━━━━━━━━━━━━━━━━━━━━━━━━━
[2026-07-23T20:20:59+02:00] [INFO] [deploy.sh] Appel reçu | channel=service:down source=hive_cycler args=
[2026-07-23T20:20:59+02:00] [INFO] [deploy.sh] Payload: {"msg": "Health check ping", "hostname": "TheHive"}
[2026-07-23T20:20:59+02:00] [WARN] [deploy.sh] Aucun argument reconnu — utilisation: /home/aza/scripts/deploy.sh [--cleanup|--restart]
[2026-07-23T20:20:59+02:00] [INFO] [deploy.sh] Usage:
[2026-07-23T20:20:59+02:00] [INFO] [deploy.sh]   --cleanup   Nettoyer logs anciens, WAL, /tmp/adam-*
[2026-07-23T20:20:59+02:00] [INFO] [deploy.sh]   --restart   Redémarrer un service depuis ADAM_EVENT_PAYLOAD.service
[2026-07-23T20:20:59+02:00] [INFO] [deploy.sh] Terminé (exit 0)
[2026-07-23T20:21:03+02:00] [INFO] [deploy.sh] ━━━━━━━━━━━━━━━━━━━━━━━━━━━━━━━━━━━━━━━━━━━━━━━━
[2026-07-23T20:21:03+02:00] [INFO] [deploy.sh] Appel reçu | channel=hardware:disk_alert source=hive_cycler args=
[2026-07-23T20:21:03+02:00] [INFO] [deploy.sh] Payload: {"disk": "/", "usage_pct": 63, "hostname": "TheHive", "msg": "Periodic disk check"}
[2026-07-23T20:21:03+02:00] [WARN] [deploy.sh] Aucun argument reconnu — utilisation: /home/aza/scripts/deploy.sh [--cleanup|--restart]
[2026-07-23T20:21:03+02:00] [INFO] [deploy.sh] Usage:
[2026-07-23T20:21:03+02:00] [INFO] [deploy.sh]   --cleanup   Nettoyer logs anciens, WAL, /tmp/adam-*
[2026-07-23T20:21:03+02:00] [INFO] [deploy.sh]   --restart   Redémarrer un service depuis ADAM_EVENT_PAYLOAD.service
[2026-07-23T20:21:03+02:00] [INFO] [deploy.sh] Terminé (exit 0)
[2026-07-23T20:25:20+02:00] [INFO] [deploy.sh] ━━━━━━━━━━━━━━━━━━━━━━━━━━━━━━━━━━━━━━━━━━━━━━━━
[2026-07-23T20:25:20+02:00] [INFO] [deploy.sh] Appel reçu | channel=service:down source=hive_cycler args=
[2026-07-23T20:25:20+02:00] [INFO] [deploy.sh] Payload: {"msg": "Health check ping", "hostname": "TheHive"}
[2026-07-23T20:25:20+02:00] [WARN] [deploy.sh] Aucun argument reconnu — utilisation: /home/aza/scripts/deploy.sh [--cleanup|--restart]
[2026-07-23T20:25:20+02:00] [INFO] [deploy.sh] Usage:
[2026-07-23T20:25:20+02:00] [INFO] [deploy.sh]   --cleanup   Nettoyer logs anciens, WAL, /tmp/adam-*
[2026-07-23T20:25:20+02:00] [INFO] [deploy.sh]   --restart   Redémarrer un service depuis ADAM_EVENT_PAYLOAD.service
[2026-07-23T20:25:20+02:00] [INFO] [deploy.sh] Terminé (exit 0)
[2026-07-23T20:25:26+02:00] [INFO] [deploy.sh] ━━━━━━━━━━━━━━━━━━━━━━━━━━━━━━━━━━━━━━━━━━━━━━━━
[2026-07-23T20:25:26+02:00] [INFO] [deploy.sh] Appel reçu | channel=hardware:disk_alert source=hive_cycler args=
[2026-07-23T20:25:26+02:00] [INFO] [deploy.sh] Payload: {"disk": "/", "usage_pct": 63, "hostname": "TheHive", "msg": "Periodic disk check"}
[2026-07-23T20:25:26+02:00] [WARN] [deploy.sh] Aucun argument reconnu — utilisation: /home/aza/scripts/deploy.sh [--cleanup|--restart]
[2026-07-23T20:25:26+02:00] [INFO] [deploy.sh] Usage:
[2026-07-23T20:25:26+02:00] [INFO] [deploy.sh]   --cleanup   Nettoyer logs anciens, WAL, /tmp/adam-*
[2026-07-23T20:25:26+02:00] [INFO] [deploy.sh]   --restart   Redémarrer un service depuis ADAM_EVENT_PAYLOAD.service
[2026-07-23T20:25:26+02:00] [INFO] [deploy.sh] Terminé (exit 0)
[2026-07-23T20:29:41+02:00] [INFO] [deploy.sh] ━━━━━━━━━━━━━━━━━━━━━━━━━━━━━━━━━━━━━━━━━━━━━━━━
[2026-07-23T20:29:41+02:00] [INFO] [deploy.sh] Appel reçu | channel=service:down source=hive_cycler args=
[2026-07-23T20:29:41+02:00] [INFO] [deploy.sh] Payload: {"msg": "Health check ping", "hostname": "TheHive"}
[2026-07-23T20:29:41+02:00] [WARN] [deploy.sh] Aucun argument reconnu — utilisation: /home/aza/scripts/deploy.sh [--cleanup|--restart]
[2026-07-23T20:29:41+02:00] [INFO] [deploy.sh] Usage:
[2026-07-23T20:29:41+02:00] [INFO] [deploy.sh]   --cleanup   Nettoyer logs anciens, WAL, /tmp/adam-*
[2026-07-23T20:29:41+02:00] [INFO] [deploy.sh]   --restart   Redémarrer un service depuis ADAM_EVENT_PAYLOAD.service
[2026-07-23T20:29:41+02:00] [INFO] [deploy.sh] Terminé (exit 0)
[2026-07-23T20:29:47+02:00] [INFO] [deploy.sh] ━━━━━━━━━━━━━━━━━━━━━━━━━━━━━━━━━━━━━━━━━━━━━━━━
[2026-07-23T20:29:47+02:00] [INFO] [deploy.sh] Appel reçu | channel=hardware:disk_alert source=hive_cycler args=
[2026-07-23T20:29:47+02:00] [INFO] [deploy.sh] Payload: {"disk": "/", "usage_pct": 63, "hostname": "TheHive", "msg": "Periodic disk check"}
[2026-07-23T20:29:47+02:00] [WARN] [deploy.sh] Aucun argument reconnu — utilisation: /home/aza/scripts/deploy.sh [--cleanup|--restart]
[2026-07-23T20:29:47+02:00] [INFO] [deploy.sh] Usage:
[2026-07-23T20:29:47+02:00] [INFO] [deploy.sh]   --cleanup   Nettoyer logs anciens, WAL, /tmp/adam-*
[2026-07-23T20:29:47+02:00] [INFO] [deploy.sh]   --restart   Redémarrer un service depuis ADAM_EVENT_PAYLOAD.service
[2026-07-23T20:29:47+02:00] [INFO] [deploy.sh] Terminé (exit 0)
[2026-07-23T20:34:02+02:00] [INFO] [deploy.sh] ━━━━━━━━━━━━━━━━━━━━━━━━━━━━━━━━━━━━━━━━━━━━━━━━
[2026-07-23T20:34:02+02:00] [INFO] [deploy.sh] Appel reçu | channel=service:down source=hive_cycler args=
[2026-07-23T20:34:02+02:00] [INFO] [deploy.sh] Payload: {"msg": "Health check ping", "hostname": "TheHive"}
[2026-07-23T20:34:02+02:00] [WARN] [deploy.sh] Aucun argument reconnu — utilisation: /home/aza/scripts/deploy.sh [--cleanup|--restart]
[2026-07-23T20:34:02+02:00] [INFO] [deploy.sh] Usage:
[2026-07-23T20:34:02+02:00] [INFO] [deploy.sh]   --cleanup   Nettoyer logs anciens, WAL, /tmp/adam-*
[2026-07-23T20:34:02+02:00] [INFO] [deploy.sh]   --restart   Redémarrer un service depuis ADAM_EVENT_PAYLOAD.service
[2026-07-23T20:34:02+02:00] [INFO] [deploy.sh] Terminé (exit 0)
[2026-07-23T20:34:08+02:00] [INFO] [deploy.sh] ━━━━━━━━━━━━━━━━━━━━━━━━━━━━━━━━━━━━━━━━━━━━━━━━
[2026-07-23T20:34:08+02:00] [INFO] [deploy.sh] Appel reçu | channel=hardware:disk_alert source=hive_cycler args=
[2026-07-23T20:34:08+02:00] [INFO] [deploy.sh] Payload: {"disk": "/", "usage_pct": 63, "hostname": "TheHive", "msg": "Periodic disk check"}
[2026-07-23T20:34:08+02:00] [WARN] [deploy.sh] Aucun argument reconnu — utilisation: /home/aza/scripts/deploy.sh [--cleanup|--restart]
[2026-07-23T20:34:08+02:00] [INFO] [deploy.sh] Usage:
[2026-07-23T20:34:08+02:00] [INFO] [deploy.sh]   --cleanup   Nettoyer logs anciens, WAL, /tmp/adam-*
[2026-07-23T20:34:08+02:00] [INFO] [deploy.sh]   --restart   Redémarrer un service depuis ADAM_EVENT_PAYLOAD.service
[2026-07-23T20:34:08+02:00] [INFO] [deploy.sh] Terminé (exit 0)
[2026-07-23T20:38:23+02:00] [INFO] [deploy.sh] ━━━━━━━━━━━━━━━━━━━━━━━━━━━━━━━━━━━━━━━━━━━━━━━━
[2026-07-23T20:38:23+02:00] [INFO] [deploy.sh] Appel reçu | channel=service:down source=hive_cycler args=
[2026-07-23T20:38:23+02:00] [INFO] [deploy.sh] Payload: {"msg": "Health check ping", "hostname": "TheHive"}
[2026-07-23T20:38:23+02:00] [WARN] [deploy.sh] Aucun argument reconnu — utilisation: /home/aza/scripts/deploy.sh [--cleanup|--restart]
[2026-07-23T20:38:23+02:00] [INFO] [deploy.sh] Usage:
[2026-07-23T20:38:23+02:00] [INFO] [deploy.sh]   --cleanup   Nettoyer logs anciens, WAL, /tmp/adam-*
[2026-07-23T20:38:23+02:00] [INFO] [deploy.sh]   --restart   Redémarrer un service depuis ADAM_EVENT_PAYLOAD.service
[2026-07-23T20:38:23+02:00] [INFO] [deploy.sh] Terminé (exit 0)
[2026-07-23T20:38:29+02:00] [INFO] [deploy.sh] ━━━━━━━━━━━━━━━━━━━━━━━━━━━━━━━━━━━━━━━━━━━━━━━━
[2026-07-23T20:38:29+02:00] [INFO] [deploy.sh] Appel reçu | channel=hardware:disk_alert source=hive_cycler args=
[2026-07-23T20:38:29+02:00] [INFO] [deploy.sh] Payload: {"disk": "/", "usage_pct": 63, "hostname": "TheHive", "msg": "Periodic disk check"}
[2026-07-23T20:38:29+02:00] [WARN] [deploy.sh] Aucun argument reconnu — utilisation: /home/aza/scripts/deploy.sh [--cleanup|--restart]
[2026-07-23T20:38:29+02:00] [INFO] [deploy.sh] Usage:
[2026-07-23T20:38:29+02:00] [INFO] [deploy.sh]   --cleanup   Nettoyer logs anciens, WAL, /tmp/adam-*
[2026-07-23T20:38:29+02:00] [INFO] [deploy.sh]   --restart   Redémarrer un service depuis ADAM_EVENT_PAYLOAD.service
[2026-07-23T20:38:29+02:00] [INFO] [deploy.sh] Terminé (exit 0)
[2026-07-23T20:42:44+02:00] [INFO] [deploy.sh] ━━━━━━━━━━━━━━━━━━━━━━━━━━━━━━━━━━━━━━━━━━━━━━━━
[2026-07-23T20:42:44+02:00] [INFO] [deploy.sh] Appel reçu | channel=service:down source=hive_cycler args=
[2026-07-23T20:42:44+02:00] [INFO] [deploy.sh] Payload: {"msg": "Health check ping", "hostname": "TheHive"}
[2026-07-23T20:42:44+02:00] [WARN] [deploy.sh] Aucun argument reconnu — utilisation: /home/aza/scripts/deploy.sh [--cleanup|--restart]
[2026-07-23T20:42:44+02:00] [INFO] [deploy.sh] Usage:
[2026-07-23T20:42:44+02:00] [INFO] [deploy.sh]   --cleanup   Nettoyer logs anciens, WAL, /tmp/adam-*
[2026-07-23T20:42:44+02:00] [INFO] [deploy.sh]   --restart   Redémarrer un service depuis ADAM_EVENT_PAYLOAD.service
[2026-07-23T20:42:44+02:00] [INFO] [deploy.sh] Terminé (exit 0)
[2026-07-23T20:42:52+02:00] [INFO] [deploy.sh] ━━━━━━━━━━━━━━━━━━━━━━━━━━━━━━━━━━━━━━━━━━━━━━━━
[2026-07-23T20:42:52+02:00] [INFO] [deploy.sh] Appel reçu | channel=hardware:disk_alert source=hive_cycler args=
[2026-07-23T20:42:52+02:00] [INFO] [deploy.sh] Payload: {"disk": "/", "usage_pct": 63, "hostname": "TheHive", "msg": "Periodic disk check"}
[2026-07-23T20:42:52+02:00] [WARN] [deploy.sh] Aucun argument reconnu — utilisation: /home/aza/scripts/deploy.sh [--cleanup|--restart]
[2026-07-23T20:42:52+02:00] [INFO] [deploy.sh] Usage:
[2026-07-23T20:42:52+02:00] [INFO] [deploy.sh]   --cleanup   Nettoyer logs anciens, WAL, /tmp/adam-*
[2026-07-23T20:42:52+02:00] [INFO] [deploy.sh]   --restart   Redémarrer un service depuis ADAM_EVENT_PAYLOAD.service
[2026-07-23T20:42:52+02:00] [INFO] [deploy.sh] Terminé (exit 0)
[2026-07-23T20:47:05+02:00] [INFO] [deploy.sh] ━━━━━━━━━━━━━━━━━━━━━━━━━━━━━━━━━━━━━━━━━━━━━━━━
[2026-07-23T20:47:05+02:00] [INFO] [deploy.sh] Appel reçu | channel=service:down source=hive_cycler args=
[2026-07-23T20:47:05+02:00] [INFO] [deploy.sh] Payload: {"msg": "Health check ping", "hostname": "TheHive"}
[2026-07-23T20:47:05+02:00] [WARN] [deploy.sh] Aucun argument reconnu — utilisation: /home/aza/scripts/deploy.sh [--cleanup|--restart]
[2026-07-23T20:47:05+02:00] [INFO] [deploy.sh] Usage:
[2026-07-23T20:47:05+02:00] [INFO] [deploy.sh]   --cleanup   Nettoyer logs anciens, WAL, /tmp/adam-*
[2026-07-23T20:47:05+02:00] [INFO] [deploy.sh]   --restart   Redémarrer un service depuis ADAM_EVENT_PAYLOAD.service
[2026-07-23T20:47:05+02:00] [INFO] [deploy.sh] Terminé (exit 0)
[2026-07-23T20:47:13+02:00] [INFO] [deploy.sh] ━━━━━━━━━━━━━━━━━━━━━━━━━━━━━━━━━━━━━━━━━━━━━━━━
[2026-07-23T20:47:13+02:00] [INFO] [deploy.sh] Appel reçu | channel=hardware:disk_alert source=hive_cycler args=
[2026-07-23T20:47:13+02:00] [INFO] [deploy.sh] Payload: {"disk": "/", "usage_pct": 63, "hostname": "TheHive", "msg": "Periodic disk check"}
[2026-07-23T20:47:13+02:00] [WARN] [deploy.sh] Aucun argument reconnu — utilisation: /home/aza/scripts/deploy.sh [--cleanup|--restart]
[2026-07-23T20:47:13+02:00] [INFO] [deploy.sh] Usage:
[2026-07-23T20:47:13+02:00] [INFO] [deploy.sh]   --cleanup   Nettoyer logs anciens, WAL, /tmp/adam-*
[2026-07-23T20:47:13+02:00] [INFO] [deploy.sh]   --restart   Redémarrer un service depuis ADAM_EVENT_PAYLOAD.service
[2026-07-23T20:47:13+02:00] [INFO] [deploy.sh] Terminé (exit 0)
[2026-07-23T20:51:28+02:00] [INFO] [deploy.sh] ━━━━━━━━━━━━━━━━━━━━━━━━━━━━━━━━━━━━━━━━━━━━━━━━
[2026-07-23T20:51:28+02:00] [INFO] [deploy.sh] Appel reçu | channel=service:down source=hive_cycler args=
[2026-07-23T20:51:28+02:00] [INFO] [deploy.sh] Payload: {"msg": "Health check ping", "hostname": "TheHive"}
[2026-07-23T20:51:28+02:00] [WARN] [deploy.sh] Aucun argument reconnu — utilisation: /home/aza/scripts/deploy.sh [--cleanup|--restart]
[2026-07-23T20:51:28+02:00] [INFO] [deploy.sh] Usage:
[2026-07-23T20:51:28+02:00] [INFO] [deploy.sh]   --cleanup   Nettoyer logs anciens, WAL, /tmp/adam-*
[2026-07-23T20:51:28+02:00] [INFO] [deploy.sh]   --restart   Redémarrer un service depuis ADAM_EVENT_PAYLOAD.service
[2026-07-23T20:51:28+02:00] [INFO] [deploy.sh] Terminé (exit 0)
[2026-07-23T20:51:34+02:00] [INFO] [deploy.sh] ━━━━━━━━━━━━━━━━━━━━━━━━━━━━━━━━━━━━━━━━━━━━━━━━
[2026-07-23T20:51:34+02:00] [INFO] [deploy.sh] Appel reçu | channel=hardware:disk_alert source=hive_cycler args=
[2026-07-23T20:51:34+02:00] [INFO] [deploy.sh] Payload: {"disk": "/", "usage_pct": 63, "hostname": "TheHive", "msg": "Periodic disk check"}
[2026-07-23T20:51:34+02:00] [WARN] [deploy.sh] Aucun argument reconnu — utilisation: /home/aza/scripts/deploy.sh [--cleanup|--restart]
[2026-07-23T20:51:34+02:00] [INFO] [deploy.sh] Usage:
[2026-07-23T20:51:34+02:00] [INFO] [deploy.sh]   --cleanup   Nettoyer logs anciens, WAL, /tmp/adam-*
[2026-07-23T20:51:34+02:00] [INFO] [deploy.sh]   --restart   Redémarrer un service depuis ADAM_EVENT_PAYLOAD.service
[2026-07-23T20:51:34+02:00] [INFO] [deploy.sh] Terminé (exit 0)
[2026-07-23T20:55:49+02:00] [INFO] [deploy.sh] ━━━━━━━━━━━━━━━━━━━━━━━━━━━━━━━━━━━━━━━━━━━━━━━━
[2026-07-23T20:55:49+02:00] [INFO] [deploy.sh] Appel reçu | channel=service:down source=hive_cycler args=
[2026-07-23T20:55:49+02:00] [INFO] [deploy.sh] Payload: {"msg": "Health check ping", "hostname": "TheHive"}
[2026-07-23T20:55:49+02:00] [WARN] [deploy.sh] Aucun argument reconnu — utilisation: /home/aza/scripts/deploy.sh [--cleanup|--restart]
[2026-07-23T20:55:49+02:00] [INFO] [deploy.sh] Usage:
[2026-07-23T20:55:49+02:00] [INFO] [deploy.sh]   --cleanup   Nettoyer logs anciens, WAL, /tmp/adam-*
[2026-07-23T20:55:49+02:00] [INFO] [deploy.sh]   --restart   Redémarrer un service depuis ADAM_EVENT_PAYLOAD.service
[2026-07-23T20:55:49+02:00] [INFO] [deploy.sh] Terminé (exit 0)
[2026-07-23T20:55:53+02:00] [INFO] [deploy.sh] ━━━━━━━━━━━━━━━━━━━━━━━━━━━━━━━━━━━━━━━━━━━━━━━━
[2026-07-23T20:55:53+02:00] [INFO] [deploy.sh] Appel reçu | channel=hardware:disk_alert source=hive_cycler args=
[2026-07-23T20:55:53+02:00] [INFO] [deploy.sh] Payload: {"disk": "/", "usage_pct": 63, "hostname": "TheHive", "msg": "Periodic disk check"}
[2026-07-23T20:55:53+02:00] [WARN] [deploy.sh] Aucun argument reconnu — utilisation: /home/aza/scripts/deploy.sh [--cleanup|--restart]
[2026-07-23T20:55:53+02:00] [INFO] [deploy.sh] Usage:
[2026-07-23T20:55:53+02:00] [INFO] [deploy.sh]   --cleanup   Nettoyer logs anciens, WAL, /tmp/adam-*
[2026-07-23T20:55:53+02:00] [INFO] [deploy.sh]   --restart   Redémarrer un service depuis ADAM_EVENT_PAYLOAD.service
[2026-07-23T20:55:53+02:00] [INFO] [deploy.sh] Terminé (exit 0)
[2026-07-23T21:00:10+02:00] [INFO] [deploy.sh] ━━━━━━━━━━━━━━━━━━━━━━━━━━━━━━━━━━━━━━━━━━━━━━━━
[2026-07-23T21:00:10+02:00] [INFO] [deploy.sh] Appel reçu | channel=service:down source=hive_cycler args=
[2026-07-23T21:00:10+02:00] [INFO] [deploy.sh] Payload: {"msg": "Health check ping", "hostname": "TheHive"}
[2026-07-23T21:00:10+02:00] [WARN] [deploy.sh] Aucun argument reconnu — utilisation: /home/aza/scripts/deploy.sh [--cleanup|--restart]
[2026-07-23T21:00:10+02:00] [INFO] [deploy.sh] Usage:
[2026-07-23T21:00:10+02:00] [INFO] [deploy.sh]   --cleanup   Nettoyer logs anciens, WAL, /tmp/adam-*
[2026-07-23T21:00:10+02:00] [INFO] [deploy.sh]   --restart   Redémarrer un service depuis ADAM_EVENT_PAYLOAD.service
[2026-07-23T21:00:10+02:00] [INFO] [deploy.sh] Terminé (exit 0)
[2026-07-23T21:00:16+02:00] [INFO] [deploy.sh] ━━━━━━━━━━━━━━━━━━━━━━━━━━━━━━━━━━━━━━━━━━━━━━━━
[2026-07-23T21:00:16+02:00] [INFO] [deploy.sh] Appel reçu | channel=hardware:disk_alert source=hive_cycler args=
[2026-07-23T21:00:16+02:00] [INFO] [deploy.sh] Payload: {"disk": "/", "usage_pct": 63, "hostname": "TheHive", "msg": "Periodic disk check"}
[2026-07-23T21:00:16+02:00] [WARN] [deploy.sh] Aucun argument reconnu — utilisation: /home/aza/scripts/deploy.sh [--cleanup|--restart]
[2026-07-23T21:00:16+02:00] [INFO] [deploy.sh] Usage:
[2026-07-23T21:00:16+02:00] [INFO] [deploy.sh]   --cleanup   Nettoyer logs anciens, WAL, /tmp/adam-*
[2026-07-23T21:00:16+02:00] [INFO] [deploy.sh]   --restart   Redémarrer un service depuis ADAM_EVENT_PAYLOAD.service
[2026-07-23T21:00:16+02:00] [INFO] [deploy.sh] Terminé (exit 0)
[2026-07-23T21:04:31+02:00] [INFO] [deploy.sh] ━━━━━━━━━━━━━━━━━━━━━━━━━━━━━━━━━━━━━━━━━━━━━━━━
[2026-07-23T21:04:31+02:00] [INFO] [deploy.sh] Appel reçu | channel=service:down source=hive_cycler args=
[2026-07-23T21:04:31+02:00] [INFO] [deploy.sh] Payload: {"msg": "Health check ping", "hostname": "TheHive"}
[2026-07-23T21:04:31+02:00] [WARN] [deploy.sh] Aucun argument reconnu — utilisation: /home/aza/scripts/deploy.sh [--cleanup|--restart]
[2026-07-23T21:04:31+02:00] [INFO] [deploy.sh] Usage:
[2026-07-23T21:04:31+02:00] [INFO] [deploy.sh]   --cleanup   Nettoyer logs anciens, WAL, /tmp/adam-*
[2026-07-23T21:04:31+02:00] [INFO] [deploy.sh]   --restart   Redémarrer un service depuis ADAM_EVENT_PAYLOAD.service
[2026-07-23T21:04:31+02:00] [INFO] [deploy.sh] Terminé (exit 0)
[2026-07-23T21:04:37+02:00] [INFO] [deploy.sh] ━━━━━━━━━━━━━━━━━━━━━━━━━━━━━━━━━━━━━━━━━━━━━━━━
[2026-07-23T21:04:37+02:00] [INFO] [deploy.sh] Appel reçu | channel=hardware:disk_alert source=hive_cycler args=
[2026-07-23T21:04:37+02:00] [INFO] [deploy.sh] Payload: {"disk": "/", "usage_pct": 63, "hostname": "TheHive", "msg": "Periodic disk check"}
[2026-07-23T21:04:37+02:00] [WARN] [deploy.sh] Aucun argument reconnu — utilisation: /home/aza/scripts/deploy.sh [--cleanup|--restart]
[2026-07-23T21:04:37+02:00] [INFO] [deploy.sh] Usage:
[2026-07-23T21:04:37+02:00] [INFO] [deploy.sh]   --cleanup   Nettoyer logs anciens, WAL, /tmp/adam-*
[2026-07-23T21:04:37+02:00] [INFO] [deploy.sh]   --restart   Redémarrer un service depuis ADAM_EVENT_PAYLOAD.service
[2026-07-23T21:04:37+02:00] [INFO] [deploy.sh] Terminé (exit 0)
[2026-07-23T21:08:52+02:00] [INFO] [deploy.sh] ━━━━━━━━━━━━━━━━━━━━━━━━━━━━━━━━━━━━━━━━━━━━━━━━
[2026-07-23T21:08:52+02:00] [INFO] [deploy.sh] Appel reçu | channel=service:down source=hive_cycler args=
[2026-07-23T21:08:52+02:00] [INFO] [deploy.sh] Payload: {"msg": "Health check ping", "hostname": "TheHive"}
[2026-07-23T21:08:52+02:00] [WARN] [deploy.sh] Aucun argument reconnu — utilisation: /home/aza/scripts/deploy.sh [--cleanup|--restart]
[2026-07-23T21:08:52+02:00] [INFO] [deploy.sh] Usage:
[2026-07-23T21:08:52+02:00] [INFO] [deploy.sh]   --cleanup   Nettoyer logs anciens, WAL, /tmp/adam-*
[2026-07-23T21:08:52+02:00] [INFO] [deploy.sh]   --restart   Redémarrer un service depuis ADAM_EVENT_PAYLOAD.service
[2026-07-23T21:08:52+02:00] [INFO] [deploy.sh] Terminé (exit 0)
[2026-07-23T21:08:58+02:00] [INFO] [deploy.sh] ━━━━━━━━━━━━━━━━━━━━━━━━━━━━━━━━━━━━━━━━━━━━━━━━
[2026-07-23T21:08:58+02:00] [INFO] [deploy.sh] Appel reçu | channel=hardware:disk_alert source=hive_cycler args=
[2026-07-23T21:08:58+02:00] [INFO] [deploy.sh] Payload: {"disk": "/", "usage_pct": 63, "hostname": "TheHive", "msg": "Periodic disk check"}
[2026-07-23T21:08:58+02:00] [WARN] [deploy.sh] Aucun argument reconnu — utilisation: /home/aza/scripts/deploy.sh [--cleanup|--restart]
[2026-07-23T21:08:58+02:00] [INFO] [deploy.sh] Usage:
[2026-07-23T21:08:58+02:00] [INFO] [deploy.sh]   --cleanup   Nettoyer logs anciens, WAL, /tmp/adam-*
[2026-07-23T21:08:58+02:00] [INFO] [deploy.sh]   --restart   Redémarrer un service depuis ADAM_EVENT_PAYLOAD.service
[2026-07-23T21:08:58+02:00] [INFO] [deploy.sh] Terminé (exit 0)
[2026-07-23T21:13:13+02:00] [INFO] [deploy.sh] ━━━━━━━━━━━━━━━━━━━━━━━━━━━━━━━━━━━━━━━━━━━━━━━━
[2026-07-23T21:13:13+02:00] [INFO] [deploy.sh] Appel reçu | channel=service:down source=hive_cycler args=
[2026-07-23T21:13:13+02:00] [INFO] [deploy.sh] Payload: {"msg": "Health check ping", "hostname": "TheHive"}
[2026-07-23T21:13:13+02:00] [WARN] [deploy.sh] Aucun argument reconnu — utilisation: /home/aza/scripts/deploy.sh [--cleanup|--restart]
[2026-07-23T21:13:13+02:00] [INFO] [deploy.sh] Usage:
[2026-07-23T21:13:13+02:00] [INFO] [deploy.sh]   --cleanup   Nettoyer logs anciens, WAL, /tmp/adam-*
[2026-07-23T21:13:13+02:00] [INFO] [deploy.sh]   --restart   Redémarrer un service depuis ADAM_EVENT_PAYLOAD.service
[2026-07-23T21:13:13+02:00] [INFO] [deploy.sh] Terminé (exit 0)
[2026-07-23T21:13:19+02:00] [INFO] [deploy.sh] ━━━━━━━━━━━━━━━━━━━━━━━━━━━━━━━━━━━━━━━━━━━━━━━━
[2026-07-23T21:13:19+02:00] [INFO] [deploy.sh] Appel reçu | channel=hardware:disk_alert source=hive_cycler args=
[2026-07-23T21:13:19+02:00] [INFO] [deploy.sh] Payload: {"disk": "/", "usage_pct": 63, "hostname": "TheHive", "msg": "Periodic disk check"}
[2026-07-23T21:13:19+02:00] [WARN] [deploy.sh] Aucun argument reconnu — utilisation: /home/aza/scripts/deploy.sh [--cleanup|--restart]
[2026-07-23T21:13:19+02:00] [INFO] [deploy.sh] Usage:
[2026-07-23T21:13:19+02:00] [INFO] [deploy.sh]   --cleanup   Nettoyer logs anciens, WAL, /tmp/adam-*
[2026-07-23T21:13:19+02:00] [INFO] [deploy.sh]   --restart   Redémarrer un service depuis ADAM_EVENT_PAYLOAD.service
[2026-07-23T21:13:19+02:00] [INFO] [deploy.sh] Terminé (exit 0)
[2026-07-23T21:17:34+02:00] [INFO] [deploy.sh] ━━━━━━━━━━━━━━━━━━━━━━━━━━━━━━━━━━━━━━━━━━━━━━━━
[2026-07-23T21:17:34+02:00] [INFO] [deploy.sh] Appel reçu | channel=service:down source=hive_cycler args=
[2026-07-23T21:17:34+02:00] [INFO] [deploy.sh] Payload: {"msg": "Health check ping", "hostname": "TheHive"}
[2026-07-23T21:17:34+02:00] [WARN] [deploy.sh] Aucun argument reconnu — utilisation: /home/aza/scripts/deploy.sh [--cleanup|--restart]
[2026-07-23T21:17:34+02:00] [INFO] [deploy.sh] Usage:
[2026-07-23T21:17:34+02:00] [INFO] [deploy.sh]   --cleanup   Nettoyer logs anciens, WAL, /tmp/adam-*
[2026-07-23T21:17:34+02:00] [INFO] [deploy.sh]   --restart   Redémarrer un service depuis ADAM_EVENT_PAYLOAD.service
[2026-07-23T21:17:34+02:00] [INFO] [deploy.sh] Terminé (exit 0)
[2026-07-23T21:17:40+02:00] [INFO] [deploy.sh] ━━━━━━━━━━━━━━━━━━━━━━━━━━━━━━━━━━━━━━━━━━━━━━━━
[2026-07-23T21:17:40+02:00] [INFO] [deploy.sh] Appel reçu | channel=hardware:disk_alert source=hive_cycler args=
[2026-07-23T21:17:40+02:00] [INFO] [deploy.sh] Payload: {"disk": "/", "usage_pct": 63, "hostname": "TheHive", "msg": "Periodic disk check"}
[2026-07-23T21:17:40+02:00] [WARN] [deploy.sh] Aucun argument reconnu — utilisation: /home/aza/scripts/deploy.sh [--cleanup|--restart]
[2026-07-23T21:17:40+02:00] [INFO] [deploy.sh] Usage:
[2026-07-23T21:17:40+02:00] [INFO] [deploy.sh]   --cleanup   Nettoyer logs anciens, WAL, /tmp/adam-*
[2026-07-23T21:17:40+02:00] [INFO] [deploy.sh]   --restart   Redémarrer un service depuis ADAM_EVENT_PAYLOAD.service
[2026-07-23T21:17:40+02:00] [INFO] [deploy.sh] Terminé (exit 0)
[2026-07-23T21:21:55+02:00] [INFO] [deploy.sh] ━━━━━━━━━━━━━━━━━━━━━━━━━━━━━━━━━━━━━━━━━━━━━━━━
[2026-07-23T21:21:55+02:00] [INFO] [deploy.sh] Appel reçu | channel=service:down source=hive_cycler args=
[2026-07-23T21:21:55+02:00] [INFO] [deploy.sh] Payload: {"msg": "Health check ping", "hostname": "TheHive"}
[2026-07-23T21:21:55+02:00] [WARN] [deploy.sh] Aucun argument reconnu — utilisation: /home/aza/scripts/deploy.sh [--cleanup|--restart]
[2026-07-23T21:21:55+02:00] [INFO] [deploy.sh] Usage:
[2026-07-23T21:21:55+02:00] [INFO] [deploy.sh]   --cleanup   Nettoyer logs anciens, WAL, /tmp/adam-*
[2026-07-23T21:21:55+02:00] [INFO] [deploy.sh]   --restart   Redémarrer un service depuis ADAM_EVENT_PAYLOAD.service
[2026-07-23T21:21:55+02:00] [INFO] [deploy.sh] Terminé (exit 0)
[2026-07-23T21:22:03+02:00] [INFO] [deploy.sh] ━━━━━━━━━━━━━━━━━━━━━━━━━━━━━━━━━━━━━━━━━━━━━━━━
[2026-07-23T21:22:03+02:00] [INFO] [deploy.sh] Appel reçu | channel=hardware:disk_alert source=hive_cycler args=
[2026-07-23T21:22:03+02:00] [INFO] [deploy.sh] Payload: {"disk": "/", "usage_pct": 63, "hostname": "TheHive", "msg": "Periodic disk check"}
[2026-07-23T21:22:03+02:00] [WARN] [deploy.sh] Aucun argument reconnu — utilisation: /home/aza/scripts/deploy.sh [--cleanup|--restart]
[2026-07-23T21:22:03+02:00] [INFO] [deploy.sh] Usage:
[2026-07-23T21:22:03+02:00] [INFO] [deploy.sh]   --cleanup   Nettoyer logs anciens, WAL, /tmp/adam-*
[2026-07-23T21:22:03+02:00] [INFO] [deploy.sh]   --restart   Redémarrer un service depuis ADAM_EVENT_PAYLOAD.service
[2026-07-23T21:22:03+02:00] [INFO] [deploy.sh] Terminé (exit 0)
[2026-07-23T21:26:18+02:00] [INFO] [deploy.sh] ━━━━━━━━━━━━━━━━━━━━━━━━━━━━━━━━━━━━━━━━━━━━━━━━
[2026-07-23T21:26:18+02:00] [INFO] [deploy.sh] Appel reçu | channel=service:down source=hive_cycler args=
[2026-07-23T21:26:18+02:00] [INFO] [deploy.sh] Payload: {"msg": "Health check ping", "hostname": "TheHive"}
[2026-07-23T21:26:18+02:00] [WARN] [deploy.sh] Aucun argument reconnu — utilisation: /home/aza/scripts/deploy.sh [--cleanup|--restart]
[2026-07-23T21:26:18+02:00] [INFO] [deploy.sh] Usage:
[2026-07-23T21:26:18+02:00] [INFO] [deploy.sh]   --cleanup   Nettoyer logs anciens, WAL, /tmp/adam-*
[2026-07-23T21:26:18+02:00] [INFO] [deploy.sh]   --restart   Redémarrer un service depuis ADAM_EVENT_PAYLOAD.service
[2026-07-23T21:26:18+02:00] [INFO] [deploy.sh] Terminé (exit 0)
[2026-07-23T21:26:22+02:00] [INFO] [deploy.sh] ━━━━━━━━━━━━━━━━━━━━━━━━━━━━━━━━━━━━━━━━━━━━━━━━
[2026-07-23T21:26:22+02:00] [INFO] [deploy.sh] Appel reçu | channel=hardware:disk_alert source=hive_cycler args=
[2026-07-23T21:26:22+02:00] [INFO] [deploy.sh] Payload: {"disk": "/", "usage_pct": 63, "hostname": "TheHive", "msg": "Periodic disk check"}
[2026-07-23T21:26:22+02:00] [WARN] [deploy.sh] Aucun argument reconnu — utilisation: /home/aza/scripts/deploy.sh [--cleanup|--restart]
[2026-07-23T21:26:22+02:00] [INFO] [deploy.sh] Usage:
[2026-07-23T21:26:22+02:00] [INFO] [deploy.sh]   --cleanup   Nettoyer logs anciens, WAL, /tmp/adam-*
[2026-07-23T21:26:22+02:00] [INFO] [deploy.sh]   --restart   Redémarrer un service depuis ADAM_EVENT_PAYLOAD.service
[2026-07-23T21:26:22+02:00] [INFO] [deploy.sh] Terminé (exit 0)
[2026-07-23T21:30:39+02:00] [INFO] [deploy.sh] ━━━━━━━━━━━━━━━━━━━━━━━━━━━━━━━━━━━━━━━━━━━━━━━━
[2026-07-23T21:30:39+02:00] [INFO] [deploy.sh] Appel reçu | channel=service:down source=hive_cycler args=
[2026-07-23T21:30:39+02:00] [INFO] [deploy.sh] Payload: {"msg": "Health check ping", "hostname": "TheHive"}
[2026-07-23T21:30:39+02:00] [WARN] [deploy.sh] Aucun argument reconnu — utilisation: /home/aza/scripts/deploy.sh [--cleanup|--restart]
[2026-07-23T21:30:39+02:00] [INFO] [deploy.sh] Usage:
[2026-07-23T21:30:39+02:00] [INFO] [deploy.sh]   --cleanup   Nettoyer logs anciens, WAL, /tmp/adam-*
[2026-07-23T21:30:39+02:00] [INFO] [deploy.sh]   --restart   Redémarrer un service depuis ADAM_EVENT_PAYLOAD.service
[2026-07-23T21:30:39+02:00] [INFO] [deploy.sh] Terminé (exit 0)
[2026-07-23T21:30:43+02:00] [INFO] [deploy.sh] ━━━━━━━━━━━━━━━━━━━━━━━━━━━━━━━━━━━━━━━━━━━━━━━━
[2026-07-23T21:30:43+02:00] [INFO] [deploy.sh] Appel reçu | channel=hardware:disk_alert source=hive_cycler args=
[2026-07-23T21:30:43+02:00] [INFO] [deploy.sh] Payload: {"disk": "/", "usage_pct": 63, "hostname": "TheHive", "msg": "Periodic disk check"}
[2026-07-23T21:30:43+02:00] [WARN] [deploy.sh] Aucun argument reconnu — utilisation: /home/aza/scripts/deploy.sh [--cleanup|--restart]
[2026-07-23T21:30:43+02:00] [INFO] [deploy.sh] Usage:
[2026-07-23T21:30:43+02:00] [INFO] [deploy.sh]   --cleanup   Nettoyer logs anciens, WAL, /tmp/adam-*
[2026-07-23T21:30:43+02:00] [INFO] [deploy.sh]   --restart   Redémarrer un service depuis ADAM_EVENT_PAYLOAD.service
[2026-07-23T21:30:43+02:00] [INFO] [deploy.sh] Terminé (exit 0)
[2026-07-23T21:35:00+02:00] [INFO] [deploy.sh] ━━━━━━━━━━━━━━━━━━━━━━━━━━━━━━━━━━━━━━━━━━━━━━━━
[2026-07-23T21:35:00+02:00] [INFO] [deploy.sh] Appel reçu | channel=service:down source=hive_cycler args=
[2026-07-23T21:35:00+02:00] [INFO] [deploy.sh] Payload: {"msg": "Health check ping", "hostname": "TheHive"}
[2026-07-23T21:35:00+02:00] [WARN] [deploy.sh] Aucun argument reconnu — utilisation: /home/aza/scripts/deploy.sh [--cleanup|--restart]
[2026-07-23T21:35:00+02:00] [INFO] [deploy.sh] Usage:
[2026-07-23T21:35:00+02:00] [INFO] [deploy.sh]   --cleanup   Nettoyer logs anciens, WAL, /tmp/adam-*
[2026-07-23T21:35:00+02:00] [INFO] [deploy.sh]   --restart   Redémarrer un service depuis ADAM_EVENT_PAYLOAD.service
[2026-07-23T21:35:00+02:00] [INFO] [deploy.sh] Terminé (exit 0)
[2026-07-23T21:35:04+02:00] [INFO] [deploy.sh] ━━━━━━━━━━━━━━━━━━━━━━━━━━━━━━━━━━━━━━━━━━━━━━━━
[2026-07-23T21:35:04+02:00] [INFO] [deploy.sh] Appel reçu | channel=hardware:disk_alert source=hive_cycler args=
[2026-07-23T21:35:04+02:00] [INFO] [deploy.sh] Payload: {"disk": "/", "usage_pct": 63, "hostname": "TheHive", "msg": "Periodic disk check"}
[2026-07-23T21:35:04+02:00] [WARN] [deploy.sh] Aucun argument reconnu — utilisation: /home/aza/scripts/deploy.sh [--cleanup|--restart]
[2026-07-23T21:35:04+02:00] [INFO] [deploy.sh] Usage:
[2026-07-23T21:35:04+02:00] [INFO] [deploy.sh]   --cleanup   Nettoyer logs anciens, WAL, /tmp/adam-*
[2026-07-23T21:35:04+02:00] [INFO] [deploy.sh]   --restart   Redémarrer un service depuis ADAM_EVENT_PAYLOAD.service
[2026-07-23T21:35:04+02:00] [INFO] [deploy.sh] Terminé (exit 0)
[2026-07-23T21:39:21+02:00] [INFO] [deploy.sh] ━━━━━━━━━━━━━━━━━━━━━━━━━━━━━━━━━━━━━━━━━━━━━━━━
[2026-07-23T21:39:21+02:00] [INFO] [deploy.sh] Appel reçu | channel=service:down source=hive_cycler args=
[2026-07-23T21:39:21+02:00] [INFO] [deploy.sh] Payload: {"msg": "Health check ping", "hostname": "TheHive"}
[2026-07-23T21:39:21+02:00] [WARN] [deploy.sh] Aucun argument reconnu — utilisation: /home/aza/scripts/deploy.sh [--cleanup|--restart]
[2026-07-23T21:39:21+02:00] [INFO] [deploy.sh] Usage:
[2026-07-23T21:39:21+02:00] [INFO] [deploy.sh]   --cleanup   Nettoyer logs anciens, WAL, /tmp/adam-*
[2026-07-23T21:39:21+02:00] [INFO] [deploy.sh]   --restart   Redémarrer un service depuis ADAM_EVENT_PAYLOAD.service
[2026-07-23T21:39:21+02:00] [INFO] [deploy.sh] Terminé (exit 0)
[2026-07-23T21:39:27+02:00] [INFO] [deploy.sh] ━━━━━━━━━━━━━━━━━━━━━━━━━━━━━━━━━━━━━━━━━━━━━━━━
[2026-07-23T21:39:27+02:00] [INFO] [deploy.sh] Appel reçu | channel=hardware:disk_alert source=hive_cycler args=
[2026-07-23T21:39:27+02:00] [INFO] [deploy.sh] Payload: {"disk": "/", "usage_pct": 63, "hostname": "TheHive", "msg": "Periodic disk check"}
[2026-07-23T21:39:27+02:00] [WARN] [deploy.sh] Aucun argument reconnu — utilisation: /home/aza/scripts/deploy.sh [--cleanup|--restart]
[2026-07-23T21:39:27+02:00] [INFO] [deploy.sh] Usage:
[2026-07-23T21:39:27+02:00] [INFO] [deploy.sh]   --cleanup   Nettoyer logs anciens, WAL, /tmp/adam-*
[2026-07-23T21:39:27+02:00] [INFO] [deploy.sh]   --restart   Redémarrer un service depuis ADAM_EVENT_PAYLOAD.service
[2026-07-23T21:39:27+02:00] [INFO] [deploy.sh] Terminé (exit 0)
[2026-07-23T21:43:42+02:00] [INFO] [deploy.sh] ━━━━━━━━━━━━━━━━━━━━━━━━━━━━━━━━━━━━━━━━━━━━━━━━
[2026-07-23T21:43:42+02:00] [INFO] [deploy.sh] Appel reçu | channel=service:down source=hive_cycler args=
[2026-07-23T21:43:42+02:00] [INFO] [deploy.sh] Payload: {"msg": "Health check ping", "hostname": "TheHive"}
[2026-07-23T21:43:42+02:00] [WARN] [deploy.sh] Aucun argument reconnu — utilisation: /home/aza/scripts/deploy.sh [--cleanup|--restart]
[2026-07-23T21:43:42+02:00] [INFO] [deploy.sh] Usage:
[2026-07-23T21:43:42+02:00] [INFO] [deploy.sh]   --cleanup   Nettoyer logs anciens, WAL, /tmp/adam-*
[2026-07-23T21:43:42+02:00] [INFO] [deploy.sh]   --restart   Redémarrer un service depuis ADAM_EVENT_PAYLOAD.service
[2026-07-23T21:43:42+02:00] [INFO] [deploy.sh] Terminé (exit 0)
[2026-07-23T21:43:48+02:00] [INFO] [deploy.sh] ━━━━━━━━━━━━━━━━━━━━━━━━━━━━━━━━━━━━━━━━━━━━━━━━
[2026-07-23T21:43:48+02:00] [INFO] [deploy.sh] Appel reçu | channel=hardware:disk_alert source=hive_cycler args=
[2026-07-23T21:43:48+02:00] [INFO] [deploy.sh] Payload: {"disk": "/", "usage_pct": 63, "hostname": "TheHive", "msg": "Periodic disk check"}
[2026-07-23T21:43:48+02:00] [WARN] [deploy.sh] Aucun argument reconnu — utilisation: /home/aza/scripts/deploy.sh [--cleanup|--restart]
[2026-07-23T21:43:48+02:00] [INFO] [deploy.sh] Usage:
[2026-07-23T21:43:48+02:00] [INFO] [deploy.sh]   --cleanup   Nettoyer logs anciens, WAL, /tmp/adam-*
[2026-07-23T21:43:48+02:00] [INFO] [deploy.sh]   --restart   Redémarrer un service depuis ADAM_EVENT_PAYLOAD.service
[2026-07-23T21:43:48+02:00] [INFO] [deploy.sh] Terminé (exit 0)
[2026-07-23T21:48:02+02:00] [INFO] [deploy.sh] ━━━━━━━━━━━━━━━━━━━━━━━━━━━━━━━━━━━━━━━━━━━━━━━━
[2026-07-23T21:48:02+02:00] [INFO] [deploy.sh] Appel reçu | channel=service:down source=hive_cycler args=
[2026-07-23T21:48:02+02:00] [INFO] [deploy.sh] Payload: {"msg": "Health check ping", "hostname": "TheHive"}
[2026-07-23T21:48:02+02:00] [WARN] [deploy.sh] Aucun argument reconnu — utilisation: /home/aza/scripts/deploy.sh [--cleanup|--restart]
[2026-07-23T21:48:02+02:00] [INFO] [deploy.sh] Usage:
[2026-07-23T21:48:02+02:00] [INFO] [deploy.sh]   --cleanup   Nettoyer logs anciens, WAL, /tmp/adam-*
[2026-07-23T21:48:02+02:00] [INFO] [deploy.sh]   --restart   Redémarrer un service depuis ADAM_EVENT_PAYLOAD.service
[2026-07-23T21:48:02+02:00] [INFO] [deploy.sh] Terminé (exit 0)
[2026-07-23T21:48:08+02:00] [INFO] [deploy.sh] ━━━━━━━━━━━━━━━━━━━━━━━━━━━━━━━━━━━━━━━━━━━━━━━━
[2026-07-23T21:48:08+02:00] [INFO] [deploy.sh] Appel reçu | channel=hardware:disk_alert source=hive_cycler args=
[2026-07-23T21:48:08+02:00] [INFO] [deploy.sh] Payload: {"disk": "/", "usage_pct": 63, "hostname": "TheHive", "msg": "Periodic disk check"}
[2026-07-23T21:48:08+02:00] [WARN] [deploy.sh] Aucun argument reconnu — utilisation: /home/aza/scripts/deploy.sh [--cleanup|--restart]
[2026-07-23T21:48:08+02:00] [INFO] [deploy.sh] Usage:
[2026-07-23T21:48:08+02:00] [INFO] [deploy.sh]   --cleanup   Nettoyer logs anciens, WAL, /tmp/adam-*
[2026-07-23T21:48:08+02:00] [INFO] [deploy.sh]   --restart   Redémarrer un service depuis ADAM_EVENT_PAYLOAD.service
[2026-07-23T21:48:08+02:00] [INFO] [deploy.sh] Terminé (exit 0)
[2026-07-23T21:52:23+02:00] [INFO] [deploy.sh] ━━━━━━━━━━━━━━━━━━━━━━━━━━━━━━━━━━━━━━━━━━━━━━━━
[2026-07-23T21:52:23+02:00] [INFO] [deploy.sh] Appel reçu | channel=service:down source=hive_cycler args=
[2026-07-23T21:52:23+02:00] [INFO] [deploy.sh] Payload: {"msg": "Health check ping", "hostname": "TheHive"}
[2026-07-23T21:52:23+02:00] [WARN] [deploy.sh] Aucun argument reconnu — utilisation: /home/aza/scripts/deploy.sh [--cleanup|--restart]
[2026-07-23T21:52:23+02:00] [INFO] [deploy.sh] Usage:
[2026-07-23T21:52:23+02:00] [INFO] [deploy.sh]   --cleanup   Nettoyer logs anciens, WAL, /tmp/adam-*
[2026-07-23T21:52:23+02:00] [INFO] [deploy.sh]   --restart   Redémarrer un service depuis ADAM_EVENT_PAYLOAD.service
[2026-07-23T21:52:23+02:00] [INFO] [deploy.sh] Terminé (exit 0)
[2026-07-23T21:52:29+02:00] [INFO] [deploy.sh] ━━━━━━━━━━━━━━━━━━━━━━━━━━━━━━━━━━━━━━━━━━━━━━━━
[2026-07-23T21:52:29+02:00] [INFO] [deploy.sh] Appel reçu | channel=hardware:disk_alert source=hive_cycler args=
[2026-07-23T21:52:29+02:00] [INFO] [deploy.sh] Payload: {"disk": "/", "usage_pct": 63, "hostname": "TheHive", "msg": "Periodic disk check"}
[2026-07-23T21:52:29+02:00] [WARN] [deploy.sh] Aucun argument reconnu — utilisation: /home/aza/scripts/deploy.sh [--cleanup|--restart]
[2026-07-23T21:52:29+02:00] [INFO] [deploy.sh] Usage:
[2026-07-23T21:52:29+02:00] [INFO] [deploy.sh]   --cleanup   Nettoyer logs anciens, WAL, /tmp/adam-*
[2026-07-23T21:52:29+02:00] [INFO] [deploy.sh]   --restart   Redémarrer un service depuis ADAM_EVENT_PAYLOAD.service
[2026-07-23T21:52:29+02:00] [INFO] [deploy.sh] Terminé (exit 0)
[2026-07-23T21:56:44+02:00] [INFO] [deploy.sh] ━━━━━━━━━━━━━━━━━━━━━━━━━━━━━━━━━━━━━━━━━━━━━━━━
[2026-07-23T21:56:44+02:00] [INFO] [deploy.sh] Appel reçu | channel=service:down source=hive_cycler args=
[2026-07-23T21:56:44+02:00] [INFO] [deploy.sh] Payload: {"msg": "Health check ping", "hostname": "TheHive"}
[2026-07-23T21:56:44+02:00] [WARN] [deploy.sh] Aucun argument reconnu — utilisation: /home/aza/scripts/deploy.sh [--cleanup|--restart]
[2026-07-23T21:56:44+02:00] [INFO] [deploy.sh] Usage:
[2026-07-23T21:56:44+02:00] [INFO] [deploy.sh]   --cleanup   Nettoyer logs anciens, WAL, /tmp/adam-*
[2026-07-23T21:56:44+02:00] [INFO] [deploy.sh]   --restart   Redémarrer un service depuis ADAM_EVENT_PAYLOAD.service
[2026-07-23T21:56:44+02:00] [INFO] [deploy.sh] Terminé (exit 0)
[2026-07-23T21:56:52+02:00] [INFO] [deploy.sh] ━━━━━━━━━━━━━━━━━━━━━━━━━━━━━━━━━━━━━━━━━━━━━━━━
[2026-07-23T21:56:52+02:00] [INFO] [deploy.sh] Appel reçu | channel=hardware:disk_alert source=hive_cycler args=
[2026-07-23T21:56:52+02:00] [INFO] [deploy.sh] Payload: {"disk": "/", "usage_pct": 63, "hostname": "TheHive", "msg": "Periodic disk check"}
[2026-07-23T21:56:52+02:00] [WARN] [deploy.sh] Aucun argument reconnu — utilisation: /home/aza/scripts/deploy.sh [--cleanup|--restart]
[2026-07-23T21:56:52+02:00] [INFO] [deploy.sh] Usage:
[2026-07-23T21:56:52+02:00] [INFO] [deploy.sh]   --cleanup   Nettoyer logs anciens, WAL, /tmp/adam-*
[2026-07-23T21:56:52+02:00] [INFO] [deploy.sh]   --restart   Redémarrer un service depuis ADAM_EVENT_PAYLOAD.service
[2026-07-23T21:56:52+02:00] [INFO] [deploy.sh] Terminé (exit 0)
[2026-07-23T22:01:05+02:00] [INFO] [deploy.sh] ━━━━━━━━━━━━━━━━━━━━━━━━━━━━━━━━━━━━━━━━━━━━━━━━
[2026-07-23T22:01:05+02:00] [INFO] [deploy.sh] Appel reçu | channel=service:down source=hive_cycler args=
[2026-07-23T22:01:05+02:00] [INFO] [deploy.sh] Payload: {"msg": "Health check ping", "hostname": "TheHive"}
[2026-07-23T22:01:05+02:00] [WARN] [deploy.sh] Aucun argument reconnu — utilisation: /home/aza/scripts/deploy.sh [--cleanup|--restart]
[2026-07-23T22:01:05+02:00] [INFO] [deploy.sh] Usage:
[2026-07-23T22:01:05+02:00] [INFO] [deploy.sh]   --cleanup   Nettoyer logs anciens, WAL, /tmp/adam-*
[2026-07-23T22:01:05+02:00] [INFO] [deploy.sh]   --restart   Redémarrer un service depuis ADAM_EVENT_PAYLOAD.service
[2026-07-23T22:01:05+02:00] [INFO] [deploy.sh] Terminé (exit 0)
[2026-07-23T22:01:13+02:00] [INFO] [deploy.sh] ━━━━━━━━━━━━━━━━━━━━━━━━━━━━━━━━━━━━━━━━━━━━━━━━
[2026-07-23T22:01:13+02:00] [INFO] [deploy.sh] Appel reçu | channel=hardware:disk_alert source=hive_cycler args=
[2026-07-23T22:01:13+02:00] [INFO] [deploy.sh] Payload: {"disk": "/", "usage_pct": 63, "hostname": "TheHive", "msg": "Periodic disk check"}
[2026-07-23T22:01:13+02:00] [WARN] [deploy.sh] Aucun argument reconnu — utilisation: /home/aza/scripts/deploy.sh [--cleanup|--restart]
[2026-07-23T22:01:13+02:00] [INFO] [deploy.sh] Usage:
[2026-07-23T22:01:13+02:00] [INFO] [deploy.sh]   --cleanup   Nettoyer logs anciens, WAL, /tmp/adam-*
[2026-07-23T22:01:13+02:00] [INFO] [deploy.sh]   --restart   Redémarrer un service depuis ADAM_EVENT_PAYLOAD.service
[2026-07-23T22:01:13+02:00] [INFO] [deploy.sh] Terminé (exit 0)
[2026-07-23T22:05:26+02:00] [INFO] [deploy.sh] ━━━━━━━━━━━━━━━━━━━━━━━━━━━━━━━━━━━━━━━━━━━━━━━━
[2026-07-23T22:05:26+02:00] [INFO] [deploy.sh] Appel reçu | channel=service:down source=hive_cycler args=
[2026-07-23T22:05:26+02:00] [INFO] [deploy.sh] Payload: {"msg": "Health check ping", "hostname": "TheHive"}
[2026-07-23T22:05:26+02:00] [WARN] [deploy.sh] Aucun argument reconnu — utilisation: /home/aza/scripts/deploy.sh [--cleanup|--restart]
[2026-07-23T22:05:26+02:00] [INFO] [deploy.sh] Usage:
[2026-07-23T22:05:26+02:00] [INFO] [deploy.sh]   --cleanup   Nettoyer logs anciens, WAL, /tmp/adam-*
[2026-07-23T22:05:26+02:00] [INFO] [deploy.sh]   --restart   Redémarrer un service depuis ADAM_EVENT_PAYLOAD.service
[2026-07-23T22:05:26+02:00] [INFO] [deploy.sh] Terminé (exit 0)
[2026-07-23T22:05:34+02:00] [INFO] [deploy.sh] ━━━━━━━━━━━━━━━━━━━━━━━━━━━━━━━━━━━━━━━━━━━━━━━━
[2026-07-23T22:05:34+02:00] [INFO] [deploy.sh] Appel reçu | channel=hardware:disk_alert source=hive_cycler args=
[2026-07-23T22:05:34+02:00] [INFO] [deploy.sh] Payload: {"disk": "/", "usage_pct": 63, "hostname": "TheHive", "msg": "Periodic disk check"}
[2026-07-23T22:05:34+02:00] [WARN] [deploy.sh] Aucun argument reconnu — utilisation: /home/aza/scripts/deploy.sh [--cleanup|--restart]
[2026-07-23T22:05:34+02:00] [INFO] [deploy.sh] Usage:
[2026-07-23T22:05:34+02:00] [INFO] [deploy.sh]   --cleanup   Nettoyer logs anciens, WAL, /tmp/adam-*
[2026-07-23T22:05:34+02:00] [INFO] [deploy.sh]   --restart   Redémarrer un service depuis ADAM_EVENT_PAYLOAD.service
[2026-07-23T22:05:34+02:00] [INFO] [deploy.sh] Terminé (exit 0)
[2026-07-23T22:09:49+02:00] [INFO] [deploy.sh] ━━━━━━━━━━━━━━━━━━━━━━━━━━━━━━━━━━━━━━━━━━━━━━━━
[2026-07-23T22:09:49+02:00] [INFO] [deploy.sh] Appel reçu | channel=service:down source=hive_cycler args=
[2026-07-23T22:09:49+02:00] [INFO] [deploy.sh] Payload: {"msg": "Health check ping", "hostname": "TheHive"}
[2026-07-23T22:09:49+02:00] [WARN] [deploy.sh] Aucun argument reconnu — utilisation: /home/aza/scripts/deploy.sh [--cleanup|--restart]
[2026-07-23T22:09:49+02:00] [INFO] [deploy.sh] Usage:
[2026-07-23T22:09:49+02:00] [INFO] [deploy.sh]   --cleanup   Nettoyer logs anciens, WAL, /tmp/adam-*
[2026-07-23T22:09:49+02:00] [INFO] [deploy.sh]   --restart   Redémarrer un service depuis ADAM_EVENT_PAYLOAD.service
[2026-07-23T22:09:49+02:00] [INFO] [deploy.sh] Terminé (exit 0)
[2026-07-23T22:09:53+02:00] [INFO] [deploy.sh] ━━━━━━━━━━━━━━━━━━━━━━━━━━━━━━━━━━━━━━━━━━━━━━━━
[2026-07-23T22:09:53+02:00] [INFO] [deploy.sh] Appel reçu | channel=hardware:disk_alert source=hive_cycler args=
[2026-07-23T22:09:53+02:00] [INFO] [deploy.sh] Payload: {"disk": "/", "usage_pct": 63, "hostname": "TheHive", "msg": "Periodic disk check"}
[2026-07-23T22:09:53+02:00] [WARN] [deploy.sh] Aucun argument reconnu — utilisation: /home/aza/scripts/deploy.sh [--cleanup|--restart]
[2026-07-23T22:09:53+02:00] [INFO] [deploy.sh] Usage:
[2026-07-23T22:09:53+02:00] [INFO] [deploy.sh]   --cleanup   Nettoyer logs anciens, WAL, /tmp/adam-*
[2026-07-23T22:09:53+02:00] [INFO] [deploy.sh]   --restart   Redémarrer un service depuis ADAM_EVENT_PAYLOAD.service
[2026-07-23T22:09:53+02:00] [INFO] [deploy.sh] Terminé (exit 0)
[2026-07-23T22:14:11+02:00] [INFO] [deploy.sh] ━━━━━━━━━━━━━━━━━━━━━━━━━━━━━━━━━━━━━━━━━━━━━━━━
[2026-07-23T22:14:11+02:00] [INFO] [deploy.sh] Appel reçu | channel=service:down source=hive_cycler args=
[2026-07-23T22:14:11+02:00] [INFO] [deploy.sh] Payload: {"msg": "Health check ping", "hostname": "TheHive"}
[2026-07-23T22:14:11+02:00] [WARN] [deploy.sh] Aucun argument reconnu — utilisation: /home/aza/scripts/deploy.sh [--cleanup|--restart]
[2026-07-23T22:14:11+02:00] [INFO] [deploy.sh] Usage:
[2026-07-23T22:14:11+02:00] [INFO] [deploy.sh]   --cleanup   Nettoyer logs anciens, WAL, /tmp/adam-*
[2026-07-23T22:14:11+02:00] [INFO] [deploy.sh]   --restart   Redémarrer un service depuis ADAM_EVENT_PAYLOAD.service
[2026-07-23T22:14:11+02:00] [INFO] [deploy.sh] Terminé (exit 0)
[2026-07-23T22:14:15+02:00] [INFO] [deploy.sh] ━━━━━━━━━━━━━━━━━━━━━━━━━━━━━━━━━━━━━━━━━━━━━━━━
[2026-07-23T22:14:15+02:00] [INFO] [deploy.sh] Appel reçu | channel=hardware:disk_alert source=hive_cycler args=
[2026-07-23T22:14:15+02:00] [INFO] [deploy.sh] Payload: {"disk": "/", "usage_pct": 63, "hostname": "TheHive", "msg": "Periodic disk check"}
[2026-07-23T22:14:15+02:00] [WARN] [deploy.sh] Aucun argument reconnu — utilisation: /home/aza/scripts/deploy.sh [--cleanup|--restart]
[2026-07-23T22:14:15+02:00] [INFO] [deploy.sh] Usage:
[2026-07-23T22:14:15+02:00] [INFO] [deploy.sh]   --cleanup   Nettoyer logs anciens, WAL, /tmp/adam-*
[2026-07-23T22:14:15+02:00] [INFO] [deploy.sh]   --restart   Redémarrer un service depuis ADAM_EVENT_PAYLOAD.service
[2026-07-23T22:14:15+02:00] [INFO] [deploy.sh] Terminé (exit 0)
[2026-07-23T22:18:32+02:00] [INFO] [deploy.sh] ━━━━━━━━━━━━━━━━━━━━━━━━━━━━━━━━━━━━━━━━━━━━━━━━
[2026-07-23T22:18:32+02:00] [INFO] [deploy.sh] Appel reçu | channel=service:down source=hive_cycler args=
[2026-07-23T22:18:32+02:00] [INFO] [deploy.sh] Payload: {"msg": "Health check ping", "hostname": "TheHive"}
[2026-07-23T22:18:32+02:00] [WARN] [deploy.sh] Aucun argument reconnu — utilisation: /home/aza/scripts/deploy.sh [--cleanup|--restart]
[2026-07-23T22:18:32+02:00] [INFO] [deploy.sh] Usage:
[2026-07-23T22:18:32+02:00] [INFO] [deploy.sh]   --cleanup   Nettoyer logs anciens, WAL, /tmp/adam-*
[2026-07-23T22:18:32+02:00] [INFO] [deploy.sh]   --restart   Redémarrer un service depuis ADAM_EVENT_PAYLOAD.service
[2026-07-23T22:18:32+02:00] [INFO] [deploy.sh] Terminé (exit 0)
[2026-07-23T22:18:36+02:00] [INFO] [deploy.sh] ━━━━━━━━━━━━━━━━━━━━━━━━━━━━━━━━━━━━━━━━━━━━━━━━
[2026-07-23T22:18:36+02:00] [INFO] [deploy.sh] Appel reçu | channel=hardware:disk_alert source=hive_cycler args=
[2026-07-23T22:18:36+02:00] [INFO] [deploy.sh] Payload: {"disk": "/", "usage_pct": 63, "hostname": "TheHive", "msg": "Periodic disk check"}
[2026-07-23T22:18:36+02:00] [WARN] [deploy.sh] Aucun argument reconnu — utilisation: /home/aza/scripts/deploy.sh [--cleanup|--restart]
[2026-07-23T22:18:36+02:00] [INFO] [deploy.sh] Usage:
[2026-07-23T22:18:36+02:00] [INFO] [deploy.sh]   --cleanup   Nettoyer logs anciens, WAL, /tmp/adam-*
[2026-07-23T22:18:36+02:00] [INFO] [deploy.sh]   --restart   Redémarrer un service depuis ADAM_EVENT_PAYLOAD.service
[2026-07-23T22:18:36+02:00] [INFO] [deploy.sh] Terminé (exit 0)
[2026-07-23T22:22:53+02:00] [INFO] [deploy.sh] ━━━━━━━━━━━━━━━━━━━━━━━━━━━━━━━━━━━━━━━━━━━━━━━━
[2026-07-23T22:22:53+02:00] [INFO] [deploy.sh] Appel reçu | channel=service:down source=hive_cycler args=
[2026-07-23T22:22:53+02:00] [INFO] [deploy.sh] Payload: {"msg": "Health check ping", "hostname": "TheHive"}
[2026-07-23T22:22:53+02:00] [WARN] [deploy.sh] Aucun argument reconnu — utilisation: /home/aza/scripts/deploy.sh [--cleanup|--restart]
[2026-07-23T22:22:53+02:00] [INFO] [deploy.sh] Usage:
[2026-07-23T22:22:53+02:00] [INFO] [deploy.sh]   --cleanup   Nettoyer logs anciens, WAL, /tmp/adam-*
[2026-07-23T22:22:53+02:00] [INFO] [deploy.sh]   --restart   Redémarrer un service depuis ADAM_EVENT_PAYLOAD.service
[2026-07-23T22:22:53+02:00] [INFO] [deploy.sh] Terminé (exit 0)
[2026-07-23T22:22:59+02:00] [INFO] [deploy.sh] ━━━━━━━━━━━━━━━━━━━━━━━━━━━━━━━━━━━━━━━━━━━━━━━━
[2026-07-23T22:22:59+02:00] [INFO] [deploy.sh] Appel reçu | channel=hardware:disk_alert source=hive_cycler args=
[2026-07-23T22:22:59+02:00] [INFO] [deploy.sh] Payload: {"disk": "/", "usage_pct": 63, "hostname": "TheHive", "msg": "Periodic disk check"}
[2026-07-23T22:22:59+02:00] [WARN] [deploy.sh] Aucun argument reconnu — utilisation: /home/aza/scripts/deploy.sh [--cleanup|--restart]
[2026-07-23T22:22:59+02:00] [INFO] [deploy.sh] Usage:
[2026-07-23T22:22:59+02:00] [INFO] [deploy.sh]   --cleanup   Nettoyer logs anciens, WAL, /tmp/adam-*
[2026-07-23T22:22:59+02:00] [INFO] [deploy.sh]   --restart   Redémarrer un service depuis ADAM_EVENT_PAYLOAD.service
[2026-07-23T22:22:59+02:00] [INFO] [deploy.sh] Terminé (exit 0)
[2026-07-23T22:27:14+02:00] [INFO] [deploy.sh] ━━━━━━━━━━━━━━━━━━━━━━━━━━━━━━━━━━━━━━━━━━━━━━━━
[2026-07-23T22:27:14+02:00] [INFO] [deploy.sh] Appel reçu | channel=service:down source=hive_cycler args=
[2026-07-23T22:27:14+02:00] [INFO] [deploy.sh] Payload: {"msg": "Health check ping", "hostname": "TheHive"}
[2026-07-23T22:27:14+02:00] [WARN] [deploy.sh] Aucun argument reconnu — utilisation: /home/aza/scripts/deploy.sh [--cleanup|--restart]
[2026-07-23T22:27:14+02:00] [INFO] [deploy.sh] Usage:
[2026-07-23T22:27:14+02:00] [INFO] [deploy.sh]   --cleanup   Nettoyer logs anciens, WAL, /tmp/adam-*
[2026-07-23T22:27:14+02:00] [INFO] [deploy.sh]   --restart   Redémarrer un service depuis ADAM_EVENT_PAYLOAD.service
[2026-07-23T22:27:14+02:00] [INFO] [deploy.sh] Terminé (exit 0)
[2026-07-23T22:27:20+02:00] [INFO] [deploy.sh] ━━━━━━━━━━━━━━━━━━━━━━━━━━━━━━━━━━━━━━━━━━━━━━━━
[2026-07-23T22:27:20+02:00] [INFO] [deploy.sh] Appel reçu | channel=hardware:disk_alert source=hive_cycler args=
[2026-07-23T22:27:20+02:00] [INFO] [deploy.sh] Payload: {"disk": "/", "usage_pct": 63, "hostname": "TheHive", "msg": "Periodic disk check"}
[2026-07-23T22:27:20+02:00] [WARN] [deploy.sh] Aucun argument reconnu — utilisation: /home/aza/scripts/deploy.sh [--cleanup|--restart]
[2026-07-23T22:27:20+02:00] [INFO] [deploy.sh] Usage:
[2026-07-23T22:27:20+02:00] [INFO] [deploy.sh]   --cleanup   Nettoyer logs anciens, WAL, /tmp/adam-*
[2026-07-23T22:27:20+02:00] [INFO] [deploy.sh]   --restart   Redémarrer un service depuis ADAM_EVENT_PAYLOAD.service
[2026-07-23T22:27:20+02:00] [INFO] [deploy.sh] Terminé (exit 0)
[2026-07-23T22:31:35+02:00] [INFO] [deploy.sh] ━━━━━━━━━━━━━━━━━━━━━━━━━━━━━━━━━━━━━━━━━━━━━━━━
[2026-07-23T22:31:35+02:00] [INFO] [deploy.sh] Appel reçu | channel=service:down source=hive_cycler args=
[2026-07-23T22:31:35+02:00] [INFO] [deploy.sh] Payload: {"msg": "Health check ping", "hostname": "TheHive"}
[2026-07-23T22:31:35+02:00] [WARN] [deploy.sh] Aucun argument reconnu — utilisation: /home/aza/scripts/deploy.sh [--cleanup|--restart]
[2026-07-23T22:31:35+02:00] [INFO] [deploy.sh] Usage:
[2026-07-23T22:31:35+02:00] [INFO] [deploy.sh]   --cleanup   Nettoyer logs anciens, WAL, /tmp/adam-*
[2026-07-23T22:31:35+02:00] [INFO] [deploy.sh]   --restart   Redémarrer un service depuis ADAM_EVENT_PAYLOAD.service
[2026-07-23T22:31:35+02:00] [INFO] [deploy.sh] Terminé (exit 0)
[2026-07-23T22:31:41+02:00] [INFO] [deploy.sh] ━━━━━━━━━━━━━━━━━━━━━━━━━━━━━━━━━━━━━━━━━━━━━━━━
[2026-07-23T22:31:41+02:00] [INFO] [deploy.sh] Appel reçu | channel=hardware:disk_alert source=hive_cycler args=
[2026-07-23T22:31:41+02:00] [INFO] [deploy.sh] Payload: {"disk": "/", "usage_pct": 63, "hostname": "TheHive", "msg": "Periodic disk check"}
[2026-07-23T22:31:41+02:00] [WARN] [deploy.sh] Aucun argument reconnu — utilisation: /home/aza/scripts/deploy.sh [--cleanup|--restart]
[2026-07-23T22:31:41+02:00] [INFO] [deploy.sh] Usage:
[2026-07-23T22:31:41+02:00] [INFO] [deploy.sh]   --cleanup   Nettoyer logs anciens, WAL, /tmp/adam-*
[2026-07-23T22:31:41+02:00] [INFO] [deploy.sh]   --restart   Redémarrer un service depuis ADAM_EVENT_PAYLOAD.service
[2026-07-23T22:31:41+02:00] [INFO] [deploy.sh] Terminé (exit 0)
[2026-07-23T22:35:56+02:00] [INFO] [deploy.sh] ━━━━━━━━━━━━━━━━━━━━━━━━━━━━━━━━━━━━━━━━━━━━━━━━
[2026-07-23T22:35:56+02:00] [INFO] [deploy.sh] Appel reçu | channel=service:down source=hive_cycler args=
[2026-07-23T22:35:56+02:00] [INFO] [deploy.sh] Payload: {"msg": "Health check ping", "hostname": "TheHive"}
[2026-07-23T22:35:56+02:00] [WARN] [deploy.sh] Aucun argument reconnu — utilisation: /home/aza/scripts/deploy.sh [--cleanup|--restart]
[2026-07-23T22:35:56+02:00] [INFO] [deploy.sh] Usage:
[2026-07-23T22:35:56+02:00] [INFO] [deploy.sh]   --cleanup   Nettoyer logs anciens, WAL, /tmp/adam-*
[2026-07-23T22:35:56+02:00] [INFO] [deploy.sh]   --restart   Redémarrer un service depuis ADAM_EVENT_PAYLOAD.service
[2026-07-23T22:35:56+02:00] [INFO] [deploy.sh] Terminé (exit 0)
[2026-07-23T22:36:02+02:00] [INFO] [deploy.sh] ━━━━━━━━━━━━━━━━━━━━━━━━━━━━━━━━━━━━━━━━━━━━━━━━
[2026-07-23T22:36:02+02:00] [INFO] [deploy.sh] Appel reçu | channel=hardware:disk_alert source=hive_cycler args=
[2026-07-23T22:36:02+02:00] [INFO] [deploy.sh] Payload: {"disk": "/", "usage_pct": 63, "hostname": "TheHive", "msg": "Periodic disk check"}
[2026-07-23T22:36:02+02:00] [WARN] [deploy.sh] Aucun argument reconnu — utilisation: /home/aza/scripts/deploy.sh [--cleanup|--restart]
[2026-07-23T22:36:02+02:00] [INFO] [deploy.sh] Usage:
[2026-07-23T22:36:02+02:00] [INFO] [deploy.sh]   --cleanup   Nettoyer logs anciens, WAL, /tmp/adam-*
[2026-07-23T22:36:02+02:00] [INFO] [deploy.sh]   --restart   Redémarrer un service depuis ADAM_EVENT_PAYLOAD.service
[2026-07-23T22:36:02+02:00] [INFO] [deploy.sh] Terminé (exit 0)
