[2026-07-23T09:59:14Z] [docs] Canal: wiki:update | Source: adam-critic | Skill: devops | Action: skill:updated
[2026-07-23T09:59:14Z] [docs] ⚠ Skill non trouvé: devops
[2026-07-23T09:59:14Z] [docs] Index wiki mis à jour: /home/aza/wiki/INDEX.md
[2026-07-23T09:59:14Z] [docs] Changement de skill journalisé: devops (skill:updated)
[2026-07-23T09:59:14Z] [docs] Traitement terminé — wiki:update traité avec succès
[2026-07-23T10:12:11Z] [docs] Canal: wiki:update | Source: adam-critic | Skill: test | Action: 3d-test
[2026-07-23T10:12:11Z] [docs] ⚠ Skill non trouvé: test
[2026-07-23T10:12:11Z] [docs] Index wiki mis à jour: /home/aza/wiki/INDEX.md
[2026-07-23T10:12:11Z] [docs] Changement de skill journalisé: test (3d-test)
[2026-07-23T10:12:11Z] [docs] Traitement terminé — wiki:update traité avec succès
[2026-07-23T10:15:13Z] [docs] Canal: wiki:update | Source: adam-critic | Skill: test | Action: 3d-test
[2026-07-23T10:15:13Z] [docs] Canal: wiki:update | Source: adam-critic | Skill: test | Action: 3d-test
[2026-07-23T10:15:13Z] [docs] ⚠ Skill non trouvé: test
[2026-07-23T10:15:13Z] [docs] Canal: wiki:update | Source: adam-critic | Skill: test | Action: 3d-test
[2026-07-23T10:15:13Z] [docs] ⚠ Skill non trouvé: test
[2026-07-23T10:15:13Z] [docs] Canal: wiki:update | Source: adam-critic | Skill: test | Action: 3d-test
[2026-07-23T10:15:13Z] [docs] ⚠ Skill non trouvé: test
[2026-07-23T10:15:13Z] [docs] ⚠ Skill non trouvé: test
[2026-07-23T10:15:13Z] [docs] Index wiki mis à jour: /home/aza/wiki/INDEX.md
[2026-07-23T10:15:13Z] [docs] Changement de skill journalisé: test (3d-test)
[2026-07-23T10:15:13Z] [docs] Traitement terminé — wiki:update traité avec succès
[2026-07-23T10:15:13Z] [docs] Index wiki mis à jour: /home/aza/wiki/INDEX.md
[2026-07-23T10:15:13Z] [docs] Index wiki mis à jour: /home/aza/wiki/INDEX.md
[2026-07-23T10:15:13Z] [docs] Changement de skill journalisé: test (3d-test)
[2026-07-23T10:15:13Z] [docs] Traitement terminé — wiki:update traité avec succès
[2026-07-23T10:15:13Z] [docs] Index wiki mis à jour: /home/aza/wiki/INDEX.md
[2026-07-23T10:15:13Z] [docs] Changement de skill journalisé: test (3d-test)
[2026-07-23T10:15:13Z] [docs] Traitement terminé — wiki:update traité avec succès
[2026-07-23T10:15:13Z] [docs] Changement de skill journalisé: test (3d-test)
[2026-07-23T10:15:13Z] [docs] Traitement terminé — wiki:update traité avec succès
[2026-07-23T10:15:21Z] [docs] Canal: wiki:update | Source: adam-critic | Skill: test | Action: 3d-test
[2026-07-23T10:15:21Z] [docs] ⚠ Skill non trouvé: test
[2026-07-23T10:15:21Z] [docs] Index wiki mis à jour: /home/aza/wiki/INDEX.md
[2026-07-23T10:15:21Z] [docs] Changement de skill journalisé: test (3d-test)
[2026-07-23T10:15:21Z] [docs] Traitement terminé — wiki:update traité avec succès
[2026-07-23T10:20:39Z] [docs] Canal: wiki:update | Source: adam-critic | Skill: agents | Action: skill:updated
[2026-07-23T10:20:39Z] [docs] ⚠ Skill non trouvé: agents
[2026-07-23T10:20:39Z] [docs] Index wiki mis à jour: /home/aza/wiki/INDEX.md
[2026-07-23T10:20:39Z] [docs] Changement de skill journalisé: agents (skill:updated)
[2026-07-23T10:20:39Z] [docs] Traitement terminé — wiki:update traité avec succès
[2026-07-23T10:26:15Z] [docs] Canal: wiki:update | Source: adam-critic | Skill: agents | Action: skill:updated
[2026-07-23T10:26:15Z] [docs] ⚠ Skill non trouvé: agents
[2026-07-23T10:26:15Z] [docs] Index wiki mis à jour: /home/aza/wiki/INDEX.md
[2026-07-23T10:26:15Z] [docs] Changement de skill journalisé: agents (skill:updated)
[2026-07-23T10:26:15Z] [docs] Traitement terminé — wiki:update traité avec succès
[2026-07-23T10:27:23Z] [docs] Canal: wiki:update | Source: adam-critic | Skill: agents | Action: skill:updated
[2026-07-23T10:27:23Z] [docs] ⚠ Skill non trouvé: agents
[2026-07-23T10:27:23Z] [docs] Index wiki mis à jour: /home/aza/wiki/INDEX.md
[2026-07-23T10:27:23Z] [docs] Changement de skill journalisé: agents (skill:updated)
[2026-07-23T10:27:23Z] [docs] Traitement terminé — wiki:update traité avec succès
[2026-07-23T10:28:31Z] [docs] Canal: wiki:update | Source: adam-critic | Skill: agents | Action: skill:updated
[2026-07-23T10:28:31Z] [docs] ⚠ Skill non trouvé: agents
[2026-07-23T10:28:31Z] [docs] Index wiki mis à jour: /home/aza/wiki/INDEX.md
[2026-07-23T10:28:31Z] [docs] Changement de skill journalisé: agents (skill:updated)
[2026-07-23T10:28:31Z] [docs] Traitement terminé — wiki:update traité avec succès
[2026-07-23T10:28:47Z] [docs] Canal: wiki:update | Source: adam-critic | Skill: agents | Action: skill:updated
[2026-07-23T10:28:47Z] [docs] ⚠ Skill non trouvé: agents
[2026-07-23T10:28:47Z] [docs] Index wiki mis à jour: /home/aza/wiki/INDEX.md
[2026-07-23T10:28:47Z] [docs] Changement de skill journalisé: agents (skill:updated)
[2026-07-23T10:28:47Z] [docs] Traitement terminé — wiki:update traité avec succès
[2026-07-23T10:37:43Z] [docs] Canal: wiki:update | Source: adam-critic | Skill: infrastructure | Action: skill:created
[2026-07-23T10:37:43Z] [docs] ⚠ Skill non trouvé: infrastructure
[2026-07-23T10:37:43Z] [docs] Index wiki mis à jour: /home/aza/wiki/INDEX.md
[2026-07-23T10:37:43Z] [docs] Changement de skill journalisé: infrastructure (skill:created)
[2026-07-23T10:37:43Z] [docs] Traitement terminé — wiki:update traité avec succès
[2026-07-23T10:38:17Z] [docs] Canal: wiki:update | Source: adam-critic | Skill: infrastructure | Action: skill:created
[2026-07-23T10:38:17Z] [docs] ⚠ Skill non trouvé: infrastructure
[2026-07-23T10:38:17Z] [docs] Index wiki mis à jour: /home/aza/wiki/INDEX.md
[2026-07-23T10:38:17Z] [docs] Changement de skill journalisé: infrastructure (skill:created)
[2026-07-23T10:38:17Z] [docs] Traitement terminé — wiki:update traité avec succès
[2026-07-23T10:38:45Z] [docs] Canal: wiki:update | Source: adam-critic | Skill: agents | Action: skill:updated
[2026-07-23T10:38:45Z] [docs] ⚠ Skill non trouvé: agents
[2026-07-23T10:38:45Z] [docs] Index wiki mis à jour: /home/aza/wiki/INDEX.md
[2026-07-23T10:38:45Z] [docs] Changement de skill journalisé: agents (skill:updated)
[2026-07-23T10:38:45Z] [docs] Traitement terminé — wiki:update traité avec succès
[2026-07-23T10:58:04Z] [docs] Canal: wiki:update | Source: adam-critic | Skill: infrastructure | Action: skill:updated
[2026-07-23T10:58:04Z] [docs] ⚠ Skill non trouvé: infrastructure
[2026-07-23T10:58:04Z] [docs] Index wiki mis à jour: /home/aza/wiki/INDEX.md
[2026-07-23T10:58:04Z] [docs] Changement de skill journalisé: infrastructure (skill:updated)
[2026-07-23T10:58:04Z] [docs] Traitement terminé — wiki:update traité avec succès
[2026-07-23T10:58:44Z] [docs] Canal: wiki:update | Source: adam-critic | Skill: agents | Action: skill:updated
[2026-07-23T10:58:44Z] [docs] ⚠ Skill non trouvé: agents
[2026-07-23T10:58:44Z] [docs] Index wiki mis à jour: /home/aza/wiki/INDEX.md
[2026-07-23T10:58:44Z] [docs] Changement de skill journalisé: agents (skill:updated)
[2026-07-23T10:58:44Z] [docs] Traitement terminé — wiki:update traité avec succès
[2026-07-23T11:07:12Z] [docs] Canal: wiki:update | Source: adam-critic | Skill: agents | Action: skill:updated
[2026-07-23T11:07:12Z] [docs] ⚠ Skill non trouvé: agents
[2026-07-23T11:07:12Z] [docs] Index wiki mis à jour: /home/aza/wiki/INDEX.md
[2026-07-23T11:07:12Z] [docs] Changement de skill journalisé: agents (skill:updated)
[2026-07-23T11:07:12Z] [docs] Traitement terminé — wiki:update traité avec succès
[2026-07-23T11:07:46Z] [docs] Canal: wiki:update | Source: adam-critic | Skill: agents | Action: skill:updated
[2026-07-23T11:07:46Z] [docs] ⚠ Skill non trouvé: agents
[2026-07-23T11:07:46Z] [docs] Index wiki mis à jour: /home/aza/wiki/INDEX.md
[2026-07-23T11:07:46Z] [docs] Changement de skill journalisé: agents (skill:updated)
[2026-07-23T11:07:46Z] [docs] Traitement terminé — wiki:update traité avec succès
[2026-07-23T11:55:55Z] [docs] Canal: wiki:update | Source: adam-critic | Skill: agents | Action: skill:updated
[2026-07-23T11:55:55Z] [docs] ⚠ Skill non trouvé: agents
[2026-07-23T11:55:55Z] [docs] Index wiki mis à jour: /home/aza/wiki/INDEX.md
[2026-07-23T11:55:55Z] [docs] Changement de skill journalisé: agents (skill:updated)
[2026-07-23T11:55:55Z] [docs] Traitement terminé — wiki:update traité avec succès
[2026-07-23T11:56:01Z] [docs] Canal: wiki:update | Source: adam-critic | Skill: agents | Action: skill:updated
[2026-07-23T11:56:01Z] [docs] ⚠ Skill non trouvé: agents
[2026-07-23T11:56:01Z] [docs] Index wiki mis à jour: /home/aza/wiki/INDEX.md
[2026-07-23T11:56:01Z] [docs] Changement de skill journalisé: agents (skill:updated)
[2026-07-23T11:56:01Z] [docs] Traitement terminé — wiki:update traité avec succès
[2026-07-23T11:56:29Z] [docs] Canal: wiki:update | Source: adam-critic | Skill: agents | Action: skill:updated
[2026-07-23T11:56:29Z] [docs] ⚠ Skill non trouvé: agents
[2026-07-23T11:56:29Z] [docs] Index wiki mis à jour: /home/aza/wiki/INDEX.md
[2026-07-23T11:56:29Z] [docs] Changement de skill journalisé: agents (skill:updated)
[2026-07-23T11:56:29Z] [docs] Traitement terminé — wiki:update traité avec succès
[2026-07-23T11:56:39Z] [docs] Canal: wiki:update | Source: adam-critic | Skill: agents | Action: skill:updated
[2026-07-23T11:56:39Z] [docs] ⚠ Skill non trouvé: agents
[2026-07-23T11:56:39Z] [docs] Index wiki mis à jour: /home/aza/wiki/INDEX.md
[2026-07-23T11:56:39Z] [docs] Changement de skill journalisé: agents (skill:updated)
[2026-07-23T11:56:39Z] [docs] Traitement terminé — wiki:update traité avec succès
[2026-07-23T11:57:13Z] [docs] Canal: wiki:update | Source: adam-critic | Skill: agents | Action: skill:created
[2026-07-23T11:57:13Z] [docs] ⚠ Skill non trouvé: agents
[2026-07-23T11:57:13Z] [docs] Index wiki mis à jour: /home/aza/wiki/INDEX.md
[2026-07-23T11:57:13Z] [docs] Changement de skill journalisé: agents (skill:created)
[2026-07-23T11:57:13Z] [docs] Traitement terminé — wiki:update traité avec succès
[2026-07-23T11:57:25Z] [docs] Canal: wiki:update | Source: adam-critic | Skill: agents | Action: skill:updated
[2026-07-23T11:57:25Z] [docs] ⚠ Skill non trouvé: agents
[2026-07-23T11:57:25Z] [docs] Index wiki mis à jour: /home/aza/wiki/INDEX.md
[2026-07-23T11:57:25Z] [docs] Changement de skill journalisé: agents (skill:updated)
[2026-07-23T11:57:25Z] [docs] Traitement terminé — wiki:update traité avec succès
[2026-07-23T12:41:50Z] [docs] Canal: wiki:update | Source: adam-critic | Skill: agents | Action: skill:created
[2026-07-23T12:41:50Z] [docs] ⚠ Skill non trouvé: agents
[2026-07-23T12:41:50Z] [docs] Index wiki mis à jour: /home/aza/wiki/INDEX.md
[2026-07-23T12:41:50Z] [docs] Changement de skill journalisé: agents (skill:created)
[2026-07-23T12:41:50Z] [docs] Traitement terminé — wiki:update traité avec succès
[2026-07-23T12:41:54Z] [docs] Canal: wiki:update | Source: adam-critic | Skill: agents | Action: skill:updated
[2026-07-23T12:41:54Z] [docs] ⚠ Skill non trouvé: agents
[2026-07-23T12:41:54Z] [docs] Index wiki mis à jour: /home/aza/wiki/INDEX.md
[2026-07-23T12:41:54Z] [docs] Changement de skill journalisé: agents (skill:updated)
[2026-07-23T12:41:54Z] [docs] Traitement terminé — wiki:update traité avec succès
[2026-07-23T12:41:58Z] [docs] Canal: wiki:update | Source: adam-critic | Skill: agents | Action: skill:updated
[2026-07-23T12:41:58Z] [docs] ⚠ Skill non trouvé: agents
[2026-07-23T12:41:58Z] [docs] Index wiki mis à jour: /home/aza/wiki/INDEX.md
[2026-07-23T12:41:58Z] [docs] Changement de skill journalisé: agents (skill:updated)
[2026-07-23T12:41:58Z] [docs] Traitement terminé — wiki:update traité avec succès
[2026-07-23T12:42:06Z] [docs] Canal: wiki:update | Source: adam-critic | Skill: agents | Action: skill:updated
[2026-07-23T12:42:06Z] [docs] ⚠ Skill non trouvé: agents
[2026-07-23T12:42:06Z] [docs] Index wiki mis à jour: /home/aza/wiki/INDEX.md
[2026-07-23T12:42:06Z] [docs] Changement de skill journalisé: agents (skill:updated)
[2026-07-23T12:42:06Z] [docs] Traitement terminé — wiki:update traité avec succès
[2026-07-23T12:42:28Z] [docs] Canal: wiki:update | Source: adam-critic | Skill: agents | Action: skill:updated
[2026-07-23T12:42:28Z] [docs] ⚠ Skill non trouvé: agents
[2026-07-23T12:42:28Z] [docs] Index wiki mis à jour: /home/aza/wiki/INDEX.md
[2026-07-23T12:42:28Z] [docs] Changement de skill journalisé: agents (skill:updated)
[2026-07-23T12:42:28Z] [docs] Traitement terminé — wiki:update traité avec succès
[2026-07-23T12:42:38Z] [docs] Canal: wiki:update | Source: adam-critic | Skill: agents | Action: skill:updated
[2026-07-23T12:42:38Z] [docs] ⚠ Skill non trouvé: agents
[2026-07-23T12:42:38Z] [docs] Index wiki mis à jour: /home/aza/wiki/INDEX.md
[2026-07-23T12:42:38Z] [docs] Changement de skill journalisé: agents (skill:updated)
[2026-07-23T12:42:38Z] [docs] Traitement terminé — wiki:update traité avec succès
[2026-07-23T13:10:27Z] [docs] Canal: wiki:update | Source: adam-critic | Skill: cybersecurite | Action: skill:created
[2026-07-23T13:10:27Z] [docs] ⚠ Skill non trouvé: cybersecurite
[2026-07-23T13:10:27Z] [docs] Index wiki mis à jour: /home/aza/wiki/INDEX.md
[2026-07-23T13:10:27Z] [docs] Changement de skill journalisé: cybersecurite (skill:created)
[2026-07-23T13:10:27Z] [docs] Traitement terminé — wiki:update traité avec succès
[2026-07-23T13:11:17Z] [docs] Canal: wiki:update | Source: adam-critic | Skill: cybersecurite | Action: skill:created
[2026-07-23T13:11:17Z] [docs] ⚠ Skill non trouvé: cybersecurite
[2026-07-23T13:11:17Z] [docs] Index wiki mis à jour: /home/aza/wiki/INDEX.md
[2026-07-23T13:11:17Z] [docs] Changement de skill journalisé: cybersecurite (skill:created)
[2026-07-23T13:11:17Z] [docs] Traitement terminé — wiki:update traité avec succès
[2026-07-23T13:24:27Z] [docs] Canal: wiki:update | Source: adam-critic | Skill: agents | Action: skill:updated
[2026-07-23T13:24:27Z] [docs] ⚠ Skill non trouvé: agents
[2026-07-23T13:24:27Z] [docs] Index wiki mis à jour: /home/aza/wiki/INDEX.md
[2026-07-23T13:24:27Z] [docs] Changement de skill journalisé: agents (skill:updated)
[2026-07-23T13:24:27Z] [docs] Traitement terminé — wiki:update traité avec succès
[2026-07-23T13:24:43Z] [docs] Canal: wiki:update | Source: adam-critic | Skill: agents | Action: skill:updated
[2026-07-23T13:24:43Z] [docs] ⚠ Skill non trouvé: agents
[2026-07-23T13:24:43Z] [docs] Index wiki mis à jour: /home/aza/wiki/INDEX.md
[2026-07-23T13:24:43Z] [docs] Changement de skill journalisé: agents (skill:updated)
[2026-07-23T13:24:43Z] [docs] Traitement terminé — wiki:update traité avec succès
[2026-07-23T13:25:13Z] [docs] Canal: wiki:update | Source: adam-critic | Skill: agents | Action: skill:updated
[2026-07-23T13:25:13Z] [docs] ⚠ Skill non trouvé: agents
[2026-07-23T13:25:13Z] [docs] Index wiki mis à jour: /home/aza/wiki/INDEX.md
[2026-07-23T13:25:13Z] [docs] Changement de skill journalisé: agents (skill:updated)
[2026-07-23T13:25:13Z] [docs] Traitement terminé — wiki:update traité avec succès
[2026-07-23T13:25:51Z] [docs] Canal: wiki:update | Source: adam-critic | Skill: agents | Action: skill:created
[2026-07-23T13:25:51Z] [docs] ⚠ Skill non trouvé: agents
[2026-07-23T13:25:51Z] [docs] Index wiki mis à jour: /home/aza/wiki/INDEX.md
[2026-07-23T13:25:51Z] [docs] Changement de skill journalisé: agents (skill:created)
[2026-07-23T13:25:51Z] [docs] Traitement terminé — wiki:update traité avec succès
[2026-07-23T13:26:01Z] [docs] Canal: wiki:update | Source: adam-critic | Skill: agents | Action: skill:updated
[2026-07-23T13:26:01Z] [docs] ⚠ Skill non trouvé: agents
[2026-07-23T13:26:01Z] [docs] Index wiki mis à jour: /home/aza/wiki/INDEX.md
[2026-07-23T13:26:01Z] [docs] Changement de skill journalisé: agents (skill:updated)
[2026-07-23T13:26:01Z] [docs] Traitement terminé — wiki:update traité avec succès
[2026-07-23T14:29:25Z] [docs] Canal: wiki:update | Source: adam-critic | Skill: agents | Action: skill:updated
[2026-07-23T14:29:25Z] [docs] ⚠ Skill non trouvé: agents
[2026-07-23T14:29:25Z] [docs] Index wiki mis à jour: /home/aza/wiki/INDEX.md
[2026-07-23T14:29:25Z] [docs] Changement de skill journalisé: agents (skill:updated)
[2026-07-23T14:29:25Z] [docs] Traitement terminé — wiki:update traité avec succès
[2026-07-23T14:29:33Z] [docs] Canal: wiki:update | Source: adam-critic | Skill: agents | Action: skill:updated
[2026-07-23T14:29:33Z] [docs] ⚠ Skill non trouvé: agents
[2026-07-23T14:29:33Z] [docs] Index wiki mis à jour: /home/aza/wiki/INDEX.md
[2026-07-23T14:29:33Z] [docs] Changement de skill journalisé: agents (skill:updated)
[2026-07-23T14:29:33Z] [docs] Traitement terminé — wiki:update traité avec succès
[2026-07-23T14:30:07Z] [docs] Canal: wiki:update | Source: adam-critic | Skill: agents | Action: skill:updated
[2026-07-23T14:30:07Z] [docs] ⚠ Skill non trouvé: agents
[2026-07-23T14:30:07Z] [docs] Index wiki mis à jour: /home/aza/wiki/INDEX.md
[2026-07-23T14:30:07Z] [docs] Changement de skill journalisé: agents (skill:updated)
[2026-07-23T14:30:07Z] [docs] Traitement terminé — wiki:update traité avec succès
[2026-07-23T14:30:43Z] [docs] Canal: wiki:update | Source: adam-critic | Skill: agents | Action: skill:created
[2026-07-23T14:30:43Z] [docs] ⚠ Skill non trouvé: agents
[2026-07-23T14:30:43Z] [docs] Index wiki mis à jour: /home/aza/wiki/INDEX.md
[2026-07-23T14:30:43Z] [docs] Changement de skill journalisé: agents (skill:created)
[2026-07-23T14:30:43Z] [docs] Traitement terminé — wiki:update traité avec succès
[2026-07-23T14:30:51Z] [docs] Canal: wiki:update | Source: adam-critic | Skill: agents | Action: skill:updated
[2026-07-23T14:30:51Z] [docs] ⚠ Skill non trouvé: agents
[2026-07-23T14:30:51Z] [docs] Index wiki mis à jour: /home/aza/wiki/INDEX.md
[2026-07-23T14:30:51Z] [docs] Changement de skill journalisé: agents (skill:updated)
[2026-07-23T14:30:51Z] [docs] Traitement terminé — wiki:update traité avec succès
[2026-07-23T14:58:01Z] [docs] Canal: wiki:update | Source: handler | Skill:  | Action: 
[2026-07-23T14:58:01Z] [docs] Index wiki mis à jour: /home/aza/wiki/INDEX.md
[2026-07-23T14:58:01Z] [docs] Traitement terminé — wiki:update traité avec succès
[2026-07-23T15:03:54Z] [docs] Canal: wiki:update | Source: adam-critic | Skill: multi-agent | Action: skill:created
[2026-07-23T15:03:54Z] [docs] ⚠ Skill non trouvé: multi-agent
[2026-07-23T15:03:54Z] [docs] Index wiki mis à jour: /home/aza/wiki/INDEX.md
[2026-07-23T15:03:54Z] [docs] Changement de skill journalisé: multi-agent (skill:created)
[2026-07-23T15:03:54Z] [docs] Traitement terminé — wiki:update traité avec succès
[2026-07-23T15:04:32Z] [docs] Canal: wiki:update | Source: adam-critic | Skill: multi-agent | Action: skill:created
[2026-07-23T15:04:32Z] [docs] ⚠ Skill non trouvé: multi-agent
[2026-07-23T15:04:32Z] [docs] Index wiki mis à jour: /home/aza/wiki/INDEX.md
[2026-07-23T15:04:32Z] [docs] Changement de skill journalisé: multi-agent (skill:created)
[2026-07-23T15:04:32Z] [docs] Traitement terminé — wiki:update traité avec succès
[2026-07-23T15:17:16Z] [docs] Canal: wiki:update | Source: adam-critic | Skill:  | Action: 
[2026-07-23T15:17:16Z] [docs] Index wiki mis à jour: /home/aza/wiki/INDEX.md
[2026-07-23T15:17:16Z] [docs] Traitement terminé — wiki:update traité avec succès
[2026-07-23T15:17:17Z] [docs] Canal: wiki:update | Source: adam-critic | Skill:  | Action: 
[2026-07-23T15:17:17Z] [docs] Index wiki mis à jour: /home/aza/wiki/INDEX.md
[2026-07-23T15:17:17Z] [docs] Traitement terminé — wiki:update traité avec succès
[2026-07-23T15:17:19Z] [docs] Canal: wiki:update | Source: adam-critic | Skill:  | Action: 
[2026-07-23T15:17:19Z] [docs] Index wiki mis à jour: /home/aza/wiki/INDEX.md
[2026-07-23T15:17:19Z] [docs] Traitement terminé — wiki:update traité avec succès
[2026-07-23T15:38:02Z] [docs] Canal: wiki:update | Source: adam-critic | Skill: agents | Action: skill:created
[2026-07-23T15:38:02Z] [docs] ⚠ Skill non trouvé: agents
[2026-07-23T15:38:02Z] [docs] Index wiki mis à jour: /home/aza/wiki/INDEX.md
[2026-07-23T15:38:02Z] [docs] Changement de skill journalisé: agents (skill:created)
[2026-07-23T15:38:02Z] [docs] Traitement terminé — wiki:update traité avec succès
[2026-07-23T15:38:30Z] [docs] Canal: wiki:update | Source: adam-critic | Skill: agents | Action: skill:updated
[2026-07-23T15:38:30Z] [docs] ⚠ Skill non trouvé: agents
[2026-07-23T15:38:30Z] [docs] Index wiki mis à jour: /home/aza/wiki/INDEX.md
[2026-07-23T15:38:30Z] [docs] Changement de skill journalisé: agents (skill:updated)
[2026-07-23T15:38:30Z] [docs] Traitement terminé — wiki:update traité avec succès
[2026-07-23T15:38:42Z] [docs] Canal: wiki:update | Source: adam-critic | Skill: agents | Action: skill:updated
[2026-07-23T15:38:42Z] [docs] ⚠ Skill non trouvé: agents
[2026-07-23T15:38:42Z] [docs] Index wiki mis à jour: /home/aza/wiki/INDEX.md
[2026-07-23T15:38:42Z] [docs] Changement de skill journalisé: agents (skill:updated)
[2026-07-23T15:38:42Z] [docs] Traitement terminé — wiki:update traité avec succès
[2026-07-23T15:40:38Z] [docs] Canal: wiki:update | Source: adam-critic | Skill: agents | Action: skill:updated
[2026-07-23T15:40:38Z] [docs] ⚠ Skill non trouvé: agents
[2026-07-23T15:40:38Z] [docs] Index wiki mis à jour: /home/aza/wiki/INDEX.md
[2026-07-23T15:40:38Z] [docs] Changement de skill journalisé: agents (skill:updated)
[2026-07-23T15:40:38Z] [docs] Traitement terminé — wiki:update traité avec succès
[2026-07-23T15:44:39Z] [docs] Canal: wiki:update | Source: adam-critic | Skill: agents | Action: skill:updated
[2026-07-23T15:44:39Z] [docs] ⚠ Skill non trouvé: agents
[2026-07-23T15:44:39Z] [docs] Index wiki mis à jour: /home/aza/wiki/INDEX.md
[2026-07-23T15:44:39Z] [docs] Changement de skill journalisé: agents (skill:updated)
[2026-07-23T15:44:39Z] [docs] Traitement terminé — wiki:update traité avec succès
[2026-07-23T15:48:02Z] [docs] Canal: wiki:update | Source: adam-critic | Skill: dependency-auditor | Action: skill:created
[2026-07-23T15:48:02Z] [docs] Canal: wiki:update | Source: adam-critic | Skill: dependency-auditor | Action: skill:created
[2026-07-23T15:48:02Z] [docs] ⚠ Skill non trouvé: dependency-auditor
[2026-07-23T15:48:02Z] [docs] ⚠ Skill non trouvé: dependency-auditor
[2026-07-23T15:48:02Z] [docs] Index wiki mis à jour: /home/aza/wiki/INDEX.md
[2026-07-23T15:48:02Z] [docs] Changement de skill journalisé: dependency-auditor (skill:created)
[2026-07-23T15:48:02Z] [docs] Traitement terminé — wiki:update traité avec succès
[2026-07-23T15:48:02Z] [docs] Index wiki mis à jour: /home/aza/wiki/INDEX.md
[2026-07-23T15:48:02Z] [docs] Changement de skill journalisé: dependency-auditor (skill:created)
[2026-07-23T15:48:02Z] [docs] Traitement terminé — wiki:update traité avec succès
[2026-07-23T15:48:06Z] [docs] Canal: wiki:update | Source: adam-critic | Skill: dependency-auditor | Action: skill:created
[2026-07-23T15:48:06Z] [docs] Canal: wiki:update | Source: adam-critic | Skill: dependency-auditor | Action: skill:created
[2026-07-23T15:48:06Z] [docs] ⚠ Skill non trouvé: dependency-auditor
[2026-07-23T15:48:06Z] [docs] ⚠ Skill non trouvé: dependency-auditor
[2026-07-23T15:48:06Z] [docs] Index wiki mis à jour: /home/aza/wiki/INDEX.md
[2026-07-23T15:48:06Z] [docs] Changement de skill journalisé: dependency-auditor (skill:created)
[2026-07-23T15:48:06Z] [docs] Traitement terminé — wiki:update traité avec succès
[2026-07-23T15:48:06Z] [docs] Index wiki mis à jour: /home/aza/wiki/INDEX.md
[2026-07-23T15:48:06Z] [docs] Changement de skill journalisé: dependency-auditor (skill:created)
[2026-07-23T15:48:06Z] [docs] Traitement terminé — wiki:update traité avec succès
[2026-07-23T15:48:10Z] [docs] Canal: wiki:update | Source: adam-critic | Skill: pulse | Action: skill:created
[2026-07-23T15:48:10Z] [docs] Canal: wiki:update | Source: adam-critic | Skill: dependency-auditor | Action: skill:created
[2026-07-23T15:48:10Z] [docs] ⚠ Skill non trouvé: pulse
[2026-07-23T15:48:10Z] [docs] ⚠ Skill non trouvé: dependency-auditor
[2026-07-23T15:48:10Z] [docs] Index wiki mis à jour: /home/aza/wiki/INDEX.md
[2026-07-23T15:48:10Z] [docs] Changement de skill journalisé: pulse (skill:created)
[2026-07-23T15:48:10Z] [docs] Traitement terminé — wiki:update traité avec succès
[2026-07-23T15:48:10Z] [docs] Index wiki mis à jour: /home/aza/wiki/INDEX.md
[2026-07-23T15:48:10Z] [docs] Changement de skill journalisé: dependency-auditor (skill:created)
[2026-07-23T15:48:10Z] [docs] Traitement terminé — wiki:update traité avec succès
[2026-07-23T15:48:14Z] [docs] Canal: wiki:update | Source: adam-critic | Skill: pulse | Action: skill:created
[2026-07-23T15:48:14Z] [docs] Canal: wiki:update | Source: adam-critic | Skill: pulse | Action: skill:created
[2026-07-23T15:48:14Z] [docs] ⚠ Skill non trouvé: pulse
[2026-07-23T15:48:14Z] [docs] ⚠ Skill non trouvé: pulse
[2026-07-23T15:48:14Z] [docs] Index wiki mis à jour: /home/aza/wiki/INDEX.md
[2026-07-23T15:48:14Z] [docs] Index wiki mis à jour: /home/aza/wiki/INDEX.md
[2026-07-23T15:48:14Z] [docs] Changement de skill journalisé: pulse (skill:created)
[2026-07-23T15:48:14Z] [docs] Traitement terminé — wiki:update traité avec succès
[2026-07-23T15:48:14Z] [docs] Changement de skill journalisé: pulse (skill:created)
[2026-07-23T15:48:14Z] [docs] Traitement terminé — wiki:update traité avec succès
[2026-07-23T15:48:18Z] [docs] Canal: wiki:update | Source: adam-critic | Skill: pulse | Action: skill:created
[2026-07-23T15:48:18Z] [docs] ⚠ Skill non trouvé: pulse
[2026-07-23T15:48:18Z] [docs] Canal: wiki:update | Source: adam-critic | Skill: sql-database-assistant | Action: skill:created
[2026-07-23T15:48:18Z] [docs] ⚠ Skill non trouvé: sql-database-assistant
[2026-07-23T15:48:18Z] [docs] Index wiki mis à jour: /home/aza/wiki/INDEX.md
[2026-07-23T15:48:18Z] [docs] Changement de skill journalisé: pulse (skill:created)
[2026-07-23T15:48:18Z] [docs] Traitement terminé — wiki:update traité avec succès
[2026-07-23T15:48:18Z] [docs] Index wiki mis à jour: /home/aza/wiki/INDEX.md
[2026-07-23T15:48:18Z] [docs] Changement de skill journalisé: sql-database-assistant (skill:created)
[2026-07-23T15:48:18Z] [docs] Traitement terminé — wiki:update traité avec succès
[2026-07-23T15:48:22Z] [docs] Canal: wiki:update | Source: adam-critic | Skill: sql-database-assistant | Action: skill:created
[2026-07-23T15:48:22Z] [docs] Canal: wiki:update | Source: adam-critic | Skill: sql-database-assistant | Action: skill:created
[2026-07-23T15:48:22Z] [docs] ⚠ Skill non trouvé: sql-database-assistant
[2026-07-23T15:48:22Z] [docs] ⚠ Skill non trouvé: sql-database-assistant
[2026-07-23T15:48:22Z] [docs] Index wiki mis à jour: /home/aza/wiki/INDEX.md
[2026-07-23T15:48:22Z] [docs] Index wiki mis à jour: /home/aza/wiki/INDEX.md
[2026-07-23T15:48:22Z] [docs] Changement de skill journalisé: sql-database-assistant (skill:created)
[2026-07-23T15:48:22Z] [docs] Traitement terminé — wiki:update traité avec succès
[2026-07-23T15:48:22Z] [docs] Changement de skill journalisé: sql-database-assistant (skill:created)
[2026-07-23T15:48:22Z] [docs] Traitement terminé — wiki:update traité avec succès
[2026-07-23T15:48:30Z] [docs] Canal: wiki:update | Source: adam-critic | Skill: sql-database-assistant | Action: skill:created
[2026-07-23T15:48:30Z] [docs] ⚠ Skill non trouvé: sql-database-assistant
[2026-07-23T15:48:30Z] [docs] Canal: wiki:update | Source: adam-critic | Skill: deep-research | Action: skill:created
[2026-07-23T15:48:30Z] [docs] ⚠ Skill non trouvé: deep-research
[2026-07-23T15:48:30Z] [docs] Index wiki mis à jour: /home/aza/wiki/INDEX.md
[2026-07-23T15:48:30Z] [docs] Changement de skill journalisé: sql-database-assistant (skill:created)
[2026-07-23T15:48:30Z] [docs] Traitement terminé — wiki:update traité avec succès
[2026-07-23T15:48:30Z] [docs] Index wiki mis à jour: /home/aza/wiki/INDEX.md
[2026-07-23T15:48:30Z] [docs] Changement de skill journalisé: deep-research (skill:created)
[2026-07-23T15:48:30Z] [docs] Traitement terminé — wiki:update traité avec succès
[2026-07-23T15:48:34Z] [docs] Canal: wiki:update | Source: adam-critic | Skill: customer-success-manager | Action: skill:created
[2026-07-23T15:48:34Z] [docs] Canal: wiki:update | Source: adam-critic | Skill: deep-research | Action: skill:created
[2026-07-23T15:48:34Z] [docs] ⚠ Skill non trouvé: customer-success-manager
[2026-07-23T15:48:34Z] [docs] ⚠ Skill non trouvé: deep-research
[2026-07-23T15:48:34Z] [docs] Index wiki mis à jour: /home/aza/wiki/INDEX.md
[2026-07-23T15:48:34Z] [docs] Changement de skill journalisé: customer-success-manager (skill:created)
[2026-07-23T15:48:34Z] [docs] Traitement terminé — wiki:update traité avec succès
[2026-07-23T15:48:34Z] [docs] Index wiki mis à jour: /home/aza/wiki/INDEX.md
[2026-07-23T15:48:34Z] [docs] Changement de skill journalisé: deep-research (skill:created)
[2026-07-23T15:48:34Z] [docs] Traitement terminé — wiki:update traité avec succès
[2026-07-23T15:48:38Z] [docs] Canal: wiki:update | Source: adam-critic | Skill: customer-success-manager | Action: skill:created
[2026-07-23T15:48:38Z] [docs] Canal: wiki:update | Source: adam-critic | Skill: customer-success-manager | Action: skill:created
[2026-07-23T15:48:38Z] [docs] ⚠ Skill non trouvé: customer-success-manager
[2026-07-23T15:48:38Z] [docs] ⚠ Skill non trouvé: customer-success-manager
[2026-07-23T15:48:38Z] [docs] Index wiki mis à jour: /home/aza/wiki/INDEX.md
[2026-07-23T15:48:38Z] [docs] Changement de skill journalisé: customer-success-manager (skill:created)
[2026-07-23T15:48:38Z] [docs] Traitement terminé — wiki:update traité avec succès
[2026-07-23T15:48:38Z] [docs] Index wiki mis à jour: /home/aza/wiki/INDEX.md
[2026-07-23T15:48:38Z] [docs] Changement de skill journalisé: customer-success-manager (skill:created)
[2026-07-23T15:48:38Z] [docs] Traitement terminé — wiki:update traité avec succès
[2026-07-23T15:48:44Z] [docs] Canal: wiki:update | Source: adam-critic | Skill: customer-success-manager | Action: skill:created
[2026-07-23T15:48:44Z] [docs] ⚠ Skill non trouvé: customer-success-manager
[2026-07-23T15:48:44Z] [docs] Canal: wiki:update | Source: adam-critic | Skill: customer-success-manager | Action: skill:created
[2026-07-23T15:48:44Z] [docs] ⚠ Skill non trouvé: customer-success-manager
[2026-07-23T15:48:44Z] [docs] Index wiki mis à jour: /home/aza/wiki/INDEX.md
[2026-07-23T15:48:44Z] [docs] Changement de skill journalisé: customer-success-manager (skill:created)
[2026-07-23T15:48:44Z] [docs] Traitement terminé — wiki:update traité avec succès
[2026-07-23T15:48:44Z] [docs] Index wiki mis à jour: /home/aza/wiki/INDEX.md
[2026-07-23T15:48:44Z] [docs] Changement de skill journalisé: customer-success-manager (skill:created)
[2026-07-23T15:48:44Z] [docs] Traitement terminé — wiki:update traité avec succès
[2026-07-23T15:48:48Z] [docs] Canal: wiki:update | Source: adam-critic | Skill: customer-success-manager | Action: skill:created
[2026-07-23T15:48:48Z] [docs] ⚠ Skill non trouvé: customer-success-manager
[2026-07-23T15:48:48Z] [docs] Canal: wiki:update | Source: adam-critic | Skill: customer-success-manager | Action: skill:created
[2026-07-23T15:48:48Z] [docs] ⚠ Skill non trouvé: customer-success-manager
[2026-07-23T15:48:48Z] [docs] Index wiki mis à jour: /home/aza/wiki/INDEX.md
[2026-07-23T15:48:48Z] [docs] Changement de skill journalisé: customer-success-manager (skill:created)
[2026-07-23T15:48:48Z] [docs] Traitement terminé — wiki:update traité avec succès
[2026-07-23T15:48:48Z] [docs] Index wiki mis à jour: /home/aza/wiki/INDEX.md
[2026-07-23T15:48:48Z] [docs] Changement de skill journalisé: customer-success-manager (skill:created)
[2026-07-23T15:48:48Z] [docs] Traitement terminé — wiki:update traité avec succès
[2026-07-23T15:48:52Z] [docs] Canal: wiki:update | Source: adam-critic | Skill: customer-success-manager | Action: skill:created
[2026-07-23T15:48:52Z] [docs] Canal: wiki:update | Source: adam-critic | Skill: ci-cd-pipeline-builder | Action: skill:created
[2026-07-23T15:48:52Z] [docs] ⚠ Skill non trouvé: customer-success-manager
[2026-07-23T15:48:52Z] [docs] ⚠ Skill non trouvé: ci-cd-pipeline-builder
[2026-07-23T15:48:52Z] [docs] Index wiki mis à jour: /home/aza/wiki/INDEX.md
[2026-07-23T15:48:52Z] [docs] Changement de skill journalisé: customer-success-manager (skill:created)
[2026-07-23T15:48:52Z] [docs] Traitement terminé — wiki:update traité avec succès
[2026-07-23T15:48:52Z] [docs] Index wiki mis à jour: /home/aza/wiki/INDEX.md
[2026-07-23T15:48:52Z] [docs] Changement de skill journalisé: ci-cd-pipeline-builder (skill:created)
[2026-07-23T15:48:52Z] [docs] Traitement terminé — wiki:update traité avec succès
[2026-07-23T15:48:56Z] [docs] Canal: wiki:update | Source: adam-critic | Skill: ci-cd-pipeline-builder | Action: skill:created
[2026-07-23T15:48:56Z] [docs] ⚠ Skill non trouvé: ci-cd-pipeline-builder
[2026-07-23T15:48:56Z] [docs] Canal: wiki:update | Source: adam-critic | Skill: ci-cd-pipeline-builder | Action: skill:created
[2026-07-23T15:48:56Z] [docs] ⚠ Skill non trouvé: ci-cd-pipeline-builder
[2026-07-23T15:48:56Z] [docs] Index wiki mis à jour: /home/aza/wiki/INDEX.md
[2026-07-23T15:48:56Z] [docs] Changement de skill journalisé: ci-cd-pipeline-builder (skill:created)
[2026-07-23T15:48:56Z] [docs] Traitement terminé — wiki:update traité avec succès
[2026-07-23T15:48:56Z] [docs] Index wiki mis à jour: /home/aza/wiki/INDEX.md
[2026-07-23T15:48:56Z] [docs] Changement de skill journalisé: ci-cd-pipeline-builder (skill:created)
[2026-07-23T15:48:56Z] [docs] Traitement terminé — wiki:update traité avec succès
[2026-07-23T15:49:00Z] [docs] Canal: wiki:update | Source: adam-critic | Skill: ci-cd-pipeline-builder | Action: skill:created
[2026-07-23T15:49:00Z] [docs] ⚠ Skill non trouvé: ci-cd-pipeline-builder
[2026-07-23T15:49:00Z] [docs] Canal: wiki:update | Source: adam-critic | Skill: ci-cd-pipeline-builder | Action: skill:created
[2026-07-23T15:49:00Z] [docs] ⚠ Skill non trouvé: ci-cd-pipeline-builder
[2026-07-23T15:49:00Z] [docs] Index wiki mis à jour: /home/aza/wiki/INDEX.md
[2026-07-23T15:49:00Z] [docs] Index wiki mis à jour: /home/aza/wiki/INDEX.md
[2026-07-23T15:49:00Z] [docs] Changement de skill journalisé: ci-cd-pipeline-builder (skill:created)
[2026-07-23T15:49:00Z] [docs] Traitement terminé — wiki:update traité avec succès
[2026-07-23T15:49:00Z] [docs] Changement de skill journalisé: ci-cd-pipeline-builder (skill:created)
[2026-07-23T15:49:00Z] [docs] Traitement terminé — wiki:update traité avec succès
[2026-07-23T15:49:06Z] [docs] Canal: wiki:update | Source: adam-critic | Skill: ci-cd-pipeline-builder | Action: skill:created
[2026-07-23T15:49:06Z] [docs] ⚠ Skill non trouvé: ci-cd-pipeline-builder
[2026-07-23T15:49:06Z] [docs] Canal: wiki:update | Source: adam-critic | Skill: patent | Action: skill:created
[2026-07-23T15:49:06Z] [docs] ⚠ Skill non trouvé: patent
[2026-07-23T15:49:06Z] [docs] Index wiki mis à jour: /home/aza/wiki/INDEX.md
[2026-07-23T15:49:06Z] [docs] Index wiki mis à jour: /home/aza/wiki/INDEX.md
[2026-07-23T15:49:06Z] [docs] Changement de skill journalisé: ci-cd-pipeline-builder (skill:created)
[2026-07-23T15:49:06Z] [docs] Traitement terminé — wiki:update traité avec succès
[2026-07-23T15:49:06Z] [docs] Changement de skill journalisé: patent (skill:created)
[2026-07-23T15:49:06Z] [docs] Traitement terminé — wiki:update traité avec succès
[2026-07-23T15:49:10Z] [docs] Canal: wiki:update | Source: adam-critic | Skill: patent | Action: skill:created
[2026-07-23T15:49:10Z] [docs] ⚠ Skill non trouvé: patent
[2026-07-23T15:49:10Z] [docs] Canal: wiki:update | Source: adam-critic | Skill: patent | Action: skill:created
[2026-07-23T15:49:10Z] [docs] ⚠ Skill non trouvé: patent
[2026-07-23T15:49:10Z] [docs] Index wiki mis à jour: /home/aza/wiki/INDEX.md
[2026-07-23T15:49:10Z] [docs] Index wiki mis à jour: /home/aza/wiki/INDEX.md
[2026-07-23T15:49:10Z] [docs] Changement de skill journalisé: patent (skill:created)
[2026-07-23T15:49:10Z] [docs] Traitement terminé — wiki:update traité avec succès
[2026-07-23T15:49:10Z] [docs] Changement de skill journalisé: patent (skill:created)
[2026-07-23T15:49:10Z] [docs] Traitement terminé — wiki:update traité avec succès
[2026-07-23T15:49:14Z] [docs] Canal: wiki:update | Source: adam-critic | Skill: landing | Action: skill:created
[2026-07-23T15:49:14Z] [docs] Canal: wiki:update | Source: adam-critic | Skill: patent | Action: skill:created
[2026-07-23T15:49:14Z] [docs] ⚠ Skill non trouvé: landing
[2026-07-23T15:49:14Z] [docs] ⚠ Skill non trouvé: patent
[2026-07-23T15:49:14Z] [docs] Index wiki mis à jour: /home/aza/wiki/INDEX.md
[2026-07-23T15:49:14Z] [docs] Index wiki mis à jour: /home/aza/wiki/INDEX.md
[2026-07-23T15:49:14Z] [docs] Changement de skill journalisé: landing (skill:created)
[2026-07-23T15:49:14Z] [docs] Traitement terminé — wiki:update traité avec succès
[2026-07-23T15:49:14Z] [docs] Changement de skill journalisé: patent (skill:created)
[2026-07-23T15:49:14Z] [docs] Traitement terminé — wiki:update traité avec succès
[2026-07-23T15:49:18Z] [docs] Canal: wiki:update | Source: adam-critic | Skill: landing | Action: skill:created
[2026-07-23T15:49:18Z] [docs] Canal: wiki:update | Source: adam-critic | Skill: self-eval | Action: skill:created
[2026-07-23T15:49:18Z] [docs] ⚠ Skill non trouvé: landing
[2026-07-23T15:49:18Z] [docs] ⚠ Skill non trouvé: self-eval
[2026-07-23T15:49:18Z] [docs] Index wiki mis à jour: /home/aza/wiki/INDEX.md
[2026-07-23T15:49:18Z] [docs] Index wiki mis à jour: /home/aza/wiki/INDEX.md
[2026-07-23T15:49:18Z] [docs] Changement de skill journalisé: landing (skill:created)
[2026-07-23T15:49:18Z] [docs] Traitement terminé — wiki:update traité avec succès
[2026-07-23T15:49:18Z] [docs] Changement de skill journalisé: self-eval (skill:created)
[2026-07-23T15:49:18Z] [docs] Traitement terminé — wiki:update traité avec succès
[2026-07-23T15:49:22Z] [docs] Canal: wiki:update | Source: adam-critic | Skill: ship-gate | Action: skill:created
[2026-07-23T15:49:22Z] [docs] ⚠ Skill non trouvé: ship-gate
[2026-07-23T15:49:22Z] [docs] Canal: wiki:update | Source: adam-critic | Skill: landing | Action: skill:created
[2026-07-23T15:49:22Z] [docs] ⚠ Skill non trouvé: landing
[2026-07-23T15:49:22Z] [docs] Index wiki mis à jour: /home/aza/wiki/INDEX.md
[2026-07-23T15:49:22Z] [docs] Index wiki mis à jour: /home/aza/wiki/INDEX.md
[2026-07-23T15:49:22Z] [docs] Changement de skill journalisé: ship-gate (skill:created)
[2026-07-23T15:49:22Z] [docs] Traitement terminé — wiki:update traité avec succès
[2026-07-23T15:49:22Z] [docs] Changement de skill journalisé: landing (skill:created)
[2026-07-23T15:49:22Z] [docs] Traitement terminé — wiki:update traité avec succès
[2026-07-23T15:49:26Z] [docs] Canal: wiki:update | Source: adam-critic | Skill: ship-gate | Action: skill:created
[2026-07-23T15:49:26Z] [docs] Canal: wiki:update | Source: adam-critic | Skill: landing | Action: skill:created
[2026-07-23T15:49:26Z] [docs] ⚠ Skill non trouvé: ship-gate
[2026-07-23T15:49:26Z] [docs] ⚠ Skill non trouvé: landing
[2026-07-23T15:49:26Z] [docs] Index wiki mis à jour: /home/aza/wiki/INDEX.md
[2026-07-23T15:49:26Z] [docs] Index wiki mis à jour: /home/aza/wiki/INDEX.md
[2026-07-23T15:49:26Z] [docs] Changement de skill journalisé: landing (skill:created)
[2026-07-23T15:49:26Z] [docs] Traitement terminé — wiki:update traité avec succès
[2026-07-23T15:49:26Z] [docs] Changement de skill journalisé: ship-gate (skill:created)
[2026-07-23T15:49:26Z] [docs] Traitement terminé — wiki:update traité avec succès
[2026-07-23T15:49:30Z] [docs] Canal: wiki:update | Source: adam-critic | Skill: ship-gate | Action: skill:created
[2026-07-23T15:49:30Z] [docs] Canal: wiki:update | Source: adam-critic | Skill: litreview | Action: skill:created
[2026-07-23T15:49:30Z] [docs] ⚠ Skill non trouvé: ship-gate
[2026-07-23T15:49:30Z] [docs] ⚠ Skill non trouvé: litreview
[2026-07-23T15:49:30Z] [docs] Index wiki mis à jour: /home/aza/wiki/INDEX.md
[2026-07-23T15:49:30Z] [docs] Changement de skill journalisé: ship-gate (skill:created)
[2026-07-23T15:49:30Z] [docs] Traitement terminé — wiki:update traité avec succès
[2026-07-23T15:49:30Z] [docs] Index wiki mis à jour: /home/aza/wiki/INDEX.md
[2026-07-23T15:49:30Z] [docs] Changement de skill journalisé: litreview (skill:created)
[2026-07-23T15:49:30Z] [docs] Traitement terminé — wiki:update traité avec succès
[2026-07-23T15:49:34Z] [docs] Canal: wiki:update | Source: adam-critic | Skill: litreview | Action: skill:created
[2026-07-23T15:49:34Z] [docs] ⚠ Skill non trouvé: litreview
[2026-07-23T15:49:34Z] [docs] Canal: wiki:update | Source: adam-critic | Skill: litreview | Action: skill:created
[2026-07-23T15:49:34Z] [docs] ⚠ Skill non trouvé: litreview
[2026-07-23T15:49:34Z] [docs] Index wiki mis à jour: /home/aza/wiki/INDEX.md
[2026-07-23T15:49:34Z] [docs] Changement de skill journalisé: litreview (skill:created)
[2026-07-23T15:49:34Z] [docs] Traitement terminé — wiki:update traité avec succès
[2026-07-23T15:49:34Z] [docs] Index wiki mis à jour: /home/aza/wiki/INDEX.md
[2026-07-23T15:49:34Z] [docs] Changement de skill journalisé: litreview (skill:created)
[2026-07-23T15:49:34Z] [docs] Traitement terminé — wiki:update traité avec succès
[2026-07-23T15:49:38Z] [docs] Canal: wiki:update | Source: adam-critic | Skill: litreview | Action: skill:created
[2026-07-23T15:49:38Z] [docs] ⚠ Skill non trouvé: litreview
[2026-07-23T15:49:38Z] [docs] Canal: wiki:update | Source: adam-critic | Skill: market-research | Action: skill:created
[2026-07-23T15:49:38Z] [docs] ⚠ Skill non trouvé: market-research
[2026-07-23T15:49:38Z] [docs] Index wiki mis à jour: /home/aza/wiki/INDEX.md
[2026-07-23T15:49:38Z] [docs] Changement de skill journalisé: litreview (skill:created)
[2026-07-23T15:49:38Z] [docs] Traitement terminé — wiki:update traité avec succès
[2026-07-23T15:49:38Z] [docs] Index wiki mis à jour: /home/aza/wiki/INDEX.md
[2026-07-23T15:49:38Z] [docs] Changement de skill journalisé: market-research (skill:created)
[2026-07-23T15:49:38Z] [docs] Traitement terminé — wiki:update traité avec succès
[2026-07-23T15:49:42Z] [docs] Canal: wiki:update | Source: adam-critic | Skill: market-research | Action: skill:created
[2026-07-23T15:49:42Z] [docs] Canal: wiki:update | Source: adam-critic | Skill: market-research | Action: skill:created
[2026-07-23T15:49:42Z] [docs] ⚠ Skill non trouvé: market-research
[2026-07-23T15:49:42Z] [docs] ⚠ Skill non trouvé: market-research
[2026-07-23T15:49:42Z] [docs] Index wiki mis à jour: /home/aza/wiki/INDEX.md
[2026-07-23T15:49:42Z] [docs] Changement de skill journalisé: market-research (skill:created)
[2026-07-23T15:49:42Z] [docs] Traitement terminé — wiki:update traité avec succès
[2026-07-23T15:49:42Z] [docs] Index wiki mis à jour: /home/aza/wiki/INDEX.md
[2026-07-23T15:49:42Z] [docs] Changement de skill journalisé: market-research (skill:created)
[2026-07-23T15:49:42Z] [docs] Traitement terminé — wiki:update traité avec succès
[2026-07-23T15:49:46Z] [docs] Canal: wiki:update | Source: adam-critic | Skill: market-research | Action: skill:created
[2026-07-23T15:49:46Z] [docs] Canal: wiki:update | Source: adam-critic | Skill: tech-debt-tracker | Action: skill:created
[2026-07-23T15:49:46Z] [docs] ⚠ Skill non trouvé: market-research
[2026-07-23T15:49:46Z] [docs] ⚠ Skill non trouvé: tech-debt-tracker
[2026-07-23T15:49:46Z] [docs] Index wiki mis à jour: /home/aza/wiki/INDEX.md
[2026-07-23T15:49:46Z] [docs] Changement de skill journalisé: market-research (skill:created)
[2026-07-23T15:49:46Z] [docs] Traitement terminé — wiki:update traité avec succès
[2026-07-23T15:49:46Z] [docs] Index wiki mis à jour: /home/aza/wiki/INDEX.md
[2026-07-23T15:49:46Z] [docs] Changement de skill journalisé: tech-debt-tracker (skill:created)
[2026-07-23T15:49:46Z] [docs] Traitement terminé — wiki:update traité avec succès
[2026-07-23T15:49:50Z] [docs] Canal: wiki:update | Source: adam-critic | Skill: market-research | Action: skill:created
[2026-07-23T15:49:50Z] [docs] Canal: wiki:update | Source: adam-critic | Skill: tech-debt-tracker | Action: skill:created
[2026-07-23T15:49:50Z] [docs] ⚠ Skill non trouvé: market-research
[2026-07-23T15:49:50Z] [docs] ⚠ Skill non trouvé: tech-debt-tracker
[2026-07-23T15:49:50Z] [docs] Index wiki mis à jour: /home/aza/wiki/INDEX.md
[2026-07-23T15:49:50Z] [docs] Index wiki mis à jour: /home/aza/wiki/INDEX.md
[2026-07-23T15:49:50Z] [docs] Changement de skill journalisé: tech-debt-tracker (skill:created)
[2026-07-23T15:49:50Z] [docs] Traitement terminé — wiki:update traité avec succès
[2026-07-23T15:49:50Z] [docs] Changement de skill journalisé: market-research (skill:created)
[2026-07-23T15:49:50Z] [docs] Traitement terminé — wiki:update traité avec succès
[2026-07-23T15:49:54Z] [docs] Canal: wiki:update | Source: adam-critic | Skill: tech-debt-tracker | Action: skill:created
[2026-07-23T15:49:54Z] [docs] ⚠ Skill non trouvé: tech-debt-tracker
[2026-07-23T15:49:54Z] [docs] Canal: wiki:update | Source: adam-critic | Skill: tech-debt-tracker | Action: skill:created
[2026-07-23T15:49:54Z] [docs] ⚠ Skill non trouvé: tech-debt-tracker
[2026-07-23T15:49:54Z] [docs] Index wiki mis à jour: /home/aza/wiki/INDEX.md
[2026-07-23T15:49:54Z] [docs] Index wiki mis à jour: /home/aza/wiki/INDEX.md
[2026-07-23T15:49:54Z] [docs] Changement de skill journalisé: tech-debt-tracker (skill:created)
[2026-07-23T15:49:54Z] [docs] Traitement terminé — wiki:update traité avec succès
[2026-07-23T15:49:54Z] [docs] Changement de skill journalisé: tech-debt-tracker (skill:created)
[2026-07-23T15:49:54Z] [docs] Traitement terminé — wiki:update traité avec succès
[2026-07-23T15:49:58Z] [docs] Canal: wiki:update | Source: adam-critic | Skill: tech-debt-tracker | Action: skill:created
[2026-07-23T15:49:58Z] [docs] ⚠ Skill non trouvé: tech-debt-tracker
[2026-07-23T15:49:58Z] [docs] Canal: wiki:update | Source: adam-critic | Skill: tech-debt-tracker | Action: skill:created
[2026-07-23T15:49:58Z] [docs] ⚠ Skill non trouvé: tech-debt-tracker
[2026-07-23T15:49:58Z] [docs] Index wiki mis à jour: /home/aza/wiki/INDEX.md
[2026-07-23T15:49:58Z] [docs] Changement de skill journalisé: tech-debt-tracker (skill:created)
[2026-07-23T15:49:58Z] [docs] Traitement terminé — wiki:update traité avec succès
[2026-07-23T15:49:58Z] [docs] Index wiki mis à jour: /home/aza/wiki/INDEX.md
[2026-07-23T15:49:58Z] [docs] Changement de skill journalisé: tech-debt-tracker (skill:created)
[2026-07-23T15:49:58Z] [docs] Traitement terminé — wiki:update traité avec succès
[2026-07-23T15:50:02Z] [docs] Canal: wiki:update | Source: adam-critic | Skill: spec-driven-workflow | Action: skill:created
[2026-07-23T15:50:02Z] [docs] ⚠ Skill non trouvé: spec-driven-workflow
[2026-07-23T15:50:02Z] [docs] Canal: wiki:update | Source: adam-critic | Skill: pr-review-expert | Action: skill:created
[2026-07-23T15:50:02Z] [docs] ⚠ Skill non trouvé: pr-review-expert
[2026-07-23T15:50:02Z] [docs] Index wiki mis à jour: /home/aza/wiki/INDEX.md
[2026-07-23T15:50:02Z] [docs] Changement de skill journalisé: spec-driven-workflow (skill:created)
[2026-07-23T15:50:02Z] [docs] Traitement terminé — wiki:update traité avec succès
[2026-07-23T15:50:02Z] [docs] Index wiki mis à jour: /home/aza/wiki/INDEX.md
[2026-07-23T15:50:02Z] [docs] Changement de skill journalisé: pr-review-expert (skill:created)
[2026-07-23T15:50:02Z] [docs] Traitement terminé — wiki:update traité avec succès
[2026-07-23T15:50:06Z] [docs] Canal: wiki:update | Source: adam-critic | Skill: spec-driven-workflow | Action: skill:created
[2026-07-23T15:50:06Z] [docs] ⚠ Skill non trouvé: spec-driven-workflow
[2026-07-23T15:50:06Z] [docs] Canal: wiki:update | Source: adam-critic | Skill: spec-driven-workflow | Action: skill:created
[2026-07-23T15:50:06Z] [docs] ⚠ Skill non trouvé: spec-driven-workflow
[2026-07-23T15:50:06Z] [docs] Index wiki mis à jour: /home/aza/wiki/INDEX.md
[2026-07-23T15:50:06Z] [docs] Changement de skill journalisé: spec-driven-workflow (skill:created)
[2026-07-23T15:50:06Z] [docs] Traitement terminé — wiki:update traité avec succès
[2026-07-23T15:50:06Z] [docs] Index wiki mis à jour: /home/aza/wiki/INDEX.md
[2026-07-23T15:50:06Z] [docs] Changement de skill journalisé: spec-driven-workflow (skill:created)
[2026-07-23T15:50:06Z] [docs] Traitement terminé — wiki:update traité avec succès
[2026-07-23T15:50:10Z] [docs] Canal: wiki:update | Source: adam-critic | Skill: focused-fix | Action: skill:created
[2026-07-23T15:50:10Z] [docs] Canal: wiki:update | Source: adam-critic | Skill: spec-driven-workflow | Action: skill:created
[2026-07-23T15:50:10Z] [docs] ⚠ Skill non trouvé: focused-fix
[2026-07-23T15:50:10Z] [docs] ⚠ Skill non trouvé: spec-driven-workflow
[2026-07-23T15:50:10Z] [docs] Index wiki mis à jour: /home/aza/wiki/INDEX.md
[2026-07-23T15:50:10Z] [docs] Changement de skill journalisé: focused-fix (skill:created)
[2026-07-23T15:50:10Z] [docs] Traitement terminé — wiki:update traité avec succès
[2026-07-23T15:50:10Z] [docs] Index wiki mis à jour: /home/aza/wiki/INDEX.md
[2026-07-23T15:50:10Z] [docs] Changement de skill journalisé: spec-driven-workflow (skill:created)
[2026-07-23T15:50:10Z] [docs] Traitement terminé — wiki:update traité avec succès
[2026-07-23T15:50:14Z] [docs] Canal: wiki:update | Source: adam-critic | Skill: observability-designer | Action: skill:created
[2026-07-23T15:50:14Z] [docs] ⚠ Skill non trouvé: observability-designer
[2026-07-23T15:50:14Z] [docs] Canal: wiki:update | Source: adam-critic | Skill: observability-designer | Action: skill:created
[2026-07-23T15:50:14Z] [docs] ⚠ Skill non trouvé: observability-designer
[2026-07-23T15:50:14Z] [docs] Index wiki mis à jour: /home/aza/wiki/INDEX.md
[2026-07-23T15:50:14Z] [docs] Changement de skill journalisé: observability-designer (skill:created)
[2026-07-23T15:50:14Z] [docs] Traitement terminé — wiki:update traité avec succès
[2026-07-23T15:50:14Z] [docs] Index wiki mis à jour: /home/aza/wiki/INDEX.md
[2026-07-23T15:50:14Z] [docs] Changement de skill journalisé: observability-designer (skill:created)
[2026-07-23T15:50:14Z] [docs] Traitement terminé — wiki:update traité avec succès
[2026-07-23T15:50:18Z] [docs] Canal: wiki:update | Source: adam-critic | Skill: observability-designer | Action: skill:created
[2026-07-23T15:50:18Z] [docs] Canal: wiki:update | Source: adam-critic | Skill: observability-designer | Action: skill:created
[2026-07-23T15:50:18Z] [docs] ⚠ Skill non trouvé: observability-designer
[2026-07-23T15:50:18Z] [docs] ⚠ Skill non trouvé: observability-designer
[2026-07-23T15:50:18Z] [docs] Index wiki mis à jour: /home/aza/wiki/INDEX.md
[2026-07-23T15:50:18Z] [docs] Changement de skill journalisé: observability-designer (skill:created)
[2026-07-23T15:50:18Z] [docs] Traitement terminé — wiki:update traité avec succès
[2026-07-23T15:50:18Z] [docs] Index wiki mis à jour: /home/aza/wiki/INDEX.md
[2026-07-23T15:50:18Z] [docs] Changement de skill journalisé: observability-designer (skill:created)
[2026-07-23T15:50:18Z] [docs] Traitement terminé — wiki:update traité avec succès
[2026-07-23T15:50:22Z] [docs] Canal: wiki:update | Source: adam-critic | Skill: observability-designer | Action: skill:created
[2026-07-23T15:50:22Z] [docs] ⚠ Skill non trouvé: observability-designer
[2026-07-23T15:50:22Z] [docs] Canal: wiki:update | Source: adam-critic | Skill: database-schema-designer | Action: skill:created
[2026-07-23T15:50:22Z] [docs] ⚠ Skill non trouvé: database-schema-designer
[2026-07-23T15:50:22Z] [docs] Index wiki mis à jour: /home/aza/wiki/INDEX.md
[2026-07-23T15:50:22Z] [docs] Changement de skill journalisé: observability-designer (skill:created)
[2026-07-23T15:50:22Z] [docs] Traitement terminé — wiki:update traité avec succès
[2026-07-23T15:50:22Z] [docs] Index wiki mis à jour: /home/aza/wiki/INDEX.md
[2026-07-23T15:50:22Z] [docs] Changement de skill journalisé: database-schema-designer (skill:created)
[2026-07-23T15:50:22Z] [docs] Traitement terminé — wiki:update traité avec succès
[2026-07-23T15:50:26Z] [docs] Canal: wiki:update | Source: adam-critic | Skill: database-schema-designer | Action: skill:created
[2026-07-23T15:50:26Z] [docs] ⚠ Skill non trouvé: database-schema-designer
[2026-07-23T15:50:26Z] [docs] Canal: wiki:update | Source: adam-critic | Skill: migration-architect | Action: skill:created
[2026-07-23T15:50:26Z] [docs] ⚠ Skill non trouvé: migration-architect
[2026-07-23T15:50:26Z] [docs] Index wiki mis à jour: /home/aza/wiki/INDEX.md
[2026-07-23T15:50:26Z] [docs] Changement de skill journalisé: database-schema-designer (skill:created)
[2026-07-23T15:50:26Z] [docs] Traitement terminé — wiki:update traité avec succès
[2026-07-23T15:50:26Z] [docs] Index wiki mis à jour: /home/aza/wiki/INDEX.md
[2026-07-23T15:50:26Z] [docs] Changement de skill journalisé: migration-architect (skill:created)
[2026-07-23T15:50:26Z] [docs] Traitement terminé — wiki:update traité avec succès
[2026-07-23T15:50:30Z] [docs] Canal: wiki:update | Source: adam-critic | Skill: migration-architect | Action: skill:created
[2026-07-23T15:50:30Z] [docs] Canal: wiki:update | Source: adam-critic | Skill: migration-architect | Action: skill:created
[2026-07-23T15:50:30Z] [docs] ⚠ Skill non trouvé: migration-architect
[2026-07-23T15:50:30Z] [docs] ⚠ Skill non trouvé: migration-architect
[2026-07-23T15:50:30Z] [docs] Index wiki mis à jour: /home/aza/wiki/INDEX.md
[2026-07-23T15:50:30Z] [docs] Index wiki mis à jour: /home/aza/wiki/INDEX.md
[2026-07-23T15:50:30Z] [docs] Changement de skill journalisé: migration-architect (skill:created)
[2026-07-23T15:50:30Z] [docs] Traitement terminé — wiki:update traité avec succès
[2026-07-23T15:50:30Z] [docs] Changement de skill journalisé: migration-architect (skill:created)
[2026-07-23T15:50:30Z] [docs] Traitement terminé — wiki:update traité avec succès
[2026-07-23T15:50:36Z] [docs] Canal: wiki:update | Source: adam-critic | Skill: migration-architect | Action: skill:created
[2026-07-23T15:50:36Z] [docs] Canal: wiki:update | Source: adam-critic | Skill: api-design-reviewer | Action: skill:created
[2026-07-23T15:50:36Z] [docs] ⚠ Skill non trouvé: migration-architect
[2026-07-23T15:50:36Z] [docs] ⚠ Skill non trouvé: api-design-reviewer
[2026-07-23T15:50:36Z] [docs] Index wiki mis à jour: /home/aza/wiki/INDEX.md
[2026-07-23T15:50:36Z] [docs] Changement de skill journalisé: api-design-reviewer (skill:created)
[2026-07-23T15:50:36Z] [docs] Traitement terminé — wiki:update traité avec succès
[2026-07-23T15:50:36Z] [docs] Index wiki mis à jour: /home/aza/wiki/INDEX.md
[2026-07-23T15:50:36Z] [docs] Changement de skill journalisé: migration-architect (skill:created)
[2026-07-23T15:50:36Z] [docs] Traitement terminé — wiki:update traité avec succès
[2026-07-23T15:50:40Z] [docs] Canal: wiki:update | Source: adam-critic | Skill: migration-architect | Action: skill:created
[2026-07-23T15:50:40Z] [docs] ⚠ Skill non trouvé: migration-architect
[2026-07-23T15:50:40Z] [docs] Canal: wiki:update | Source: adam-critic | Skill: api-design-reviewer | Action: skill:created
[2026-07-23T15:50:40Z] [docs] ⚠ Skill non trouvé: api-design-reviewer
[2026-07-23T15:50:40Z] [docs] Index wiki mis à jour: /home/aza/wiki/INDEX.md
[2026-07-23T15:50:40Z] [docs] Changement de skill journalisé: migration-architect (skill:created)
[2026-07-23T15:50:40Z] [docs] Traitement terminé — wiki:update traité avec succès
[2026-07-23T15:50:40Z] [docs] Index wiki mis à jour: /home/aza/wiki/INDEX.md
[2026-07-23T15:50:40Z] [docs] Changement de skill journalisé: api-design-reviewer (skill:created)
[2026-07-23T15:50:40Z] [docs] Traitement terminé — wiki:update traité avec succès
[2026-07-23T15:50:44Z] [docs] Canal: wiki:update | Source: adam-critic | Skill: api-design-reviewer | Action: skill:created
[2026-07-23T15:50:44Z] [docs] ⚠ Skill non trouvé: api-design-reviewer
[2026-07-23T15:50:44Z] [docs] Canal: wiki:update | Source: adam-critic | Skill: loop-library | Action: skill:created
[2026-07-23T15:50:44Z] [docs] ⚠ Skill non trouvé: loop-library
[2026-07-23T15:50:44Z] [docs] Index wiki mis à jour: /home/aza/wiki/INDEX.md
[2026-07-23T15:50:44Z] [docs] Changement de skill journalisé: api-design-reviewer (skill:created)
[2026-07-23T15:50:44Z] [docs] Traitement terminé — wiki:update traité avec succès
[2026-07-23T15:50:44Z] [docs] Index wiki mis à jour: /home/aza/wiki/INDEX.md
[2026-07-23T15:50:44Z] [docs] Changement de skill journalisé: loop-library (skill:created)
[2026-07-23T15:50:44Z] [docs] Traitement terminé — wiki:update traité avec succès
[2026-07-23T15:50:48Z] [docs] Canal: wiki:update | Source: adam-critic | Skill: loop-library | Action: skill:created
[2026-07-23T15:50:48Z] [docs] ⚠ Skill non trouvé: loop-library
[2026-07-23T15:50:48Z] [docs] Canal: wiki:update | Source: adam-critic | Skill: loop-library | Action: skill:created
[2026-07-23T15:50:48Z] [docs] ⚠ Skill non trouvé: loop-library
[2026-07-23T15:50:48Z] [docs] Index wiki mis à jour: /home/aza/wiki/INDEX.md
[2026-07-23T15:50:48Z] [docs] Changement de skill journalisé: loop-library (skill:created)
[2026-07-23T15:50:48Z] [docs] Traitement terminé — wiki:update traité avec succès
[2026-07-23T15:50:48Z] [docs] Index wiki mis à jour: /home/aza/wiki/INDEX.md
[2026-07-23T15:50:48Z] [docs] Changement de skill journalisé: loop-library (skill:created)
[2026-07-23T15:50:48Z] [docs] Traitement terminé — wiki:update traité avec succès
[2026-07-23T15:50:53Z] [docs] Canal: wiki:update | Source: adam-critic | Skill: financial-analyst | Action: skill:created
[2026-07-23T15:50:53Z] [docs] ⚠ Skill non trouvé: financial-analyst
[2026-07-23T15:50:53Z] [docs] Canal: wiki:update | Source: adam-critic | Skill: loop-library | Action: skill:created
[2026-07-23T15:50:53Z] [docs] ⚠ Skill non trouvé: loop-library
[2026-07-23T15:50:53Z] [docs] Index wiki mis à jour: /home/aza/wiki/INDEX.md
[2026-07-23T15:50:53Z] [docs] Index wiki mis à jour: /home/aza/wiki/INDEX.md
[2026-07-23T15:50:53Z] [docs] Changement de skill journalisé: loop-library (skill:created)
[2026-07-23T15:50:53Z] [docs] Traitement terminé — wiki:update traité avec succès
[2026-07-23T15:50:53Z] [docs] Changement de skill journalisé: financial-analyst (skill:created)
[2026-07-23T15:50:53Z] [docs] Traitement terminé — wiki:update traité avec succès
[2026-07-23T15:50:57Z] [docs] Canal: wiki:update | Source: adam-critic | Skill: financial-analyst | Action: skill:created
[2026-07-23T15:50:57Z] [docs] ⚠ Skill non trouvé: financial-analyst
[2026-07-23T15:50:57Z] [docs] Canal: wiki:update | Source: adam-critic | Skill: financial-analyst | Action: skill:created
[2026-07-23T15:50:57Z] [docs] ⚠ Skill non trouvé: financial-analyst
[2026-07-23T15:50:57Z] [docs] Index wiki mis à jour: /home/aza/wiki/INDEX.md
[2026-07-23T15:50:57Z] [docs] Changement de skill journalisé: financial-analyst (skill:created)
[2026-07-23T15:50:57Z] [docs] Traitement terminé — wiki:update traité avec succès
[2026-07-23T15:50:57Z] [docs] Index wiki mis à jour: /home/aza/wiki/INDEX.md
[2026-07-23T15:50:57Z] [docs] Changement de skill journalisé: financial-analyst (skill:created)
[2026-07-23T15:50:57Z] [docs] Traitement terminé — wiki:update traité avec succès
[2026-07-23T15:51:01Z] [docs] Canal: wiki:update | Source: adam-critic | Skill: financial-analyst | Action: skill:created
[2026-07-23T15:51:01Z] [docs] ⚠ Skill non trouvé: financial-analyst
[2026-07-23T15:51:01Z] [docs] Canal: wiki:update | Source: adam-critic | Skill: financial-analyst | Action: skill:created
[2026-07-23T15:51:01Z] [docs] ⚠ Skill non trouvé: financial-analyst
[2026-07-23T15:51:01Z] [docs] Index wiki mis à jour: /home/aza/wiki/INDEX.md
[2026-07-23T15:51:01Z] [docs] Changement de skill journalisé: financial-analyst (skill:created)
[2026-07-23T15:51:01Z] [docs] Traitement terminé — wiki:update traité avec succès
[2026-07-23T15:51:01Z] [docs] Index wiki mis à jour: /home/aza/wiki/INDEX.md
[2026-07-23T15:51:01Z] [docs] Changement de skill journalisé: financial-analyst (skill:created)
[2026-07-23T15:51:01Z] [docs] Traitement terminé — wiki:update traité avec succès
[2026-07-23T15:51:05Z] [docs] Canal: wiki:update | Source: adam-critic | Skill: financial-analyst | Action: skill:created
[2026-07-23T15:51:05Z] [docs] ⚠ Skill non trouvé: financial-analyst
[2026-07-23T15:51:05Z] [docs] Canal: wiki:update | Source: adam-critic | Skill: financial-analyst | Action: skill:created
[2026-07-23T15:51:05Z] [docs] ⚠ Skill non trouvé: financial-analyst
[2026-07-23T15:51:05Z] [docs] Index wiki mis à jour: /home/aza/wiki/INDEX.md
[2026-07-23T15:51:05Z] [docs] Changement de skill journalisé: financial-analyst (skill:created)
[2026-07-23T15:51:05Z] [docs] Traitement terminé — wiki:update traité avec succès
[2026-07-23T15:51:05Z] [docs] Index wiki mis à jour: /home/aza/wiki/INDEX.md
[2026-07-23T15:51:05Z] [docs] Changement de skill journalisé: financial-analyst (skill:created)
[2026-07-23T15:51:05Z] [docs] Traitement terminé — wiki:update traité avec succès
[2026-07-23T15:51:09Z] [docs] Canal: wiki:update | Source: adam-critic | Skill: financial-analyst | Action: skill:created
[2026-07-23T15:51:09Z] [docs] ⚠ Skill non trouvé: financial-analyst
[2026-07-23T15:51:09Z] [docs] Canal: wiki:update | Source: adam-critic | Skill: saas-metrics-coach | Action: skill:created
[2026-07-23T15:51:09Z] [docs] ⚠ Skill non trouvé: saas-metrics-coach
[2026-07-23T15:51:09Z] [docs] Index wiki mis à jour: /home/aza/wiki/INDEX.md
[2026-07-23T15:51:09Z] [docs] Changement de skill journalisé: financial-analyst (skill:created)
[2026-07-23T15:51:09Z] [docs] Traitement terminé — wiki:update traité avec succès
[2026-07-23T15:51:09Z] [docs] Index wiki mis à jour: /home/aza/wiki/INDEX.md
[2026-07-23T15:51:09Z] [docs] Changement de skill journalisé: saas-metrics-coach (skill:created)
[2026-07-23T15:51:09Z] [docs] Traitement terminé — wiki:update traité avec succès
[2026-07-23T15:51:13Z] [docs] Canal: wiki:update | Source: adam-critic | Skill: saas-metrics-coach | Action: skill:created
[2026-07-23T15:51:13Z] [docs] ⚠ Skill non trouvé: saas-metrics-coach
[2026-07-23T15:51:13Z] [docs] Canal: wiki:update | Source: adam-critic | Skill: saas-metrics-coach | Action: skill:created
[2026-07-23T15:51:13Z] [docs] ⚠ Skill non trouvé: saas-metrics-coach
[2026-07-23T15:51:13Z] [docs] Index wiki mis à jour: /home/aza/wiki/INDEX.md
[2026-07-23T15:51:13Z] [docs] Changement de skill journalisé: saas-metrics-coach (skill:created)
[2026-07-23T15:51:13Z] [docs] Traitement terminé — wiki:update traité avec succès
[2026-07-23T15:51:13Z] [docs] Index wiki mis à jour: /home/aza/wiki/INDEX.md
[2026-07-23T15:51:13Z] [docs] Changement de skill journalisé: saas-metrics-coach (skill:created)
[2026-07-23T15:51:13Z] [docs] Traitement terminé — wiki:update traité avec succès
[2026-07-23T15:51:17Z] [docs] Canal: wiki:update | Source: adam-critic | Skill: saas-metrics-coach | Action: skill:created
[2026-07-23T15:51:17Z] [docs] ⚠ Skill non trouvé: saas-metrics-coach
[2026-07-23T15:51:17Z] [docs] Canal: wiki:update | Source: adam-critic | Skill: research-finance | Action: skill:created
[2026-07-23T15:51:17Z] [docs] ⚠ Skill non trouvé: research-finance
[2026-07-23T15:51:17Z] [docs] Index wiki mis à jour: /home/aza/wiki/INDEX.md
[2026-07-23T15:51:17Z] [docs] Changement de skill journalisé: saas-metrics-coach (skill:created)
[2026-07-23T15:51:17Z] [docs] Traitement terminé — wiki:update traité avec succès
[2026-07-23T15:51:17Z] [docs] Index wiki mis à jour: /home/aza/wiki/INDEX.md
[2026-07-23T15:51:17Z] [docs] Changement de skill journalisé: research-finance (skill:created)
[2026-07-23T15:51:17Z] [docs] Traitement terminé — wiki:update traité avec succès
[2026-07-23T15:51:21Z] [docs] Canal: wiki:update | Source: adam-critic | Skill: research-finance | Action: skill:created
[2026-07-23T15:51:21Z] [docs] Canal: wiki:update | Source: adam-critic | Skill: research-finance | Action: skill:created
[2026-07-23T15:51:21Z] [docs] ⚠ Skill non trouvé: research-finance
[2026-07-23T15:51:21Z] [docs] ⚠ Skill non trouvé: research-finance
[2026-07-23T15:51:21Z] [docs] Index wiki mis à jour: /home/aza/wiki/INDEX.md
[2026-07-23T15:51:21Z] [docs] Changement de skill journalisé: research-finance (skill:created)
[2026-07-23T15:51:21Z] [docs] Traitement terminé — wiki:update traité avec succès
[2026-07-23T15:51:21Z] [docs] Index wiki mis à jour: /home/aza/wiki/INDEX.md
[2026-07-23T15:51:21Z] [docs] Changement de skill journalisé: research-finance (skill:created)
[2026-07-23T15:51:21Z] [docs] Traitement terminé — wiki:update traité avec succès
[2026-07-23T15:51:25Z] [docs] Canal: wiki:update | Source: adam-critic | Skill: research-finance | Action: skill:created
[2026-07-23T15:51:25Z] [docs] ⚠ Skill non trouvé: research-finance
[2026-07-23T15:51:25Z] [docs] Canal: wiki:update | Source: adam-critic | Skill: research-finance | Action: skill:created
[2026-07-23T15:51:25Z] [docs] ⚠ Skill non trouvé: research-finance
[2026-07-23T15:51:25Z] [docs] Index wiki mis à jour: /home/aza/wiki/INDEX.md
[2026-07-23T15:51:25Z] [docs] Changement de skill journalisé: research-finance (skill:created)
[2026-07-23T15:51:25Z] [docs] Traitement terminé — wiki:update traité avec succès
[2026-07-23T15:51:25Z] [docs] Index wiki mis à jour: /home/aza/wiki/INDEX.md
[2026-07-23T15:51:25Z] [docs] Changement de skill journalisé: research-finance (skill:created)
[2026-07-23T15:51:25Z] [docs] Traitement terminé — wiki:update traité avec succès
[2026-07-23T15:51:29Z] [docs] Canal: wiki:update | Source: adam-critic | Skill: codebase-onboarding | Action: skill:created
[2026-07-23T15:51:29Z] [docs] ⚠ Skill non trouvé: codebase-onboarding
[2026-07-23T15:51:29Z] [docs] Canal: wiki:update | Source: adam-critic | Skill: codebase-onboarding | Action: skill:created
[2026-07-23T15:51:29Z] [docs] ⚠ Skill non trouvé: codebase-onboarding
[2026-07-23T15:51:29Z] [docs] Index wiki mis à jour: /home/aza/wiki/INDEX.md
[2026-07-23T15:51:29Z] [docs] Index wiki mis à jour: /home/aza/wiki/INDEX.md
[2026-07-23T15:51:29Z] [docs] Changement de skill journalisé: codebase-onboarding (skill:created)
[2026-07-23T15:51:29Z] [docs] Changement de skill journalisé: codebase-onboarding (skill:created)
[2026-07-23T15:51:29Z] [docs] Traitement terminé — wiki:update traité avec succès
[2026-07-23T15:51:29Z] [docs] Traitement terminé — wiki:update traité avec succès
[2026-07-23T15:51:33Z] [docs] Canal: wiki:update | Source: adam-critic | Skill: codebase-onboarding | Action: skill:created
[2026-07-23T15:51:33Z] [docs] ⚠ Skill non trouvé: codebase-onboarding
[2026-07-23T15:51:33Z] [docs] Canal: wiki:update | Source: adam-critic | Skill: env-secrets-manager | Action: skill:created
[2026-07-23T15:51:33Z] [docs] ⚠ Skill non trouvé: env-secrets-manager
[2026-07-23T15:51:33Z] [docs] Index wiki mis à jour: /home/aza/wiki/INDEX.md
[2026-07-23T15:51:33Z] [docs] Changement de skill journalisé: codebase-onboarding (skill:created)
[2026-07-23T15:51:33Z] [docs] Traitement terminé — wiki:update traité avec succès
[2026-07-23T15:51:33Z] [docs] Index wiki mis à jour: /home/aza/wiki/INDEX.md
[2026-07-23T15:51:33Z] [docs] Changement de skill journalisé: env-secrets-manager (skill:created)
[2026-07-23T15:51:33Z] [docs] Traitement terminé — wiki:update traité avec succès
[2026-07-23T15:51:37Z] [docs] Canal: wiki:update | Source: adam-critic | Skill: env-secrets-manager | Action: skill:created
[2026-07-23T15:51:37Z] [docs] Canal: wiki:update | Source: adam-critic | Skill: finance-skills | Action: skill:created
[2026-07-23T15:51:37Z] [docs] ⚠ Skill non trouvé: env-secrets-manager
[2026-07-23T15:51:37Z] [docs] ⚠ Skill non trouvé: finance-skills
[2026-07-23T15:51:37Z] [docs] Index wiki mis à jour: /home/aza/wiki/INDEX.md
[2026-07-23T15:51:37Z] [docs] Changement de skill journalisé: finance-skills (skill:created)
[2026-07-23T15:51:37Z] [docs] Traitement terminé — wiki:update traité avec succès
[2026-07-23T15:51:37Z] [docs] Index wiki mis à jour: /home/aza/wiki/INDEX.md
[2026-07-23T15:51:37Z] [docs] Changement de skill journalisé: env-secrets-manager (skill:created)
[2026-07-23T15:51:37Z] [docs] Traitement terminé — wiki:update traité avec succès
[2026-07-23T15:51:41Z] [docs] Canal: wiki:update | Source: adam-critic | Skill: env-secrets-manager | Action: skill:created
[2026-07-23T15:51:41Z] [docs] ⚠ Skill non trouvé: env-secrets-manager
[2026-07-23T15:51:41Z] [docs] Canal: wiki:update | Source: adam-critic | Skill: business-investment-advisor | Action: skill:created
[2026-07-23T15:51:41Z] [docs] ⚠ Skill non trouvé: business-investment-advisor
[2026-07-23T15:51:41Z] [docs] Index wiki mis à jour: /home/aza/wiki/INDEX.md
[2026-07-23T15:51:41Z] [docs] Changement de skill journalisé: env-secrets-manager (skill:created)
[2026-07-23T15:51:41Z] [docs] Traitement terminé — wiki:update traité avec succès
[2026-07-23T15:51:41Z] [docs] Index wiki mis à jour: /home/aza/wiki/INDEX.md
[2026-07-23T15:51:41Z] [docs] Changement de skill journalisé: business-investment-advisor (skill:created)
[2026-07-23T15:51:41Z] [docs] Traitement terminé — wiki:update traité avec succès
[2026-07-23T15:51:47Z] [docs] Canal: wiki:update | Source: adam-critic | Skill: clinical-research | Action: skill:created
[2026-07-23T15:51:47Z] [docs] ⚠ Skill non trouvé: clinical-research
[2026-07-23T15:51:47Z] [docs] Canal: wiki:update | Source: adam-critic | Skill: clinical-research | Action: skill:created
[2026-07-23T15:51:47Z] [docs] ⚠ Skill non trouvé: clinical-research
[2026-07-23T15:51:47Z] [docs] Index wiki mis à jour: /home/aza/wiki/INDEX.md
[2026-07-23T15:51:47Z] [docs] Changement de skill journalisé: clinical-research (skill:created)
[2026-07-23T15:51:47Z] [docs] Traitement terminé — wiki:update traité avec succès
[2026-07-23T15:51:47Z] [docs] Index wiki mis à jour: /home/aza/wiki/INDEX.md
[2026-07-23T15:51:47Z] [docs] Changement de skill journalisé: clinical-research (skill:created)
[2026-07-23T15:51:47Z] [docs] Traitement terminé — wiki:update traité avec succès
[2026-07-23T15:51:51Z] [docs] Canal: wiki:update | Source: adam-critic | Skill: clinical-research | Action: skill:created
[2026-07-23T15:51:51Z] [docs] ⚠ Skill non trouvé: clinical-research
[2026-07-23T15:51:51Z] [docs] Canal: wiki:update | Source: adam-critic | Skill: clinical-research | Action: skill:created
[2026-07-23T15:51:51Z] [docs] ⚠ Skill non trouvé: clinical-research
[2026-07-23T15:51:51Z] [docs] Index wiki mis à jour: /home/aza/wiki/INDEX.md
[2026-07-23T15:51:51Z] [docs] Index wiki mis à jour: /home/aza/wiki/INDEX.md
[2026-07-23T15:51:51Z] [docs] Changement de skill journalisé: clinical-research (skill:created)
[2026-07-23T15:51:51Z] [docs] Traitement terminé — wiki:update traité avec succès
[2026-07-23T15:51:51Z] [docs] Changement de skill journalisé: clinical-research (skill:created)
[2026-07-23T15:51:51Z] [docs] Traitement terminé — wiki:update traité avec succès
[2026-07-23T15:51:55Z] [docs] Canal: wiki:update | Source: adam-critic | Skill: runbook-generator | Action: skill:created
[2026-07-23T15:51:55Z] [docs] ⚠ Skill non trouvé: runbook-generator
[2026-07-23T15:51:55Z] [docs] Canal: wiki:update | Source: adam-critic | Skill: clinical-research | Action: skill:created
[2026-07-23T15:51:55Z] [docs] ⚠ Skill non trouvé: clinical-research
[2026-07-23T15:51:55Z] [docs] Index wiki mis à jour: /home/aza/wiki/INDEX.md
[2026-07-23T15:51:55Z] [docs] Changement de skill journalisé: runbook-generator (skill:created)
[2026-07-23T15:51:55Z] [docs] Traitement terminé — wiki:update traité avec succès
[2026-07-23T15:51:55Z] [docs] Index wiki mis à jour: /home/aza/wiki/INDEX.md
[2026-07-23T15:51:55Z] [docs] Changement de skill journalisé: clinical-research (skill:created)
[2026-07-23T15:51:55Z] [docs] Traitement terminé — wiki:update traité avec succès
[2026-07-23T15:51:59Z] [docs] Canal: wiki:update | Source: adam-critic | Skill: runbook-generator | Action: skill:created
[2026-07-23T15:51:59Z] [docs] ⚠ Skill non trouvé: runbook-generator
[2026-07-23T15:51:59Z] [docs] Canal: wiki:update | Source: adam-critic | Skill: secrets-vault-manager | Action: skill:created
[2026-07-23T15:51:59Z] [docs] ⚠ Skill non trouvé: secrets-vault-manager
[2026-07-23T15:51:59Z] [docs] Index wiki mis à jour: /home/aza/wiki/INDEX.md
[2026-07-23T15:51:59Z] [docs] Changement de skill journalisé: runbook-generator (skill:created)
[2026-07-23T15:51:59Z] [docs] Traitement terminé — wiki:update traité avec succès
[2026-07-23T15:51:59Z] [docs] Index wiki mis à jour: /home/aza/wiki/INDEX.md
[2026-07-23T15:51:59Z] [docs] Changement de skill journalisé: secrets-vault-manager (skill:created)
[2026-07-23T15:51:59Z] [docs] Traitement terminé — wiki:update traité avec succès
[2026-07-23T15:52:03Z] [docs] Canal: wiki:update | Source: adam-critic | Skill: secrets-vault-manager | Action: skill:created
[2026-07-23T15:52:03Z] [docs] ⚠ Skill non trouvé: secrets-vault-manager
[2026-07-23T15:52:03Z] [docs] Canal: wiki:update | Source: adam-critic | Skill: secrets-vault-manager | Action: skill:created
[2026-07-23T15:52:03Z] [docs] ⚠ Skill non trouvé: secrets-vault-manager
[2026-07-23T15:52:03Z] [docs] Index wiki mis à jour: /home/aza/wiki/INDEX.md
[2026-07-23T15:52:03Z] [docs] Index wiki mis à jour: /home/aza/wiki/INDEX.md
[2026-07-23T15:52:03Z] [docs] Changement de skill journalisé: secrets-vault-manager (skill:created)
[2026-07-23T15:52:03Z] [docs] Traitement terminé — wiki:update traité avec succès
[2026-07-23T15:52:03Z] [docs] Changement de skill journalisé: secrets-vault-manager (skill:created)
[2026-07-23T15:52:03Z] [docs] Traitement terminé — wiki:update traité avec succès
[2026-07-23T15:52:07Z] [docs] Canal: wiki:update | Source: adam-critic | Skill: secrets-vault-manager | Action: skill:created
[2026-07-23T15:52:07Z] [docs] ⚠ Skill non trouvé: secrets-vault-manager
[2026-07-23T15:52:07Z] [docs] Canal: wiki:update | Source: adam-critic | Skill: mcp-server-builder | Action: skill:created
[2026-07-23T15:52:07Z] [docs] ⚠ Skill non trouvé: mcp-server-builder
[2026-07-23T15:52:07Z] [docs] Index wiki mis à jour: /home/aza/wiki/INDEX.md
[2026-07-23T15:52:07Z] [docs] Changement de skill journalisé: secrets-vault-manager (skill:created)
[2026-07-23T15:52:07Z] [docs] Traitement terminé — wiki:update traité avec succès
[2026-07-23T15:52:07Z] [docs] Index wiki mis à jour: /home/aza/wiki/INDEX.md
[2026-07-23T15:52:07Z] [docs] Changement de skill journalisé: mcp-server-builder (skill:created)
[2026-07-23T15:52:07Z] [docs] Traitement terminé — wiki:update traité avec succès
[2026-07-23T15:52:11Z] [docs] Canal: wiki:update | Source: adam-critic | Skill: mcp-server-builder | Action: skill:created
[2026-07-23T15:52:11Z] [docs] Canal: wiki:update | Source: adam-critic | Skill: mcp-server-builder | Action: skill:created
[2026-07-23T15:52:11Z] [docs] ⚠ Skill non trouvé: mcp-server-builder
[2026-07-23T15:52:11Z] [docs] ⚠ Skill non trouvé: mcp-server-builder
[2026-07-23T15:52:11Z] [docs] Index wiki mis à jour: /home/aza/wiki/INDEX.md
[2026-07-23T15:52:11Z] [docs] Index wiki mis à jour: /home/aza/wiki/INDEX.md
[2026-07-23T15:52:11Z] [docs] Changement de skill journalisé: mcp-server-builder (skill:created)
[2026-07-23T15:52:11Z] [docs] Traitement terminé — wiki:update traité avec succès
[2026-07-23T15:52:11Z] [docs] Changement de skill journalisé: mcp-server-builder (skill:created)
[2026-07-23T15:52:11Z] [docs] Traitement terminé — wiki:update traité avec succès
[2026-07-23T15:52:15Z] [docs] Canal: wiki:update | Source: adam-critic | Skill: mcp-server-builder | Action: skill:created
[2026-07-23T15:52:15Z] [docs] Canal: wiki:update | Source: adam-critic | Skill: mcp-server-builder | Action: skill:created
[2026-07-23T15:52:15Z] [docs] ⚠ Skill non trouvé: mcp-server-builder
[2026-07-23T15:52:15Z] [docs] ⚠ Skill non trouvé: mcp-server-builder
[2026-07-23T15:52:15Z] [docs] Index wiki mis à jour: /home/aza/wiki/INDEX.md
[2026-07-23T15:52:15Z] [docs] Index wiki mis à jour: /home/aza/wiki/INDEX.md
[2026-07-23T15:52:15Z] [docs] Changement de skill journalisé: mcp-server-builder (skill:created)
[2026-07-23T15:52:15Z] [docs] Traitement terminé — wiki:update traité avec succès
[2026-07-23T15:52:15Z] [docs] Changement de skill journalisé: mcp-server-builder (skill:created)
[2026-07-23T15:52:15Z] [docs] Traitement terminé — wiki:update traité avec succès
[2026-07-23T15:52:19Z] [docs] Canal: wiki:update | Source: adam-critic | Skill: mcp-server-builder | Action: skill:created
[2026-07-23T15:52:19Z] [docs] Canal: wiki:update | Source: adam-critic | Skill: mcp-server-builder | Action: skill:created
[2026-07-23T15:52:19Z] [docs] ⚠ Skill non trouvé: mcp-server-builder
[2026-07-23T15:52:19Z] [docs] ⚠ Skill non trouvé: mcp-server-builder
[2026-07-23T15:52:19Z] [docs] Index wiki mis à jour: /home/aza/wiki/INDEX.md
[2026-07-23T15:52:19Z] [docs] Changement de skill journalisé: mcp-server-builder (skill:created)
[2026-07-23T15:52:19Z] [docs] Traitement terminé — wiki:update traité avec succès
[2026-07-23T15:52:19Z] [docs] Index wiki mis à jour: /home/aza/wiki/INDEX.md
[2026-07-23T15:52:19Z] [docs] Changement de skill journalisé: mcp-server-builder (skill:created)
[2026-07-23T15:52:19Z] [docs] Traitement terminé — wiki:update traité avec succès
[2026-07-23T15:52:23Z] [docs] Canal: wiki:update | Source: adam-critic | Skill: feature-flags-architect | Action: skill:created
[2026-07-23T15:52:23Z] [docs] ⚠ Skill non trouvé: feature-flags-architect
[2026-07-23T15:52:23Z] [docs] Canal: wiki:update | Source: adam-critic | Skill: feature-flags-architect | Action: skill:created
[2026-07-23T15:52:23Z] [docs] ⚠ Skill non trouvé: feature-flags-architect
[2026-07-23T15:52:23Z] [docs] Index wiki mis à jour: /home/aza/wiki/INDEX.md
[2026-07-23T15:52:23Z] [docs] Changement de skill journalisé: feature-flags-architect (skill:created)
[2026-07-23T15:52:23Z] [docs] Traitement terminé — wiki:update traité avec succès
[2026-07-23T15:52:23Z] [docs] Index wiki mis à jour: /home/aza/wiki/INDEX.md
[2026-07-23T15:52:23Z] [docs] Changement de skill journalisé: feature-flags-architect (skill:created)
[2026-07-23T15:52:23Z] [docs] Traitement terminé — wiki:update traité avec succès
[2026-07-23T15:52:27Z] [docs] Canal: wiki:update | Source: adam-critic | Skill: feature-flags-architect | Action: skill:created
[2026-07-23T15:52:27Z] [docs] ⚠ Skill non trouvé: feature-flags-architect
[2026-07-23T15:52:27Z] [docs] Canal: wiki:update | Source: adam-critic | Skill: feature-flags-architect | Action: skill:created
[2026-07-23T15:52:27Z] [docs] ⚠ Skill non trouvé: feature-flags-architect
[2026-07-23T15:52:27Z] [docs] Index wiki mis à jour: /home/aza/wiki/INDEX.md
[2026-07-23T15:52:27Z] [docs] Changement de skill journalisé: feature-flags-architect (skill:created)
[2026-07-23T15:52:27Z] [docs] Traitement terminé — wiki:update traité avec succès
[2026-07-23T15:52:27Z] [docs] Index wiki mis à jour: /home/aza/wiki/INDEX.md
[2026-07-23T15:52:27Z] [docs] Changement de skill journalisé: feature-flags-architect (skill:created)
[2026-07-23T15:52:27Z] [docs] Traitement terminé — wiki:update traité avec succès
[2026-07-23T15:52:31Z] [docs] Canal: wiki:update | Source: adam-critic | Skill: feature-flags-architect | Action: skill:created
[2026-07-23T15:52:31Z] [docs] Canal: wiki:update | Source: adam-critic | Skill: feature-flags-architect | Action: skill:created
[2026-07-23T15:52:31Z] [docs] ⚠ Skill non trouvé: feature-flags-architect
[2026-07-23T15:52:31Z] [docs] ⚠ Skill non trouvé: feature-flags-architect
[2026-07-23T15:52:31Z] [docs] Index wiki mis à jour: /home/aza/wiki/INDEX.md
[2026-07-23T15:52:31Z] [docs] Index wiki mis à jour: /home/aza/wiki/INDEX.md
[2026-07-23T15:52:31Z] [docs] Changement de skill journalisé: feature-flags-architect (skill:created)
[2026-07-23T15:52:31Z] [docs] Traitement terminé — wiki:update traité avec succès
[2026-07-23T15:52:31Z] [docs] Changement de skill journalisé: feature-flags-architect (skill:created)
[2026-07-23T15:52:31Z] [docs] Traitement terminé — wiki:update traité avec succès
[2026-07-23T15:52:35Z] [docs] Canal: wiki:update | Source: adam-critic | Skill: revenue-operations | Action: skill:created
[2026-07-23T15:52:35Z] [docs] Canal: wiki:update | Source: adam-critic | Skill: revenue-operations | Action: skill:created
[2026-07-23T15:52:35Z] [docs] ⚠ Skill non trouvé: revenue-operations
[2026-07-23T15:52:35Z] [docs] ⚠ Skill non trouvé: revenue-operations
[2026-07-23T15:52:35Z] [docs] Index wiki mis à jour: /home/aza/wiki/INDEX.md
[2026-07-23T15:52:35Z] [docs] Changement de skill journalisé: revenue-operations (skill:created)
[2026-07-23T15:52:35Z] [docs] Traitement terminé — wiki:update traité avec succès
[2026-07-23T15:52:35Z] [docs] Index wiki mis à jour: /home/aza/wiki/INDEX.md
[2026-07-23T15:52:35Z] [docs] Changement de skill journalisé: revenue-operations (skill:created)
[2026-07-23T15:52:35Z] [docs] Traitement terminé — wiki:update traité avec succès
[2026-07-23T15:52:39Z] [docs] Canal: wiki:update | Source: adam-critic | Skill: revenue-operations | Action: skill:created
[2026-07-23T15:52:39Z] [docs] ⚠ Skill non trouvé: revenue-operations
[2026-07-23T15:52:39Z] [docs] Canal: wiki:update | Source: adam-critic | Skill: revenue-operations | Action: skill:created
[2026-07-23T15:52:39Z] [docs] ⚠ Skill non trouvé: revenue-operations
[2026-07-23T15:52:39Z] [docs] Index wiki mis à jour: /home/aza/wiki/INDEX.md
[2026-07-23T15:52:39Z] [docs] Changement de skill journalisé: revenue-operations (skill:created)
[2026-07-23T15:52:39Z] [docs] Traitement terminé — wiki:update traité avec succès
[2026-07-23T15:52:39Z] [docs] Index wiki mis à jour: /home/aza/wiki/INDEX.md
[2026-07-23T15:52:39Z] [docs] Changement de skill journalisé: revenue-operations (skill:created)
[2026-07-23T15:52:39Z] [docs] Traitement terminé — wiki:update traité avec succès
[2026-07-23T15:52:43Z] [docs] Canal: wiki:update | Source: adam-critic | Skill: revenue-operations | Action: skill:created
[2026-07-23T15:52:43Z] [docs] ⚠ Skill non trouvé: revenue-operations
[2026-07-23T15:52:43Z] [docs] Canal: wiki:update | Source: adam-critic | Skill: revenue-operations | Action: skill:created
[2026-07-23T15:52:43Z] [docs] ⚠ Skill non trouvé: revenue-operations
[2026-07-23T15:52:43Z] [docs] Index wiki mis à jour: /home/aza/wiki/INDEX.md
[2026-07-23T15:52:43Z] [docs] Index wiki mis à jour: /home/aza/wiki/INDEX.md
[2026-07-23T15:52:43Z] [docs] Changement de skill journalisé: revenue-operations (skill:created)
[2026-07-23T15:52:43Z] [docs] Traitement terminé — wiki:update traité avec succès
[2026-07-23T15:52:43Z] [docs] Changement de skill journalisé: revenue-operations (skill:created)
[2026-07-23T15:52:43Z] [docs] Traitement terminé — wiki:update traité avec succès
[2026-07-23T15:52:47Z] [docs] Canal: wiki:update | Source: adam-critic | Skill: revenue-operations | Action: skill:created
[2026-07-23T15:52:47Z] [docs] Canal: wiki:update | Source: adam-critic | Skill: handoff | Action: skill:created
[2026-07-23T15:52:47Z] [docs] ⚠ Skill non trouvé: revenue-operations
[2026-07-23T15:52:47Z] [docs] ⚠ Skill non trouvé: handoff
[2026-07-23T15:52:47Z] [docs] Index wiki mis à jour: /home/aza/wiki/INDEX.md
[2026-07-23T15:52:47Z] [docs] Changement de skill journalisé: revenue-operations (skill:created)
[2026-07-23T15:52:47Z] [docs] Traitement terminé — wiki:update traité avec succès
[2026-07-23T15:52:47Z] [docs] Index wiki mis à jour: /home/aza/wiki/INDEX.md
[2026-07-23T15:52:47Z] [docs] Changement de skill journalisé: handoff (skill:created)
[2026-07-23T15:52:47Z] [docs] Traitement terminé — wiki:update traité avec succès
[2026-07-23T15:52:51Z] [docs] Canal: wiki:update | Source: adam-critic | Skill: handoff | Action: skill:created
[2026-07-23T15:52:51Z] [docs] Canal: wiki:update | Source: adam-critic | Skill: handoff | Action: skill:created
[2026-07-23T15:52:51Z] [docs] ⚠ Skill non trouvé: handoff
[2026-07-23T15:52:51Z] [docs] ⚠ Skill non trouvé: handoff
[2026-07-23T15:52:51Z] [docs] Index wiki mis à jour: /home/aza/wiki/INDEX.md
[2026-07-23T15:52:51Z] [docs] Changement de skill journalisé: handoff (skill:created)
[2026-07-23T15:52:51Z] [docs] Traitement terminé — wiki:update traité avec succès
[2026-07-23T15:52:51Z] [docs] Index wiki mis à jour: /home/aza/wiki/INDEX.md
[2026-07-23T15:52:51Z] [docs] Changement de skill journalisé: handoff (skill:created)
[2026-07-23T15:52:51Z] [docs] Traitement terminé — wiki:update traité avec succès
[2026-07-23T15:52:55Z] [docs] Canal: wiki:update | Source: adam-critic | Skill: handoff | Action: skill:created
[2026-07-23T15:52:55Z] [docs] Canal: wiki:update | Source: adam-critic | Skill: handoff | Action: skill:created
[2026-07-23T15:52:55Z] [docs] ⚠ Skill non trouvé: handoff
[2026-07-23T15:52:55Z] [docs] ⚠ Skill non trouvé: handoff
[2026-07-23T15:52:55Z] [docs] Index wiki mis à jour: /home/aza/wiki/INDEX.md
[2026-07-23T15:52:55Z] [docs] Index wiki mis à jour: /home/aza/wiki/INDEX.md
[2026-07-23T15:52:55Z] [docs] Changement de skill journalisé: handoff (skill:created)
[2026-07-23T15:52:55Z] [docs] Traitement terminé — wiki:update traité avec succès
[2026-07-23T15:52:55Z] [docs] Changement de skill journalisé: handoff (skill:created)
[2026-07-23T15:52:55Z] [docs] Traitement terminé — wiki:update traité avec succès
[2026-07-23T15:53:01Z] [docs] Canal: wiki:update | Source: adam-critic | Skill: handoff | Action: skill:created
[2026-07-23T15:53:01Z] [docs] Canal: wiki:update | Source: adam-critic | Skill: handoff | Action: skill:created
[2026-07-23T15:53:01Z] [docs] ⚠ Skill non trouvé: handoff
[2026-07-23T15:53:01Z] [docs] ⚠ Skill non trouvé: handoff
[2026-07-23T15:53:01Z] [docs] Index wiki mis à jour: /home/aza/wiki/INDEX.md
[2026-07-23T15:53:01Z] [docs] Changement de skill journalisé: handoff (skill:created)
[2026-07-23T15:53:01Z] [docs] Traitement terminé — wiki:update traité avec succès
[2026-07-23T15:53:01Z] [docs] Index wiki mis à jour: /home/aza/wiki/INDEX.md
[2026-07-23T15:53:01Z] [docs] Changement de skill journalisé: handoff (skill:created)
[2026-07-23T15:53:01Z] [docs] Traitement terminé — wiki:update traité avec succès
[2026-07-23T15:53:05Z] [docs] Canal: wiki:update | Source: adam-critic | Skill: performance-profiler | Action: skill:created
[2026-07-23T15:53:05Z] [docs] Canal: wiki:update | Source: adam-critic | Skill: handoff | Action: skill:created
[2026-07-23T15:53:05Z] [docs] ⚠ Skill non trouvé: performance-profiler
[2026-07-23T15:53:05Z] [docs] ⚠ Skill non trouvé: handoff
[2026-07-23T15:53:05Z] [docs] Index wiki mis à jour: /home/aza/wiki/INDEX.md
[2026-07-23T15:53:05Z] [docs] Changement de skill journalisé: performance-profiler (skill:created)
[2026-07-23T15:53:05Z] [docs] Traitement terminé — wiki:update traité avec succès
[2026-07-23T15:53:05Z] [docs] Index wiki mis à jour: /home/aza/wiki/INDEX.md
[2026-07-23T15:53:05Z] [docs] Changement de skill journalisé: handoff (skill:created)
[2026-07-23T15:53:05Z] [docs] Traitement terminé — wiki:update traité avec succès
[2026-07-23T15:53:09Z] [docs] Canal: wiki:update | Source: adam-critic | Skill: rag-architect | Action: skill:created
[2026-07-23T15:53:09Z] [docs] Canal: wiki:update | Source: adam-critic | Skill: performance-profiler | Action: skill:created
[2026-07-23T15:53:09Z] [docs] ⚠ Skill non trouvé: rag-architect
[2026-07-23T15:53:09Z] [docs] ⚠ Skill non trouvé: performance-profiler
[2026-07-23T15:53:09Z] [docs] Index wiki mis à jour: /home/aza/wiki/INDEX.md
[2026-07-23T15:53:09Z] [docs] Index wiki mis à jour: /home/aza/wiki/INDEX.md
[2026-07-23T15:53:09Z] [docs] Changement de skill journalisé: performance-profiler (skill:created)
[2026-07-23T15:53:09Z] [docs] Traitement terminé — wiki:update traité avec succès
[2026-07-23T15:53:09Z] [docs] Changement de skill journalisé: rag-architect (skill:created)
[2026-07-23T15:53:09Z] [docs] Traitement terminé — wiki:update traité avec succès
[2026-07-23T15:53:13Z] [docs] Canal: wiki:update | Source: adam-critic | Skill: performance-profiler | Action: skill:created
[2026-07-23T15:53:13Z] [docs] ⚠ Skill non trouvé: performance-profiler
[2026-07-23T15:53:13Z] [docs] Canal: wiki:update | Source: adam-critic | Skill: rag-architect | Action: skill:created
[2026-07-23T15:53:13Z] [docs] ⚠ Skill non trouvé: rag-architect
[2026-07-23T15:53:13Z] [docs] Index wiki mis à jour: /home/aza/wiki/INDEX.md
[2026-07-23T15:53:13Z] [docs] Changement de skill journalisé: performance-profiler (skill:created)
[2026-07-23T15:53:13Z] [docs] Traitement terminé — wiki:update traité avec succès
[2026-07-23T15:53:13Z] [docs] Index wiki mis à jour: /home/aza/wiki/INDEX.md
[2026-07-23T15:53:13Z] [docs] Changement de skill journalisé: rag-architect (skill:created)
[2026-07-23T15:53:13Z] [docs] Traitement terminé — wiki:update traité avec succès
[2026-07-23T15:53:17Z] [docs] Canal: wiki:update | Source: adam-critic | Skill: rag-architect | Action: skill:created
[2026-07-23T15:53:17Z] [docs] ⚠ Skill non trouvé: rag-architect
[2026-07-23T15:53:17Z] [docs] Canal: wiki:update | Source: adam-critic | Skill: grants | Action: skill:created
[2026-07-23T15:53:17Z] [docs] ⚠ Skill non trouvé: grants
[2026-07-23T15:53:17Z] [docs] Index wiki mis à jour: /home/aza/wiki/INDEX.md
[2026-07-23T15:53:17Z] [docs] Changement de skill journalisé: grants (skill:created)
[2026-07-23T15:53:17Z] [docs] Traitement terminé — wiki:update traité avec succès
[2026-07-23T15:53:17Z] [docs] Index wiki mis à jour: /home/aza/wiki/INDEX.md
[2026-07-23T15:53:17Z] [docs] Changement de skill journalisé: rag-architect (skill:created)
[2026-07-23T15:53:17Z] [docs] Traitement terminé — wiki:update traité avec succès
[2026-07-23T15:53:21Z] [docs] Canal: wiki:update | Source: adam-critic | Skill: grants | Action: skill:created
[2026-07-23T15:53:21Z] [docs] ⚠ Skill non trouvé: grants
[2026-07-23T15:53:21Z] [docs] Canal: wiki:update | Source: adam-critic | Skill: rag-architect | Action: skill:created
[2026-07-23T15:53:21Z] [docs] ⚠ Skill non trouvé: rag-architect
[2026-07-23T15:53:21Z] [docs] Index wiki mis à jour: /home/aza/wiki/INDEX.md
[2026-07-23T15:53:21Z] [docs] Changement de skill journalisé: grants (skill:created)
[2026-07-23T15:53:21Z] [docs] Traitement terminé — wiki:update traité avec succès
[2026-07-23T15:53:21Z] [docs] Index wiki mis à jour: /home/aza/wiki/INDEX.md
[2026-07-23T15:53:21Z] [docs] Changement de skill journalisé: rag-architect (skill:created)
[2026-07-23T15:53:21Z] [docs] Traitement terminé — wiki:update traité avec succès
[2026-07-23T15:53:25Z] [docs] Canal: wiki:update | Source: adam-critic | Skill: grants | Action: skill:created
[2026-07-23T15:53:25Z] [docs] ⚠ Skill non trouvé: grants
[2026-07-23T15:53:25Z] [docs] Canal: wiki:update | Source: adam-critic | Skill: grants | Action: skill:created
[2026-07-23T15:53:25Z] [docs] ⚠ Skill non trouvé: grants
[2026-07-23T15:53:25Z] [docs] Index wiki mis à jour: /home/aza/wiki/INDEX.md
[2026-07-23T15:53:25Z] [docs] Changement de skill journalisé: grants (skill:created)
[2026-07-23T15:53:25Z] [docs] Traitement terminé — wiki:update traité avec succès
[2026-07-23T15:53:25Z] [docs] Index wiki mis à jour: /home/aza/wiki/INDEX.md
[2026-07-23T15:53:25Z] [docs] Changement de skill journalisé: grants (skill:created)
[2026-07-23T15:53:25Z] [docs] Traitement terminé — wiki:update traité avec succès
[2026-07-23T15:53:29Z] [docs] Canal: wiki:update | Source: adam-critic | Skill: slo-architect | Action: skill:created
[2026-07-23T15:53:29Z] [docs] Canal: wiki:update | Source: adam-critic | Skill: slo-architect | Action: skill:created
[2026-07-23T15:53:29Z] [docs] ⚠ Skill non trouvé: slo-architect
[2026-07-23T15:53:29Z] [docs] ⚠ Skill non trouvé: slo-architect
[2026-07-23T15:53:29Z] [docs] Index wiki mis à jour: /home/aza/wiki/INDEX.md
[2026-07-23T15:53:29Z] [docs] Changement de skill journalisé: slo-architect (skill:created)
[2026-07-23T15:53:29Z] [docs] Traitement terminé — wiki:update traité avec succès
[2026-07-23T15:53:29Z] [docs] Index wiki mis à jour: /home/aza/wiki/INDEX.md
[2026-07-23T15:53:29Z] [docs] Changement de skill journalisé: slo-architect (skill:created)
[2026-07-23T15:53:29Z] [docs] Traitement terminé — wiki:update traité avec succès
[2026-07-23T15:53:33Z] [docs] Canal: wiki:update | Source: adam-critic | Skill: slo-architect | Action: skill:created
[2026-07-23T15:53:33Z] [docs] Canal: wiki:update | Source: adam-critic | Skill: slo-architect | Action: skill:created
[2026-07-23T15:53:33Z] [docs] ⚠ Skill non trouvé: slo-architect
[2026-07-23T15:53:33Z] [docs] ⚠ Skill non trouvé: slo-architect
[2026-07-23T15:53:33Z] [docs] Index wiki mis à jour: /home/aza/wiki/INDEX.md
[2026-07-23T15:53:33Z] [docs] Index wiki mis à jour: /home/aza/wiki/INDEX.md
[2026-07-23T15:53:33Z] [docs] Changement de skill journalisé: slo-architect (skill:created)
[2026-07-23T15:53:33Z] [docs] Changement de skill journalisé: slo-architect (skill:created)
[2026-07-23T15:53:33Z] [docs] Traitement terminé — wiki:update traité avec succès
[2026-07-23T15:53:33Z] [docs] Traitement terminé — wiki:update traité avec succès
[2026-07-23T15:53:37Z] [docs] Canal: wiki:update | Source: adam-critic | Skill: slo-architect | Action: skill:created
[2026-07-23T15:53:37Z] [docs] Canal: wiki:update | Source: adam-critic | Skill: slo-architect | Action: skill:created
[2026-07-23T15:53:37Z] [docs] ⚠ Skill non trouvé: slo-architect
[2026-07-23T15:53:37Z] [docs] ⚠ Skill non trouvé: slo-architect
[2026-07-23T15:53:37Z] [docs] Index wiki mis à jour: /home/aza/wiki/INDEX.md
[2026-07-23T15:53:37Z] [docs] Index wiki mis à jour: /home/aza/wiki/INDEX.md
[2026-07-23T15:53:37Z] [docs] Changement de skill journalisé: slo-architect (skill:created)
[2026-07-23T15:53:37Z] [docs] Traitement terminé — wiki:update traité avec succès
[2026-07-23T15:53:37Z] [docs] Changement de skill journalisé: slo-architect (skill:created)
[2026-07-23T15:53:37Z] [docs] Traitement terminé — wiki:update traité avec succès
[2026-07-23T15:53:41Z] [docs] Canal: wiki:update | Source: adam-critic | Skill: changelog-generator | Action: skill:created
[2026-07-23T15:53:41Z] [docs] Canal: wiki:update | Source: adam-critic | Skill: changelog-generator | Action: skill:created
[2026-07-23T15:53:41Z] [docs] ⚠ Skill non trouvé: changelog-generator
[2026-07-23T15:53:41Z] [docs] ⚠ Skill non trouvé: changelog-generator
[2026-07-23T15:53:41Z] [docs] Index wiki mis à jour: /home/aza/wiki/INDEX.md
[2026-07-23T15:53:41Z] [docs] Changement de skill journalisé: changelog-generator (skill:created)
[2026-07-23T15:53:41Z] [docs] Index wiki mis à jour: /home/aza/wiki/INDEX.md
[2026-07-23T15:53:41Z] [docs] Traitement terminé — wiki:update traité avec succès
[2026-07-23T15:53:41Z] [docs] Changement de skill journalisé: changelog-generator (skill:created)
[2026-07-23T15:53:41Z] [docs] Traitement terminé — wiki:update traité avec succès
[2026-07-23T15:53:45Z] [docs] Canal: wiki:update | Source: adam-critic | Skill: changelog-generator | Action: skill:created
[2026-07-23T15:53:45Z] [docs] Canal: wiki:update | Source: adam-critic | Skill: changelog-generator | Action: skill:created
[2026-07-23T15:53:45Z] [docs] ⚠ Skill non trouvé: changelog-generator
[2026-07-23T15:53:45Z] [docs] ⚠ Skill non trouvé: changelog-generator
[2026-07-23T15:53:45Z] [docs] Index wiki mis à jour: /home/aza/wiki/INDEX.md
[2026-07-23T15:53:45Z] [docs] Index wiki mis à jour: /home/aza/wiki/INDEX.md
[2026-07-23T15:53:45Z] [docs] Changement de skill journalisé: changelog-generator (skill:created)
[2026-07-23T15:53:45Z] [docs] Traitement terminé — wiki:update traité avec succès
[2026-07-23T15:53:45Z] [docs] Changement de skill journalisé: changelog-generator (skill:created)
[2026-07-23T15:53:45Z] [docs] Traitement terminé — wiki:update traité avec succès
[2026-07-23T15:53:49Z] [docs] Canal: wiki:update | Source: adam-critic | Skill: changelog-generator | Action: skill:created
[2026-07-23T15:53:49Z] [docs] ⚠ Skill non trouvé: changelog-generator
[2026-07-23T15:53:49Z] [docs] Canal: wiki:update | Source: adam-critic | Skill: weekly-review | Action: skill:created
[2026-07-23T15:53:49Z] [docs] ⚠ Skill non trouvé: weekly-review
[2026-07-23T15:53:49Z] [docs] Index wiki mis à jour: /home/aza/wiki/INDEX.md
[2026-07-23T15:53:49Z] [docs] Changement de skill journalisé: changelog-generator (skill:created)
[2026-07-23T15:53:49Z] [docs] Traitement terminé — wiki:update traité avec succès
[2026-07-23T15:53:49Z] [docs] Index wiki mis à jour: /home/aza/wiki/INDEX.md
[2026-07-23T15:53:49Z] [docs] Changement de skill journalisé: weekly-review (skill:created)
[2026-07-23T15:53:49Z] [docs] Traitement terminé — wiki:update traité avec succès
[2026-07-23T15:53:53Z] [docs] Canal: wiki:update | Source: adam-critic | Skill: changelog-generator | Action: skill:created
[2026-07-23T15:53:53Z] [docs] ⚠ Skill non trouvé: changelog-generator
[2026-07-23T15:53:53Z] [docs] Canal: wiki:update | Source: adam-critic | Skill: weekly-review | Action: skill:created
[2026-07-23T15:53:53Z] [docs] ⚠ Skill non trouvé: weekly-review
[2026-07-23T15:53:53Z] [docs] Index wiki mis à jour: /home/aza/wiki/INDEX.md
[2026-07-23T15:53:53Z] [docs] Changement de skill journalisé: changelog-generator (skill:created)
[2026-07-23T15:53:53Z] [docs] Traitement terminé — wiki:update traité avec succès
[2026-07-23T15:53:53Z] [docs] Index wiki mis à jour: /home/aza/wiki/INDEX.md
[2026-07-23T15:53:53Z] [docs] Changement de skill journalisé: weekly-review (skill:created)
[2026-07-23T15:53:53Z] [docs] Traitement terminé — wiki:update traité avec succès
[2026-07-23T15:53:57Z] [docs] Canal: wiki:update | Source: adam-critic | Skill: weekly-review | Action: skill:created
[2026-07-23T15:53:57Z] [docs] ⚠ Skill non trouvé: weekly-review
[2026-07-23T15:53:57Z] [docs] Canal: wiki:update | Source: adam-critic | Skill: weekly-review | Action: skill:created
[2026-07-23T15:53:57Z] [docs] ⚠ Skill non trouvé: weekly-review
[2026-07-23T15:53:57Z] [docs] Index wiki mis à jour: /home/aza/wiki/INDEX.md
[2026-07-23T15:53:57Z] [docs] Changement de skill journalisé: weekly-review (skill:created)
[2026-07-23T15:53:57Z] [docs] Traitement terminé — wiki:update traité avec succès
[2026-07-23T15:53:57Z] [docs] Index wiki mis à jour: /home/aza/wiki/INDEX.md
[2026-07-23T15:53:57Z] [docs] Changement de skill journalisé: weekly-review (skill:created)
[2026-07-23T15:53:57Z] [docs] Traitement terminé — wiki:update traité avec succès
[2026-07-23T15:54:01Z] [docs] Canal: wiki:update | Source: adam-critic | Skill: dossier | Action: skill:created
[2026-07-23T15:54:01Z] [docs] Canal: wiki:update | Source: adam-critic | Skill: weekly-review | Action: skill:created
[2026-07-23T15:54:01Z] [docs] ⚠ Skill non trouvé: dossier
[2026-07-23T15:54:01Z] [docs] ⚠ Skill non trouvé: weekly-review
[2026-07-23T15:54:01Z] [docs] Index wiki mis à jour: /home/aza/wiki/INDEX.md
[2026-07-23T15:54:01Z] [docs] Changement de skill journalisé: dossier (skill:created)
[2026-07-23T15:54:01Z] [docs] Traitement terminé — wiki:update traité avec succès
[2026-07-23T15:54:01Z] [docs] Index wiki mis à jour: /home/aza/wiki/INDEX.md
[2026-07-23T15:54:01Z] [docs] Changement de skill journalisé: weekly-review (skill:created)
[2026-07-23T15:54:01Z] [docs] Traitement terminé — wiki:update traité avec succès
[2026-07-23T15:54:05Z] [docs] Canal: wiki:update | Source: adam-critic | Skill: dossier | Action: skill:created
[2026-07-23T15:54:05Z] [docs] ⚠ Skill non trouvé: dossier
[2026-07-23T15:54:05Z] [docs] Canal: wiki:update | Source: adam-critic | Skill: weekly-review | Action: skill:created
[2026-07-23T15:54:05Z] [docs] ⚠ Skill non trouvé: weekly-review
[2026-07-23T15:54:05Z] [docs] Index wiki mis à jour: /home/aza/wiki/INDEX.md
[2026-07-23T15:54:05Z] [docs] Changement de skill journalisé: dossier (skill:created)
[2026-07-23T15:54:05Z] [docs] Traitement terminé — wiki:update traité avec succès
[2026-07-23T15:54:05Z] [docs] Index wiki mis à jour: /home/aza/wiki/INDEX.md
[2026-07-23T15:54:05Z] [docs] Changement de skill journalisé: weekly-review (skill:created)
[2026-07-23T15:54:05Z] [docs] Traitement terminé — wiki:update traité avec succès
[2026-07-23T15:54:09Z] [docs] Canal: wiki:update | Source: adam-critic | Skill: dossier | Action: skill:created
[2026-07-23T15:54:09Z] [docs] ⚠ Skill non trouvé: dossier
[2026-07-23T15:54:09Z] [docs] Canal: wiki:update | Source: adam-critic | Skill: dossier | Action: skill:created
[2026-07-23T15:54:09Z] [docs] ⚠ Skill non trouvé: dossier
[2026-07-23T15:54:09Z] [docs] Index wiki mis à jour: /home/aza/wiki/INDEX.md
[2026-07-23T15:54:09Z] [docs] Changement de skill journalisé: dossier (skill:created)
[2026-07-23T15:54:09Z] [docs] Traitement terminé — wiki:update traité avec succès
[2026-07-23T15:54:09Z] [docs] Index wiki mis à jour: /home/aza/wiki/INDEX.md
[2026-07-23T15:54:09Z] [docs] Changement de skill journalisé: dossier (skill:created)
[2026-07-23T15:54:09Z] [docs] Traitement terminé — wiki:update traité avec succès
[2026-07-23T15:54:13Z] [docs] Canal: wiki:update | Source: adam-critic | Skill: monorepo-navigator | Action: skill:created
[2026-07-23T15:54:13Z] [docs] ⚠ Skill non trouvé: monorepo-navigator
[2026-07-23T15:54:13Z] [docs] Canal: wiki:update | Source: adam-critic | Skill: monorepo-navigator | Action: skill:created
[2026-07-23T15:54:13Z] [docs] ⚠ Skill non trouvé: monorepo-navigator
[2026-07-23T15:54:13Z] [docs] Index wiki mis à jour: /home/aza/wiki/INDEX.md
[2026-07-23T15:54:13Z] [docs] Changement de skill journalisé: monorepo-navigator (skill:created)
[2026-07-23T15:54:13Z] [docs] Traitement terminé — wiki:update traité avec succès
[2026-07-23T15:54:13Z] [docs] Index wiki mis à jour: /home/aza/wiki/INDEX.md
[2026-07-23T15:54:13Z] [docs] Changement de skill journalisé: monorepo-navigator (skill:created)
[2026-07-23T15:54:13Z] [docs] Traitement terminé — wiki:update traité avec succès
[2026-07-23T15:54:18Z] [docs] Canal: wiki:update | Source: adam-critic | Skill: sales-engineer | Action: skill:created
[2026-07-23T15:54:18Z] [docs] ⚠ Skill non trouvé: sales-engineer
[2026-07-23T15:54:18Z] [docs] Canal: wiki:update | Source: adam-critic | Skill: monorepo-navigator | Action: skill:created
[2026-07-23T15:54:18Z] [docs] ⚠ Skill non trouvé: monorepo-navigator
[2026-07-23T15:54:18Z] [docs] Index wiki mis à jour: /home/aza/wiki/INDEX.md
[2026-07-23T15:54:18Z] [docs] Changement de skill journalisé: sales-engineer (skill:created)
[2026-07-23T15:54:18Z] [docs] Traitement terminé — wiki:update traité avec succès
[2026-07-23T15:54:18Z] [docs] Index wiki mis à jour: /home/aza/wiki/INDEX.md
[2026-07-23T15:54:18Z] [docs] Changement de skill journalisé: monorepo-navigator (skill:created)
[2026-07-23T15:54:18Z] [docs] Traitement terminé — wiki:update traité avec succès
[2026-07-23T15:54:22Z] [docs] Canal: wiki:update | Source: adam-critic | Skill: sales-engineer | Action: skill:created
[2026-07-23T15:54:22Z] [docs] ⚠ Skill non trouvé: sales-engineer
[2026-07-23T15:54:22Z] [docs] Canal: wiki:update | Source: adam-critic | Skill: sales-engineer | Action: skill:created
[2026-07-23T15:54:22Z] [docs] ⚠ Skill non trouvé: sales-engineer
[2026-07-23T15:54:22Z] [docs] Index wiki mis à jour: /home/aza/wiki/INDEX.md
[2026-07-23T15:54:22Z] [docs] Changement de skill journalisé: sales-engineer (skill:created)
[2026-07-23T15:54:22Z] [docs] Traitement terminé — wiki:update traité avec succès
[2026-07-23T15:54:22Z] [docs] Index wiki mis à jour: /home/aza/wiki/INDEX.md
[2026-07-23T15:54:22Z] [docs] Changement de skill journalisé: sales-engineer (skill:created)
[2026-07-23T15:54:22Z] [docs] Traitement terminé — wiki:update traité avec succès
[2026-07-23T15:54:26Z] [docs] Canal: wiki:update | Source: adam-critic | Skill: sales-engineer | Action: skill:created
[2026-07-23T15:54:26Z] [docs] Canal: wiki:update | Source: adam-critic | Skill: sales-engineer | Action: skill:created
[2026-07-23T15:54:26Z] [docs] ⚠ Skill non trouvé: sales-engineer
[2026-07-23T15:54:26Z] [docs] ⚠ Skill non trouvé: sales-engineer
[2026-07-23T15:54:26Z] [docs] Index wiki mis à jour: /home/aza/wiki/INDEX.md
[2026-07-23T15:54:26Z] [docs] Changement de skill journalisé: sales-engineer (skill:created)
[2026-07-23T15:54:26Z] [docs] Traitement terminé — wiki:update traité avec succès
[2026-07-23T15:54:26Z] [docs] Index wiki mis à jour: /home/aza/wiki/INDEX.md
[2026-07-23T15:54:26Z] [docs] Changement de skill journalisé: sales-engineer (skill:created)
[2026-07-23T15:54:26Z] [docs] Traitement terminé — wiki:update traité avec succès
[2026-07-23T15:54:30Z] [docs] Canal: wiki:update | Source: adam-critic | Skill: sales-engineer | Action: skill:created
[2026-07-23T15:54:30Z] [docs] Canal: wiki:update | Source: adam-critic | Skill: skill-security-auditor | Action: skill:created
[2026-07-23T15:54:30Z] [docs] ⚠ Skill non trouvé: sales-engineer
[2026-07-23T15:54:30Z] [docs] ⚠ Skill non trouvé: skill-security-auditor
[2026-07-23T15:54:30Z] [docs] Index wiki mis à jour: /home/aza/wiki/INDEX.md
[2026-07-23T15:54:30Z] [docs] Index wiki mis à jour: /home/aza/wiki/INDEX.md
[2026-07-23T15:54:30Z] [docs] Changement de skill journalisé: sales-engineer (skill:created)
[2026-07-23T15:54:30Z] [docs] Traitement terminé — wiki:update traité avec succès
[2026-07-23T15:54:30Z] [docs] Changement de skill journalisé: skill-security-auditor (skill:created)
[2026-07-23T15:54:30Z] [docs] Traitement terminé — wiki:update traité avec succès
[2026-07-23T15:54:34Z] [docs] Canal: wiki:update | Source: adam-critic | Skill: sales-engineer | Action: skill:created
[2026-07-23T15:54:34Z] [docs] ⚠ Skill non trouvé: sales-engineer
[2026-07-23T15:54:34Z] [docs] Canal: wiki:update | Source: adam-critic | Skill: tc-tracker | Action: skill:created
[2026-07-23T15:54:34Z] [docs] ⚠ Skill non trouvé: tc-tracker
[2026-07-23T15:54:34Z] [docs] Index wiki mis à jour: /home/aza/wiki/INDEX.md
[2026-07-23T15:54:34Z] [docs] Changement de skill journalisé: sales-engineer (skill:created)
[2026-07-23T15:54:34Z] [docs] Traitement terminé — wiki:update traité avec succès
[2026-07-23T15:54:34Z] [docs] Index wiki mis à jour: /home/aza/wiki/INDEX.md
[2026-07-23T15:54:34Z] [docs] Changement de skill journalisé: tc-tracker (skill:created)
[2026-07-23T15:54:34Z] [docs] Traitement terminé — wiki:update traité avec succès
[2026-07-23T15:54:38Z] [docs] Canal: wiki:update | Source: adam-critic | Skill: skill-security-auditor | Action: skill:created
[2026-07-23T15:54:38Z] [docs] ⚠ Skill non trouvé: skill-security-auditor
[2026-07-23T15:54:38Z] [docs] Canal: wiki:update | Source: adam-critic | Skill: tc-tracker | Action: skill:created
[2026-07-23T15:54:38Z] [docs] ⚠ Skill non trouvé: tc-tracker
[2026-07-23T15:54:38Z] [docs] Index wiki mis à jour: /home/aza/wiki/INDEX.md
[2026-07-23T15:54:38Z] [docs] Changement de skill journalisé: skill-security-auditor (skill:created)
[2026-07-23T15:54:38Z] [docs] Traitement terminé — wiki:update traité avec succès
[2026-07-23T15:54:38Z] [docs] Index wiki mis à jour: /home/aza/wiki/INDEX.md
[2026-07-23T15:54:38Z] [docs] Changement de skill journalisé: tc-tracker (skill:created)
[2026-07-23T15:54:38Z] [docs] Traitement terminé — wiki:update traité avec succès
[2026-07-23T15:54:42Z] [docs] Canal: wiki:update | Source: adam-critic | Skill: tc-tracker | Action: skill:created
[2026-07-23T15:54:42Z] [docs] ⚠ Skill non trouvé: tc-tracker
[2026-07-23T15:54:42Z] [docs] Canal: wiki:update | Source: adam-critic | Skill: tc-tracker | Action: skill:created
[2026-07-23T15:54:42Z] [docs] ⚠ Skill non trouvé: tc-tracker
[2026-07-23T15:54:42Z] [docs] Index wiki mis à jour: /home/aza/wiki/INDEX.md
[2026-07-23T15:54:42Z] [docs] Changement de skill journalisé: tc-tracker (skill:created)
[2026-07-23T15:54:42Z] [docs] Traitement terminé — wiki:update traité avec succès
[2026-07-23T15:54:42Z] [docs] Index wiki mis à jour: /home/aza/wiki/INDEX.md
[2026-07-23T15:54:42Z] [docs] Changement de skill journalisé: tc-tracker (skill:created)
[2026-07-23T15:54:42Z] [docs] Traitement terminé — wiki:update traité avec succès
[2026-07-23T15:54:46Z] [docs] Canal: wiki:update | Source: adam-critic | Skill: tc-tracker | Action: skill:created
[2026-07-23T15:54:46Z] [docs] Canal: wiki:update | Source: adam-critic | Skill: universal-scraping-architect | Action: skill:created
[2026-07-23T15:54:46Z] [docs] ⚠ Skill non trouvé: tc-tracker
[2026-07-23T15:54:46Z] [docs] ⚠ Skill non trouvé: universal-scraping-architect
[2026-07-23T15:54:46Z] [docs] Index wiki mis à jour: /home/aza/wiki/INDEX.md
[2026-07-23T15:54:46Z] [docs] Changement de skill journalisé: tc-tracker (skill:created)
[2026-07-23T15:54:46Z] [docs] Traitement terminé — wiki:update traité avec succès
[2026-07-23T15:54:46Z] [docs] Index wiki mis à jour: /home/aza/wiki/INDEX.md
[2026-07-23T15:54:46Z] [docs] Changement de skill journalisé: universal-scraping-architect (skill:created)
[2026-07-23T15:54:46Z] [docs] Traitement terminé — wiki:update traité avec succès
[2026-07-23T15:54:50Z] [docs] Canal: wiki:update | Source: adam-critic | Skill: universal-scraping-architect | Action: skill:created
[2026-07-23T15:54:50Z] [docs] ⚠ Skill non trouvé: universal-scraping-architect
[2026-07-23T15:54:50Z] [docs] Canal: wiki:update | Source: adam-critic | Skill: universal-scraping-architect | Action: skill:created
[2026-07-23T15:54:50Z] [docs] ⚠ Skill non trouvé: universal-scraping-architect
[2026-07-23T15:54:50Z] [docs] Index wiki mis à jour: /home/aza/wiki/INDEX.md
[2026-07-23T15:54:50Z] [docs] Changement de skill journalisé: universal-scraping-architect (skill:created)
[2026-07-23T15:54:50Z] [docs] Traitement terminé — wiki:update traité avec succès
[2026-07-23T15:54:50Z] [docs] Index wiki mis à jour: /home/aza/wiki/INDEX.md
[2026-07-23T15:54:50Z] [docs] Changement de skill journalisé: universal-scraping-architect (skill:created)
[2026-07-23T15:54:50Z] [docs] Traitement terminé — wiki:update traité avec succès
[2026-07-23T15:54:54Z] [docs] Canal: wiki:update | Source: adam-critic | Skill: universal-scraping-architect | Action: skill:created
[2026-07-23T15:54:54Z] [docs] Canal: wiki:update | Source: adam-critic | Skill: agents | Action: skill:created
[2026-07-23T15:54:54Z] [docs] ⚠ Skill non trouvé: universal-scraping-architect
[2026-07-23T15:54:54Z] [docs] ⚠ Skill non trouvé: agents
[2026-07-23T15:54:54Z] [docs] Index wiki mis à jour: /home/aza/wiki/INDEX.md
[2026-07-23T15:54:54Z] [docs] Index wiki mis à jour: /home/aza/wiki/INDEX.md
[2026-07-23T15:54:54Z] [docs] Changement de skill journalisé: universal-scraping-architect (skill:created)
[2026-07-23T15:54:54Z] [docs] Changement de skill journalisé: agents (skill:created)
[2026-07-23T15:54:54Z] [docs] Traitement terminé — wiki:update traité avec succès
[2026-07-23T15:54:54Z] [docs] Traitement terminé — wiki:update traité avec succès
[2026-07-23T15:55:14Z] [docs] Canal: wiki:update | Source: adam-critic | Skill: agents | Action: skill:updated
[2026-07-23T15:55:14Z] [docs] ⚠ Skill non trouvé: agents
[2026-07-23T15:55:14Z] [docs] Index wiki mis à jour: /home/aza/wiki/INDEX.md
[2026-07-23T15:55:14Z] [docs] Changement de skill journalisé: agents (skill:updated)
[2026-07-23T15:55:14Z] [docs] Traitement terminé — wiki:update traité avec succès
[2026-07-23T16:04:25Z] [docs] Canal: wiki:update | Source: adam-critic | Skill: agents | Action: skill:updated
[2026-07-23T16:04:25Z] [docs] ⚠ Skill non trouvé: agents
[2026-07-23T16:04:25Z] [docs] Index wiki mis à jour: /home/aza/wiki/INDEX.md
[2026-07-23T16:04:25Z] [docs] Changement de skill journalisé: agents (skill:updated)
[2026-07-23T16:04:25Z] [docs] Traitement terminé — wiki:update traité avec succès
[2026-07-23T16:04:29Z] [docs] Canal: wiki:update | Source: adam-critic | Skill: agents | Action: skill:updated
[2026-07-23T16:04:29Z] [docs] ⚠ Skill non trouvé: agents
[2026-07-23T16:04:29Z] [docs] Index wiki mis à jour: /home/aza/wiki/INDEX.md
[2026-07-23T16:04:29Z] [docs] Changement de skill journalisé: agents (skill:updated)
[2026-07-23T16:04:29Z] [docs] Traitement terminé — wiki:update traité avec succès
[2026-07-23T16:07:08Z] [docs] Canal: wiki:update | Source: adam-critic | Skill: agents | Action: skill:updated
[2026-07-23T16:07:08Z] [docs] ⚠ Skill non trouvé: agents
[2026-07-23T16:07:08Z] [docs] Index wiki mis à jour: /home/aza/wiki/INDEX.md
[2026-07-23T16:07:08Z] [docs] Changement de skill journalisé: agents (skill:updated)
[2026-07-23T16:07:08Z] [docs] Traitement terminé — wiki:update traité avec succès
[2026-07-23T16:50:24Z] [docs] Canal: wiki:update | Source: handler | Skill:  | Action: 
[2026-07-23T16:50:24Z] [docs] Index wiki mis à jour: /home/aza/wiki/INDEX.md
[2026-07-23T16:50:24Z] [docs] Traitement terminé — wiki:update traité avec succès
[2026-07-23T17:00:20Z] [docs] Canal: wiki:update | Source: handler | Skill:  | Action: 
[2026-07-23T17:00:20Z] [docs] Index wiki mis à jour: /home/aza/wiki/INDEX.md
[2026-07-23T17:00:20Z] [docs] Traitement terminé — wiki:update traité avec succès
[2026-07-23T17:02:59Z] [docs] Canal: wiki:update | Source: handler | Skill:  | Action: 
[2026-07-23T17:02:59Z] [docs] Index wiki mis à jour: /home/aza/wiki/INDEX.md
[2026-07-23T17:02:59Z] [docs] Traitement terminé — wiki:update traité avec succès
[2026-07-23T17:03:43Z] [docs] Canal: wiki:update | Source: handler | Skill:  | Action: 
[2026-07-23T17:03:43Z] [docs] Index wiki mis à jour: /home/aza/wiki/INDEX.md
[2026-07-23T17:03:43Z] [docs] Traitement terminé — wiki:update traité avec succès
[2026-07-23T17:07:54Z] [docs] Canal: wiki:update | Source: adam-critic | Skill: agents | Action: skill:created
[2026-07-23T17:07:54Z] [docs] ⚠ Skill non trouvé: agents
[2026-07-23T17:07:54Z] [docs] Index wiki mis à jour: /home/aza/wiki/INDEX.md
[2026-07-23T17:07:54Z] [docs] Changement de skill journalisé: agents (skill:created)
[2026-07-23T17:07:54Z] [docs] Traitement terminé — wiki:update traité avec succès
[2026-07-23T17:08:32Z] [docs] Canal: wiki:update | Source: adam-critic | Skill: agents | Action: skill:updated
[2026-07-23T17:08:32Z] [docs] ⚠ Skill non trouvé: agents
[2026-07-23T17:08:32Z] [docs] Index wiki mis à jour: /home/aza/wiki/INDEX.md
[2026-07-23T17:08:32Z] [docs] Changement de skill journalisé: agents (skill:updated)
[2026-07-23T17:08:32Z] [docs] Traitement terminé — wiki:update traité avec succès
[2026-07-23T17:09:12Z] [docs] Canal: wiki:update | Source: adam-critic | Skill: agents | Action: skill:updated
[2026-07-23T17:09:12Z] [docs] ⚠ Skill non trouvé: agents
[2026-07-23T17:09:12Z] [docs] Index wiki mis à jour: /home/aza/wiki/INDEX.md
[2026-07-23T17:09:12Z] [docs] Changement de skill journalisé: agents (skill:updated)
[2026-07-23T17:09:12Z] [docs] Traitement terminé — wiki:update traité avec succès
[2026-07-23T17:10:08Z] [docs] Canal: wiki:update | Source: adam-critic | Skill: agents | Action: skill:updated
[2026-07-23T17:10:08Z] [docs] ⚠ Skill non trouvé: agents
[2026-07-23T17:10:08Z] [docs] Index wiki mis à jour: /home/aza/wiki/INDEX.md
[2026-07-23T17:10:08Z] [docs] Changement de skill journalisé: agents (skill:updated)
[2026-07-23T17:10:08Z] [docs] Traitement terminé — wiki:update traité avec succès
[2026-07-23T17:35:06Z] [docs] Canal: wiki:update | Source: adam-critic | Skill: agents | Action: skill:updated
[2026-07-23T17:35:06Z] [docs] ⚠ Skill non trouvé: agents
[2026-07-23T17:35:06Z] [docs] Index wiki mis à jour: /home/aza/wiki/INDEX.md
[2026-07-23T17:35:06Z] [docs] Changement de skill journalisé: agents (skill:updated)
[2026-07-23T17:35:06Z] [docs] Traitement terminé — wiki:update traité avec succès
[2026-07-23T17:36:19Z] [docs] Canal: wiki:update | Source: adam-critic | Skill: agents | Action: skill:created
[2026-07-23T17:36:19Z] [docs] ⚠ Skill non trouvé: agents
[2026-07-23T17:36:19Z] [docs] Index wiki mis à jour: /home/aza/wiki/INDEX.md
[2026-07-23T17:36:19Z] [docs] Changement de skill journalisé: agents (skill:created)
[2026-07-23T17:36:19Z] [docs] Traitement terminé — wiki:update traité avec succès
[2026-07-23T17:59:05Z] [docs] Canal: wiki:update | Source: adam-critic | Skill: multi-agent | Action: skill:updated
[2026-07-23T17:59:05Z] [docs] ⚠ Skill non trouvé: multi-agent
[2026-07-23T17:59:05Z] [docs] Index wiki mis à jour: /home/aza/wiki/INDEX.md
[2026-07-23T17:59:05Z] [docs] Changement de skill journalisé: multi-agent (skill:updated)
[2026-07-23T17:59:05Z] [docs] Traitement terminé — wiki:update traité avec succès
[2026-07-23T17:59:29Z] [docs] Canal: wiki:update | Source: adam-critic | Skill: multi-agent | Action: skill:updated
[2026-07-23T17:59:29Z] [docs] ⚠ Skill non trouvé: multi-agent
[2026-07-23T17:59:29Z] [docs] Index wiki mis à jour: /home/aza/wiki/INDEX.md
[2026-07-23T17:59:29Z] [docs] Changement de skill journalisé: multi-agent (skill:updated)
[2026-07-23T17:59:29Z] [docs] Traitement terminé — wiki:update traité avec succès
[2026-07-23T17:59:41Z] [docs] Canal: wiki:update | Source: adam-critic | Skill: multi-agent | Action: skill:updated
[2026-07-23T17:59:41Z] [docs] ⚠ Skill non trouvé: multi-agent
[2026-07-23T17:59:41Z] [docs] Index wiki mis à jour: /home/aza/wiki/INDEX.md
[2026-07-23T17:59:41Z] [docs] Changement de skill journalisé: multi-agent (skill:updated)
[2026-07-23T17:59:41Z] [docs] Traitement terminé — wiki:update traité avec succès
[2026-07-23T17:59:55Z] [docs] Canal: wiki:update | Source: adam-critic | Skill: multi-agent | Action: skill:created
[2026-07-23T17:59:55Z] [docs] ⚠ Skill non trouvé: multi-agent
[2026-07-23T17:59:55Z] [docs] Index wiki mis à jour: /home/aza/wiki/INDEX.md
[2026-07-23T17:59:55Z] [docs] Changement de skill journalisé: multi-agent (skill:created)
[2026-07-23T17:59:55Z] [docs] Traitement terminé — wiki:update traité avec succès
[2026-07-23T18:00:05Z] [docs] Canal: wiki:update | Source: adam-critic | Skill: multi-agent | Action: skill:updated
[2026-07-23T18:00:05Z] [docs] ⚠ Skill non trouvé: multi-agent
[2026-07-23T18:00:05Z] [docs] Index wiki mis à jour: /home/aza/wiki/INDEX.md
[2026-07-23T18:00:05Z] [docs] Changement de skill journalisé: multi-agent (skill:updated)
[2026-07-23T18:00:05Z] [docs] Traitement terminé — wiki:update traité avec succès
[2026-07-23T18:02:19Z] [docs] Canal: wiki:update | Source: adam-critic | Skill: cybersecurite | Action: skill:created
[2026-07-23T18:02:19Z] [docs] ⚠ Skill non trouvé: cybersecurite
[2026-07-23T18:02:19Z] [docs] Index wiki mis à jour: /home/aza/wiki/INDEX.md
[2026-07-23T18:02:19Z] [docs] Changement de skill journalisé: cybersecurite (skill:created)
[2026-07-23T18:02:19Z] [docs] Traitement terminé — wiki:update traité avec succès
[2026-07-23T18:02:54Z] [docs] Canal: wiki:update | Source: adam-critic | Skill: cybersecurite | Action: skill:created
[2026-07-23T18:02:54Z] [docs] ⚠ Skill non trouvé: cybersecurite
[2026-07-23T18:02:54Z] [docs] Index wiki mis à jour: /home/aza/wiki/INDEX.md
[2026-07-23T18:02:54Z] [docs] Changement de skill journalisé: cybersecurite (skill:created)
[2026-07-23T18:02:54Z] [docs] Traitement terminé — wiki:update traité avec succès
[2026-07-23T18:37:41Z] [docs] Canal: wiki:update | Source: adam-critic | Skill: cybersecurite | Action: skill:updated
[2026-07-23T18:37:41Z] [docs] ⚠ Skill non trouvé: cybersecurite
[2026-07-23T18:37:41Z] [docs] Index wiki mis à jour: /home/aza/wiki/INDEX.md
[2026-07-23T18:37:41Z] [docs] Changement de skill journalisé: cybersecurite (skill:updated)
[2026-07-23T18:37:41Z] [docs] Traitement terminé — wiki:update traité avec succès
[2026-07-23T18:37:57Z] [docs] Canal: wiki:update | Source: adam-critic | Skill: cybersecurite | Action: skill:updated
[2026-07-23T18:37:57Z] [docs] ⚠ Skill non trouvé: cybersecurite
[2026-07-23T18:37:57Z] [docs] Index wiki mis à jour: /home/aza/wiki/INDEX.md
[2026-07-23T18:37:57Z] [docs] Changement de skill journalisé: cybersecurite (skill:updated)
[2026-07-23T18:37:57Z] [docs] Traitement terminé — wiki:update traité avec succès
[2026-07-23T18:38:09Z] [docs] Canal: wiki:update | Source: adam-critic | Skill: cybersecurite | Action: skill:updated
[2026-07-23T18:38:09Z] [docs] ⚠ Skill non trouvé: cybersecurite
[2026-07-23T18:38:09Z] [docs] Index wiki mis à jour: /home/aza/wiki/INDEX.md
[2026-07-23T18:38:09Z] [docs] Changement de skill journalisé: cybersecurite (skill:updated)
[2026-07-23T18:38:09Z] [docs] Traitement terminé — wiki:update traité avec succès
[2026-07-23T18:38:15Z] [docs] Canal: wiki:update | Source: adam-critic | Skill: cybersecurite | Action: skill:updated
[2026-07-23T18:38:15Z] [docs] ⚠ Skill non trouvé: cybersecurite
[2026-07-23T18:38:15Z] [docs] Index wiki mis à jour: /home/aza/wiki/INDEX.md
[2026-07-23T18:38:15Z] [docs] Changement de skill journalisé: cybersecurite (skill:updated)
[2026-07-23T18:38:15Z] [docs] Traitement terminé — wiki:update traité avec succès
[2026-07-23T18:38:47Z] [docs] Canal: wiki:update | Source: adam-critic | Skill: cybersecurite | Action: skill:created
[2026-07-23T18:38:47Z] [docs] ⚠ Skill non trouvé: cybersecurite
[2026-07-23T18:38:47Z] [docs] Index wiki mis à jour: /home/aza/wiki/INDEX.md
[2026-07-23T18:38:47Z] [docs] Changement de skill journalisé: cybersecurite (skill:created)
[2026-07-23T18:38:47Z] [docs] Traitement terminé — wiki:update traité avec succès
[2026-07-23T18:39:27Z] [docs] Canal: wiki:update | Source: adam-critic | Skill: cybersecurite | Action: skill:created
[2026-07-23T18:39:27Z] [docs] ⚠ Skill non trouvé: cybersecurite
[2026-07-23T18:39:27Z] [docs] Index wiki mis à jour: /home/aza/wiki/INDEX.md
[2026-07-23T18:39:27Z] [docs] Changement de skill journalisé: cybersecurite (skill:created)
[2026-07-23T18:39:27Z] [docs] Traitement terminé — wiki:update traité avec succès
[2026-07-23T19:09:20Z] [docs] Canal: wiki:update | Source: adam-critic | Skill: cybersecurite | Action: skill:created
[2026-07-23T19:09:20Z] [docs] ⚠ Skill non trouvé: cybersecurite
[2026-07-23T19:09:20Z] [docs] Index wiki mis à jour: /home/aza/wiki/INDEX.md
[2026-07-23T19:09:20Z] [docs] Changement de skill journalisé: cybersecurite (skill:created)
[2026-07-23T19:09:20Z] [docs] Traitement terminé — wiki:update traité avec succès
[2026-07-23T19:10:12Z] [docs] Canal: wiki:update | Source: adam-critic | Skill: cybersecurite | Action: skill:created
[2026-07-23T19:10:12Z] [docs] ⚠ Skill non trouvé: cybersecurite
[2026-07-23T19:10:12Z] [docs] Index wiki mis à jour: /home/aza/wiki/INDEX.md
[2026-07-23T19:10:12Z] [docs] Changement de skill journalisé: cybersecurite (skill:created)
[2026-07-23T19:10:12Z] [docs] Traitement terminé — wiki:update traité avec succès
[2026-07-23T19:10:50Z] [docs] Canal: wiki:update | Source: adam-critic | Skill: agents | Action: skill:updated
[2026-07-23T19:10:50Z] [docs] ⚠ Skill non trouvé: agents
[2026-07-23T19:10:50Z] [docs] Index wiki mis à jour: /home/aza/wiki/INDEX.md
[2026-07-23T19:10:50Z] [docs] Changement de skill journalisé: agents (skill:updated)
[2026-07-23T19:10:50Z] [docs] Traitement terminé — wiki:update traité avec succès
[2026-07-23T20:05:16Z] [docs] Canal: wiki:update | Source: adam-critic | Skill: agents | Action: skill:created
[2026-07-23T20:05:16Z] [docs] ⚠ Skill non trouvé: agents
[2026-07-23T20:05:16Z] [docs] Index wiki mis à jour: /home/aza/wiki/INDEX.md
[2026-07-23T20:05:16Z] [docs] Changement de skill journalisé: agents (skill:created)
[2026-07-23T20:05:16Z] [docs] Traitement terminé — wiki:update traité avec succès
[2026-07-23T20:05:43Z] [docs] Canal: wiki:update | Source: adam-critic | Skill: agents | Action: skill:updated
[2026-07-23T20:05:43Z] [docs] ⚠ Skill non trouvé: agents
[2026-07-23T20:05:43Z] [docs] Index wiki mis à jour: /home/aza/wiki/INDEX.md
[2026-07-23T20:05:43Z] [docs] Changement de skill journalisé: agents (skill:updated)
[2026-07-23T20:05:43Z] [docs] Traitement terminé — wiki:update traité avec succès
[2026-07-23T20:29:14Z] [docs] Canal: wiki:update | Source: adam-critic | Skill:  | Action: 
[2026-07-23T20:29:14Z] [docs] Index wiki mis à jour: /home/aza/wiki/INDEX.md
[2026-07-23T20:29:14Z] [docs] Traitement terminé — wiki:update traité avec succès
[2026-07-23T20:29:32Z] [docs] Canal: wiki:update | Source: adam-critic | Skill:  | Action: 
[2026-07-23T20:29:32Z] [docs] Index wiki mis à jour: /home/aza/wiki/INDEX.md
[2026-07-23T20:29:32Z] [docs] Traitement terminé — wiki:update traité avec succès
[2026-07-23T20:29:34Z] [docs] Canal: wiki:update | Source: adam-critic | Skill:  | Action: 
[2026-07-23T20:29:34Z] [docs] Index wiki mis à jour: /home/aza/wiki/INDEX.md
[2026-07-23T20:29:34Z] [docs] Traitement terminé — wiki:update traité avec succès
[2026-07-23T20:35:44Z] [docs] Canal: wiki:update | Source: adam-critic | Skill: multi-agent | Action: skill:updated
[2026-07-23T20:35:44Z] [docs] ⚠ Skill non trouvé: multi-agent
[2026-07-23T20:35:44Z] [docs] Index wiki mis à jour: /home/aza/wiki/INDEX.md
[2026-07-23T20:35:44Z] [docs] Changement de skill journalisé: multi-agent (skill:updated)
[2026-07-23T20:35:44Z] [docs] Traitement terminé — wiki:update traité avec succès
[2026-07-23T20:36:14Z] [docs] Canal: wiki:update | Source: adam-critic | Skill: multi-agent | Action: skill:created
[2026-07-23T20:36:14Z] [docs] ⚠ Skill non trouvé: multi-agent
[2026-07-23T20:36:14Z] [docs] Index wiki mis à jour: /home/aza/wiki/INDEX.md
[2026-07-23T20:36:14Z] [docs] Changement de skill journalisé: multi-agent (skill:created)
[2026-07-23T20:36:14Z] [docs] Traitement terminé — wiki:update traité avec succès
[2026-07-23T20:36:26Z] [docs] Canal: wiki:update | Source: adam-critic | Skill: multi-agent | Action: skill:updated
[2026-07-23T20:36:26Z] [docs] ⚠ Skill non trouvé: multi-agent
[2026-07-23T20:36:26Z] [docs] Index wiki mis à jour: /home/aza/wiki/INDEX.md
[2026-07-23T20:36:26Z] [docs] Changement de skill journalisé: multi-agent (skill:updated)
[2026-07-23T20:36:26Z] [docs] Traitement terminé — wiki:update traité avec succès
[2026-07-23T20:36:30Z] [docs] Canal: wiki:update | Source: adam-critic | Skill: multi-agent | Action: skill:updated
[2026-07-23T20:36:30Z] [docs] ⚠ Skill non trouvé: multi-agent
[2026-07-23T20:36:30Z] [docs] Index wiki mis à jour: /home/aza/wiki/INDEX.md
[2026-07-23T20:36:30Z] [docs] Changement de skill journalisé: multi-agent (skill:updated)
[2026-07-23T20:36:30Z] [docs] Traitement terminé — wiki:update traité avec succès
[2026-07-23T20:36:46Z] [docs] Canal: wiki:update | Source: adam-critic | Skill: multi-agent | Action: skill:updated
[2026-07-23T20:36:46Z] [docs] ⚠ Skill non trouvé: multi-agent
[2026-07-23T20:36:46Z] [docs] Index wiki mis à jour: /home/aza/wiki/INDEX.md
[2026-07-23T20:36:46Z] [docs] Changement de skill journalisé: multi-agent (skill:updated)
[2026-07-23T20:36:46Z] [docs] Traitement terminé — wiki:update traité avec succès
