2026-07-23 07:48:17,982 [INFO] eva.adam.eventbus: Event Bus initialisé: /home/aza/eva-adam-v2/event_bus.db
2026-07-23 07:48:17,983 [WARNING] eva.adam.watcher: inotifywait indisponible — mode polling fallback
2026-07-23 07:48:17,983 [INFO] eva.adam.watcher: ============================================================
2026-07-23 07:48:17,983 [INFO] eva.adam.watcher: EVA ADAM v2 — File Watcher démarré
2026-07-23 07:48:17,983 [INFO] eva.adam.watcher: Mode: polling
2026-07-23 07:48:17,983 [INFO] eva.adam.watcher: Répertoires surveillés: 5
2026-07-23 07:48:17,983 [INFO] eva.adam.watcher:   → /home/aza/scripts
2026-07-23 07:48:17,983 [INFO] eva.adam.watcher:   → /home/aza/.hermes/skills
2026-07-23 07:48:17,983 [INFO] eva.adam.watcher:   → /home/aza/.hermes
2026-07-23 07:48:17,983 [INFO] eva.adam.watcher:   → /home/aza/jepa_eva
2026-07-23 07:48:17,983 [INFO] eva.adam.watcher:   → /home/aza/revenus-alternatifs
2026-07-23 07:48:17,983 [INFO] eva.adam.watcher: ============================================================
2026-07-23 07:48:17,983 [INFO] eva.adam.watcher: Initialisation du cache de hashes...
2026-07-23 07:49:09,314 [INFO] eva.adam.watcher: 📡 config:changed: /home/aza/.hermes/state/rich_sent_index.json (modified)
2026-07-23 07:49:14,909 [INFO] eva.adam.watcher: 📡 config:changed: /home/aza/.hermes/hermes-agent/skills/.usage.json (modified)
2026-07-23 07:49:42,868 [INFO] eva.adam.watcher: 📡 config:changed: /home/aza/.hermes/hermes-agent/skills/.usage.json (modified)
2026-07-23 07:49:54,048 [INFO] eva.adam.watcher: 📡 config:changed: /home/aza/.hermes/hermes-agent/skills/.usage.json (modified)
2026-07-23 07:49:59,305 [INFO] eva.adam.watcher: 📡 skill:updated: /home/aza/.hermes/skills/devops/adam-v2-architecture/SKILL.md (modified)
2026-07-23 07:49:59,640 [INFO] eva.adam.watcher: 📡 config:changed: /home/aza/.hermes/hermes-agent/skills/.usage.json (modified)
2026-07-23 07:49:59,862 [INFO] eva.adam.watcher: 📡 file:deleted: /home/aza/.hermes/.skills_prompt_snapshot.json (deleted)
2026-07-23 07:50:05,237 [INFO] eva.adam.watcher: 📡 file:created: /home/aza/.hermes/.skills_prompt_snapshot.json (created)
2026-07-23 07:50:27,276 [INFO] eva.adam.watcher: 📡 skill:updated: /home/aza/.hermes/skills/devops/adam-v2-architecture/SKILL.md (modified)
2026-07-23 07:50:27,610 [INFO] eva.adam.watcher: 📡 config:changed: /home/aza/.hermes/hermes-agent/skills/.usage.json (modified)
2026-07-23 07:50:27,832 [INFO] eva.adam.watcher: 📡 file:deleted: /home/aza/.hermes/.skills_prompt_snapshot.json (deleted)
2026-07-23 07:51:00,822 [INFO] eva.adam.watcher: 📡 skill:created: /home/aza/.hermes/skills/devops/adam-v2-architecture/references/daemon-stability-fixes-2026-07-23.md (created)
2026-07-23 07:51:01,159 [INFO] eva.adam.watcher: 📡 config:changed: /home/aza/.hermes/hermes-agent/skills/.usage.json (modified)
2026-07-23 07:51:29,120 [INFO] eva.adam.watcher: 📡 config:changed: /home/aza/.hermes/channel_directory.json (modified)
2026-07-23 07:54:00,223 [INFO] eva.adam.watcher: 📡 file:created: /home/aza/.hermes/.skills_prompt_snapshot.json (created)
2026-07-23 07:56:25,624 [INFO] eva.adam.watcher: 📡 config:changed: /home/aza/.hermes/channel_directory.json (modified)
2026-07-23 07:57:21,555 [INFO] eva.adam.watcher: 📡 config:changed: /home/aza/.hermes/state/rich_sent_index.json (modified)
2026-07-23 07:58:39,828 [INFO] eva.adam.watcher: 📡 config:changed: /home/aza/.hermes/gateway_state.json (modified)
2026-07-23 07:58:39,829 [INFO] eva.adam.watcher: 📡 config:changed: /home/aza/.hermes/state/rich_sent_index.json (modified)
2026-07-23 07:58:39,830 [INFO] eva.adam.watcher: 📡 config:changed: /home/aza/.hermes/sessions/sessions.json (modified)
2026-07-23 08:01:05,293 [INFO] eva.adam.watcher: 📡 config:changed: /home/aza/.hermes/gateway_state.json (modified)
2026-07-23 08:01:05,293 [INFO] eva.adam.watcher: 📡 config:changed: /home/aza/.hermes/cache/openrouter_model_metadata.json (modified)
2026-07-23 08:01:05,295 [INFO] eva.adam.watcher: 📡 config:changed: /home/aza/.hermes/sessions/sessions.json (modified)
2026-07-23 08:01:27,655 [INFO] eva.adam.watcher: 📡 config:changed: /home/aza/.hermes/channel_directory.json (modified)
2026-07-23 08:04:32,193 [INFO] eva.adam.watcher: 📡 config:changed: /home/aza/.hermes/config.yaml (modified)
2026-07-23 08:06:24,099 [INFO] eva.adam.watcher: 📡 config:changed: /home/aza/.hermes/channel_directory.json (modified)
2026-07-23 08:09:06,239 [INFO] eva.adam.watcher: 📡 config:changed: /home/aza/.hermes/gateway_state.json (modified)
2026-07-23 08:09:06,241 [INFO] eva.adam.watcher: 📡 config:changed: /home/aza/.hermes/sessions/sessions.json (modified)
2026-07-23 08:09:28,609 [INFO] eva.adam.watcher: 📡 config:changed: /home/aza/.hermes/hermes-agent/skills/.usage.json (modified)
2026-07-23 08:09:39,790 [INFO] eva.adam.watcher: 📡 config:changed: /home/aza/.hermes/hermes-agent/skills/.usage.json (modified)
2026-07-23 08:09:45,383 [INFO] eva.adam.watcher: 📡 config:changed: /home/aza/.hermes/hermes-agent/skills/.usage.json (modified)
2026-07-23 08:09:50,972 [INFO] eva.adam.watcher: 📡 config:changed: /home/aza/.hermes/gateway_state.json (modified)
2026-07-23 08:09:50,974 [INFO] eva.adam.watcher: 📡 config:changed: /home/aza/.hermes/sessions/sessions.json (modified)
2026-07-23 08:10:07,751 [INFO] eva.adam.watcher: 📡 config:changed: /home/aza/.hermes/hermes-agent/skills/.usage.json (modified)
2026-07-23 08:10:13,344 [INFO] eva.adam.watcher: 📡 config:changed: /home/aza/.hermes/hermes-agent/skills/.usage.json (modified)
2026-07-23 08:10:18,932 [INFO] eva.adam.watcher: 📡 config:changed: /home/aza/.hermes/gateway_state.json (modified)
2026-07-23 08:10:18,934 [INFO] eva.adam.watcher: 📡 config:changed: /home/aza/.hermes/sessions/sessions.json (modified)
2026-07-23 08:11:25,720 [INFO] eva.adam.watcher: 📡 skill:created: /home/aza/.hermes/skills/agents/adam-v2-infrastructure/SKILL.md (created)
2026-07-23 08:11:26,050 [INFO] eva.adam.watcher: 📡 config:changed: /home/aza/.hermes/channel_directory.json (modified)
2026-07-23 08:11:26,052 [INFO] eva.adam.watcher: 📡 config:changed: /home/aza/.hermes/hermes-agent/skills/.usage.json (modified)
2026-07-23 08:11:26,274 [INFO] eva.adam.watcher: 📡 file:deleted: /home/aza/.hermes/.skills_prompt_snapshot.json (deleted)
2026-07-23 08:11:53,682 [INFO] eva.adam.watcher: 📡 skill:created: /home/aza/.hermes/skills/agents/adam-v2-infrastructure/references/daemon-debugging.md (created)
2026-07-23 08:11:54,016 [INFO] eva.adam.watcher: 📡 config:changed: /home/aza/.hermes/hermes-agent/skills/.usage.json (modified)
2026-07-23 08:12:10,789 [INFO] eva.adam.watcher: 📡 config:changed: /home/aza/.hermes/gateway_state.json (modified)
2026-07-23 08:12:10,790 [INFO] eva.adam.watcher: 📡 config:changed: /home/aza/.hermes/sessions/sessions.json (modified)
2026-07-23 08:12:36,760 [INFO] eva.adam.watcher: Signal 15 reçu — arrêt du watcher...
2026-07-23 08:12:38,379 [INFO] eva.adam.watcher: Polling arrêté.
2026-07-23 08:13:53,144 [INFO] eva.adam.eventbus: Event Bus initialisé: /home/aza/eva-adam-v2/event_bus.db
2026-07-23 08:13:53,145 [WARNING] eva.adam.watcher: inotifywait indisponible — mode polling fallback
2026-07-23 08:13:53,145 [INFO] eva.adam.watcher: ============================================================
2026-07-23 08:13:53,145 [INFO] eva.adam.watcher: EVA ADAM v2 — File Watcher démarré
2026-07-23 08:13:53,145 [INFO] eva.adam.watcher: Mode: polling
2026-07-23 08:13:53,145 [INFO] eva.adam.watcher: Répertoires surveillés: 5
2026-07-23 08:13:53,145 [INFO] eva.adam.watcher:   → /home/aza/scripts
2026-07-23 08:13:53,145 [INFO] eva.adam.watcher:   → /home/aza/.hermes/skills
2026-07-23 08:13:53,145 [INFO] eva.adam.watcher:   → /home/aza/.hermes
2026-07-23 08:13:53,146 [INFO] eva.adam.watcher:   → /home/aza/jepa_eva
2026-07-23 08:13:53,146 [INFO] eva.adam.watcher:   → /home/aza/revenus-alternatifs
2026-07-23 08:13:53,146 [INFO] eva.adam.watcher: ============================================================
2026-07-23 08:13:53,146 [INFO] eva.adam.watcher: Initialisation du cache de hashes...
2026-07-23 08:16:25,299 [INFO] eva.adam.watcher: 📡 config:changed: /home/aza/.hermes/channel_directory.json (modified)
2026-07-23 08:17:10,078 [INFO] eva.adam.watcher: 📡 file:created: /home/aza/.hermes/.skills_prompt_snapshot.json (created)
2026-07-23 08:21:27,236 [INFO] eva.adam.watcher: 📡 config:changed: /home/aza/.hermes/channel_directory.json (modified)
2026-07-23 08:25:55,464 [INFO] eva.adam.watcher: 📡 config:changed: /home/aza/.hermes/processes.json (modified)
2026-07-23 08:26:29,019 [INFO] eva.adam.watcher: 📡 config:changed: /home/aza/.hermes/channel_directory.json (modified)
2026-07-23 08:31:25,254 [INFO] eva.adam.watcher: 📡 config:changed: /home/aza/.hermes/channel_directory.json (modified)
2026-07-23 08:31:47,623 [INFO] eva.adam.watcher: 📡 config:changed: /home/aza/.hermes/models_dev_cache.json (modified)
2026-07-23 08:32:15,569 [INFO] eva.adam.watcher: 📡 config:changed: /home/aza/.hermes/gateway_state.json (modified)
2026-07-23 08:32:15,569 [INFO] eva.adam.watcher: 📡 config:changed: /home/aza/.hermes/state/rich_sent_index.json (modified)
2026-07-23 08:32:15,571 [INFO] eva.adam.watcher: 📡 config:changed: /home/aza/.hermes/sessions/sessions.json (modified)
2026-07-23 08:32:37,937 [INFO] eva.adam.watcher: 📡 config:changed: /home/aza/.hermes/hermes-agent/skills/.usage.json (modified)
2026-07-23 08:32:49,113 [INFO] eva.adam.watcher: 📡 config:changed: /home/aza/.hermes/hermes-agent/skills/.usage.json (modified)
2026-07-23 08:32:54,703 [INFO] eva.adam.watcher: 📡 config:changed: /home/aza/.hermes/hermes-agent/skills/.usage.json (modified)
2026-07-23 08:33:50,254 [INFO] eva.adam.watcher: 📡 skill:updated: /home/aza/.hermes/skills/devops/adam-v2-architecture/SKILL.md (modified)
2026-07-23 08:33:50,588 [INFO] eva.adam.watcher: 📡 config:changed: /home/aza/.hermes/hermes-agent/skills/.usage.json (modified)
2026-07-23 08:33:50,810 [INFO] eva.adam.watcher: 📡 file:deleted: /home/aza/.hermes/.skills_prompt_snapshot.json (deleted)
2026-07-23 08:34:46,176 [INFO] eva.adam.watcher: 📡 skill:created: /home/aza/.hermes/skills/devops/adam-v2-architecture/references/dashboard-adam-viz-v3.md (created)
2026-07-23 08:34:46,514 [INFO] eva.adam.watcher: 📡 config:changed: /home/aza/.hermes/hermes-agent/skills/.usage.json (modified)
2026-07-23 08:35:53,600 [INFO] eva.adam.watcher: 📡 config:changed: /home/aza/.hermes/gateway_state.json (modified)
2026-07-23 08:35:53,602 [INFO] eva.adam.watcher: 📡 config:changed: /home/aza/.hermes/sessions/sessions.json (modified)
2026-07-23 08:36:27,133 [INFO] eva.adam.watcher: 📡 config:changed: /home/aza/.hermes/channel_directory.json (modified)
2026-07-23 08:38:24,151 [INFO] eva.adam.watcher: 📡 file:created: /home/aza/scripts/red-watch.sh (created)
2026-07-23 08:41:28,993 [INFO] eva.adam.watcher: 📡 config:changed: /home/aza/.hermes/channel_directory.json (modified)
2026-07-23 08:41:51,352 [INFO] eva.adam.watcher: 📡 config:changed: /home/aza/.hermes/processes.json (modified)
2026-07-23 08:42:30,470 [INFO] eva.adam.watcher: 📡 config:changed: /home/aza/.hermes/gateway_state.json (modified)
2026-07-23 08:42:30,470 [INFO] eva.adam.watcher: 📡 config:changed: /home/aza/.hermes/state/rich_sent_index.json (modified)
2026-07-23 08:42:30,472 [INFO] eva.adam.watcher: 📡 config:changed: /home/aza/.hermes/sessions/sessions.json (modified)
2026-07-23 08:42:47,242 [INFO] eva.adam.watcher: 📡 config:changed: /home/aza/.hermes/hermes-agent/skills/.usage.json (modified)
2026-07-23 08:42:58,418 [INFO] eva.adam.watcher: 📡 config:changed: /home/aza/.hermes/hermes-agent/skills/.usage.json (modified)
2026-07-23 08:43:15,186 [INFO] eva.adam.watcher: 📡 config:changed: /home/aza/.hermes/hermes-agent/skills/.usage.json (modified)
2026-07-23 08:43:42,812 [INFO] eva.adam.watcher: 📡 skill:updated: /home/aza/.hermes/skills/agents/adam-v2-infrastructure/SKILL.md (modified)
2026-07-23 08:43:43,148 [INFO] eva.adam.watcher: 📡 config:changed: /home/aza/.hermes/hermes-agent/skills/.usage.json (modified)
2026-07-23 08:43:53,997 [INFO] eva.adam.watcher: 📡 skill:updated: /home/aza/.hermes/skills/agents/adam-v2-infrastructure/SKILL.md (modified)
2026-07-23 08:43:54,328 [INFO] eva.adam.watcher: 📡 config:changed: /home/aza/.hermes/hermes-agent/skills/.usage.json (modified)
2026-07-23 08:44:05,176 [INFO] eva.adam.watcher: 📡 skill:updated: /home/aza/.hermes/skills/agents/adam-v2-infrastructure/SKILL.md (modified)
2026-07-23 08:44:05,508 [INFO] eva.adam.watcher: 📡 config:changed: /home/aza/.hermes/hermes-agent/skills/.usage.json (modified)
2026-07-23 08:44:11,106 [INFO] eva.adam.watcher: 📡 config:changed: /home/aza/.hermes/hermes-agent/skills/.usage.json (modified)
2026-07-23 08:44:16,363 [INFO] eva.adam.watcher: 📡 skill:updated: /home/aza/.hermes/skills/agents/adam-v2-infrastructure/SKILL.md (modified)
2026-07-23 08:44:49,907 [INFO] eva.adam.watcher: 📡 skill:created: /home/aza/.hermes/skills/agents/adam-v2-infrastructure/references/dashboard-and-cycler.md (created)
2026-07-23 08:44:50,238 [INFO] eva.adam.watcher: 📡 config:changed: /home/aza/.hermes/hermes-agent/skills/.usage.json (modified)
2026-07-23 08:44:55,826 [INFO] eva.adam.watcher: 📡 config:changed: /home/aza/.hermes/hermes-agent/skills/.usage.json (modified)
2026-07-23 08:46:25,281 [INFO] eva.adam.watcher: 📡 config:changed: /home/aza/.hermes/channel_directory.json (modified)
2026-07-23 08:51:27,108 [INFO] eva.adam.watcher: 📡 config:changed: /home/aza/.hermes/channel_directory.json (modified)
2026-07-23 08:52:23,022 [INFO] eva.adam.watcher: 📡 config:changed: /home/aza/.hermes/gateway_state.json (modified)
2026-07-23 08:52:23,024 [INFO] eva.adam.watcher: 📡 config:changed: /home/aza/.hermes/sessions/sessions.json (modified)
2026-07-23 08:54:20,066 [INFO] eva.adam.watcher: 📡 file:created: /home/aza/scripts/osint-handler.py (created)
2026-07-23 08:56:23,427 [INFO] eva.adam.watcher: 📡 config:changed: /home/aza/.hermes/processes.json (modified)
2026-07-23 08:56:29,023 [INFO] eva.adam.watcher: 📡 config:changed: /home/aza/.hermes/channel_directory.json (modified)
2026-07-23 08:56:29,023 [INFO] eva.adam.watcher: 📡 config:changed: /home/aza/.hermes/processes.json (modified)
2026-07-23 08:57:24,559 [INFO] eva.adam.watcher: 📡 file:changed: /home/aza/scripts/osint-handler.py (modified)
2026-07-23 08:59:55,882 [INFO] eva.adam.watcher: 📡 file:created: /home/aza/.hermes/.skills_prompt_snapshot.json (created)
2026-07-23 09:01:08,581 [INFO] eva.adam.watcher: 📡 config:changed: /home/aza/.hermes/cache/openrouter_model_metadata.json (modified)
2026-07-23 09:01:25,356 [INFO] eva.adam.watcher: 📡 config:changed: /home/aza/.hermes/channel_directory.json (modified)
2026-07-23 09:03:28,162 [INFO] eva.adam.watcher: 📡 file:changed: /home/aza/scripts/osint-handler.py (modified)
2026-07-23 09:04:47,022 [INFO] eva.adam.watcher: 📡 config:changed: /home/aza/.hermes/processes.json (modified)
2026-07-23 09:05:20,654 [INFO] eva.adam.watcher: 📡 config:changed: /home/aza/.hermes/state/rich_sent_index.json (modified)
2026-07-23 09:06:27,763 [INFO] eva.adam.watcher: 📡 config:changed: /home/aza/.hermes/channel_directory.json (modified)
2026-07-23 09:11:24,197 [INFO] eva.adam.watcher: 📡 config:changed: /home/aza/.hermes/channel_directory.json (modified)
2026-07-23 09:13:10,467 [INFO] eva.adam.watcher: 📡 config:changed: /home/aza/.hermes/processes.json (modified)
2026-07-23 09:14:12,017 [INFO] eva.adam.watcher: 📡 config:changed: /home/aza/.hermes/processes.json (modified)
2026-07-23 09:16:20,678 [INFO] eva.adam.watcher: 📡 config:changed: /home/aza/.hermes/processes.json (modified)
2026-07-23 09:16:26,271 [INFO] eva.adam.watcher: 📡 config:changed: /home/aza/.hermes/channel_directory.json (modified)
2026-07-23 09:16:37,461 [INFO] eva.adam.watcher: 📡 config:changed: /home/aza/.hermes/processes.json (modified)
2026-07-23 09:20:04,457 [INFO] eva.adam.watcher: 📡 config:changed: /home/aza/.hermes/gateway_state.json (modified)
2026-07-23 09:20:04,458 [INFO] eva.adam.watcher: 📡 config:changed: /home/aza/.hermes/state/rich_sent_index.json (modified)
2026-07-23 09:20:04,459 [INFO] eva.adam.watcher: 📡 config:changed: /home/aza/.hermes/sessions/sessions.json (modified)
2026-07-23 09:20:32,438 [INFO] eva.adam.watcher: 📡 config:changed: /home/aza/.hermes/hermes-agent/skills/.usage.json (modified)
2026-07-23 09:20:38,031 [INFO] eva.adam.watcher: 📡 config:changed: /home/aza/.hermes/gateway_state.json (modified)
2026-07-23 09:20:38,033 [INFO] eva.adam.watcher: 📡 config:changed: /home/aza/.hermes/sessions/sessions.json (modified)
2026-07-23 09:21:28,391 [INFO] eva.adam.watcher: 📡 config:changed: /home/aza/.hermes/channel_directory.json (modified)
2026-07-23 09:21:28,393 [INFO] eva.adam.watcher: 📡 config:changed: /home/aza/.hermes/hermes-agent/skills/.usage.json (modified)
2026-07-23 09:21:33,990 [INFO] eva.adam.watcher: 📡 config:changed: /home/aza/.hermes/hermes-agent/skills/.usage.json (modified)
2026-07-23 09:21:39,594 [INFO] eva.adam.watcher: 📡 config:changed: /home/aza/.hermes/hermes-agent/skills/.usage.json (modified)
2026-07-23 09:21:50,776 [INFO] eva.adam.watcher: 📡 config:changed: /home/aza/.hermes/hermes-agent/skills/.usage.json (modified)
2026-07-23 09:22:07,569 [INFO] eva.adam.watcher: 📡 config:changed: /home/aza/.hermes/hermes-agent/skills/.usage.json (modified)
2026-07-23 09:22:18,764 [INFO] eva.adam.watcher: 📡 config:changed: /home/aza/.hermes/hermes-agent/skills/.usage.json (modified)
2026-07-23 09:23:03,161 [INFO] eva.adam.watcher: 📡 file:changed: /home/aza/scripts/osint-handler.py (modified)
2026-07-23 09:23:08,755 [INFO] eva.adam.watcher: 📡 file:changed: /home/aza/scripts/osint-handler.py (modified)
2026-07-23 09:23:19,990 [INFO] eva.adam.watcher: 📡 skill:updated: /home/aza/.hermes/skills/devops/adam-v2-architecture/SKILL.md (modified)
2026-07-23 09:23:20,335 [INFO] eva.adam.watcher: 📡 config:changed: /home/aza/.hermes/hermes-agent/skills/.usage.json (modified)
2026-07-23 09:23:20,560 [INFO] eva.adam.watcher: 📡 file:deleted: /home/aza/.hermes/.skills_prompt_snapshot.json (deleted)
2026-07-23 09:25:23,164 [INFO] eva.adam.watcher: 📡 skill:created: /home/aza/.hermes/skills/devops/adam-v2-architecture/references/handler-permission-dormant-agent-2026-07-23.md (created)
2026-07-23 09:25:23,502 [INFO] eva.adam.watcher: 📡 config:changed: /home/aza/.hermes/hermes-agent/skills/.usage.json (modified)
2026-07-23 09:25:34,324 [INFO] eva.adam.watcher: 📡 file:changed: /home/aza/scripts/osint-handler.py (modified)
2026-07-23 09:25:57,095 [INFO] eva.adam.watcher: 📡 config:changed: /home/aza/.hermes/gateway_state.json (modified)
2026-07-23 09:25:57,095 [INFO] eva.adam.watcher: 📡 config:changed: /home/aza/.hermes/state/rich_sent_index.json (modified)
2026-07-23 09:25:57,097 [INFO] eva.adam.watcher: 📡 config:changed: /home/aza/.hermes/sessions/sessions.json (modified)
2026-07-23 09:26:02,357 [INFO] eva.adam.watcher: 📡 skill:updated: /home/aza/.hermes/skills/devops/adam-v2-architecture/references/agents-and-subscriptions.md (modified)
2026-07-23 09:26:02,695 [INFO] eva.adam.watcher: 📡 config:changed: /home/aza/.hermes/hermes-agent/skills/.usage.json (modified)
2026-07-23 09:26:25,079 [INFO] eva.adam.watcher: 📡 config:changed: /home/aza/.hermes/channel_directory.json (modified)
2026-07-23 09:26:30,680 [INFO] eva.adam.watcher: 📡 config:changed: /home/aza/.hermes/hermes-agent/skills/.usage.json (modified)
2026-07-23 09:26:36,277 [INFO] eva.adam.watcher: 📡 config:changed: /home/aza/.hermes/hermes-agent/skills/.usage.json (modified)
2026-07-23 09:26:41,877 [INFO] eva.adam.watcher: 📡 config:changed: /home/aza/.hermes/hermes-agent/skills/.usage.json (modified)
2026-07-23 09:27:04,251 [INFO] eva.adam.watcher: 📡 config:changed: /home/aza/.hermes/hermes-agent/skills/.usage.json (modified)
2026-07-23 09:27:37,476 [INFO] eva.adam.watcher: 📡 skill:updated: /home/aza/.hermes/skills/agents/adam-v2-infrastructure/SKILL.md (modified)
2026-07-23 09:27:37,813 [INFO] eva.adam.watcher: 📡 config:changed: /home/aza/.hermes/hermes-agent/skills/.usage.json (modified)
2026-07-23 09:27:43,412 [INFO] eva.adam.watcher: 📡 config:changed: /home/aza/.hermes/hermes-agent/skills/.usage.json (modified)
2026-07-23 09:27:54,266 [INFO] eva.adam.watcher: 📡 skill:updated: /home/aza/.hermes/skills/agents/adam-v2-infrastructure/references/dashboard-and-cycler.md (modified)
2026-07-23 09:27:54,601 [INFO] eva.adam.watcher: 📡 config:changed: /home/aza/.hermes/hermes-agent/skills/.usage.json (modified)
2026-07-23 09:28:11,056 [INFO] eva.adam.watcher: 📡 skill:updated: /home/aza/.hermes/skills/agents/adam-v2-infrastructure/references/dashboard-and-cycler.md (modified)
2026-07-23 09:28:11,396 [INFO] eva.adam.watcher: 📡 config:changed: /home/aza/.hermes/hermes-agent/skills/.usage.json (modified)
2026-07-23 09:28:39,050 [INFO] eva.adam.watcher: 📡 skill:created: /home/aza/.hermes/skills/agents/adam-v2-infrastructure/references/osint-handler-patterns.md (created)
2026-07-23 09:28:39,388 [INFO] eva.adam.watcher: 📡 config:changed: /home/aza/.hermes/hermes-agent/skills/.usage.json (modified)
2026-07-23 09:28:50,244 [INFO] eva.adam.watcher: 📡 skill:updated: /home/aza/.hermes/skills/agents/adam-v2-infrastructure/SKILL.md (modified)
2026-07-23 09:28:50,579 [INFO] eva.adam.watcher: 📡 config:changed: /home/aza/.hermes/hermes-agent/skills/.usage.json (modified)
2026-07-23 09:31:27,255 [INFO] eva.adam.watcher: 📡 config:changed: /home/aza/.hermes/channel_directory.json (modified)
2026-07-23 09:36:29,431 [INFO] eva.adam.watcher: 📡 config:changed: /home/aza/.hermes/channel_directory.json (modified)
2026-07-23 09:41:26,067 [INFO] eva.adam.watcher: 📡 config:changed: /home/aza/.hermes/channel_directory.json (modified)
2026-07-23 09:46:28,319 [INFO] eva.adam.watcher: 📡 config:changed: /home/aza/.hermes/channel_directory.json (modified)
2026-07-23 09:51:24,935 [INFO] eva.adam.watcher: 📡 config:changed: /home/aza/.hermes/channel_directory.json (modified)
2026-07-23 09:56:27,091 [INFO] eva.adam.watcher: 📡 config:changed: /home/aza/.hermes/channel_directory.json (modified)
2026-07-23 10:01:12,796 [INFO] eva.adam.watcher: 📡 config:changed: /home/aza/.hermes/gateway_state.json (modified)
2026-07-23 10:01:12,798 [INFO] eva.adam.watcher: 📡 config:changed: /home/aza/.hermes/sessions/sessions.json (modified)
2026-07-23 10:01:29,585 [INFO] eva.adam.watcher: 📡 config:changed: /home/aza/.hermes/channel_directory.json (modified)
2026-07-23 10:01:35,192 [INFO] eva.adam.watcher: 📡 config:changed: /home/aza/.hermes/cache/openrouter_model_metadata.json (modified)
2026-07-23 10:02:47,942 [INFO] eva.adam.watcher: 📡 config:changed: /home/aza/.hermes/processes.json (modified)
2026-07-23 10:02:53,532 [INFO] eva.adam.watcher: 📡 config:changed: /home/aza/.hermes/processes.json (modified)
2026-07-23 10:03:55,107 [INFO] eva.adam.watcher: 📡 config:changed: /home/aza/.hermes/processes.json (modified)
2026-07-23 10:04:06,296 [INFO] eva.adam.watcher: 📡 config:changed: /home/aza/.hermes/processes.json (modified)
2026-07-23 10:04:34,269 [INFO] eva.adam.watcher: 📡 config:changed: /home/aza/.hermes/gateway_state.json (modified)
2026-07-23 10:04:34,269 [INFO] eva.adam.watcher: 📡 config:changed: /home/aza/.hermes/state/rich_sent_index.json (modified)
2026-07-23 10:04:34,271 [INFO] eva.adam.watcher: 📡 config:changed: /home/aza/.hermes/sessions/sessions.json (modified)
2026-07-23 10:05:07,936 [INFO] eva.adam.watcher: 📡 config:changed: /home/aza/.hermes/hermes-agent/skills/.usage.json (modified)
2026-07-23 10:05:13,540 [INFO] eva.adam.watcher: 📡 config:changed: /home/aza/.hermes/hermes-agent/skills/.usage.json (modified)
2026-07-23 10:05:19,155 [INFO] eva.adam.watcher: 📡 config:changed: /home/aza/.hermes/hermes-agent/skills/.usage.json (modified)
2026-07-23 10:05:47,167 [INFO] eva.adam.watcher: 📡 config:changed: /home/aza/.hermes/hermes-agent/skills/.usage.json (modified)
2026-07-23 10:06:15,181 [INFO] eva.adam.watcher: 📡 config:changed: /home/aza/.hermes/hermes-agent/skills/.usage.json (modified)
2026-07-23 10:06:26,383 [INFO] eva.adam.watcher: 📡 config:changed: /home/aza/.hermes/channel_directory.json (modified)
2026-07-23 10:06:26,386 [INFO] eva.adam.watcher: 📡 config:changed: /home/aza/.hermes/hermes-agent/skills/.usage.json (modified)
2026-07-23 10:07:10,833 [INFO] eva.adam.watcher: 📡 skill:updated: /home/aza/.hermes/skills/agents/adam-v2-infrastructure/references/dashboard-and-cycler.md (modified)
2026-07-23 10:07:11,179 [INFO] eva.adam.watcher: 📡 config:changed: /home/aza/.hermes/hermes-agent/skills/.usage.json (modified)
2026-07-23 10:07:27,653 [INFO] eva.adam.watcher: 📡 skill:updated: /home/aza/.hermes/skills/agents/adam-v2-infrastructure/references/dashboard-and-cycler.md (modified)
2026-07-23 10:07:27,991 [INFO] eva.adam.watcher: 📡 config:changed: /home/aza/.hermes/hermes-agent/skills/.usage.json (modified)
2026-07-23 10:07:38,848 [INFO] eva.adam.watcher: 📡 skill:updated: /home/aza/.hermes/skills/agents/adam-v2-infrastructure/SKILL.md (modified)
2026-07-23 10:07:39,188 [INFO] eva.adam.watcher: 📡 config:changed: /home/aza/.hermes/hermes-agent/skills/.usage.json (modified)
2026-07-23 10:07:50,381 [INFO] eva.adam.watcher: 📡 config:changed: /home/aza/.hermes/hermes-agent/skills/.usage.json (modified)
2026-07-23 10:07:55,976 [INFO] eva.adam.watcher: 📡 config:changed: /home/aza/.hermes/hermes-agent/skills/.usage.json (modified)
2026-07-23 10:08:01,238 [INFO] eva.adam.watcher: 📡 skill:updated: /home/aza/.hermes/skills/agents/adam-v2-infrastructure/SKILL.md (modified)
2026-07-23 10:11:28,641 [INFO] eva.adam.watcher: 📡 config:changed: /home/aza/.hermes/channel_directory.json (modified)
2026-07-23 10:16:25,289 [INFO] eva.adam.watcher: 📡 config:changed: /home/aza/.hermes/channel_directory.json (modified)
2026-07-23 10:21:27,562 [INFO] eva.adam.watcher: 📡 config:changed: /home/aza/.hermes/channel_directory.json (modified)
2026-07-23 10:26:24,252 [INFO] eva.adam.watcher: 📡 config:changed: /home/aza/.hermes/channel_directory.json (modified)
2026-07-23 10:30:36,181 [INFO] eva.adam.watcher: 📡 config:changed: /home/aza/.hermes/gateway_state.json (modified)
2026-07-23 10:30:36,183 [INFO] eva.adam.watcher: 📡 config:changed: /home/aza/.hermes/sessions/sessions.json (modified)
2026-07-23 10:31:26,565 [INFO] eva.adam.watcher: 📡 config:changed: /home/aza/.hermes/channel_directory.json (modified)
2026-07-23 10:34:14,512 [INFO] eva.adam.watcher: 📡 config:changed: /home/aza/.hermes/models_dev_cache.json (modified)
2026-07-23 10:34:14,512 [INFO] eva.adam.watcher: 📡 file:created: /home/aza/.hermes/.skills_prompt_snapshot.json (created)
2026-07-23 10:36:28,853 [INFO] eva.adam.watcher: 📡 config:changed: /home/aza/.hermes/channel_directory.json (modified)
2026-07-23 10:37:02,446 [INFO] eva.adam.watcher: 📡 config:changed: /home/aza/.hermes/processes.json (modified)
2026-07-23 10:37:08,040 [INFO] eva.adam.watcher: 📡 config:changed: /home/aza/.hermes/processes.json (modified)
2026-07-23 10:39:05,613 [INFO] eva.adam.watcher: 📡 config:changed: /home/aza/.hermes/processes.json (modified)
2026-07-23 10:39:11,217 [INFO] eva.adam.watcher: 📡 config:changed: /home/aza/.hermes/processes.json (modified)
2026-07-23 10:41:08,743 [INFO] eva.adam.watcher: 📡 config:changed: /home/aza/.hermes/hermes-agent/skills/.usage.json (modified)
2026-07-23 10:41:19,941 [INFO] eva.adam.watcher: 📡 config:changed: /home/aza/.hermes/hermes-agent/skills/.usage.json (modified)
2026-07-23 10:41:25,532 [INFO] eva.adam.watcher: 📡 config:changed: /home/aza/.hermes/channel_directory.json (modified)
2026-07-23 10:42:09,976 [INFO] eva.adam.watcher: 📡 skill:created: /home/aza/.hermes/skills/agents/adam-v2-infrastructure/references/hive-3d-visualization.md (created)
2026-07-23 10:42:10,311 [INFO] eva.adam.watcher: 📡 config:changed: /home/aza/.hermes/hermes-agent/skills/.usage.json (modified)
2026-07-23 10:42:10,533 [INFO] eva.adam.watcher: 📡 file:deleted: /home/aza/.hermes/.skills_prompt_snapshot.json (deleted)
2026-07-23 10:42:21,164 [INFO] eva.adam.watcher: 📡 skill:updated: /home/aza/.hermes/skills/agents/adam-v2-infrastructure/SKILL.md (modified)
2026-07-23 10:42:21,503 [INFO] eva.adam.watcher: 📡 config:changed: /home/aza/.hermes/hermes-agent/skills/.usage.json (modified)
2026-07-23 10:42:32,366 [INFO] eva.adam.watcher: 📡 skill:updated: /home/aza/.hermes/skills/agents/adam-v2-infrastructure/SKILL.md (modified)
2026-07-23 10:42:32,700 [INFO] eva.adam.watcher: 📡 config:changed: /home/aza/.hermes/hermes-agent/skills/.usage.json (modified)
2026-07-23 10:42:38,297 [INFO] eva.adam.watcher: 📡 config:changed: /home/aza/.hermes/hermes-agent/skills/.usage.json (modified)
2026-07-23 10:42:43,891 [INFO] eva.adam.watcher: 📡 file:created: /home/aza/.hermes/.skills_prompt_snapshot.json (created)
2026-07-23 10:42:54,749 [INFO] eva.adam.watcher: 📡 skill:updated: /home/aza/.hermes/skills/agents/adam-v2-infrastructure/references/dashboard-and-cycler.md (modified)
2026-07-23 10:42:55,082 [INFO] eva.adam.watcher: 📡 config:changed: /home/aza/.hermes/hermes-agent/skills/.usage.json (modified)
2026-07-23 10:42:55,305 [INFO] eva.adam.watcher: 📡 file:deleted: /home/aza/.hermes/.skills_prompt_snapshot.json (deleted)
2026-07-23 10:43:39,835 [INFO] eva.adam.watcher: 📡 file:created: /home/aza/.hermes/.skills_prompt_snapshot.json (created)
2026-07-23 10:44:24,588 [INFO] eva.adam.watcher: 📡 config:changed: /home/aza/.hermes/gateway_state.json (modified)
2026-07-23 10:44:24,590 [INFO] eva.adam.watcher: 📡 config:changed: /home/aza/.hermes/sessions/sessions.json (modified)
2026-07-23 10:46:27,697 [INFO] eva.adam.watcher: 📡 config:changed: /home/aza/.hermes/channel_directory.json (modified)
2026-07-23 10:51:24,115 [INFO] eva.adam.watcher: 📡 config:changed: /home/aza/.hermes/gateway_state.json (modified)
2026-07-23 10:51:24,117 [INFO] eva.adam.watcher: 📡 config:changed: /home/aza/.hermes/sessions/sessions.json (modified)
2026-07-23 10:51:29,715 [INFO] eva.adam.watcher: 📡 config:changed: /home/aza/.hermes/channel_directory.json (modified)
2026-07-23 10:56:26,309 [INFO] eva.adam.watcher: 📡 config:changed: /home/aza/.hermes/channel_directory.json (modified)
2026-07-23 10:58:01,471 [INFO] eva.adam.watcher: 📡 config:changed: /home/aza/.hermes/processes.json (modified)
2026-07-23 10:58:07,078 [INFO] eva.adam.watcher: 📡 config:changed: /home/aza/.hermes/processes.json (modified)
2026-07-23 11:01:26,153 [INFO] eva.adam.watcher: 📡 config:changed: /home/aza/.hermes/channel_directory.json (modified)
2026-07-23 11:01:26,153 [INFO] eva.adam.watcher: 📡 config:changed: /home/aza/.hermes/processes.json (modified)
2026-07-23 11:01:43,201 [INFO] eva.adam.watcher: 📡 config:changed: /home/aza/.hermes/processes.json (modified)
2026-07-23 11:01:43,201 [INFO] eva.adam.watcher: 📡 config:changed: /home/aza/.hermes/cache/openrouter_model_metadata.json (modified)
2026-07-23 11:03:53,845 [INFO] eva.adam.watcher: 📡 config:changed: /home/aza/.hermes/processes.json (modified)
2026-07-23 11:05:42,216 [INFO] eva.adam.watcher: 📡 config:changed: /home/aza/.hermes/gateway_state.json (modified)
2026-07-23 11:05:42,218 [INFO] eva.adam.watcher: 📡 config:changed: /home/aza/.hermes/sessions/sessions.json (modified)
2026-07-23 11:06:15,794 [INFO] eva.adam.watcher: 📡 config:changed: /home/aza/.hermes/hermes-agent/skills/.usage.json (modified)
2026-07-23 11:06:26,982 [INFO] eva.adam.watcher: 📡 config:changed: /home/aza/.hermes/channel_directory.json (modified)
2026-07-23 11:06:26,984 [INFO] eva.adam.watcher: 📡 config:changed: /home/aza/.hermes/hermes-agent/skills/.usage.json (modified)
2026-07-23 11:06:32,582 [INFO] eva.adam.watcher: 📡 config:changed: /home/aza/.hermes/hermes-agent/skills/.usage.json (modified)
2026-07-23 11:08:12,969 [INFO] eva.adam.watcher: 📡 skill:updated: /home/aza/.hermes/skills/agents/adam-v2-infrastructure/references/hive-3d-visualization.md (modified)
2026-07-23 11:08:13,305 [INFO] eva.adam.watcher: 📡 config:changed: /home/aza/.hermes/hermes-agent/skills/.usage.json (modified)
2026-07-23 11:08:13,527 [INFO] eva.adam.watcher: 📡 file:deleted: /home/aza/.hermes/.skills_prompt_snapshot.json (deleted)
2026-07-23 11:08:18,565 [INFO] eva.adam.watcher: 📡 skill:updated: /home/aza/.hermes/skills/agents/adam-v2-infrastructure/SKILL.md (modified)
2026-07-23 11:08:18,899 [INFO] eva.adam.watcher: 📡 config:changed: /home/aza/.hermes/hermes-agent/skills/.usage.json (modified)
2026-07-23 11:08:24,497 [INFO] eva.adam.watcher: 📡 config:changed: /home/aza/.hermes/hermes-agent/skills/.usage.json (modified)
2026-07-23 11:08:29,760 [INFO] eva.adam.watcher: 📡 skill:updated: /home/aza/.hermes/skills/agents/adam-v2-infrastructure/SKILL.md (modified)
2026-07-23 11:11:29,141 [INFO] eva.adam.watcher: 📡 config:changed: /home/aza/.hermes/channel_directory.json (modified)
2026-07-23 11:16:25,794 [INFO] eva.adam.watcher: 📡 config:changed: /home/aza/.hermes/channel_directory.json (modified)
2026-07-23 11:16:53,783 [INFO] eva.adam.watcher: 📡 config:changed: /home/aza/.hermes/gateway_state.json (modified)
2026-07-23 11:16:53,785 [INFO] eva.adam.watcher: 📡 config:changed: /home/aza/.hermes/sessions/sessions.json (modified)
2026-07-23 11:21:28,092 [INFO] eva.adam.watcher: 📡 config:changed: /home/aza/.hermes/channel_directory.json (modified)
2026-07-23 11:22:12,484 [INFO] eva.adam.watcher: 📡 file:changed: /home/aza/scripts/blue-watch.sh (modified)
2026-07-23 11:22:40,463 [INFO] eva.adam.watcher: 📡 file:changed: /home/aza/scripts/monitor-alert.sh (modified)
2026-07-23 11:25:34,261 [INFO] eva.adam.watcher: 📡 file:created: /home/aza/.hermes/.skills_prompt_snapshot.json (created)
2026-07-23 11:25:45,090 [INFO] eva.adam.watcher: 📡 file:changed: /home/aza/scripts/doctor-watch.py (modified)
2026-07-23 11:26:24,640 [INFO] eva.adam.watcher: 📡 config:changed: /home/aza/.hermes/channel_directory.json (modified)
2026-07-23 11:27:09,051 [INFO] eva.adam.watcher: 📡 file:changed: /home/aza/scripts/sentinel-watch.sh (modified)
2026-07-23 11:27:14,655 [INFO] eva.adam.watcher: 📡 file:changed: /home/aza/scripts/sentinel-watch.sh (modified)
2026-07-23 11:30:08,192 [INFO] eva.adam.watcher: 📡 file:changed: /home/aza/scripts/osint-handler.py (modified)
2026-07-23 11:30:30,580 [INFO] eva.adam.watcher: 📡 file:changed: /home/aza/scripts/critic-review.sh (modified)
2026-07-23 11:31:26,932 [INFO] eva.adam.watcher: 📡 config:changed: /home/aza/.hermes/channel_directory.json (modified)
2026-07-23 11:35:05,189 [INFO] eva.adam.watcher: 📡 config:changed: /home/aza/.hermes/state/rich_sent_index.json (modified)
2026-07-23 11:36:29,131 [INFO] eva.adam.watcher: 📡 config:changed: /home/aza/.hermes/channel_directory.json (modified)
2026-07-23 11:37:30,698 [INFO] eva.adam.watcher: 📡 config:changed: /home/aza/.hermes/processes.json (modified)
2026-07-23 11:39:11,470 [INFO] eva.adam.watcher: 📡 config:changed: /home/aza/.hermes/processes.json (modified)
2026-07-23 11:40:07,437 [INFO] eva.adam.watcher: 📡 config:changed: /home/aza/.hermes/processes.json (modified)
2026-07-23 11:41:25,882 [INFO] eva.adam.watcher: 📡 config:changed: /home/aza/.hermes/channel_directory.json (modified)
2026-07-23 11:45:49,295 [INFO] eva.adam.watcher: 📡 config:changed: /home/aza/.hermes/gateway_state.json (modified)
2026-07-23 11:45:49,296 [INFO] eva.adam.watcher: 📡 config:changed: /home/aza/.hermes/state/rich_sent_index.json (modified)
2026-07-23 11:45:49,297 [INFO] eva.adam.watcher: 📡 config:changed: /home/aza/.hermes/sessions/sessions.json (modified)
2026-07-23 11:46:06,080 [INFO] eva.adam.watcher: 📡 config:changed: /home/aza/.hermes/hermes-agent/skills/.usage.json (modified)
2026-07-23 11:46:28,467 [INFO] eva.adam.watcher: 📡 config:changed: /home/aza/.hermes/channel_directory.json (modified)
2026-07-23 11:46:45,279 [INFO] eva.adam.watcher: 📡 config:changed: /home/aza/.hermes/hermes-agent/skills/.usage.json (modified)
2026-07-23 11:46:50,879 [INFO] eva.adam.watcher: 📡 config:changed: /home/aza/.hermes/hermes-agent/skills/.usage.json (modified)
2026-07-23 11:47:24,115 [INFO] eva.adam.watcher: 📡 skill:created: /home/aza/.hermes/skills/devops/adam-v2-architecture/references/inter-agent-chains.md (created)
2026-07-23 11:47:24,451 [INFO] eva.adam.watcher: 📡 config:changed: /home/aza/.hermes/hermes-agent/skills/.usage.json (modified)
2026-07-23 11:47:24,677 [INFO] eva.adam.watcher: 📡 file:deleted: /home/aza/.hermes/.skills_prompt_snapshot.json (deleted)
2026-07-23 11:47:40,914 [INFO] eva.adam.watcher: 📡 skill:updated: /home/aza/.hermes/skills/devops/adam-v2-architecture/SKILL.md (modified)
2026-07-23 11:47:41,258 [INFO] eva.adam.watcher: 📡 config:changed: /home/aza/.hermes/hermes-agent/skills/.usage.json (modified)
2026-07-23 11:47:46,860 [INFO] eva.adam.watcher: 📡 config:changed: /home/aza/.hermes/hermes-agent/skills/.usage.json (modified)
2026-07-23 11:48:59,624 [INFO] eva.adam.watcher: 📡 config:changed: /home/aza/.hermes/gateway_state.json (modified)
2026-07-23 11:48:59,626 [INFO] eva.adam.watcher: 📡 config:changed: /home/aza/.hermes/sessions/sessions.json (modified)
2026-07-23 11:51:25,185 [INFO] eva.adam.watcher: 📡 config:changed: /home/aza/.hermes/channel_directory.json (modified)
2026-07-23 11:56:27,541 [INFO] eva.adam.watcher: 📡 config:changed: /home/aza/.hermes/channel_directory.json (modified)
2026-07-23 11:57:57,111 [INFO] eva.adam.watcher: 📡 file:created: /home/aza/.hermes/.skills_prompt_snapshot.json (created)
2026-07-23 11:59:03,903 [INFO] eva.adam.watcher: 📡 file:created: /home/aza/scripts/docs-handler.sh (created)
2026-07-23 12:01:29,849 [INFO] eva.adam.watcher: 📡 config:changed: /home/aza/.hermes/channel_directory.json (modified)
2026-07-23 12:02:03,433 [INFO] eva.adam.watcher: 📡 config:changed: /home/aza/.hermes/cache/openrouter_model_metadata.json (modified)
2026-07-23 12:06:26,471 [INFO] eva.adam.watcher: 📡 config:changed: /home/aza/.hermes/channel_directory.json (modified)
2026-07-23 12:11:28,701 [INFO] eva.adam.watcher: 📡 config:changed: /home/aza/.hermes/channel_directory.json (modified)
2026-07-23 12:11:45,489 [INFO] eva.adam.watcher: 📡 config:changed: /home/aza/.hermes/processes.json (modified)
2026-07-23 12:16:25,655 [INFO] eva.adam.watcher: 📡 config:changed: /home/aza/.hermes/channel_directory.json (modified)
2026-07-23 12:16:48,041 [INFO] eva.adam.watcher: 📡 config:changed: /home/aza/.hermes/gateway_state.json (modified)
2026-07-23 12:16:48,041 [INFO] eva.adam.watcher: 📡 config:changed: /home/aza/.hermes/state/rich_sent_index.json (modified)
2026-07-23 12:16:48,043 [INFO] eva.adam.watcher: 📡 config:changed: /home/aza/.hermes/sessions/sessions.json (modified)
2026-07-23 12:17:16,041 [INFO] eva.adam.watcher: 📡 config:changed: /home/aza/.hermes/hermes-agent/skills/.usage.json (modified)
2026-07-23 12:18:06,383 [INFO] eva.adam.watcher: 📡 config:changed: /home/aza/.hermes/hermes-agent/skills/.usage.json (modified)
2026-07-23 12:18:34,381 [INFO] eva.adam.watcher: 📡 config:changed: /home/aza/.hermes/hermes-agent/skills/.usage.json (modified)
2026-07-23 12:20:37,175 [INFO] eva.adam.watcher: 📡 skill:updated: /home/aza/.hermes/skills/agents/adam-v2-infrastructure/references/hive-3d-visualization.md (modified)
2026-07-23 12:20:37,516 [INFO] eva.adam.watcher: 📡 config:changed: /home/aza/.hermes/hermes-agent/skills/.usage.json (modified)
2026-07-23 12:20:37,738 [INFO] eva.adam.watcher: 📡 file:deleted: /home/aza/.hermes/.skills_prompt_snapshot.json (deleted)
2026-07-23 12:21:27,858 [INFO] eva.adam.watcher: 📡 config:changed: /home/aza/.hermes/channel_directory.json (modified)
2026-07-23 12:24:26,948 [INFO] eva.adam.watcher: 📡 config:changed: /home/aza/.hermes/gateway_state.json (modified)
2026-07-23 12:24:26,950 [INFO] eva.adam.watcher: 📡 config:changed: /home/aza/.hermes/sessions/sessions.json (modified)
2026-07-23 12:26:13,002 [INFO] eva.adam.watcher: 📡 skill:updated: /home/aza/.hermes/skills/agents/adam-v2-infrastructure/SKILL.md (modified)
2026-07-23 12:26:13,336 [INFO] eva.adam.watcher: 📡 config:changed: /home/aza/.hermes/hermes-agent/skills/.usage.json (modified)
2026-07-23 12:26:30,130 [INFO] eva.adam.watcher: 📡 config:changed: /home/aza/.hermes/channel_directory.json (modified)
2026-07-23 12:27:20,236 [INFO] eva.adam.watcher: 📡 skill:updated: /home/aza/.hermes/skills/agents/adam-v2-infrastructure/SKILL.md (modified)
2026-07-23 12:27:20,570 [INFO] eva.adam.watcher: 📡 config:changed: /home/aza/.hermes/hermes-agent/skills/.usage.json (modified)
2026-07-23 12:28:27,414 [INFO] eva.adam.watcher: 📡 skill:updated: /home/aza/.hermes/skills/agents/adam-v2-infrastructure/SKILL.md (modified)
2026-07-23 12:28:27,755 [INFO] eva.adam.watcher: 📡 config:changed: /home/aza/.hermes/hermes-agent/skills/.usage.json (modified)
2026-07-23 12:28:44,210 [INFO] eva.adam.watcher: 📡 skill:updated: /home/aza/.hermes/skills/agents/adam-v2-infrastructure/SKILL.md (modified)
2026-07-23 12:28:44,544 [INFO] eva.adam.watcher: 📡 config:changed: /home/aza/.hermes/hermes-agent/skills/.usage.json (modified)
2026-07-23 12:30:25,302 [INFO] eva.adam.watcher: 📡 config:changed: /home/aza/.hermes/gateway_state.json (modified)
2026-07-23 12:30:25,302 [INFO] eva.adam.watcher: 📡 config:changed: /home/aza/.hermes/state/rich_sent_index.json (modified)
2026-07-23 12:30:25,304 [INFO] eva.adam.watcher: 📡 config:changed: /home/aza/.hermes/sessions/sessions.json (modified)
2026-07-23 12:31:26,860 [INFO] eva.adam.watcher: 📡 config:changed: /home/aza/.hermes/channel_directory.json (modified)
2026-07-23 12:31:54,841 [INFO] eva.adam.watcher: 📡 config:changed: /home/aza/.hermes/gateway_state.json (modified)
2026-07-23 12:31:54,842 [INFO] eva.adam.watcher: 📡 config:changed: /home/aza/.hermes/sessions/sessions.json (modified)
2026-07-23 12:35:05,111 [INFO] eva.adam.watcher: 📡 config:changed: /home/aza/.hermes/gateway_state.json (modified)
2026-07-23 12:35:05,111 [INFO] eva.adam.watcher: 📡 config:changed: /home/aza/.hermes/state/rich_sent_index.json (modified)
2026-07-23 12:35:05,113 [INFO] eva.adam.watcher: 📡 config:changed: /home/aza/.hermes/sessions/sessions.json (modified)
2026-07-23 12:35:33,107 [INFO] eva.adam.watcher: 📡 config:changed: /home/aza/.hermes/hermes-agent/skills/.usage.json (modified)
2026-07-23 12:35:44,296 [INFO] eva.adam.watcher: 📡 config:changed: /home/aza/.hermes/hermes-agent/skills/.usage.json (modified)
2026-07-23 12:36:01,088 [INFO] eva.adam.watcher: 📡 config:changed: /home/aza/.hermes/hermes-agent/skills/.usage.json (modified)
2026-07-23 12:36:17,870 [INFO] eva.adam.watcher: 📡 config:changed: /home/aza/.hermes/hermes-agent/skills/.usage.json (modified)
2026-07-23 12:36:29,062 [INFO] eva.adam.watcher: 📡 config:changed: /home/aza/.hermes/channel_directory.json (modified)
2026-07-23 12:37:08,250 [INFO] eva.adam.watcher: 📡 config:changed: /home/aza/.hermes/gateway_state.json (modified)
2026-07-23 12:37:08,252 [INFO] eva.adam.watcher: 📡 config:changed: /home/aza/.hermes/sessions/sessions.json (modified)
2026-07-23 12:37:41,503 [INFO] eva.adam.watcher: 📡 skill:created: /home/aza/.hermes/skills/infrastructure/wireguard-vpn-diagnostics/SKILL.md (created)
2026-07-23 12:37:41,842 [INFO] eva.adam.watcher: 📡 config:changed: /home/aza/.hermes/hermes-agent/skills/.usage.json (modified)
2026-07-23 12:38:15,083 [INFO] eva.adam.watcher: 📡 skill:created: /home/aza/.hermes/skills/infrastructure/wireguard-vpn-diagnostics/references/wg-easy-docker-setup.md (created)
2026-07-23 12:38:15,424 [INFO] eva.adam.watcher: 📡 config:changed: /home/aza/.hermes/hermes-agent/skills/.usage.json (modified)
2026-07-23 12:38:21,027 [INFO] eva.adam.watcher: 📡 config:changed: /home/aza/.hermes/hermes-agent/skills/.usage.json (modified)
2026-07-23 12:38:43,086 [INFO] eva.adam.watcher: 📡 skill:updated: /home/aza/.hermes/skills/agents/adam-v2-infrastructure/references/dashboard-and-cycler.md (modified)
2026-07-23 12:38:43,420 [INFO] eva.adam.watcher: 📡 config:changed: /home/aza/.hermes/hermes-agent/skills/.usage.json (modified)
2026-07-23 12:39:22,581 [INFO] eva.adam.watcher: 📡 config:changed: /home/aza/.hermes/gateway_state.json (modified)
2026-07-23 12:39:22,581 [INFO] eva.adam.watcher: 📡 config:changed: /home/aza/.hermes/state/rich_sent_index.json (modified)
2026-07-23 12:39:22,583 [INFO] eva.adam.watcher: 📡 config:changed: /home/aza/.hermes/sessions/sessions.json (modified)
2026-07-23 12:41:03,309 [INFO] eva.adam.watcher: 📡 config:changed: /home/aza/.hermes/gateway_state.json (modified)
2026-07-23 12:41:03,311 [INFO] eva.adam.watcher: 📡 config:changed: /home/aza/.hermes/sessions/sessions.json (modified)
2026-07-23 12:41:25,706 [INFO] eva.adam.watcher: 📡 config:changed: /home/aza/.hermes/channel_directory.json (modified)
2026-07-23 12:42:44,058 [INFO] eva.adam.watcher: 📡 config:changed: /home/aza/.hermes/gateway_state.json (modified)
2026-07-23 12:42:44,058 [INFO] eva.adam.watcher: 📡 config:changed: /home/aza/.hermes/state/rich_sent_index.json (modified)
2026-07-23 12:42:44,060 [INFO] eva.adam.watcher: 📡 config:changed: /home/aza/.hermes/sessions/sessions.json (modified)
2026-07-23 12:44:24,785 [INFO] eva.adam.watcher: 📡 config:changed: /home/aza/.hermes/gateway_state.json (modified)
2026-07-23 12:44:24,787 [INFO] eva.adam.watcher: 📡 config:changed: /home/aza/.hermes/sessions/sessions.json (modified)
2026-07-23 12:46:27,896 [INFO] eva.adam.watcher: 📡 config:changed: /home/aza/.hermes/channel_directory.json (modified)
2026-07-23 12:51:30,089 [INFO] eva.adam.watcher: 📡 config:changed: /home/aza/.hermes/channel_directory.json (modified)
2026-07-23 12:51:46,874 [INFO] eva.adam.watcher: 📡 file:created: /home/aza/.hermes/.skills_prompt_snapshot.json (created)
2026-07-23 12:55:47,505 [INFO] eva.adam.watcher: 📡 config:changed: /home/aza/.hermes/gateway_state.json (modified)
2026-07-23 12:55:47,505 [INFO] eva.adam.watcher: 📡 config:changed: /home/aza/.hermes/state/rich_sent_index.json (modified)
2026-07-23 12:55:47,507 [INFO] eva.adam.watcher: 📡 config:changed: /home/aza/.hermes/sessions/sessions.json (modified)
2026-07-23 12:56:09,893 [INFO] eva.adam.watcher: 📡 config:changed: /home/aza/.hermes/hermes-agent/skills/.usage.json (modified)
2026-07-23 12:56:26,682 [INFO] eva.adam.watcher: 📡 config:changed: /home/aza/.hermes/channel_directory.json (modified)
2026-07-23 12:56:49,082 [INFO] eva.adam.watcher: 📡 config:changed: /home/aza/.hermes/hermes-agent/skills/.usage.json (modified)
2026-07-23 12:57:17,086 [INFO] eva.adam.watcher: 📡 config:changed: /home/aza/.hermes/hermes-agent/skills/.usage.json (modified)
2026-07-23 12:58:01,521 [INFO] eva.adam.watcher: 📡 skill:updated: /home/aza/.hermes/skills/infrastructure/wireguard-vpn-diagnostics/SKILL.md (modified)
2026-07-23 12:58:01,858 [INFO] eva.adam.watcher: 📡 config:changed: /home/aza/.hermes/hermes-agent/skills/.usage.json (modified)
2026-07-23 12:58:02,082 [INFO] eva.adam.watcher: 📡 file:deleted: /home/aza/.hermes/.skills_prompt_snapshot.json (deleted)
2026-07-23 12:58:13,062 [INFO] eva.adam.watcher: 📡 config:changed: /home/aza/.hermes/hermes-agent/skills/.usage.json (modified)
2026-07-23 12:58:40,710 [INFO] eva.adam.watcher: 📡 skill:updated: /home/aza/.hermes/skills/agents/adam-v2-infrastructure/SKILL.md (modified)
2026-07-23 12:58:41,048 [INFO] eva.adam.watcher: 📡 config:changed: /home/aza/.hermes/hermes-agent/skills/.usage.json (modified)
2026-07-23 13:00:38,564 [INFO] eva.adam.watcher: 📡 config:changed: /home/aza/.hermes/gateway_state.json (modified)
2026-07-23 13:00:38,566 [INFO] eva.adam.watcher: 📡 config:changed: /home/aza/.hermes/sessions/sessions.json (modified)
2026-07-23 13:01:28,945 [INFO] eva.adam.watcher: 📡 config:changed: /home/aza/.hermes/channel_directory.json (modified)
2026-07-23 13:02:41,731 [INFO] eva.adam.watcher: 📡 config:changed: /home/aza/.hermes/cache/openrouter_model_metadata.json (modified)
2026-07-23 13:03:03,748 [INFO] eva.adam.watcher: 📡 file:changed: /home/aza/scripts/doctor-watch.py (modified)
2026-07-23 13:03:42,938 [INFO] eva.adam.watcher: 📡 file:changed: /home/aza/scripts/doctor-watch.py (modified)
2026-07-23 13:03:48,530 [INFO] eva.adam.watcher: 📡 file:changed: /home/aza/scripts/doctor-watch.py (modified)
2026-07-23 13:05:12,493 [INFO] eva.adam.watcher: 📡 file:changed: /home/aza/scripts/monitor-alert.sh (modified)
2026-07-23 13:06:14,478 [INFO] eva.adam.watcher: 📡 config:changed: /home/aza/.hermes/gateway_state.json (modified)
2026-07-23 13:06:14,478 [INFO] eva.adam.watcher: 📡 config:changed: /home/aza/.hermes/state/rich_sent_index.json (modified)
2026-07-23 13:06:14,480 [INFO] eva.adam.watcher: 📡 config:changed: /home/aza/.hermes/sessions/sessions.json (modified)
2026-07-23 13:06:25,676 [INFO] eva.adam.watcher: 📡 config:changed: /home/aza/.hermes/channel_directory.json (modified)
2026-07-23 13:06:36,874 [INFO] eva.adam.watcher: 📡 config:changed: /home/aza/.hermes/hermes-agent/skills/.usage.json (modified)
2026-07-23 13:07:10,134 [INFO] eva.adam.watcher: 📡 skill:updated: /home/aza/.hermes/skills/agents/adam-v2-infrastructure/SKILL.md (modified)
2026-07-23 13:07:10,473 [INFO] eva.adam.watcher: 📡 config:changed: /home/aza/.hermes/hermes-agent/skills/.usage.json (modified)
2026-07-23 13:07:27,256 [INFO] eva.adam.watcher: 📡 config:changed: /home/aza/.hermes/hermes-agent/skills/.usage.json (modified)
2026-07-23 13:07:43,711 [INFO] eva.adam.watcher: 📡 skill:updated: /home/aza/.hermes/skills/agents/adam-v2-infrastructure/SKILL.md (modified)
2026-07-23 13:07:44,045 [INFO] eva.adam.watcher: 📡 config:changed: /home/aza/.hermes/hermes-agent/skills/.usage.json (modified)
2026-07-23 13:11:27,930 [INFO] eva.adam.watcher: 📡 config:changed: /home/aza/.hermes/channel_directory.json (modified)
2026-07-23 13:16:30,103 [INFO] eva.adam.watcher: 📡 config:changed: /home/aza/.hermes/channel_directory.json (modified)
2026-07-23 13:20:25,144 [INFO] eva.adam.watcher: 📡 config:changed: /home/aza/.hermes/gateway_state.json (modified)
2026-07-23 13:20:25,146 [INFO] eva.adam.watcher: 📡 config:changed: /home/aza/.hermes/sessions/sessions.json (modified)
2026-07-23 13:21:26,687 [INFO] eva.adam.watcher: 📡 config:changed: /home/aza/.hermes/channel_directory.json (modified)
2026-07-23 13:23:29,802 [INFO] eva.adam.watcher: 📡 config:changed: /home/aza/.hermes/gateway_state.json (modified)
2026-07-23 13:23:29,803 [INFO] eva.adam.watcher: 📡 config:changed: /home/aza/.hermes/state/rich_sent_index.json (modified)
2026-07-23 13:23:29,805 [INFO] eva.adam.watcher: 📡 config:changed: /home/aza/.hermes/sessions/sessions.json (modified)
2026-07-23 13:26:28,963 [INFO] eva.adam.watcher: 📡 config:changed: /home/aza/.hermes/channel_directory.json (modified)
2026-07-23 13:29:39,336 [INFO] eva.adam.watcher: 📡 config:changed: /home/aza/.hermes/gateway_state.json (modified)
2026-07-23 13:29:39,338 [INFO] eva.adam.watcher: 📡 config:changed: /home/aza/.hermes/sessions/sessions.json (modified)
2026-07-23 13:31:25,743 [INFO] eva.adam.watcher: 📡 config:changed: /home/aza/.hermes/channel_directory.json (modified)
2026-07-23 13:34:08,141 [INFO] eva.adam.watcher: 📡 file:created: /home/aza/.hermes/.skills_prompt_snapshot.json (created)
2026-07-23 13:36:28,170 [INFO] eva.adam.watcher: 📡 config:changed: /home/aza/.hermes/channel_directory.json (modified)
2026-07-23 13:40:17,690 [INFO] eva.adam.watcher: 📡 config:changed: /home/aza/.hermes/processes.json (modified)
2026-07-23 13:41:24,864 [INFO] eva.adam.watcher: 📡 config:changed: /home/aza/.hermes/channel_directory.json (modified)
2026-07-23 13:46:27,095 [INFO] eva.adam.watcher: 📡 config:changed: /home/aza/.hermes/channel_directory.json (modified)
2026-07-23 13:51:29,308 [INFO] eva.adam.watcher: 📡 config:changed: /home/aza/.hermes/channel_directory.json (modified)
2026-07-23 13:55:02,041 [INFO] eva.adam.watcher: 📡 config:changed: /home/aza/.hermes/state/rich_sent_index.json (modified)
2026-07-23 13:55:24,431 [INFO] eva.adam.watcher: 📡 config:changed: /home/aza/.hermes/hermes-agent/skills/.usage.json (modified)
2026-07-23 13:55:41,228 [INFO] eva.adam.watcher: 📡 config:changed: /home/aza/.hermes/hermes-agent/skills/.usage.json (modified)
2026-07-23 13:55:52,093 [INFO] eva.adam.watcher: 📡 skill:updated: /home/aza/.hermes/skills/agents/adam-v2-infrastructure/SKILL.md (modified)
2026-07-23 13:55:52,428 [INFO] eva.adam.watcher: 📡 config:changed: /home/aza/.hermes/hermes-agent/skills/.usage.json (modified)
2026-07-23 13:55:52,650 [INFO] eva.adam.watcher: 📡 file:deleted: /home/aza/.hermes/.skills_prompt_snapshot.json (deleted)
2026-07-23 13:55:57,688 [INFO] eva.adam.watcher: 📡 skill:updated: /home/aza/.hermes/skills/agents/adam-v2-infrastructure/SKILL.md (modified)
2026-07-23 13:55:58,028 [INFO] eva.adam.watcher: 📡 config:changed: /home/aza/.hermes/hermes-agent/skills/.usage.json (modified)
2026-07-23 13:56:25,676 [INFO] eva.adam.watcher: 📡 skill:updated: /home/aza/.hermes/skills/agents/adam-v2-infrastructure/SKILL.md (modified)
2026-07-23 13:56:26,012 [INFO] eva.adam.watcher: 📡 config:changed: /home/aza/.hermes/channel_directory.json (modified)
2026-07-23 13:56:26,014 [INFO] eva.adam.watcher: 📡 config:changed: /home/aza/.hermes/hermes-agent/skills/.usage.json (modified)
2026-07-23 13:56:36,869 [INFO] eva.adam.watcher: 📡 skill:updated: /home/aza/.hermes/skills/agents/adam-v2-infrastructure/SKILL.md (modified)
2026-07-23 13:56:37,206 [INFO] eva.adam.watcher: 📡 config:changed: /home/aza/.hermes/hermes-agent/skills/.usage.json (modified)
2026-07-23 13:57:10,450 [INFO] eva.adam.watcher: 📡 skill:created: /home/aza/.hermes/skills/agents/adam-v2-infrastructure/references/self-heal-alphaevolve.md (created)
2026-07-23 13:57:10,785 [INFO] eva.adam.watcher: 📡 config:changed: /home/aza/.hermes/hermes-agent/skills/.usage.json (modified)
2026-07-23 13:57:21,645 [INFO] eva.adam.watcher: 📡 skill:updated: /home/aza/.hermes/skills/agents/adam-v2-infrastructure/SKILL.md (modified)
2026-07-23 13:57:21,983 [INFO] eva.adam.watcher: 📡 config:changed: /home/aza/.hermes/hermes-agent/skills/.usage.json (modified)
2026-07-23 13:57:27,583 [INFO] eva.adam.watcher: 📡 config:changed: /home/aza/.hermes/hermes-agent/skills/.usage.json (modified)
2026-07-23 13:59:58,667 [INFO] eva.adam.watcher: 📡 file:created: /home/aza/.hermes/.skills_prompt_snapshot.json (created)
2026-07-23 14:01:28,185 [INFO] eva.adam.watcher: 📡 config:changed: /home/aza/.hermes/channel_directory.json (modified)
2026-07-23 14:03:36,895 [INFO] eva.adam.watcher: 📡 config:changed: /home/aza/.hermes/cache/openrouter_model_metadata.json (modified)
2026-07-23 14:06:30,401 [INFO] eva.adam.watcher: 📡 config:changed: /home/aza/.hermes/channel_directory.json (modified)
2026-07-23 14:11:27,251 [INFO] eva.adam.watcher: 📡 config:changed: /home/aza/.hermes/channel_directory.json (modified)
2026-07-23 14:16:29,531 [INFO] eva.adam.watcher: 📡 config:changed: /home/aza/.hermes/channel_directory.json (modified)
2026-07-23 14:21:26,169 [INFO] eva.adam.watcher: 📡 config:changed: /home/aza/.hermes/channel_directory.json (modified)
2026-07-23 14:26:28,377 [INFO] eva.adam.watcher: 📡 config:changed: /home/aza/.hermes/channel_directory.json (modified)
2026-07-23 14:31:24,961 [INFO] eva.adam.watcher: 📡 config:changed: /home/aza/.hermes/channel_directory.json (modified)
2026-07-23 14:34:07,255 [INFO] eva.adam.watcher: 📡 config:changed: /home/aza/.hermes/processes.json (modified)
2026-07-23 14:34:24,043 [INFO] eva.adam.watcher: 📡 config:changed: /home/aza/.hermes/processes.json (modified)
2026-07-23 14:34:46,424 [INFO] eva.adam.watcher: 📡 config:changed: /home/aza/.hermes/processes.json (modified)
2026-07-23 14:36:27,165 [INFO] eva.adam.watcher: 📡 config:changed: /home/aza/.hermes/channel_directory.json (modified)
2026-07-23 14:39:59,795 [INFO] eva.adam.watcher: 📡 config:changed: /home/aza/.hermes/state/rich_sent_index.json (modified)
2026-07-23 14:40:22,181 [INFO] eva.adam.watcher: 📡 config:changed: /home/aza/.hermes/hermes-agent/skills/.usage.json (modified)
2026-07-23 14:40:38,973 [INFO] eva.adam.watcher: 📡 config:changed: /home/aza/.hermes/hermes-agent/skills/.usage.json (modified)
2026-07-23 14:41:29,332 [INFO] eva.adam.watcher: 📡 config:changed: /home/aza/.hermes/channel_directory.json (modified)
2026-07-23 14:41:40,199 [INFO] eva.adam.watcher: 📡 skill:created: /home/aza/.hermes/skills/agents/adam-v2-infrastructure/references/adam-evolution-phase2.md (created)
2026-07-23 14:41:40,537 [INFO] eva.adam.watcher: 📡 config:changed: /home/aza/.hermes/hermes-agent/skills/.usage.json (modified)
2026-07-23 14:41:40,763 [INFO] eva.adam.watcher: 📡 file:deleted: /home/aza/.hermes/.skills_prompt_snapshot.json (deleted)
2026-07-23 14:41:45,802 [INFO] eva.adam.watcher: 📡 skill:updated: /home/aza/.hermes/skills/agents/adam-v2-infrastructure/SKILL.md (modified)
2026-07-23 14:41:46,142 [INFO] eva.adam.watcher: 📡 config:changed: /home/aza/.hermes/hermes-agent/skills/.usage.json (modified)
2026-07-23 14:41:51,407 [INFO] eva.adam.watcher: 📡 skill:updated: /home/aza/.hermes/skills/agents/adam-v2-infrastructure/SKILL.md (modified)
2026-07-23 14:41:51,747 [INFO] eva.adam.watcher: 📡 config:changed: /home/aza/.hermes/hermes-agent/skills/.usage.json (modified)
2026-07-23 14:42:02,601 [INFO] eva.adam.watcher: 📡 skill:updated: /home/aza/.hermes/skills/agents/adam-v2-infrastructure/SKILL.md (modified)
2026-07-23 14:42:02,940 [INFO] eva.adam.watcher: 📡 config:changed: /home/aza/.hermes/hermes-agent/skills/.usage.json (modified)
2026-07-23 14:42:25,006 [INFO] eva.adam.watcher: 📡 skill:updated: /home/aza/.hermes/skills/agents/adam-v2-infrastructure/SKILL.md (modified)
2026-07-23 14:42:25,346 [INFO] eva.adam.watcher: 📡 config:changed: /home/aza/.hermes/hermes-agent/skills/.usage.json (modified)
2026-07-23 14:42:36,209 [INFO] eva.adam.watcher: 📡 skill:updated: /home/aza/.hermes/skills/agents/adam-v2-infrastructure/SKILL.md (modified)
2026-07-23 14:42:36,544 [INFO] eva.adam.watcher: 📡 config:changed: /home/aza/.hermes/hermes-agent/skills/.usage.json (modified)
2026-07-23 14:42:58,938 [INFO] eva.adam.watcher: 📡 config:changed: /home/aza/.hermes/hermes-agent/skills/.usage.json (modified)
2026-07-23 14:44:28,467 [INFO] eva.adam.watcher: 📡 file:created: /home/aza/.hermes/.skills_prompt_snapshot.json (created)
2026-07-23 14:46:26,033 [INFO] eva.adam.watcher: 📡 config:changed: /home/aza/.hermes/channel_directory.json (modified)
2026-07-23 14:51:28,597 [INFO] eva.adam.watcher: 📡 config:changed: /home/aza/.hermes/channel_directory.json (modified)
2026-07-23 14:56:25,249 [INFO] eva.adam.watcher: 📡 config:changed: /home/aza/.hermes/channel_directory.json (modified)
2026-07-23 15:01:27,461 [INFO] eva.adam.watcher: 📡 config:changed: /home/aza/.hermes/channel_directory.json (modified)
2026-07-23 15:04:09,816 [INFO] eva.adam.watcher: 📡 config:changed: /home/aza/.hermes/cache/openrouter_model_metadata.json (modified)
2026-07-23 15:06:12,866 [INFO] eva.adam.watcher: 📡 config:changed: /home/aza/.hermes/gateway_state.json (modified)
2026-07-23 15:06:12,867 [INFO] eva.adam.watcher: 📡 config:changed: /home/aza/.hermes/state/rich_sent_index.json (modified)
2026-07-23 15:06:12,868 [INFO] eva.adam.watcher: 📡 config:changed: /home/aza/.hermes/sessions/sessions.json (modified)
2026-07-23 15:06:29,653 [INFO] eva.adam.watcher: 📡 config:changed: /home/aza/.hermes/channel_directory.json (modified)
2026-07-23 15:07:47,987 [INFO] eva.adam.watcher: 📡 config:changed: /home/aza/.hermes/hermes-agent/skills/.usage.json (modified)
2026-07-23 15:10:24,362 [INFO] eva.adam.watcher: 📡 skill:created: /home/aza/.hermes/skills/cybersecurite/git-secret-audit/SKILL.md (created)
2026-07-23 15:10:24,703 [INFO] eva.adam.watcher: 📡 config:changed: /home/aza/.hermes/hermes-agent/skills/.usage.json (modified)
2026-07-23 15:10:24,928 [INFO] eva.adam.watcher: 📡 file:deleted: /home/aza/.hermes/.skills_prompt_snapshot.json (deleted)
2026-07-23 15:10:35,904 [INFO] eva.adam.watcher: 📡 config:changed: /home/aza/.hermes/hermes-agent/skills/.usage.json (modified)
2026-07-23 15:11:14,739 [INFO] eva.adam.watcher: 📡 skill:created: /home/aza/.hermes/skills/cybersecurite/git-secret-audit/references/gitleaks-false-positives.md (created)
2026-07-23 15:11:15,075 [INFO] eva.adam.watcher: 📡 config:changed: /home/aza/.hermes/hermes-agent/skills/.usage.json (modified)
2026-07-23 15:11:26,260 [INFO] eva.adam.watcher: 📡 config:changed: /home/aza/.hermes/channel_directory.json (modified)
2026-07-23 15:12:05,436 [INFO] eva.adam.watcher: 📡 file:created: /home/aza/.hermes/.skills_prompt_snapshot.json (created)
2026-07-23 15:12:33,421 [INFO] eva.adam.watcher: 📡 config:changed: /home/aza/.hermes/hermes-agent/skills/.usage.json (modified)
2026-07-23 15:16:28,456 [INFO] eva.adam.watcher: 📡 config:changed: /home/aza/.hermes/channel_directory.json (modified)
2026-07-23 15:16:39,281 [INFO] eva.adam.watcher: 📡 file:changed: /home/aza/scripts/cicd-hook.sh (modified)
2026-07-23 15:21:30,694 [INFO] eva.adam.watcher: 📡 config:changed: /home/aza/.hermes/channel_directory.json (modified)
2026-07-23 15:22:49,029 [INFO] eva.adam.watcher: 📡 config:changed: /home/aza/.hermes/gateway_state.json (modified)
2026-07-23 15:22:49,030 [INFO] eva.adam.watcher: 📡 config:changed: /home/aza/.hermes/state/rich_sent_index.json (modified)
2026-07-23 15:22:49,031 [INFO] eva.adam.watcher: 📡 config:changed: /home/aza/.hermes/sessions/sessions.json (modified)
2026-07-23 15:23:11,421 [INFO] eva.adam.watcher: 📡 config:changed: /home/aza/.hermes/hermes-agent/skills/.usage.json (modified)
2026-07-23 15:23:50,610 [INFO] eva.adam.watcher: 📡 config:changed: /home/aza/.hermes/hermes-agent/skills/.usage.json (modified)
2026-07-23 15:24:13,002 [INFO] eva.adam.watcher: 📡 config:changed: /home/aza/.hermes/hermes-agent/skills/.usage.json (modified)
2026-07-23 15:24:23,859 [INFO] eva.adam.watcher: 📡 skill:updated: /home/aza/.hermes/skills/agents/adam-v2-infrastructure/SKILL.md (modified)
2026-07-23 15:24:24,196 [INFO] eva.adam.watcher: 📡 config:changed: /home/aza/.hermes/hermes-agent/skills/.usage.json (modified)
2026-07-23 15:24:24,417 [INFO] eva.adam.watcher: 📡 file:deleted: /home/aza/.hermes/.skills_prompt_snapshot.json (deleted)
2026-07-23 15:24:40,646 [INFO] eva.adam.watcher: 📡 skill:updated: /home/aza/.hermes/skills/agents/adam-v2-infrastructure/SKILL.md (modified)
2026-07-23 15:24:40,981 [INFO] eva.adam.watcher: 📡 config:changed: /home/aza/.hermes/hermes-agent/skills/.usage.json (modified)
2026-07-23 15:25:03,037 [INFO] eva.adam.watcher: 📡 skill:updated: /home/aza/.hermes/skills/agents/adam-v2-infrastructure/SKILL.md (modified)
2026-07-23 15:25:03,371 [INFO] eva.adam.watcher: 📡 config:changed: /home/aza/.hermes/hermes-agent/skills/.usage.json (modified)
2026-07-23 15:25:47,810 [INFO] eva.adam.watcher: 📡 skill:created: /home/aza/.hermes/skills/agents/adam-v2-infrastructure/references/code-analyzer-git-pull.md (created)
2026-07-23 15:25:48,149 [INFO] eva.adam.watcher: 📡 config:changed: /home/aza/.hermes/hermes-agent/skills/.usage.json (modified)
2026-07-23 15:25:59,005 [INFO] eva.adam.watcher: 📡 skill:updated: /home/aza/.hermes/skills/agents/adam-v2-infrastructure/SKILL.md (modified)
2026-07-23 15:25:59,344 [INFO] eva.adam.watcher: 📡 config:changed: /home/aza/.hermes/hermes-agent/skills/.usage.json (modified)
2026-07-23 15:26:27,325 [INFO] eva.adam.watcher: 📡 config:changed: /home/aza/.hermes/channel_directory.json (modified)
2026-07-23 15:31:29,561 [INFO] eva.adam.watcher: 📡 config:changed: /home/aza/.hermes/channel_directory.json (modified)
2026-07-23 15:36:26,181 [INFO] eva.adam.watcher: 📡 config:changed: /home/aza/.hermes/channel_directory.json (modified)
2026-07-23 15:41:28,411 [INFO] eva.adam.watcher: 📡 config:changed: /home/aza/.hermes/channel_directory.json (modified)
2026-07-23 15:46:30,744 [INFO] eva.adam.watcher: 📡 config:changed: /home/aza/.hermes/channel_directory.json (modified)
2026-07-23 15:51:27,393 [INFO] eva.adam.watcher: 📡 config:changed: /home/aza/.hermes/channel_directory.json (modified)
2026-07-23 15:56:29,582 [INFO] eva.adam.watcher: 📡 config:changed: /home/aza/.hermes/channel_directory.json (modified)
2026-07-23 16:01:26,209 [INFO] eva.adam.watcher: 📡 config:changed: /home/aza/.hermes/channel_directory.json (modified)
2026-07-23 16:06:28,381 [INFO] eva.adam.watcher: 📡 config:changed: /home/aza/.hermes/channel_directory.json (modified)
2026-07-23 16:11:30,609 [INFO] eva.adam.watcher: 📡 config:changed: /home/aza/.hermes/channel_directory.json (modified)
2026-07-23 16:13:50,539 [INFO] eva.adam.watcher: 📡 config:changed: /home/aza/.hermes/gateway_state.json (modified)
2026-07-23 16:13:50,541 [INFO] eva.adam.watcher: 📡 config:changed: /home/aza/.hermes/sessions/sessions.json (modified)
2026-07-23 16:13:56,148 [INFO] eva.adam.watcher: 📡 config:changed: /home/aza/.hermes/cache/openrouter_model_metadata.json (modified)
2026-07-23 16:14:52,111 [INFO] eva.adam.watcher: 📡 config:changed: /home/aza/.hermes/gateway_state.json (modified)
2026-07-23 16:14:52,111 [INFO] eva.adam.watcher: 📡 config:changed: /home/aza/.hermes/state/rich_sent_index.json (modified)
2026-07-23 16:14:52,113 [INFO] eva.adam.watcher: 📡 config:changed: /home/aza/.hermes/sessions/sessions.json (modified)
2026-07-23 16:15:48,071 [INFO] eva.adam.watcher: 📡 config:changed: /home/aza/.hermes/gateway_state.json (modified)
2026-07-23 16:15:48,073 [INFO] eva.adam.watcher: 📡 config:changed: /home/aza/.hermes/sessions/sessions.json (modified)
2026-07-23 16:16:27,234 [INFO] eva.adam.watcher: 📡 config:changed: /home/aza/.hermes/channel_directory.json (modified)
2026-07-23 16:17:06,410 [INFO] eva.adam.watcher: 📡 config:changed: /home/aza/.hermes/gateway_state.json (modified)
2026-07-23 16:17:06,412 [INFO] eva.adam.watcher: 📡 config:changed: /home/aza/.hermes/state/rich_sent_index.json (modified)
2026-07-23 16:17:06,414 [INFO] eva.adam.watcher: 📡 config:changed: /home/aza/.hermes/sessions/sessions.json (modified)
2026-07-23 16:18:19,154 [INFO] eva.adam.watcher: 📡 config:changed: /home/aza/.hermes/gateway_state.json (modified)
2026-07-23 16:18:19,156 [INFO] eva.adam.watcher: 📡 config:changed: /home/aza/.hermes/sessions/sessions.json (modified)
2026-07-23 16:19:42,738 [INFO] eva.adam.watcher: 📡 file:created: /home/aza/scripts/architect-design.sh (created)
2026-07-23 16:20:27,505 [INFO] eva.adam.watcher: 📡 file:created: /home/aza/scripts/scribe-write.sh (created)
2026-07-23 16:21:29,439 [INFO] eva.adam.watcher: 📡 config:changed: /home/aza/.hermes/channel_directory.json (modified)
2026-07-23 16:22:08,228 [INFO] eva.adam.watcher: 📡 file:created: /home/aza/scripts/treasurer-track.py (created)
2026-07-23 16:23:49,326 [INFO] eva.adam.watcher: 📡 file:created: /home/aza/.hermes/.skills_prompt_snapshot.json (created)
2026-07-23 16:26:25,969 [INFO] eva.adam.watcher: 📡 config:changed: /home/aza/.hermes/channel_directory.json (modified)
2026-07-23 16:28:29,025 [INFO] eva.adam.watcher: 📡 config:changed: /home/aza/.hermes/gateway_state.json (modified)
2026-07-23 16:28:29,026 [INFO] eva.adam.watcher: 📡 config:changed: /home/aza/.hermes/state/rich_sent_index.json (modified)
2026-07-23 16:28:29,027 [INFO] eva.adam.watcher: 📡 config:changed: /home/aza/.hermes/sessions/sessions.json (modified)
2026-07-23 16:28:51,424 [INFO] eva.adam.watcher: 📡 config:changed: /home/aza/.hermes/hermes-agent/skills/.usage.json (modified)
2026-07-23 16:29:19,057 [INFO] eva.adam.watcher: 📡 skill:updated: /home/aza/.hermes/skills/agents/adam-v2-infrastructure/SKILL.md (modified)
2026-07-23 16:29:19,388 [INFO] eva.adam.watcher: 📡 config:changed: /home/aza/.hermes/gateway_state.json (modified)
2026-07-23 16:29:19,390 [INFO] eva.adam.watcher: 📡 config:changed: /home/aza/.hermes/sessions/sessions.json (modified)
2026-07-23 16:29:19,391 [INFO] eva.adam.watcher: 📡 config:changed: /home/aza/.hermes/hermes-agent/skills/.usage.json (modified)
2026-07-23 16:29:19,612 [INFO] eva.adam.watcher: 📡 file:deleted: /home/aza/.hermes/.skills_prompt_snapshot.json (deleted)
2026-07-23 16:29:30,248 [INFO] eva.adam.watcher: 📡 skill:updated: /home/aza/.hermes/skills/agents/adam-v2-infrastructure/SKILL.md (modified)
2026-07-23 16:29:30,584 [INFO] eva.adam.watcher: 📡 config:changed: /home/aza/.hermes/hermes-agent/skills/.usage.json (modified)
2026-07-23 16:30:03,814 [INFO] eva.adam.watcher: 📡 skill:updated: /home/aza/.hermes/skills/agents/adam-v2-infrastructure/SKILL.md (modified)
2026-07-23 16:30:04,150 [INFO] eva.adam.watcher: 📡 config:changed: /home/aza/.hermes/hermes-agent/skills/.usage.json (modified)
2026-07-23 16:30:37,388 [INFO] eva.adam.watcher: 📡 skill:created: /home/aza/.hermes/skills/agents/adam-v2-infrastructure/references/agents-architect-scribe-treasurer.md (created)
2026-07-23 16:30:37,726 [INFO] eva.adam.watcher: 📡 config:changed: /home/aza/.hermes/hermes-agent/skills/.usage.json (modified)
2026-07-23 16:30:48,590 [INFO] eva.adam.watcher: 📡 skill:updated: /home/aza/.hermes/skills/agents/adam-v2-infrastructure/SKILL.md (modified)
2026-07-23 16:30:48,931 [INFO] eva.adam.watcher: 📡 config:changed: /home/aza/.hermes/hermes-agent/skills/.usage.json (modified)
2026-07-23 16:31:28,142 [INFO] eva.adam.watcher: 📡 config:changed: /home/aza/.hermes/channel_directory.json (modified)
2026-07-23 16:31:28,142 [INFO] eva.adam.watcher: 📡 config:changed: /home/aza/.hermes/gateway_state.json (modified)
2026-07-23 16:31:28,144 [INFO] eva.adam.watcher: 📡 config:changed: /home/aza/.hermes/sessions/sessions.json (modified)
2026-07-23 16:31:33,749 [INFO] eva.adam.watcher: 📡 config:changed: /home/aza/.hermes/state/rich_sent_index.json (modified)
2026-07-23 16:36:30,846 [INFO] eva.adam.watcher: 📡 config:changed: /home/aza/.hermes/channel_directory.json (modified)
2026-07-23 16:41:27,413 [INFO] eva.adam.watcher: 📡 config:changed: /home/aza/.hermes/channel_directory.json (modified)
2026-07-23 16:46:29,661 [INFO] eva.adam.watcher: 📡 config:changed: /home/aza/.hermes/channel_directory.json (modified)
2026-07-23 16:48:38,436 [INFO] eva.adam.watcher: 📡 config:changed: /home/aza/.hermes/gateway_state.json (modified)
2026-07-23 16:48:38,438 [INFO] eva.adam.watcher: 📡 config:changed: /home/aza/.hermes/sessions/sessions.json (modified)
2026-07-23 16:51:20,739 [INFO] eva.adam.watcher: 📡 file:created: /home/aza/scripts/researcher-scan.py (created)
2026-07-23 16:51:26,723 [INFO] eva.adam.watcher: 📡 config:changed: /home/aza/.hermes/channel_directory.json (modified)
2026-07-23 16:53:01,470 [INFO] eva.adam.watcher: 📡 file:created: /home/aza/scripts/social-manage.py (created)
2026-07-23 16:55:21,403 [INFO] eva.adam.watcher: 📡 file:created: /home/aza/scripts/critic-review.py (created)
2026-07-23 16:56:28,975 [INFO] eva.adam.watcher: 📡 config:changed: /home/aza/.hermes/channel_directory.json (modified)
2026-07-23 16:58:37,766 [INFO] eva.adam.watcher: 📡 config:changed: /home/aza/.hermes/gateway_state.json (modified)
2026-07-23 16:58:37,766 [INFO] eva.adam.watcher: 📡 config:changed: /home/aza/.hermes/state/rich_sent_index.json (modified)
2026-07-23 16:58:37,768 [INFO] eva.adam.watcher: 📡 config:changed: /home/aza/.hermes/sessions/sessions.json (modified)
2026-07-23 16:59:22,529 [INFO] eva.adam.watcher: 📡 config:changed: /home/aza/.hermes/hermes-agent/skills/.usage.json (modified)
2026-07-23 16:59:33,714 [INFO] eva.adam.watcher: 📡 config:changed: /home/aza/.hermes/hermes-agent/skills/.usage.json (modified)
2026-07-23 16:59:44,898 [INFO] eva.adam.watcher: 📡 config:changed: /home/aza/.hermes/hermes-agent/skills/.usage.json (modified)
2026-07-23 17:00:01,685 [INFO] eva.adam.watcher: 📡 config:changed: /home/aza/.hermes/hermes-agent/skills/.usage.json (modified)
2026-07-23 17:00:24,057 [INFO] eva.adam.watcher: 📡 config:changed: /home/aza/.hermes/hermes-agent/skills/.usage.json (modified)
2026-07-23 17:00:35,243 [INFO] eva.adam.watcher: 📡 config:changed: /home/aza/.hermes/hermes-agent/skills/.usage.json (modified)
2026-07-23 17:00:40,842 [INFO] eva.adam.watcher: 📡 config:changed: /home/aza/.hermes/hermes-agent/skills/.usage.json (modified)
2026-07-23 17:00:46,437 [INFO] eva.adam.watcher: 📡 config:changed: /home/aza/.hermes/hermes-agent/skills/.usage.json (modified)
2026-07-23 17:01:25,609 [INFO] eva.adam.watcher: 📡 config:changed: /home/aza/.hermes/channel_directory.json (modified)
2026-07-23 17:02:43,991 [INFO] eva.adam.watcher: 📡 config:changed: /home/aza/.hermes/hermes-agent/skills/.usage.json (modified)
2026-07-23 17:03:45,558 [INFO] eva.adam.watcher: 📡 config:changed: /home/aza/.hermes/hermes-agent/skills/.usage.json (modified)
2026-07-23 17:03:50,816 [INFO] eva.adam.watcher: 📡 skill:created: /home/aza/.hermes/skills/multi-agent/adam-event-bus-system/SKILL.md (created)
2026-07-23 17:04:29,982 [INFO] eva.adam.watcher: 📡 skill:created: /home/aza/.hermes/skills/multi-agent/adam-event-bus-system/references/adam-event-bus-architecture.md (created)
2026-07-23 17:04:30,321 [INFO] eva.adam.watcher: 📡 config:changed: /home/aza/.hermes/hermes-agent/skills/.usage.json (modified)
2026-07-23 17:06:27,909 [INFO] eva.adam.watcher: 📡 config:changed: /home/aza/.hermes/channel_directory.json (modified)
2026-07-23 17:11:30,177 [INFO] eva.adam.watcher: 📡 config:changed: /home/aza/.hermes/channel_directory.json (modified)
2026-07-23 17:12:54,109 [INFO] eva.adam.watcher: 📡 config:changed: /home/aza/.hermes/gateway_state.json (modified)
2026-07-23 17:12:54,111 [INFO] eva.adam.watcher: 📡 config:changed: /home/aza/.hermes/sessions/sessions.json (modified)
2026-07-23 17:14:23,638 [INFO] eva.adam.watcher: 📡 config:changed: /home/aza/.hermes/cache/openrouter_model_metadata.json (modified)
2026-07-23 17:16:26,765 [INFO] eva.adam.watcher: 📡 config:changed: /home/aza/.hermes/channel_directory.json (modified)
2026-07-23 17:17:05,956 [INFO] eva.adam.watcher: 📡 config:changed: /home/aza/.hermes/processes.json (modified)
2026-07-23 17:18:29,927 [INFO] eva.adam.watcher: 📡 config:changed: /home/aza/.hermes/processes.json (modified)
2026-07-23 17:18:35,523 [INFO] eva.adam.watcher: 📡 config:changed: /home/aza/.hermes/processes.json (modified)
2026-07-23 17:21:29,102 [INFO] eva.adam.watcher: 📡 config:changed: /home/aza/.hermes/channel_directory.json (modified)
2026-07-23 17:21:57,083 [INFO] eva.adam.watcher: 📡 config:changed: /home/aza/.hermes/processes.json (modified)
2026-07-23 17:22:02,682 [INFO] eva.adam.watcher: 📡 config:changed: /home/aza/.hermes/processes.json (modified)
2026-07-23 17:24:05,801 [INFO] eva.adam.watcher: 📡 config:changed: /home/aza/.hermes/processes.json (modified)
2026-07-23 17:24:11,400 [INFO] eva.adam.watcher: 📡 config:changed: /home/aza/.hermes/processes.json (modified)
2026-07-23 17:26:03,360 [INFO] eva.adam.watcher: 📡 file:created: /home/aza/.hermes/.skills_prompt_snapshot.json (created)
2026-07-23 17:26:25,743 [INFO] eva.adam.watcher: 📡 config:changed: /home/aza/.hermes/channel_directory.json (modified)
2026-07-23 17:31:28,113 [INFO] eva.adam.watcher: 📡 config:changed: /home/aza/.hermes/channel_directory.json (modified)
2026-07-23 17:33:08,822 [INFO] eva.adam.watcher: 📡 config:changed: /home/aza/.hermes/processes.json (modified)
2026-07-23 17:35:06,356 [INFO] eva.adam.watcher: 📡 config:changed: /home/aza/.hermes/gateway_state.json (modified)
2026-07-23 17:35:06,358 [INFO] eva.adam.watcher: 📡 config:changed: /home/aza/.hermes/sessions/sessions.json (modified)
2026-07-23 17:35:11,957 [INFO] eva.adam.watcher: 📡 config:changed: /home/aza/.hermes/state/rich_sent_index.json (modified)
2026-07-23 17:35:39,948 [INFO] eva.adam.watcher: 📡 config:changed: /home/aza/.hermes/hermes-agent/skills/.usage.json (modified)
2026-07-23 17:36:30,319 [INFO] eva.adam.watcher: 📡 config:changed: /home/aza/.hermes/channel_directory.json (modified)
2026-07-23 17:36:35,918 [INFO] eva.adam.watcher: 📡 config:changed: /home/aza/.hermes/hermes-agent/skills/.usage.json (modified)
2026-07-23 17:37:09,495 [INFO] eva.adam.watcher: 📡 config:changed: /home/aza/.hermes/hermes-agent/skills/.usage.json (modified)
2026-07-23 17:37:37,472 [INFO] eva.adam.watcher: 📡 config:changed: /home/aza/.hermes/gateway_state.json (modified)
2026-07-23 17:37:37,474 [INFO] eva.adam.watcher: 📡 config:changed: /home/aza/.hermes/sessions/sessions.json (modified)
2026-07-23 17:37:59,527 [INFO] eva.adam.watcher: 📡 skill:created: /home/aza/.hermes/skills/agents/adam-v2-infrastructure/references/daemon-debugging-session2.md (created)
2026-07-23 17:37:59,865 [INFO] eva.adam.watcher: 📡 config:changed: /home/aza/.hermes/hermes-agent/skills/.usage.json (modified)
2026-07-23 17:38:00,087 [INFO] eva.adam.watcher: 📡 file:deleted: /home/aza/.hermes/.skills_prompt_snapshot.json (deleted)
2026-07-23 17:38:27,517 [INFO] eva.adam.watcher: 📡 skill:updated: /home/aza/.hermes/skills/agents/adam-v2-infrastructure/SKILL.md (modified)
2026-07-23 17:38:27,857 [INFO] eva.adam.watcher: 📡 config:changed: /home/aza/.hermes/hermes-agent/skills/.usage.json (modified)
2026-07-23 17:38:38,709 [INFO] eva.adam.watcher: 📡 skill:updated: /home/aza/.hermes/skills/agents/adam-v2-infrastructure/SKILL.md (modified)
2026-07-23 17:38:39,044 [INFO] eva.adam.watcher: 📡 config:changed: /home/aza/.hermes/hermes-agent/skills/.usage.json (modified)
2026-07-23 17:38:50,244 [INFO] eva.adam.watcher: 📡 config:changed: /home/aza/.hermes/hermes-agent/skills/.usage.json (modified)
2026-07-23 17:40:36,233 [INFO] eva.adam.watcher: 📡 skill:updated: /home/aza/.hermes/skills/agents/adam-v2-infrastructure/SKILL.md (modified)
2026-07-23 17:40:36,569 [INFO] eva.adam.watcher: 📡 config:changed: /home/aza/.hermes/hermes-agent/skills/.usage.json (modified)
2026-07-23 17:41:26,937 [INFO] eva.adam.watcher: 📡 config:changed: /home/aza/.hermes/channel_directory.json (modified)
2026-07-23 17:41:32,534 [INFO] eva.adam.watcher: 📡 config:changed: /home/aza/.hermes/gateway_state.json (modified)
2026-07-23 17:41:32,535 [INFO] eva.adam.watcher: 📡 config:changed: /home/aza/.hermes/state/rich_sent_index.json (modified)
2026-07-23 17:41:32,536 [INFO] eva.adam.watcher: 📡 config:changed: /home/aza/.hermes/sessions/sessions.json (modified)
2026-07-23 17:42:22,911 [INFO] eva.adam.watcher: 📡 config:changed: /home/aza/.hermes/hermes-agent/skills/.usage.json (modified)
2026-07-23 17:43:18,864 [INFO] eva.adam.watcher: 📡 config:changed: /home/aza/.hermes/gateway_state.json (modified)
2026-07-23 17:43:18,866 [INFO] eva.adam.watcher: 📡 config:changed: /home/aza/.hermes/sessions/sessions.json (modified)
2026-07-23 17:43:46,841 [INFO] eva.adam.watcher: 📡 config:changed: /home/aza/.hermes/hermes-agent/skills/.usage.json (modified)
2026-07-23 17:44:31,273 [INFO] eva.adam.watcher: 📡 skill:updated: /home/aza/.hermes/skills/agents/adam-v2-infrastructure/SKILL.md (modified)
2026-07-23 17:44:31,608 [INFO] eva.adam.watcher: 📡 config:changed: /home/aza/.hermes/hermes-agent/skills/.usage.json (modified)
2026-07-23 17:44:42,463 [INFO] eva.adam.watcher: 📡 skill:created: /home/aza/.hermes/skills/dependency-auditor/SKILL.md (created)
2026-07-23 17:44:42,463 [INFO] eva.adam.watcher: 📡 skill:created: /home/aza/.hermes/skills/dependency-auditor/README.md (created)
2026-07-23 17:44:42,463 [INFO] eva.adam.watcher: 📡 skill:created: /home/aza/.hermes/skills/dependency-auditor/references/dependency_management_best_practices.md (created)
2026-07-23 17:44:42,464 [INFO] eva.adam.watcher: 📡 skill:created: /home/aza/.hermes/skills/dependency-auditor/references/license_compatibility_matrix.md (created)
2026-07-23 17:44:42,464 [INFO] eva.adam.watcher: 📡 skill:created: /home/aza/.hermes/skills/dependency-auditor/references/vulnerability_assessment_guide.md (created)
2026-07-23 17:44:42,464 [INFO] eva.adam.watcher: 📡 skill:created: /home/aza/.hermes/skills/pulse/SKILL.md (created)
2026-07-23 17:44:42,464 [INFO] eva.adam.watcher: 📡 skill:created: /home/aza/.hermes/skills/pulse/references/cross_platform_synthesis.md (created)
2026-07-23 17:44:42,464 [INFO] eva.adam.watcher: 📡 skill:created: /home/aza/.hermes/skills/pulse/references/parallel_execution_discipline.md (created)
2026-07-23 17:44:42,465 [INFO] eva.adam.watcher: 📡 skill:created: /home/aza/.hermes/skills/pulse/references/research_pack_conventions.md (created)
2026-07-23 17:44:42,465 [INFO] eva.adam.watcher: 📡 skill:created: /home/aza/.hermes/skills/sql-database-assistant/SKILL.md (created)
2026-07-23 17:44:42,465 [INFO] eva.adam.watcher: 📡 skill:created: /home/aza/.hermes/skills/sql-database-assistant/references/query_patterns.md (created)
2026-07-23 17:44:42,465 [INFO] eva.adam.watcher: 📡 skill:created: /home/aza/.hermes/skills/sql-database-assistant/references/orm_patterns.md (created)
2026-07-23 17:44:42,465 [INFO] eva.adam.watcher: 📡 skill:created: /home/aza/.hermes/skills/sql-database-assistant/references/optimization_guide.md (created)
2026-07-23 17:44:42,465 [INFO] eva.adam.watcher: 📡 skill:created: /home/aza/.hermes/skills/deep-research/SKILL.md (created)
2026-07-23 17:44:42,466 [INFO] eva.adam.watcher: 📡 skill:created: /home/aza/.hermes/skills/deep-research/references/full-catalog.md (created)
2026-07-23 17:44:42,466 [INFO] eva.adam.watcher: 📡 skill:created: /home/aza/.hermes/skills/customer-success-manager/SKILL.md (created)
2026-07-23 17:44:42,466 [INFO] eva.adam.watcher: 📡 skill:created: /home/aza/.hermes/skills/customer-success-manager/assets/success_plan_template.md (created)
2026-07-23 17:44:42,466 [INFO] eva.adam.watcher: 📡 skill:created: /home/aza/.hermes/skills/customer-success-manager/assets/onboarding_checklist_template.md (created)
2026-07-23 17:44:42,466 [INFO] eva.adam.watcher: 📡 skill:created: /home/aza/.hermes/skills/customer-success-manager/assets/executive_business_review_template.md (created)
2026-07-23 17:44:42,466 [INFO] eva.adam.watcher: 📡 skill:created: /home/aza/.hermes/skills/customer-success-manager/assets/qbr_template.md (created)
2026-07-23 17:44:42,466 [INFO] eva.adam.watcher: 📡 skill:created: /home/aza/.hermes/skills/customer-success-manager/references/cs-metrics-benchmarks.md (created)
2026-07-23 17:44:42,466 [INFO] eva.adam.watcher: 📡 skill:created: /home/aza/.hermes/skills/customer-success-manager/references/cs-playbooks.md (created)
2026-07-23 17:44:42,466 [INFO] eva.adam.watcher: 📡 skill:created: /home/aza/.hermes/skills/customer-success-manager/references/health-scoring-framework.md (created)
2026-07-23 17:44:42,467 [INFO] eva.adam.watcher: 📡 skill:created: /home/aza/.hermes/skills/ci-cd-pipeline-builder/SKILL.md (created)
2026-07-23 17:44:42,467 [INFO] eva.adam.watcher: 📡 skill:created: /home/aza/.hermes/skills/ci-cd-pipeline-builder/README.md (created)
2026-07-23 17:44:42,467 [INFO] eva.adam.watcher: 📡 skill:created: /home/aza/.hermes/skills/ci-cd-pipeline-builder/references/gitlab-ci-templates.md (created)
2026-07-23 17:44:42,467 [INFO] eva.adam.watcher: 📡 skill:created: /home/aza/.hermes/skills/ci-cd-pipeline-builder/references/pipeline-design-notes.md (created)
2026-07-23 17:44:42,467 [INFO] eva.adam.watcher: 📡 skill:created: /home/aza/.hermes/skills/ci-cd-pipeline-builder/references/deployment-gates.md (created)
2026-07-23 17:44:42,467 [INFO] eva.adam.watcher: 📡 skill:created: /home/aza/.hermes/skills/ci-cd-pipeline-builder/references/github-actions-templates.md (created)
2026-07-23 17:44:42,469 [INFO] eva.adam.watcher: 📡 skill:created: /home/aza/.hermes/skills/patent/SKILL.md (created)
2026-07-23 17:44:42,469 [INFO] eva.adam.watcher: 📡 skill:created: /home/aza/.hermes/skills/patent/references/sub_use_case_routing.md (created)
2026-07-23 17:44:42,469 [INFO] eva.adam.watcher: 📡 skill:created: /home/aza/.hermes/skills/patent/references/cpc_classification_canon.md (created)
2026-07-23 17:44:42,469 [INFO] eva.adam.watcher: 📡 skill:created: /home/aza/.hermes/skills/patent/references/legal_disclaimer_discipline.md (created)
2026-07-23 17:44:42,469 [INFO] eva.adam.watcher: 📡 skill:created: /home/aza/.hermes/skills/self-eval/SKILL.md (created)
2026-07-23 17:44:42,469 [INFO] eva.adam.watcher: 📡 skill:created: /home/aza/.hermes/skills/landing/SKILL.md (created)
2026-07-23 17:44:42,469 [INFO] eva.adam.watcher: 📡 skill:created: /home/aza/.hermes/skills/landing/references/single_file_html_discipline.md (created)
2026-07-23 17:44:42,469 [INFO] eva.adam.watcher: 📡 skill:created: /home/aza/.hermes/skills/landing/references/brand_system_design.md (created)
2026-07-23 17:44:42,470 [INFO] eva.adam.watcher: 📡 skill:created: /home/aza/.hermes/skills/landing/references/gsap_animation_patterns.md (created)
2026-07-23 17:44:42,471 [INFO] eva.adam.watcher: 📡 skill:created: /home/aza/.hermes/skills/ship-gate/SKILL.md (created)
2026-07-23 17:44:42,471 [INFO] eva.adam.watcher: 📡 skill:created: /home/aza/.hermes/skills/ship-gate/references/patterns.md (created)
2026-07-23 17:44:42,471 [INFO] eva.adam.watcher: 📡 skill:created: /home/aza/.hermes/skills/ship-gate/references/checks.md (created)
2026-07-23 17:44:42,471 [INFO] eva.adam.watcher: 📡 skill:created: /home/aza/.hermes/skills/litreview/SKILL.md (created)
2026-07-23 17:44:42,471 [INFO] eva.adam.watcher: 📡 skill:created: /home/aza/.hermes/skills/litreview/references/framework_selection.md (created)
2026-07-23 17:44:42,471 [INFO] eva.adam.watcher: 📡 skill:created: /home/aza/.hermes/skills/litreview/references/docx_8_sections.md (created)
2026-07-23 17:44:42,472 [INFO] eva.adam.watcher: 📡 skill:created: /home/aza/.hermes/skills/litreview/references/search_budget_allocation.md (created)
2026-07-23 17:44:42,472 [INFO] eva.adam.watcher: 📡 skill:created: /home/aza/.hermes/skills/market-research/SKILL.md (created)
2026-07-23 17:44:42,472 [INFO] eva.adam.watcher: 📡 skill:created: /home/aza/.hermes/skills/market-research/assets/market_research_brief_template.md (created)
2026-07-23 17:44:42,472 [INFO] eva.adam.watcher: 📡 skill:created: /home/aza/.hermes/skills/market-research/references/survey_methodology.md (created)
2026-07-23 17:44:42,472 [INFO] eva.adam.watcher: 📡 skill:created: /home/aza/.hermes/skills/market-research/references/segmentation_and_ci.md (created)
2026-07-23 17:44:42,472 [INFO] eva.adam.watcher: 📡 skill:created: /home/aza/.hermes/skills/market-research/references/market_sizing_canon.md (created)
2026-07-23 17:44:42,472 [INFO] eva.adam.watcher: 📡 skill:created: /home/aza/.hermes/skills/tech-debt-tracker/SKILL.md (created)
2026-07-23 17:44:42,472 [INFO] eva.adam.watcher: 📡 skill:created: /home/aza/.hermes/skills/tech-debt-tracker/README.md (created)
2026-07-23 17:44:42,473 [INFO] eva.adam.watcher: 📡 skill:created: /home/aza/.hermes/skills/tech-debt-tracker/references/debt-frameworks.md (created)
2026-07-23 17:44:42,473 [INFO] eva.adam.watcher: 📡 skill:created: /home/aza/.hermes/skills/tech-debt-tracker/references/stakeholder-communication-templates.md (created)
2026-07-23 17:44:42,473 [INFO] eva.adam.watcher: 📡 skill:created: /home/aza/.hermes/skills/tech-debt-tracker/references/prioritization-framework.md (created)
2026-07-23 17:44:42,473 [INFO] eva.adam.watcher: 📡 skill:created: /home/aza/.hermes/skills/tech-debt-tracker/references/debt-classification-taxonomy.md (created)
2026-07-23 17:44:42,474 [INFO] eva.adam.watcher: 📡 skill:created: /home/aza/.hermes/skills/pr-review-expert/SKILL.md (created)
2026-07-23 17:44:42,474 [INFO] eva.adam.watcher: 📡 skill:created: /home/aza/.hermes/skills/spec-driven-workflow/SKILL.md (created)
2026-07-23 17:44:42,474 [INFO] eva.adam.watcher: 📡 skill:created: /home/aza/.hermes/skills/spec-driven-workflow/references/spec_format_guide.md (created)
2026-07-23 17:44:42,474 [INFO] eva.adam.watcher: 📡 skill:created: /home/aza/.hermes/skills/spec-driven-workflow/references/bounded_autonomy_rules.md (created)
2026-07-23 17:44:42,474 [INFO] eva.adam.watcher: 📡 skill:created: /home/aza/.hermes/skills/spec-driven-workflow/references/acceptance_criteria_patterns.md (created)
2026-07-23 17:44:42,474 [INFO] eva.adam.watcher: 📡 skill:created: /home/aza/.hermes/skills/focused-fix/SKILL.md (created)
2026-07-23 17:44:42,474 [INFO] eva.adam.watcher: 📡 skill:created: /home/aza/.hermes/skills/observability-designer/SKILL.md (created)
2026-07-23 17:44:42,474 [INFO] eva.adam.watcher: 📡 skill:created: /home/aza/.hermes/skills/observability-designer/README.md (created)
2026-07-23 17:44:42,475 [INFO] eva.adam.watcher: 📡 skill:created: /home/aza/.hermes/skills/observability-designer/references/alert_design_patterns.md (created)
2026-07-23 17:44:42,475 [INFO] eva.adam.watcher: 📡 skill:created: /home/aza/.hermes/skills/observability-designer/references/slo_cookbook.md (created)
2026-07-23 17:44:42,475 [INFO] eva.adam.watcher: 📡 skill:created: /home/aza/.hermes/skills/observability-designer/references/dashboard_best_practices.md (created)
2026-07-23 17:44:42,475 [INFO] eva.adam.watcher: 📡 skill:created: /home/aza/.hermes/skills/database-schema-designer/SKILL.md (created)
2026-07-23 17:44:42,475 [INFO] eva.adam.watcher: 📡 skill:created: /home/aza/.hermes/skills/database-schema-designer/references/full-schema-examples.md (created)
2026-07-23 17:44:42,475 [INFO] eva.adam.watcher: 📡 skill:created: /home/aza/.hermes/skills/migration-architect/SKILL.md (created)
2026-07-23 17:44:42,475 [INFO] eva.adam.watcher: 📡 skill:created: /home/aza/.hermes/skills/migration-architect/README.md (created)
2026-07-23 17:44:42,475 [INFO] eva.adam.watcher: 📡 skill:created: /home/aza/.hermes/skills/migration-architect/references/zero_downtime_techniques.md (created)
2026-07-23 17:44:42,475 [INFO] eva.adam.watcher: 📡 skill:created: /home/aza/.hermes/skills/migration-architect/references/data_reconciliation_strategies.md (created)
2026-07-23 17:44:42,476 [INFO] eva.adam.watcher: 📡 skill:created: /home/aza/.hermes/skills/migration-architect/references/migration_patterns_catalog.md (created)
2026-07-23 17:44:42,476 [INFO] eva.adam.watcher: 📡 skill:created: /home/aza/.hermes/skills/api-design-reviewer/SKILL.md (created)
2026-07-23 17:44:42,476 [INFO] eva.adam.watcher: 📡 skill:created: /home/aza/.hermes/skills/api-design-reviewer/references/rest_design_rules.md (created)
2026-07-23 17:44:42,476 [INFO] eva.adam.watcher: 📡 skill:created: /home/aza/.hermes/skills/api-design-reviewer/references/api_antipatterns.md (created)
2026-07-23 17:44:42,476 [INFO] eva.adam.watcher: 📡 skill:created: /home/aza/.hermes/skills/loop-library/SKILL.md (created)
2026-07-23 17:44:42,476 [INFO] eva.adam.watcher: 📡 skill:created: /home/aza/.hermes/skills/loop-library/README.md (created)
2026-07-23 17:44:42,476 [INFO] eva.adam.watcher: 📡 skill:created: /home/aza/.hermes/skills/loop-library/references/discover.md (created)
2026-07-23 17:44:42,476 [INFO] eva.adam.watcher: 📡 skill:created: /home/aza/.hermes/skills/loop-library/references/audit.md (created)
2026-07-23 17:44:42,477 [INFO] eva.adam.watcher: 📡 skill:created: /home/aza/.hermes/skills/financial-analyst/SKILL.md (created)
2026-07-23 17:44:42,477 [INFO] eva.adam.watcher: 📡 skill:created: /home/aza/.hermes/skills/financial-analyst/assets/forecast_report_template.md (created)
2026-07-23 17:44:42,477 [INFO] eva.adam.watcher: 📡 skill:created: /home/aza/.hermes/skills/financial-analyst/assets/dcf_analysis_template.md (created)
2026-07-23 17:44:42,477 [INFO] eva.adam.watcher: 📡 skill:created: /home/aza/.hermes/skills/financial-analyst/assets/variance_report_template.md (created)
2026-07-23 17:44:42,477 [INFO] eva.adam.watcher: 📡 skill:created: /home/aza/.hermes/skills/financial-analyst/references/financial-ratios-guide.md (created)
2026-07-23 17:44:42,477 [INFO] eva.adam.watcher: 📡 skill:created: /home/aza/.hermes/skills/financial-analyst/references/forecasting-best-practices.md (created)
2026-07-23 17:44:42,477 [INFO] eva.adam.watcher: 📡 skill:created: /home/aza/.hermes/skills/financial-analyst/references/valuation-methodology.md (created)
2026-07-23 17:44:42,477 [INFO] eva.adam.watcher: 📡 skill:created: /home/aza/.hermes/skills/financial-analyst/references/industry-adaptations.md (created)
2026-07-23 17:44:42,477 [INFO] eva.adam.watcher: 📡 skill:created: /home/aza/.hermes/skills/saas-metrics-coach/SKILL.md (created)
2026-07-23 17:44:42,478 [INFO] eva.adam.watcher: 📡 skill:created: /home/aza/.hermes/skills/saas-metrics-coach/assets/input-template.md (created)
2026-07-23 17:44:42,478 [INFO] eva.adam.watcher: 📡 skill:created: /home/aza/.hermes/skills/saas-metrics-coach/references/formulas.md (created)
2026-07-23 17:44:42,478 [INFO] eva.adam.watcher: 📡 skill:created: /home/aza/.hermes/skills/saas-metrics-coach/references/benchmarks.md (created)
2026-07-23 17:44:42,478 [INFO] eva.adam.watcher: 📡 skill:created: /home/aza/.hermes/skills/research-finance/SKILL.md (created)
2026-07-23 17:44:42,478 [INFO] eva.adam.watcher: 📡 skill:created: /home/aza/.hermes/skills/research-finance/assets/rd_program_budget_template.md (created)
2026-07-23 17:44:42,478 [INFO] eva.adam.watcher: 📡 skill:created: /home/aza/.hermes/skills/research-finance/references/indirect_rate_modeling.md (created)
2026-07-23 17:44:42,478 [INFO] eva.adam.watcher: 📡 skill:created: /home/aza/.hermes/skills/research-finance/references/rd_program_finance_canon.md (created)
2026-07-23 17:44:42,478 [INFO] eva.adam.watcher: 📡 skill:created: /home/aza/.hermes/skills/research-finance/references/burn_and_portfolio.md (created)
2026-07-23 17:44:42,479 [INFO] eva.adam.watcher: 📡 skill:created: /home/aza/.hermes/skills/codebase-onboarding/SKILL.md (created)
2026-07-23 17:44:42,479 [INFO] eva.adam.watcher: 📡 skill:created: /home/aza/.hermes/skills/codebase-onboarding/references/onboarding-template.md (created)
2026-07-23 17:44:42,479 [INFO] eva.adam.watcher: 📡 skill:created: /home/aza/.hermes/skills/codebase-onboarding/references/output-format-templates.md (created)
2026-07-23 17:44:42,479 [INFO] eva.adam.watcher: 📡 skill:created: /home/aza/.hermes/skills/env-secrets-manager/SKILL.md (created)
2026-07-23 17:44:42,479 [INFO] eva.adam.watcher: 📡 skill:created: /home/aza/.hermes/skills/env-secrets-manager/references/secret-patterns.md (created)
2026-07-23 17:44:42,479 [INFO] eva.adam.watcher: 📡 skill:created: /home/aza/.hermes/skills/env-secrets-manager/references/validation-detection-rotation.md (created)
2026-07-23 17:44:42,479 [INFO] eva.adam.watcher: 📡 skill:created: /home/aza/.hermes/skills/finance-skills/SKILL.md (created)
2026-07-23 17:44:42,479 [INFO] eva.adam.watcher: 📡 skill:created: /home/aza/.hermes/skills/business-investment-advisor/SKILL.md (created)
2026-07-23 17:44:42,480 [INFO] eva.adam.watcher: 📡 skill:created: /home/aza/.hermes/skills/clinical-research/SKILL.md (created)
2026-07-23 17:44:42,480 [INFO] eva.adam.watcher: 📡 skill:created: /home/aza/.hermes/skills/clinical-research/assets/protocol_synopsis_template.md (created)
2026-07-23 17:44:42,480 [INFO] eva.adam.watcher: 📡 skill:created: /home/aza/.hermes/skills/clinical-research/references/endpoint_and_power.md (created)
2026-07-23 17:44:42,480 [INFO] eva.adam.watcher: 📡 skill:created: /home/aza/.hermes/skills/clinical-research/references/trial_operations.md (created)
2026-07-23 17:44:42,480 [INFO] eva.adam.watcher: 📡 skill:created: /home/aza/.hermes/skills/clinical-research/references/study_design_canon.md (created)
2026-07-23 17:44:42,480 [INFO] eva.adam.watcher: 📡 skill:created: /home/aza/.hermes/skills/runbook-generator/SKILL.md (created)
2026-07-23 17:44:42,480 [INFO] eva.adam.watcher: 📡 skill:created: /home/aza/.hermes/skills/runbook-generator/references/runbook-templates.md (created)
2026-07-23 17:44:42,482 [INFO] eva.adam.watcher: 📡 skill:created: /home/aza/.hermes/skills/secrets-vault-manager/SKILL.md (created)
2026-07-23 17:44:42,482 [INFO] eva.adam.watcher: 📡 skill:created: /home/aza/.hermes/skills/secrets-vault-manager/references/cloud_secret_stores.md (created)
2026-07-23 17:44:42,483 [INFO] eva.adam.watcher: 📡 skill:created: /home/aza/.hermes/skills/secrets-vault-manager/references/emergency_procedures.md (created)
2026-07-23 17:44:42,483 [INFO] eva.adam.watcher: 📡 skill:created: /home/aza/.hermes/skills/secrets-vault-manager/references/vault_patterns.md (created)
2026-07-23 17:44:42,487 [INFO] eva.adam.watcher: 📡 skill:created: /home/aza/.hermes/skills/mcp-server-builder/SKILL.md (created)
2026-07-23 17:44:42,488 [INFO] eva.adam.watcher: 📡 skill:created: /home/aza/.hermes/skills/mcp-server-builder/README.md (created)
2026-07-23 17:44:42,488 [INFO] eva.adam.watcher: 📡 skill:created: /home/aza/.hermes/skills/mcp-server-builder/references/validation-checklist.md (created)
2026-07-23 17:44:42,488 [INFO] eva.adam.watcher: 📡 skill:created: /home/aza/.hermes/skills/mcp-server-builder/references/typescript-server-template.md (created)
2026-07-23 17:44:42,488 [INFO] eva.adam.watcher: 📡 skill:created: /home/aza/.hermes/skills/mcp-server-builder/references/production-hardening-guide.md (created)
2026-07-23 17:44:42,488 [INFO] eva.adam.watcher: 📡 skill:created: /home/aza/.hermes/skills/mcp-server-builder/references/python-server-template.md (created)
2026-07-23 17:44:42,488 [INFO] eva.adam.watcher: 📡 skill:created: /home/aza/.hermes/skills/mcp-server-builder/references/openapi-extraction-guide.md (created)
2026-07-23 17:44:42,490 [INFO] eva.adam.watcher: 📡 skill:created: /home/aza/.hermes/skills/feature-flags-architect/SKILL.md (created)
2026-07-23 17:44:42,490 [INFO] eva.adam.watcher: 📡 skill:created: /home/aza/.hermes/skills/feature-flags-architect/assets/flag_request_template.md (created)
2026-07-23 17:44:42,490 [INFO] eva.adam.watcher: 📡 skill:created: /home/aza/.hermes/skills/feature-flags-architect/references/flag_taxonomy.md (created)
2026-07-23 17:44:42,490 [INFO] eva.adam.watcher: 📡 skill:created: /home/aza/.hermes/skills/feature-flags-architect/references/provider_comparison.md (created)
2026-07-23 17:44:42,490 [INFO] eva.adam.watcher: 📡 skill:created: /home/aza/.hermes/skills/feature-flags-architect/references/rollout_strategies.md (created)
2026-07-23 17:44:42,490 [INFO] eva.adam.watcher: 📡 skill:created: /home/aza/.hermes/skills/feature-flags-architect/references/flag_lifecycle.md (created)
2026-07-23 17:44:42,490 [INFO] eva.adam.watcher: 📡 skill:created: /home/aza/.hermes/skills/revenue-operations/SKILL.md (created)
2026-07-23 17:44:42,491 [INFO] eva.adam.watcher: 📡 skill:created: /home/aza/.hermes/skills/revenue-operations/assets/forecast_report_template.md (created)
2026-07-23 17:44:42,491 [INFO] eva.adam.watcher: 📡 skill:created: /home/aza/.hermes/skills/revenue-operations/assets/gtm_dashboard_template.md (created)
2026-07-23 17:44:42,491 [INFO] eva.adam.watcher: 📡 skill:created: /home/aza/.hermes/skills/revenue-operations/assets/pipeline_review_template.md (created)
2026-07-23 17:44:42,491 [INFO] eva.adam.watcher: 📡 skill:created: /home/aza/.hermes/skills/revenue-operations/references/revops-metrics-guide.md (created)
2026-07-23 17:44:42,491 [INFO] eva.adam.watcher: 📡 skill:created: /home/aza/.hermes/skills/revenue-operations/references/pipeline-management-framework.md (created)
2026-07-23 17:44:42,491 [INFO] eva.adam.watcher: 📡 skill:created: /home/aza/.hermes/skills/revenue-operations/references/gtm-efficiency-benchmarks.md (created)
2026-07-23 17:44:42,491 [INFO] eva.adam.watcher: 📡 skill:created: /home/aza/.hermes/skills/handoff/SKILL.md (created)
2026-07-23 17:44:42,491 [INFO] eva.adam.watcher: 📡 skill:created: /home/aza/.hermes/skills/handoff/README.md (created)
2026-07-23 17:44:42,492 [INFO] eva.adam.watcher: 📡 skill:created: /home/aza/.hermes/skills/handoff/assets/example_handoff.md (created)
2026-07-23 17:44:42,492 [INFO] eva.adam.watcher: 📡 skill:created: /home/aza/.hermes/skills/handoff/references/handoff_prompt.md (created)
2026-07-23 17:44:42,492 [INFO] eva.adam.watcher: 📡 skill:created: /home/aza/.hermes/skills/handoff/references/redaction_checklist.md (created)
2026-07-23 17:44:42,492 [INFO] eva.adam.watcher: 📡 skill:created: /home/aza/.hermes/skills/handoff/references/deduplication_discipline.md (created)
2026-07-23 17:44:42,492 [INFO] eva.adam.watcher: 📡 skill:created: /home/aza/.hermes/skills/handoff/references/configuration.md (created)
2026-07-23 17:44:42,492 [INFO] eva.adam.watcher: 📡 skill:created: /home/aza/.hermes/skills/handoff/references/handoff_structure.md (created)
2026-07-23 17:44:42,492 [INFO] eva.adam.watcher: 📡 skill:created: /home/aza/.hermes/skills/performance-profiler/SKILL.md (created)
2026-07-23 17:44:42,492 [INFO] eva.adam.watcher: 📡 skill:created: /home/aza/.hermes/skills/performance-profiler/references/profiling-recipes.md (created)
2026-07-23 17:44:42,493 [INFO] eva.adam.watcher: 📡 skill:created: /home/aza/.hermes/skills/performance-profiler/references/optimization-playbook.md (created)
2026-07-23 17:44:42,493 [INFO] eva.adam.watcher: 📡 skill:created: /home/aza/.hermes/skills/rag-architect/SKILL.md (created)
2026-07-23 17:44:42,493 [INFO] eva.adam.watcher: 📡 skill:created: /home/aza/.hermes/skills/rag-architect/references/rag_evaluation_framework.md (created)
2026-07-23 17:44:42,493 [INFO] eva.adam.watcher: 📡 skill:created: /home/aza/.hermes/skills/rag-architect/references/chunking_strategies_comparison.md (created)
2026-07-23 17:44:42,493 [INFO] eva.adam.watcher: 📡 skill:created: /home/aza/.hermes/skills/rag-architect/references/embedding_model_benchmark.md (created)
2026-07-23 17:44:42,493 [INFO] eva.adam.watcher: 📡 skill:created: /home/aza/.hermes/skills/grants/SKILL.md (created)
2026-07-23 17:44:42,493 [INFO] eva.adam.watcher: 📡 skill:created: /home/aza/.hermes/skills/grants/references/nih_mechanism_matching.md (created)
2026-07-23 17:44:42,494 [INFO] eva.adam.watcher: 📡 skill:created: /home/aza/.hermes/skills/grants/references/reporter_post_patterns.md (created)
2026-07-23 17:44:42,494 [INFO] eva.adam.watcher: 📡 skill:created: /home/aza/.hermes/skills/grants/references/docx_9_sections.md (created)
2026-07-23 17:44:42,494 [INFO] eva.adam.watcher: 📡 skill:created: /home/aza/.hermes/skills/slo-architect/SKILL.md (created)
2026-07-23 17:44:42,494 [INFO] eva.adam.watcher: 📡 skill:created: /home/aza/.hermes/skills/slo-architect/assets/error_budget_policy.md (created)
2026-07-23 17:44:42,494 [INFO] eva.adam.watcher: 📡 skill:created: /home/aza/.hermes/skills/slo-architect/references/sli_design.md (created)
2026-07-23 17:44:42,494 [INFO] eva.adam.watcher: 📡 skill:created: /home/aza/.hermes/skills/slo-architect/references/composition.md (created)
2026-07-23 17:44:42,494 [INFO] eva.adam.watcher: 📡 skill:created: /home/aza/.hermes/skills/slo-architect/references/error_budget.md (created)
2026-07-23 17:44:42,494 [INFO] eva.adam.watcher: 📡 skill:created: /home/aza/.hermes/skills/slo-architect/references/slo_principles.md (created)
2026-07-23 17:44:42,494 [INFO] eva.adam.watcher: 📡 skill:created: /home/aza/.hermes/skills/changelog-generator/SKILL.md (created)
2026-07-23 17:44:42,495 [INFO] eva.adam.watcher: 📡 skill:created: /home/aza/.hermes/skills/changelog-generator/README.md (created)
2026-07-23 17:44:42,495 [INFO] eva.adam.watcher: 📡 skill:created: /home/aza/.hermes/skills/changelog-generator/references/ci-integration.md (created)
2026-07-23 17:44:42,495 [INFO] eva.adam.watcher: 📡 skill:created: /home/aza/.hermes/skills/changelog-generator/references/changelog-formatting-guide.md (created)
2026-07-23 17:44:42,495 [INFO] eva.adam.watcher: 📡 skill:created: /home/aza/.hermes/skills/changelog-generator/references/hotfix-procedures.md (created)
2026-07-23 17:44:42,495 [INFO] eva.adam.watcher: 📡 skill:created: /home/aza/.hermes/skills/changelog-generator/references/monorepo-strategy.md (created)
2026-07-23 17:44:42,495 [INFO] eva.adam.watcher: 📡 skill:created: /home/aza/.hermes/skills/weekly-review/SKILL.md (created)
2026-07-23 17:44:42,495 [INFO] eva.adam.watcher: 📡 skill:created: /home/aza/.hermes/skills/weekly-review/assets/weekly_review_checklist.md (created)
2026-07-23 17:44:42,496 [INFO] eva.adam.watcher: 📡 skill:created: /home/aza/.hermes/skills/weekly-review/assets/example_weekly_review.md (created)
2026-07-23 17:44:42,496 [INFO] eva.adam.watcher: 📡 skill:created: /home/aza/.hermes/skills/weekly-review/references/review_cadence_design.md (created)
2026-07-23 17:44:42,496 [INFO] eva.adam.watcher: 📡 skill:created: /home/aza/.hermes/skills/weekly-review/references/gtd_weekly_review_canon.md (created)
2026-07-23 17:44:42,496 [INFO] eva.adam.watcher: 📡 skill:created: /home/aza/.hermes/skills/weekly-review/references/open_loop_psychology.md (created)
2026-07-23 17:44:42,497 [INFO] eva.adam.watcher: 📡 skill:created: /home/aza/.hermes/skills/dossier/SKILL.md (created)
2026-07-23 17:44:42,497 [INFO] eva.adam.watcher: 📡 skill:created: /home/aza/.hermes/skills/dossier/references/conversation_hook_quality.md (created)
2026-07-23 17:44:42,497 [INFO] eva.adam.watcher: 📡 skill:created: /home/aza/.hermes/skills/dossier/references/hypothesis_testing_discipline.md (created)
2026-07-23 17:44:42,498 [INFO] eva.adam.watcher: 📡 skill:created: /home/aza/.hermes/skills/dossier/references/subject_type_source_matrix.md (created)
2026-07-23 17:44:42,498 [INFO] eva.adam.watcher: 📡 skill:created: /home/aza/.hermes/skills/monorepo-navigator/SKILL.md (created)
2026-07-23 17:44:42,498 [INFO] eva.adam.watcher: 📡 skill:created: /home/aza/.hermes/skills/monorepo-navigator/references/monorepo-tooling-reference.md (created)
2026-07-23 17:44:42,498 [INFO] eva.adam.watcher: 📡 skill:created: /home/aza/.hermes/skills/monorepo-navigator/references/monorepo-patterns.md (created)
2026-07-23 17:44:42,498 [INFO] eva.adam.watcher: 📡 skill:created: /home/aza/.hermes/skills/sales-engineer/SKILL.md (created)
2026-07-23 17:44:42,498 [INFO] eva.adam.watcher: 📡 skill:created: /home/aza/.hermes/skills/sales-engineer/assets/poc_scorecard_template.md (created)
2026-07-23 17:44:42,498 [INFO] eva.adam.watcher: 📡 skill:created: /home/aza/.hermes/skills/sales-engineer/assets/demo_script_template.md (created)
2026-07-23 17:44:42,498 [INFO] eva.adam.watcher: 📡 skill:created: /home/aza/.hermes/skills/sales-engineer/assets/technical_proposal_template.md (created)
2026-07-23 17:44:42,499 [INFO] eva.adam.watcher: 📡 skill:created: /home/aza/.hermes/skills/sales-engineer/references/competitive-positioning-framework.md (created)
2026-07-23 17:44:42,499 [INFO] eva.adam.watcher: 📡 skill:created: /home/aza/.hermes/skills/sales-engineer/references/poc-best-practices.md (created)
2026-07-23 17:44:42,499 [INFO] eva.adam.watcher: 📡 skill:created: /home/aza/.hermes/skills/sales-engineer/references/rfp-response-guide.md (created)
2026-07-23 17:44:42,499 [INFO] eva.adam.watcher: 📡 skill:created: /home/aza/.hermes/skills/skill-security-auditor/SKILL.md (created)
2026-07-23 17:44:42,499 [INFO] eva.adam.watcher: 📡 skill:created: /home/aza/.hermes/skills/skill-security-auditor/references/threat-model.md (created)
2026-07-23 17:44:42,499 [INFO] eva.adam.watcher: 📡 skill:created: /home/aza/.hermes/skills/tc-tracker/SKILL.md (created)
2026-07-23 17:44:42,499 [INFO] eva.adam.watcher: 📡 skill:created: /home/aza/.hermes/skills/tc-tracker/README.md (created)
2026-07-23 17:44:42,499 [INFO] eva.adam.watcher: 📡 skill:created: /home/aza/.hermes/skills/tc-tracker/references/tc-schema.md (created)
2026-07-23 17:44:42,499 [INFO] eva.adam.watcher: 📡 skill:created: /home/aza/.hermes/skills/tc-tracker/references/handoff-format.md (created)
2026-07-23 17:44:42,500 [INFO] eva.adam.watcher: 📡 skill:created: /home/aza/.hermes/skills/tc-tracker/references/lifecycle.md (created)
2026-07-23 17:44:42,840 [INFO] eva.adam.watcher: 📡 file:created: /home/aza/.hermes/hermes-agent/skills/dependency-auditor/test-inventory.json (created)
2026-07-23 17:44:42,840 [INFO] eva.adam.watcher: 📡 file:created: /home/aza/.hermes/hermes-agent/skills/dependency-auditor/assets/sample_package.json (created)
2026-07-23 17:44:42,840 [INFO] eva.adam.watcher: 📡 file:created: /home/aza/.hermes/hermes-agent/skills/dependency-auditor/expected_outputs/sample_vulnerability_report.json (created)
2026-07-23 17:44:42,840 [INFO] eva.adam.watcher: 📡 file:created: /home/aza/.hermes/hermes-agent/skills/dependency-auditor/test-project/package.json (created)
2026-07-23 17:44:42,841 [INFO] eva.adam.watcher: 📡 file:created: /home/aza/.hermes/hermes-agent/skills/customer-success-manager/assets/expected_output.json (created)
2026-07-23 17:44:42,841 [INFO] eva.adam.watcher: 📡 file:created: /home/aza/.hermes/hermes-agent/skills/customer-success-manager/assets/sample_customer_data.json (created)
2026-07-23 17:44:42,841 [INFO] eva.adam.watcher: 📡 file:created: /home/aza/.hermes/hermes-agent/skills/tech-debt-tracker/assets/historical_debt_2024-02-01.json (created)
2026-07-23 17:44:42,841 [INFO] eva.adam.watcher: 📡 file:created: /home/aza/.hermes/hermes-agent/skills/tech-debt-tracker/assets/historical_debt_2024-01-15.json (created)
2026-07-23 17:44:42,841 [INFO] eva.adam.watcher: 📡 file:created: /home/aza/.hermes/hermes-agent/skills/tech-debt-tracker/assets/sample_debt_inventory.json (created)
2026-07-23 17:44:42,841 [INFO] eva.adam.watcher: 📡 file:created: /home/aza/.hermes/hermes-agent/skills/tech-debt-tracker/expected_outputs/sample_prioritization_output.json (created)
2026-07-23 17:44:42,841 [INFO] eva.adam.watcher: 📡 file:created: /home/aza/.hermes/hermes-agent/skills/tech-debt-tracker/expected_outputs/sample_scan_output.json (created)
2026-07-23 17:44:42,841 [INFO] eva.adam.watcher: 📡 file:created: /home/aza/.hermes/hermes-agent/skills/tech-debt-tracker/expected_outputs/sample_dashboard_output.json (created)
2026-07-23 17:44:42,841 [INFO] eva.adam.watcher: 📡 file:created: /home/aza/.hermes/hermes-agent/skills/observability-designer/assets/sample_service_web.json (created)
2026-07-23 17:44:42,842 [INFO] eva.adam.watcher: 📡 file:created: /home/aza/.hermes/hermes-agent/skills/observability-designer/assets/sample_service_api.json (created)
2026-07-23 17:44:42,842 [INFO] eva.adam.watcher: 📡 file:created: /home/aza/.hermes/hermes-agent/skills/observability-designer/assets/sample_alerts.json (created)
2026-07-23 17:44:42,842 [INFO] eva.adam.watcher: 📡 file:created: /home/aza/.hermes/hermes-agent/skills/observability-designer/expected_outputs/sample_dashboard.json (created)
2026-07-23 17:44:42,842 [INFO] eva.adam.watcher: 📡 file:created: /home/aza/.hermes/hermes-agent/skills/observability-designer/expected_outputs/sample_slo_framework.json (created)
2026-07-23 17:44:42,842 [INFO] eva.adam.watcher: 📡 file:created: /home/aza/.hermes/hermes-agent/skills/migration-architect/assets/database_schema_after.json (created)
2026-07-23 17:44:42,842 [INFO] eva.adam.watcher: 📡 file:created: /home/aza/.hermes/hermes-agent/skills/migration-architect/assets/database_schema_before.json (created)
2026-07-23 17:44:42,842 [INFO] eva.adam.watcher: 📡 file:created: /home/aza/.hermes/hermes-agent/skills/migration-architect/assets/sample_database_migration.json (created)
2026-07-23 17:44:42,842 [INFO] eva.adam.watcher: 📡 file:created: /home/aza/.hermes/hermes-agent/skills/migration-architect/assets/sample_service_migration.json (created)
2026-07-23 17:44:42,842 [INFO] eva.adam.watcher: 📡 file:created: /home/aza/.hermes/hermes-agent/skills/migration-architect/expected_outputs/sample_service_migration_plan.json (created)
2026-07-23 17:44:42,843 [INFO] eva.adam.watcher: 📡 file:created: /home/aza/.hermes/hermes-agent/skills/migration-architect/expected_outputs/sample_database_migration_plan.json (created)
2026-07-23 17:44:42,843 [INFO] eva.adam.watcher: 📡 file:created: /home/aza/.hermes/hermes-agent/skills/migration-architect/expected_outputs/schema_compatibility_report.json (created)
2026-07-23 17:44:42,843 [INFO] eva.adam.watcher: 📡 file:created: /home/aza/.hermes/hermes-agent/skills/migration-architect/expected_outputs/rollback_runbook.json (created)
2026-07-23 17:44:42,843 [INFO] eva.adam.watcher: 📡 file:created: /home/aza/.hermes/hermes-agent/skills/loop-library/agents/openai.yaml (created)
2026-07-23 17:44:42,843 [INFO] eva.adam.watcher: 📡 file:created: /home/aza/.hermes/hermes-agent/skills/financial-analyst/assets/expected_output.json (created)
2026-07-23 17:44:42,843 [INFO] eva.adam.watcher: 📡 file:created: /home/aza/.hermes/hermes-agent/skills/financial-analyst/assets/sample_financial_data.json (created)
2026-07-23 17:44:42,843 [INFO] eva.adam.watcher: 📡 file:created: /home/aza/.hermes/hermes-agent/skills/revenue-operations/assets/expected_output.json (created)
2026-07-23 17:44:42,843 [INFO] eva.adam.watcher: 📡 file:created: /home/aza/.hermes/hermes-agent/skills/revenue-operations/assets/sample_forecast_data.json (created)
2026-07-23 17:44:42,843 [INFO] eva.adam.watcher: 📡 file:created: /home/aza/.hermes/hermes-agent/skills/revenue-operations/assets/sample_pipeline_data.json (created)
2026-07-23 17:44:42,843 [INFO] eva.adam.watcher: 📡 file:created: /home/aza/.hermes/hermes-agent/skills/revenue-operations/assets/sample_gtm_data.json (created)
2026-07-23 17:44:42,844 [INFO] eva.adam.watcher: 📡 file:created: /home/aza/.hermes/hermes-agent/skills/slo-architect/assets/slo_template.yaml (created)
2026-07-23 17:44:42,844 [INFO] eva.adam.watcher: 📡 file:created: /home/aza/.hermes/hermes-agent/skills/sales-engineer/assets/expected_output.json (created)
2026-07-23 17:44:42,844 [INFO] eva.adam.watcher: 📡 file:created: /home/aza/.hermes/hermes-agent/skills/sales-engineer/assets/sample_rfp_data.json (created)
2026-07-23 17:44:53,709 [INFO] eva.adam.watcher: 📡 skill:created: /home/aza/.hermes/skills/universal-scraping-architect/SKILL.md (created)
2026-07-23 17:44:53,709 [INFO] eva.adam.watcher: 📡 skill:created: /home/aza/.hermes/skills/universal-scraping-architect/references/local-extraction-patterns.md (created)
2026-07-23 17:44:53,709 [INFO] eva.adam.watcher: 📡 skill:created: /home/aza/.hermes/skills/universal-scraping-architect/references/firecrawl-technical-guide.md (created)
2026-07-23 17:44:53,709 [INFO] eva.adam.watcher: 📡 skill:created: /home/aza/.hermes/skills/universal-scraping-architect/references/scraping-ethics-security.md (created)
2026-07-23 17:44:59,322 [INFO] eva.adam.watcher: 📡 skill:created: /home/aza/.hermes/skills/agents/adam-v2-infrastructure/references/external-skills-repo.md (created)
2026-07-23 17:44:59,667 [INFO] eva.adam.watcher: 📡 config:changed: /home/aza/.hermes/hermes-agent/skills/.usage.json (modified)
2026-07-23 17:45:10,547 [INFO] eva.adam.watcher: 📡 skill:updated: /home/aza/.hermes/skills/agents/adam-v2-infrastructure/SKILL.md (modified)
2026-07-23 17:45:10,891 [INFO] eva.adam.watcher: 📡 config:changed: /home/aza/.hermes/hermes-agent/skills/.usage.json (modified)
2026-07-23 17:46:12,619 [INFO] eva.adam.watcher: 📡 file:created: /home/aza/.hermes/.skills_prompt_snapshot.json (created)
2026-07-23 17:46:29,574 [INFO] eva.adam.watcher: 📡 config:changed: /home/aza/.hermes/channel_directory.json (modified)
2026-07-23 17:51:27,427 [INFO] eva.adam.watcher: 📡 config:changed: /home/aza/.hermes/channel_directory.json (modified)
2026-07-23 17:56:30,602 [INFO] eva.adam.watcher: 📡 config:changed: /home/aza/.hermes/channel_directory.json (modified)
2026-07-23 18:01:27,937 [INFO] eva.adam.watcher: 📡 config:changed: /home/aza/.hermes/channel_directory.json (modified)
2026-07-23 18:02:12,823 [INFO] eva.adam.watcher: 📡 config:changed: /home/aza/.hermes/gateway_state.json (modified)
2026-07-23 18:02:12,824 [INFO] eva.adam.watcher: 📡 config:changed: /home/aza/.hermes/state/rich_sent_index.json (modified)
2026-07-23 18:02:12,825 [INFO] eva.adam.watcher: 📡 config:changed: /home/aza/.hermes/sessions/sessions.json (modified)
2026-07-23 18:02:29,658 [INFO] eva.adam.watcher: 📡 config:changed: /home/aza/.hermes/hermes-agent/skills/.usage.json (modified)
2026-07-23 18:02:40,877 [INFO] eva.adam.watcher: 📡 config:changed: /home/aza/.hermes/hermes-agent/skills/.usage.json (modified)
2026-07-23 18:03:08,936 [INFO] eva.adam.watcher: 📡 config:changed: /home/aza/.hermes/hermes-agent/skills/.usage.json (modified)
2026-07-23 18:03:25,769 [INFO] eva.adam.watcher: 📡 config:changed: /home/aza/.hermes/hermes-agent/skills/.usage.json (modified)
2026-07-23 18:04:21,552 [INFO] eva.adam.watcher: 📡 skill:updated: /home/aza/.hermes/skills/agents/adam-v2-infrastructure/references/external-skills-repo.md (modified)
2026-07-23 18:04:21,895 [INFO] eva.adam.watcher: 📡 config:changed: /home/aza/.hermes/hermes-agent/skills/.usage.json (modified)
2026-07-23 18:04:22,119 [INFO] eva.adam.watcher: 📡 file:deleted: /home/aza/.hermes/.skills_prompt_snapshot.json (deleted)
2026-07-23 18:04:27,162 [INFO] eva.adam.watcher: 📡 skill:updated: /home/aza/.hermes/skills/agents/adam-v2-infrastructure/SKILL.md (modified)
2026-07-23 18:04:27,506 [INFO] eva.adam.watcher: 📡 config:changed: /home/aza/.hermes/hermes-agent/skills/.usage.json (modified)
2026-07-23 18:04:55,575 [INFO] eva.adam.watcher: 📡 config:changed: /home/aza/.hermes/hermes-agent/skills/.usage.json (modified)
2026-07-23 18:05:01,192 [INFO] eva.adam.watcher: 📡 config:changed: /home/aza/.hermes/hermes-agent/skills/.usage.json (modified)
2026-07-23 18:06:30,957 [INFO] eva.adam.watcher: 📡 config:changed: /home/aza/.hermes/channel_directory.json (modified)
2026-07-23 18:06:42,199 [INFO] eva.adam.watcher: 📡 config:changed: /home/aza/.hermes/hermes-agent/skills/.usage.json (modified)
2026-07-23 18:07:04,300 [INFO] eva.adam.watcher: 📡 skill:updated: /home/aza/.hermes/skills/agents/adam-v2-infrastructure/SKILL.md (modified)
2026-07-23 18:07:04,645 [INFO] eva.adam.watcher: 📡 config:changed: /home/aza/.hermes/hermes-agent/skills/.usage.json (modified)
2026-07-23 18:11:28,238 [INFO] eva.adam.watcher: 📡 config:changed: /home/aza/.hermes/channel_directory.json (modified)
2026-07-23 18:16:31,138 [INFO] eva.adam.watcher: 📡 config:changed: /home/aza/.hermes/channel_directory.json (modified)
2026-07-23 18:19:02,529 [INFO] eva.adam.watcher: 📡 config:changed: /home/aza/.hermes/gateway_state.json (modified)
2026-07-23 18:19:02,529 [INFO] eva.adam.watcher: 📡 config:changed: /home/aza/.hermes/cache/openrouter_model_metadata.json (modified)
2026-07-23 18:19:02,531 [INFO] eva.adam.watcher: 📡 config:changed: /home/aza/.hermes/sessions/sessions.json (modified)
2026-07-23 18:21:28,383 [INFO] eva.adam.watcher: 📡 config:changed: /home/aza/.hermes/channel_directory.json (modified)
2026-07-23 18:22:02,053 [INFO] eva.adam.watcher: 📡 config:changed: /home/aza/.hermes/gateway_state.json (modified)
2026-07-23 18:22:02,053 [INFO] eva.adam.watcher: 📡 config:changed: /home/aza/.hermes/state/rich_sent_index.json (modified)
2026-07-23 18:22:02,055 [INFO] eva.adam.watcher: 📡 config:changed: /home/aza/.hermes/sessions/sessions.json (modified)
2026-07-23 18:22:30,099 [INFO] eva.adam.watcher: 📡 config:changed: /home/aza/.hermes/gateway_state.json (modified)
2026-07-23 18:22:30,101 [INFO] eva.adam.watcher: 📡 config:changed: /home/aza/.hermes/sessions/sessions.json (modified)
2026-07-23 18:22:46,934 [INFO] eva.adam.watcher: 📡 config:changed: /home/aza/.hermes/gateway_state.json (modified)
2026-07-23 18:22:46,936 [INFO] eva.adam.watcher: 📡 config:changed: /home/aza/.hermes/sessions/sessions.json (modified)
2026-07-23 18:23:26,189 [INFO] eva.adam.watcher: 📡 config:changed: /home/aza/.hermes/gateway_state.json (modified)
2026-07-23 18:23:26,191 [INFO] eva.adam.watcher: 📡 config:changed: /home/aza/.hermes/sessions/sessions.json (modified)
2026-07-23 18:23:54,239 [INFO] eva.adam.watcher: 📡 config:changed: /home/aza/.hermes/gateway_state.json (modified)
2026-07-23 18:23:54,241 [INFO] eva.adam.watcher: 📡 config:changed: /home/aza/.hermes/sessions/sessions.json (modified)
2026-07-23 18:23:59,853 [INFO] eva.adam.watcher: 📡 config:changed: /home/aza/.hermes/state/rich_sent_index.json (modified)
2026-07-23 18:26:25,698 [INFO] eva.adam.watcher: 📡 config:changed: /home/aza/.hermes/channel_directory.json (modified)
2026-07-23 18:26:25,698 [INFO] eva.adam.watcher: 📡 config:changed: /home/aza/.hermes/gateway_state.json (modified)
2026-07-23 18:26:25,700 [INFO] eva.adam.watcher: 📡 config:changed: /home/aza/.hermes/sessions/sessions.json (modified)
2026-07-23 18:27:04,974 [INFO] eva.adam.watcher: 📡 config:changed: /home/aza/.hermes/gateway_state.json (modified)
2026-07-23 18:27:04,974 [INFO] eva.adam.watcher: 📡 config:changed: /home/aza/.hermes/state/rich_sent_index.json (modified)
2026-07-23 18:27:04,976 [INFO] eva.adam.watcher: 📡 config:changed: /home/aza/.hermes/sessions/sessions.json (modified)
2026-07-23 18:28:01,072 [INFO] eva.adam.watcher: 📡 config:changed: /home/aza/.hermes/gateway_state.json (modified)
2026-07-23 18:28:01,074 [INFO] eva.adam.watcher: 📡 config:changed: /home/aza/.hermes/sessions/sessions.json (modified)
2026-07-23 18:29:53,304 [INFO] eva.adam.watcher: 📡 config:changed: /home/aza/.hermes/gateway_state.json (modified)
2026-07-23 18:29:53,304 [INFO] eva.adam.watcher: 📡 config:changed: /home/aza/.hermes/state/rich_sent_index.json (modified)
2026-07-23 18:29:53,306 [INFO] eva.adam.watcher: 📡 config:changed: /home/aza/.hermes/sessions/sessions.json (modified)
2026-07-23 18:30:21,355 [INFO] eva.adam.watcher: 📡 config:changed: /home/aza/.hermes/gateway_state.json (modified)
2026-07-23 18:30:21,357 [INFO] eva.adam.watcher: 📡 config:changed: /home/aza/.hermes/sessions/sessions.json (modified)
2026-07-23 18:31:28,695 [INFO] eva.adam.watcher: 📡 config:changed: /home/aza/.hermes/channel_directory.json (modified)
2026-07-23 18:34:33,445 [INFO] eva.adam.watcher: 📡 file:changed: /home/aza/scripts/critic-review.py (modified)
2026-07-23 18:35:35,124 [INFO] eva.adam.watcher: 📡 file:changed: /home/aza/scripts/cicd-hook.sh (modified)
2026-07-23 18:36:26,029 [INFO] eva.adam.watcher: 📡 config:changed: /home/aza/.hermes/channel_directory.json (modified)
2026-07-23 18:36:37,252 [INFO] eva.adam.watcher: 📡 file:created: /home/aza/.hermes/.skills_prompt_snapshot.json (created)
2026-07-23 18:39:53,291 [INFO] eva.adam.watcher: 📡 file:changed: /home/aza/scripts/treasurer-track.py (modified)
2026-07-23 18:41:29,032 [INFO] eva.adam.watcher: 📡 config:changed: /home/aza/.hermes/channel_directory.json (modified)
2026-07-23 18:46:03,565 [INFO] eva.adam.watcher: 📡 file:changed: /home/aza/scripts/researcher-scan.py (modified)
2026-07-23 18:46:26,393 [INFO] eva.adam.watcher: 📡 config:changed: /home/aza/.hermes/channel_directory.json (modified)
2026-07-23 18:49:03,137 [INFO] eva.adam.watcher: 📡 file:changed: /home/aza/scripts/treasurer-track.py (modified)
2026-07-23 18:50:04,851 [INFO] eva.adam.watcher: 📡 file:changed: /home/aza/scripts/sentinel-scraper.py (modified)
2026-07-23 18:50:04,851 [INFO] eva.adam.watcher: 📡 file:changed: /home/aza/scripts/validate-skill-structure.py (modified)
2026-07-23 18:50:04,851 [INFO] eva.adam.watcher: 📡 file:changed: /home/aza/scripts/social-manage.py (modified)
2026-07-23 18:51:29,388 [INFO] eva.adam.watcher: 📡 config:changed: /home/aza/.hermes/channel_directory.json (modified)
2026-07-23 18:54:57,054 [INFO] eva.adam.watcher: 📡 config:changed: /home/aza/.hermes/processes.json (modified)
2026-07-23 18:55:19,491 [INFO] eva.adam.watcher: 📡 config:changed: /home/aza/.hermes/processes.json (modified)
2026-07-23 18:56:26,822 [INFO] eva.adam.watcher: 📡 config:changed: /home/aza/.hermes/channel_directory.json (modified)
2026-07-23 18:58:52,330 [INFO] eva.adam.watcher: 📡 file:changed: /home/aza/scripts/cicd-hook.sh (modified)
2026-07-23 18:59:31,605 [INFO] eva.adam.watcher: 📡 file:changed: /home/aza/scripts/cicd-hook.sh (modified)
2026-07-23 19:00:22,122 [INFO] eva.adam.watcher: 📡 file:changed: /home/aza/scripts/sentinel-scraper.py (modified)
2026-07-23 19:00:22,122 [INFO] eva.adam.watcher: 📡 file:changed: /home/aza/scripts/social-manage.py (modified)
2026-07-23 19:01:29,835 [INFO] eva.adam.watcher: 📡 config:changed: /home/aza/.hermes/channel_directory.json (modified)
2026-07-23 19:02:19,947 [INFO] eva.adam.watcher: 📡 file:changed: /home/aza/scripts/cicd-hook.sh (modified)
2026-07-23 19:03:38,508 [INFO] eva.adam.watcher: 📡 file:created: /home/aza/scripts/test-pipeline.py (created)
2026-07-23 19:03:44,117 [INFO] eva.adam.watcher: 📡 file:changed: /home/aza/scripts/test-pipeline.py (modified)
2026-07-23 19:04:18,401 [INFO] eva.adam.watcher: 📡 file:deleted: /home/aza/scripts/test-pipeline.py (deleted)
2026-07-23 19:05:31,136 [INFO] eva.adam.watcher: 📡 config:changed: /home/aza/.hermes/state/rich_sent_index.json (modified)
2026-07-23 19:06:16,010 [INFO] eva.adam.watcher: 📡 config:changed: /home/aza/.hermes/hermes-agent/skills/.usage.json (modified)
2026-07-23 19:06:27,247 [INFO] eva.adam.watcher: 📡 config:changed: /home/aza/.hermes/channel_directory.json (modified)
2026-07-23 19:06:38,470 [INFO] eva.adam.watcher: 📡 config:changed: /home/aza/.hermes/hermes-agent/skills/.usage.json (modified)
2026-07-23 19:06:49,683 [INFO] eva.adam.watcher: 📡 config:changed: /home/aza/.hermes/hermes-agent/skills/.usage.json (modified)
2026-07-23 19:07:51,008 [INFO] eva.adam.watcher: 📡 skill:created: /home/aza/.hermes/skills/agents/adam-v2-infrastructure/references/branching-agents-real-actions.md (created)
2026-07-23 19:07:51,349 [INFO] eva.adam.watcher: 📡 config:changed: /home/aza/.hermes/hermes-agent/skills/.usage.json (modified)
2026-07-23 19:07:51,572 [INFO] eva.adam.watcher: 📡 file:deleted: /home/aza/.hermes/.skills_prompt_snapshot.json (deleted)
2026-07-23 19:08:02,573 [INFO] eva.adam.watcher: 📡 config:changed: /home/aza/.hermes/hermes-agent/skills/.usage.json (modified)
2026-07-23 19:08:08,175 [INFO] eva.adam.watcher: 📡 config:changed: /home/aza/.hermes/hermes-agent/skills/.usage.json (modified)
2026-07-23 19:08:13,780 [INFO] eva.adam.watcher: 📡 file:created: /home/aza/.hermes/.skills_prompt_snapshot.json (created)
2026-07-23 19:08:13,782 [INFO] eva.adam.watcher: 📡 config:changed: /home/aza/.hermes/hermes-agent/skills/.usage.json (modified)
2026-07-23 19:08:30,266 [INFO] eva.adam.watcher: 📡 skill:updated: /home/aza/.hermes/skills/agents/adam-v2-infrastructure/SKILL.md (modified)
2026-07-23 19:08:30,612 [INFO] eva.adam.watcher: 📡 config:changed: /home/aza/.hermes/hermes-agent/skills/.usage.json (modified)
2026-07-23 19:08:30,835 [INFO] eva.adam.watcher: 📡 file:deleted: /home/aza/.hermes/.skills_prompt_snapshot.json (deleted)
2026-07-23 19:09:09,523 [INFO] eva.adam.watcher: 📡 skill:updated: /home/aza/.hermes/skills/agents/adam-v2-infrastructure/SKILL.md (modified)
2026-07-23 19:09:09,866 [INFO] eva.adam.watcher: 📡 config:changed: /home/aza/.hermes/hermes-agent/skills/.usage.json (modified)
2026-07-23 19:10:05,597 [INFO] eva.adam.watcher: 📡 skill:updated: /home/aza/.hermes/skills/agents/adam-v2-infrastructure/SKILL.md (modified)
2026-07-23 19:10:05,939 [INFO] eva.adam.watcher: 📡 config:changed: /home/aza/.hermes/hermes-agent/skills/.usage.json (modified)
2026-07-23 19:11:07,608 [INFO] eva.adam.watcher: 📡 config:changed: /home/aza/.hermes/gateway_state.json (modified)
2026-07-23 19:11:13,219 [INFO] eva.adam.watcher: 📡 config:changed: /home/aza/.hermes/gateway_state.json (modified)
2026-07-23 19:11:30,046 [INFO] eva.adam.watcher: 📡 config:changed: /home/aza/.hermes/channel_directory.json (modified)
2026-07-23 19:11:46,872 [INFO] eva.adam.watcher: 📡 config:changed: /home/aza/.hermes/gateway_state.json (modified)
2026-07-23 19:11:46,874 [INFO] eva.adam.watcher: 📡 config:changed: /home/aza/.hermes/sessions/sessions.json (modified)
2026-07-23 19:12:20,520 [INFO] eva.adam.watcher: 📡 file:created: /home/aza/.hermes/.skills_prompt_snapshot.json (created)
2026-07-23 19:16:27,340 [INFO] eva.adam.watcher: 📡 config:changed: /home/aza/.hermes/channel_directory.json (modified)
2026-07-23 19:19:04,323 [INFO] eva.adam.watcher: 📡 config:changed: /home/aza/.hermes/cache/openrouter_model_metadata.json (modified)
2026-07-23 19:19:09,551 [INFO] eva.adam.watcher: 📡 file:created: /home/aza/scripts/adam-red-challenge.py (created)
2026-07-23 19:21:30,165 [INFO] eva.adam.watcher: 📡 config:changed: /home/aza/.hermes/channel_directory.json (modified)
2026-07-23 19:23:56,082 [INFO] eva.adam.watcher: 📡 config:changed: /home/aza/.hermes/gateway_state.json (modified)
2026-07-23 19:23:56,082 [INFO] eva.adam.watcher: 📡 config:changed: /home/aza/.hermes/state/rich_sent_index.json (modified)
2026-07-23 19:23:56,084 [INFO] eva.adam.watcher: 📡 config:changed: /home/aza/.hermes/sessions/sessions.json (modified)
2026-07-23 19:25:03,424 [INFO] eva.adam.watcher: 📡 config:changed: /home/aza/.hermes/hermes-agent/skills/.usage.json (modified)
2026-07-23 19:26:27,589 [INFO] eva.adam.watcher: 📡 config:changed: /home/aza/.hermes/channel_directory.json (modified)
2026-07-23 19:27:06,884 [INFO] eva.adam.watcher: 📡 config:changed: /home/aza/.hermes/gateway_state.json (modified)
2026-07-23 19:27:06,886 [INFO] eva.adam.watcher: 📡 config:changed: /home/aza/.hermes/sessions/sessions.json (modified)
2026-07-23 19:31:30,532 [INFO] eva.adam.watcher: 📡 config:changed: /home/aza/.hermes/channel_directory.json (modified)
2026-07-23 19:32:26,616 [INFO] eva.adam.watcher: 📡 config:changed: /home/aza/.hermes/hermes-agent/skills/.usage.json (modified)
2026-07-23 19:35:03,392 [INFO] eva.adam.watcher: 📡 skill:updated: /home/aza/.hermes/skills/agents/helios-troubleshooting/SKILL.md (modified)
2026-07-23 19:35:03,738 [INFO] eva.adam.watcher: 📡 config:changed: /home/aza/.hermes/hermes-agent/skills/.usage.json (modified)
2026-07-23 19:35:03,970 [INFO] eva.adam.watcher: 📡 file:deleted: /home/aza/.hermes/.skills_prompt_snapshot.json (deleted)
2026-07-23 19:35:09,351 [INFO] eva.adam.watcher: 📡 config:changed: /home/aza/.hermes/state/rich_sent_index.json (modified)
2026-07-23 19:36:16,328 [INFO] eva.adam.watcher: 📡 skill:created: /home/aza/.hermes/skills/agents/adam-v2-infrastructure/references/adam-red-android-pentest.md (created)
2026-07-23 19:36:16,671 [INFO] eva.adam.watcher: 📡 config:changed: /home/aza/.hermes/hermes-agent/skills/.usage.json (modified)
2026-07-23 19:36:27,886 [INFO] eva.adam.watcher: 📡 config:changed: /home/aza/.hermes/channel_directory.json (modified)
2026-07-23 19:36:50,325 [INFO] eva.adam.watcher: 📡 file:created: /home/aza/.hermes/.skills_prompt_snapshot.json (created)
2026-07-23 19:37:18,367 [INFO] eva.adam.watcher: 📡 config:changed: /home/aza/.hermes/hermes-agent/skills/.usage.json (modified)
2026-07-23 19:37:29,582 [INFO] eva.adam.watcher: 📡 config:changed: /home/aza/.hermes/hermes-agent/skills/.usage.json (modified)
2026-07-23 19:39:10,622 [INFO] eva.adam.watcher: 📡 config:changed: /home/aza/.hermes/gateway_state.json (modified)
2026-07-23 19:39:10,622 [INFO] eva.adam.watcher: 📡 config:changed: /home/aza/.hermes/state/rich_sent_index.json (modified)
2026-07-23 19:39:10,624 [INFO] eva.adam.watcher: 📡 config:changed: /home/aza/.hermes/sessions/sessions.json (modified)
2026-07-23 19:41:30,850 [INFO] eva.adam.watcher: 📡 config:changed: /home/aza/.hermes/channel_directory.json (modified)
2026-07-23 19:42:32,537 [INFO] eva.adam.watcher: 📡 config:changed: /home/aza/.hermes/gateway_state.json (modified)
2026-07-23 19:42:32,539 [INFO] eva.adam.watcher: 📡 config:changed: /home/aza/.hermes/sessions/sessions.json (modified)
2026-07-23 19:46:28,164 [INFO] eva.adam.watcher: 📡 config:changed: /home/aza/.hermes/channel_directory.json (modified)
2026-07-23 19:47:52,386 [INFO] eva.adam.watcher: 📡 config:changed: /home/aza/.hermes/processes.json (modified)
2026-07-23 19:48:09,207 [INFO] eva.adam.watcher: 📡 config:changed: /home/aza/.hermes/processes.json (modified)
2026-07-23 19:51:27,412 [INFO] eva.adam.watcher: 📡 config:changed: /home/aza/.hermes/channel_directory.json (modified)
2026-07-23 19:56:13,428 [INFO] eva.adam.watcher: 📡 config:changed: /home/aza/.hermes/processes.json (modified)
2026-07-23 19:56:30,262 [INFO] eva.adam.watcher: 📡 config:changed: /home/aza/.hermes/channel_directory.json (modified)
2026-07-23 19:58:28,042 [INFO] eva.adam.watcher: 📡 config:changed: /home/aza/.hermes/hermes-agent/skills/.usage.json (modified)
2026-07-23 19:58:56,094 [INFO] eva.adam.watcher: 📡 config:changed: /home/aza/.hermes/hermes-agent/skills/.usage.json (modified)
2026-07-23 19:59:01,364 [INFO] eva.adam.watcher: 📡 skill:updated: /home/aza/.hermes/skills/multi-agent/adam-event-bus-system/SKILL.md (modified)
2026-07-23 19:59:01,714 [INFO] eva.adam.watcher: 📡 config:changed: /home/aza/.hermes/hermes-agent/skills/.usage.json (modified)
2026-07-23 19:59:01,935 [INFO] eva.adam.watcher: 📡 file:deleted: /home/aza/.hermes/.skills_prompt_snapshot.json (deleted)
2026-07-23 19:59:18,208 [INFO] eva.adam.watcher: 📡 skill:updated: /home/aza/.hermes/skills/multi-agent/adam-event-bus-system/SKILL.md (modified)
2026-07-23 19:59:18,555 [INFO] eva.adam.watcher: 📡 config:changed: /home/aza/.hermes/hermes-agent/skills/.usage.json (modified)
2026-07-23 19:59:35,039 [INFO] eva.adam.watcher: 📡 skill:updated: /home/aza/.hermes/skills/multi-agent/adam-event-bus-system/SKILL.md (modified)
2026-07-23 19:59:35,385 [INFO] eva.adam.watcher: 📡 file:created: /home/aza/.hermes/.skills_prompt_snapshot.json (created)
2026-07-23 19:59:35,388 [INFO] eva.adam.watcher: 📡 config:changed: /home/aza/.hermes/hermes-agent/skills/.usage.json (modified)
2026-07-23 19:59:51,872 [INFO] eva.adam.watcher: 📡 skill:created: /home/aza/.hermes/skills/multi-agent/adam-event-bus-system/references/rag-bridge-example.md (created)
2026-07-23 19:59:52,215 [INFO] eva.adam.watcher: 📡 config:changed: /home/aza/.hermes/hermes-agent/skills/.usage.json (modified)
2026-07-23 19:59:52,439 [INFO] eva.adam.watcher: 📡 file:deleted: /home/aza/.hermes/.skills_prompt_snapshot.json (deleted)
2026-07-23 20:00:03,088 [INFO] eva.adam.watcher: 📡 skill:updated: /home/aza/.hermes/skills/multi-agent/adam-event-bus-system/SKILL.md (modified)
2026-07-23 20:00:03,433 [INFO] eva.adam.watcher: 📡 config:changed: /home/aza/.hermes/hermes-agent/skills/.usage.json (modified)
2026-07-23 20:00:14,649 [INFO] eva.adam.watcher: 📡 config:changed: /home/aza/.hermes/hermes-agent/skills/.usage.json (modified)
2026-07-23 20:00:42,703 [INFO] eva.adam.watcher: 📡 file:created: /home/aza/.hermes/.skills_prompt_snapshot.json (created)
2026-07-23 20:01:27,562 [INFO] eva.adam.watcher: 📡 config:changed: /home/aza/.hermes/channel_directory.json (modified)
2026-07-23 20:01:50,003 [INFO] eva.adam.watcher: 📡 config:changed: /home/aza/.hermes/hermes-agent/skills/.usage.json (modified)
2026-07-23 20:02:17,698 [INFO] eva.adam.watcher: 📡 skill:created: /home/aza/.hermes/skills/cybersecurite/android-rooting-investigation/SKILL.md (created)
2026-07-23 20:02:18,047 [INFO] eva.adam.watcher: 📡 config:changed: /home/aza/.hermes/hermes-agent/skills/.usage.json (modified)
2026-07-23 20:02:18,270 [INFO] eva.adam.watcher: 📡 file:deleted: /home/aza/.hermes/.skills_prompt_snapshot.json (deleted)
2026-07-23 20:02:29,264 [INFO] eva.adam.watcher: 📡 file:created: /home/aza/.hermes/.skills_prompt_snapshot.json (created)
2026-07-23 20:02:46,092 [INFO] eva.adam.watcher: 📡 config:changed: /home/aza/.hermes/.skills_prompt_snapshot.json (modified)
2026-07-23 20:02:46,095 [INFO] eva.adam.watcher: 📡 config:changed: /home/aza/.hermes/hermes-agent/skills/.usage.json (modified)
2026-07-23 20:02:51,360 [INFO] eva.adam.watcher: 📡 skill:created: /home/aza/.hermes/skills/cybersecurite/android-rooting-investigation/references/nothing-phone-2-a065.md (created)
2026-07-23 20:02:51,925 [INFO] eva.adam.watcher: 📡 file:deleted: /home/aza/.hermes/.skills_prompt_snapshot.json (deleted)
2026-07-23 20:03:08,525 [INFO] eva.adam.watcher: 📡 config:changed: /home/aza/.hermes/hermes-agent/skills/.usage.json (modified)
2026-07-23 20:04:38,241 [INFO] eva.adam.watcher: 📡 file:created: /home/aza/.hermes/.skills_prompt_snapshot.json (created)
2026-07-23 20:06:30,378 [INFO] eva.adam.watcher: 📡 config:changed: /home/aza/.hermes/channel_directory.json (modified)
2026-07-23 20:11:27,611 [INFO] eva.adam.watcher: 📡 config:changed: /home/aza/.hermes/channel_directory.json (modified)
2026-07-23 20:16:30,498 [INFO] eva.adam.watcher: 📡 config:changed: /home/aza/.hermes/channel_directory.json (modified)
2026-07-23 20:19:13,193 [INFO] eva.adam.watcher: 📡 config:changed: /home/aza/.hermes/cache/openrouter_model_metadata.json (modified)
2026-07-23 20:21:27,823 [INFO] eva.adam.watcher: 📡 config:changed: /home/aza/.hermes/channel_directory.json (modified)
2026-07-23 20:26:30,679 [INFO] eva.adam.watcher: 📡 config:changed: /home/aza/.hermes/channel_directory.json (modified)
2026-07-23 20:31:27,955 [INFO] eva.adam.watcher: 📡 config:changed: /home/aza/.hermes/channel_directory.json (modified)
2026-07-23 20:33:59,415 [INFO] eva.adam.watcher: 📡 config:changed: /home/aza/.hermes/processes.json (modified)
2026-07-23 20:36:30,859 [INFO] eva.adam.watcher: 📡 config:changed: /home/aza/.hermes/channel_directory.json (modified)
2026-07-23 20:36:42,083 [INFO] eva.adam.watcher: 📡 config:changed: /home/aza/.hermes/hermes-agent/skills/.usage.json (modified)
2026-07-23 20:36:47,693 [INFO] eva.adam.watcher: 📡 config:changed: /home/aza/.hermes/hermes-agent/skills/.usage.json (modified)
2026-07-23 20:36:58,922 [INFO] eva.adam.watcher: 📡 config:changed: /home/aza/.hermes/hermes-agent/skills/.usage.json (modified)
2026-07-23 20:37:26,983 [INFO] eva.adam.watcher: 📡 config:changed: /home/aza/.hermes/hermes-agent/skills/.usage.json (modified)
2026-07-23 20:37:37,860 [INFO] eva.adam.watcher: 📡 skill:updated: /home/aza/.hermes/skills/cybersecurite/android-rooting-investigation/SKILL.md (modified)
2026-07-23 20:37:38,206 [INFO] eva.adam.watcher: 📡 config:changed: /home/aza/.hermes/hermes-agent/skills/.usage.json (modified)
2026-07-23 20:37:38,428 [INFO] eva.adam.watcher: 📡 file:deleted: /home/aza/.hermes/.skills_prompt_snapshot.json (deleted)
2026-07-23 20:37:54,690 [INFO] eva.adam.watcher: 📡 skill:updated: /home/aza/.hermes/skills/cybersecurite/android-rooting-investigation/SKILL.md (modified)
2026-07-23 20:37:55,035 [INFO] eva.adam.watcher: 📡 config:changed: /home/aza/.hermes/hermes-agent/skills/.usage.json (modified)
2026-07-23 20:38:05,906 [INFO] eva.adam.watcher: 📡 skill:updated: /home/aza/.hermes/skills/cybersecurite/android-rooting-investigation/SKILL.md (modified)
2026-07-23 20:38:06,262 [INFO] eva.adam.watcher: 📡 config:changed: /home/aza/.hermes/hermes-agent/skills/.usage.json (modified)
2026-07-23 20:38:11,528 [INFO] eva.adam.watcher: 📡 skill:updated: /home/aza/.hermes/skills/cybersecurite/android-rooting-investigation/SKILL.md (modified)
2026-07-23 20:38:11,872 [INFO] eva.adam.watcher: 📡 config:changed: /home/aza/.hermes/hermes-agent/skills/.usage.json (modified)
2026-07-23 20:38:39,583 [INFO] eva.adam.watcher: 📡 skill:created: /home/aza/.hermes/skills/cybersecurite/android-rooting-investigation/references/nothing-fastboot-lockup.md (created)
2026-07-23 20:38:39,930 [INFO] eva.adam.watcher: 📡 config:changed: /home/aza/.hermes/hermes-agent/skills/.usage.json (modified)
2026-07-23 20:39:24,459 [INFO] eva.adam.watcher: 📡 skill:created: /home/aza/.hermes/skills/cybersecurite/android-rooting-investigation/references/kernel-exploit-recon.md (created)
2026-07-23 20:39:24,806 [INFO] eva.adam.watcher: 📡 config:changed: /home/aza/.hermes/hermes-agent/skills/.usage.json (modified)
2026-07-23 20:39:41,630 [INFO] eva.adam.watcher: 📡 file:created: /home/aza/.hermes/.skills_prompt_snapshot.json (created)
2026-07-23 20:41:28,194 [INFO] eva.adam.watcher: 📡 config:changed: /home/aza/.hermes/channel_directory.json (modified)
2026-07-23 20:43:48,405 [INFO] eva.adam.watcher: 📡 config:changed: /home/aza/.hermes/processes.json (modified)
2026-07-23 20:44:38,865 [INFO] eva.adam.watcher: 📡 config:changed: /home/aza/.hermes/gateway_state.json (modified)
2026-07-23 20:44:38,865 [INFO] eva.adam.watcher: 📡 config:changed: /home/aza/.hermes/state/rich_sent_index.json (modified)
2026-07-23 20:44:38,867 [INFO] eva.adam.watcher: 📡 config:changed: /home/aza/.hermes/sessions/sessions.json (modified)
2026-07-23 20:44:44,477 [INFO] eva.adam.watcher: 📡 config:changed: /home/aza/.hermes/gateway_state.json (modified)
2026-07-23 20:44:44,479 [INFO] eva.adam.watcher: 📡 config:changed: /home/aza/.hermes/sessions/sessions.json (modified)
2026-07-23 20:46:31,021 [INFO] eva.adam.watcher: 📡 config:changed: /home/aza/.hermes/channel_directory.json (modified)
2026-07-23 20:51:28,200 [INFO] eva.adam.watcher: 📡 config:changed: /home/aza/.hermes/channel_directory.json (modified)
2026-07-23 20:56:31,005 [INFO] eva.adam.watcher: 📡 config:changed: /home/aza/.hermes/channel_directory.json (modified)
2026-07-23 21:01:28,296 [INFO] eva.adam.watcher: 📡 config:changed: /home/aza/.hermes/channel_directory.json (modified)
2026-07-23 21:05:57,365 [INFO] eva.adam.watcher: 📡 config:changed: /home/aza/.hermes/state/rich_sent_index.json (modified)
2026-07-23 21:06:31,014 [INFO] eva.adam.watcher: 📡 config:changed: /home/aza/.hermes/channel_directory.json (modified)
2026-07-23 21:06:36,625 [INFO] eva.adam.watcher: 📡 config:changed: /home/aza/.hermes/hermes-agent/skills/.usage.json (modified)
2026-07-23 21:06:47,840 [INFO] eva.adam.watcher: 📡 config:changed: /home/aza/.hermes/hermes-agent/skills/.usage.json (modified)
2026-07-23 21:06:53,450 [INFO] eva.adam.watcher: 📡 config:changed: /home/aza/.hermes/hermes-agent/skills/.usage.json (modified)
2026-07-23 21:09:13,381 [INFO] eva.adam.watcher: 📡 skill:created: /home/aza/.hermes/skills/cybersecurite/android-kernel-exploitation/SKILL.md (created)
2026-07-23 21:09:13,727 [INFO] eva.adam.watcher: 📡 config:changed: /home/aza/.hermes/hermes-agent/skills/.usage.json (modified)
2026-07-23 21:09:13,950 [INFO] eva.adam.watcher: 📡 file:deleted: /home/aza/.hermes/.skills_prompt_snapshot.json (deleted)
2026-07-23 21:09:58,581 [INFO] eva.adam.watcher: 📡 file:created: /home/aza/.hermes/.skills_prompt_snapshot.json (created)
2026-07-23 21:10:09,453 [INFO] eva.adam.watcher: 📡 skill:created: /home/aza/.hermes/skills/cybersecurite/android-kernel-exploitation/references/android-kernel-attack-surface.md (created)
2026-07-23 21:10:09,796 [INFO] eva.adam.watcher: 📡 config:changed: /home/aza/.hermes/hermes-agent/skills/.usage.json (modified)
2026-07-23 21:10:10,018 [INFO] eva.adam.watcher: 📡 file:deleted: /home/aza/.hermes/.skills_prompt_snapshot.json (deleted)
2026-07-23 21:10:48,700 [INFO] eva.adam.watcher: 📡 skill:updated: /home/aza/.hermes/skills/agents/adam-v2-infrastructure/SKILL.md (modified)
2026-07-23 21:10:49,043 [INFO] eva.adam.watcher: 📡 config:changed: /home/aza/.hermes/hermes-agent/skills/.usage.json (modified)
2026-07-23 21:11:28,291 [INFO] eva.adam.watcher: 📡 config:changed: /home/aza/.hermes/channel_directory.json (modified)
2026-07-23 21:12:07,542 [INFO] eva.adam.watcher: 📡 file:created: /home/aza/.hermes/.skills_prompt_snapshot.json (created)
2026-07-23 21:16:31,110 [INFO] eva.adam.watcher: 📡 config:changed: /home/aza/.hermes/channel_directory.json (modified)
2026-07-23 21:19:24,565 [INFO] eva.adam.watcher: 📡 file:changed: /home/aza/scripts/adam-red-challenge.py (modified)
2026-07-23 21:19:24,946 [INFO] eva.adam.watcher: 📡 config:changed: /home/aza/.hermes/cache/openrouter_model_metadata.json (modified)
2026-07-23 21:21:28,323 [INFO] eva.adam.watcher: 📡 config:changed: /home/aza/.hermes/channel_directory.json (modified)
2026-07-23 21:26:31,196 [INFO] eva.adam.watcher: 📡 config:changed: /home/aza/.hermes/channel_directory.json (modified)
2026-07-23 21:30:48,903 [INFO] eva.adam.watcher: 📡 file:changed: /home/aza/scripts/adam-red-challenge.py (modified)
2026-07-23 21:31:28,556 [INFO] eva.adam.watcher: 📡 config:changed: /home/aza/.hermes/channel_directory.json (modified)
2026-07-23 21:32:29,877 [INFO] eva.adam.watcher: 📡 file:changed: /home/aza/scripts/adam-red-challenge.py (modified)
2026-07-23 21:34:16,459 [INFO] eva.adam.watcher: 📡 file:changed: /home/aza/scripts/adam-red-challenge.py (modified)
2026-07-23 21:35:46,187 [INFO] eva.adam.watcher: 📡 file:changed: /home/aza/scripts/adam-red-challenge.py (modified)
2026-07-23 21:36:31,443 [INFO] eva.adam.watcher: 📡 config:changed: /home/aza/.hermes/channel_directory.json (modified)
2026-07-23 21:41:28,761 [INFO] eva.adam.watcher: 📡 config:changed: /home/aza/.hermes/channel_directory.json (modified)
2026-07-23 21:44:45,056 [INFO] eva.adam.watcher: 📡 config:changed: /home/aza/.hermes/gateway_state.json (modified)
2026-07-23 21:46:31,588 [INFO] eva.adam.watcher: 📡 config:changed: /home/aza/.hermes/channel_directory.json (modified)
2026-07-23 21:48:12,513 [INFO] eva.adam.watcher: 📡 config:changed: /home/aza/.hermes/gateway_state.json (modified)
2026-07-23 21:48:12,515 [INFO] eva.adam.watcher: 📡 config:changed: /home/aza/.hermes/sessions/sessions.json (modified)
2026-07-23 21:50:15,901 [INFO] eva.adam.watcher: 📡 config:changed: /home/aza/.hermes/state/rich_sent_index.json (modified)
2026-07-23 21:51:28,801 [INFO] eva.adam.watcher: 📡 config:changed: /home/aza/.hermes/channel_directory.json (modified)
2026-07-23 21:55:57,996 [INFO] eva.adam.watcher: 📡 config:changed: /home/aza/.hermes/processes.json (modified)
2026-07-23 21:56:26,031 [INFO] eva.adam.watcher: 📡 config:changed: /home/aza/.hermes/processes.json (modified)
2026-07-23 21:56:31,638 [INFO] eva.adam.watcher: 📡 config:changed: /home/aza/.hermes/channel_directory.json (modified)
2026-07-23 22:01:28,858 [INFO] eva.adam.watcher: 📡 config:changed: /home/aza/.hermes/channel_directory.json (modified)
2026-07-23 22:03:49,067 [INFO] eva.adam.watcher: 📡 config:changed: /home/aza/.hermes/gateway_state.json (modified)
2026-07-23 22:03:49,067 [INFO] eva.adam.watcher: 📡 config:changed: /home/aza/.hermes/state/rich_sent_index.json (modified)
2026-07-23 22:03:49,069 [INFO] eva.adam.watcher: 📡 config:changed: /home/aza/.hermes/sessions/sessions.json (modified)
2026-07-23 22:04:05,908 [INFO] eva.adam.watcher: 📡 config:changed: /home/aza/.hermes/hermes-agent/skills/.usage.json (modified)
2026-07-23 22:04:11,522 [INFO] eva.adam.watcher: 📡 config:changed: /home/aza/.hermes/hermes-agent/skills/.usage.json (modified)
2026-07-23 22:04:22,738 [INFO] eva.adam.watcher: 📡 config:changed: /home/aza/.hermes/hermes-agent/skills/.usage.json (modified)
2026-07-23 22:04:39,560 [INFO] eva.adam.watcher: 📡 config:changed: /home/aza/.hermes/hermes-agent/skills/.usage.json (modified)
2026-07-23 22:05:07,596 [INFO] eva.adam.watcher: 📡 config:changed: /home/aza/.hermes/.skills_prompt_snapshot.json (modified)
2026-07-23 22:05:07,599 [INFO] eva.adam.watcher: 📡 config:changed: /home/aza/.hermes/hermes-agent/skills/.usage.json (modified)
2026-07-23 22:05:12,866 [INFO] eva.adam.watcher: 📡 skill:created: /home/aza/.hermes/skills/agents/adam-v2-infrastructure/references/fix-handler-exit-codes.md (created)
2026-07-23 22:05:13,435 [INFO] eva.adam.watcher: 📡 file:deleted: /home/aza/.hermes/.skills_prompt_snapshot.json (deleted)
2026-07-23 22:05:29,700 [INFO] eva.adam.watcher: 📡 skill:updated: /home/aza/.hermes/skills/agents/adam-v2-infrastructure/SKILL.md (modified)
2026-07-23 22:05:30,044 [INFO] eva.adam.watcher: 📡 config:changed: /home/aza/.hermes/hermes-agent/skills/.usage.json (modified)
2026-07-23 22:06:31,738 [INFO] eva.adam.watcher: 📡 config:changed: /home/aza/.hermes/channel_directory.json (modified)
2026-07-23 22:11:29,006 [INFO] eva.adam.watcher: 📡 config:changed: /home/aza/.hermes/channel_directory.json (modified)
2026-07-23 22:16:03,807 [INFO] eva.adam.watcher: 📡 config:changed: /home/aza/.hermes/gateway_state.json (modified)
2026-07-23 22:16:03,809 [INFO] eva.adam.watcher: 📡 config:changed: /home/aza/.hermes/sessions/sessions.json (modified)
2026-07-23 22:16:31,833 [INFO] eva.adam.watcher: 📡 config:changed: /home/aza/.hermes/channel_directory.json (modified)
2026-07-23 22:18:52,085 [INFO] eva.adam.watcher: 📡 config:changed: /home/aza/.hermes/gateway_state.json (modified)
2026-07-23 22:18:52,086 [INFO] eva.adam.watcher: 📡 config:changed: /home/aza/.hermes/state/rich_sent_index.json (modified)
2026-07-23 22:18:52,087 [INFO] eva.adam.watcher: 📡 config:changed: /home/aza/.hermes/sessions/sessions.json (modified)
2026-07-23 22:21:29,134 [INFO] eva.adam.watcher: 📡 config:changed: /home/aza/.hermes/channel_directory.json (modified)
2026-07-23 22:25:30,251 [INFO] eva.adam.watcher: 📡 config:changed: /home/aza/.hermes/gateway_state.json (modified)
2026-07-23 22:25:30,253 [INFO] eva.adam.watcher: 📡 config:changed: /home/aza/.hermes/sessions/sessions.json (modified)
2026-07-23 22:25:47,074 [INFO] eva.adam.watcher: 📡 config:changed: /home/aza/.hermes/cache/openrouter_model_metadata.json (modified)
2026-07-23 22:26:31,935 [INFO] eva.adam.watcher: 📡 config:changed: /home/aza/.hermes/channel_directory.json (modified)
2026-07-23 22:26:43,149 [INFO] eva.adam.watcher: 📡 file:created: /home/aza/.hermes/.skills_prompt_snapshot.json (created)
2026-07-23 22:28:01,664 [INFO] eva.adam.watcher: 📡 config:changed: /home/aza/.hermes/state/rich_sent_index.json (modified)
2026-07-23 22:28:34,936 [INFO] eva.adam.watcher: 📡 file:changed: /home/aza/scripts/doctor-watch.py (modified)
2026-07-23 22:29:08,607 [INFO] eva.adam.watcher: 📡 file:changed: /home/aza/scripts/doctor-watch.py (modified)
2026-07-23 22:29:08,992 [INFO] eva.adam.watcher: 📡 config:changed: /home/aza/.hermes/processes.json (modified)
2026-07-23 22:29:14,218 [INFO] eva.adam.watcher: 📡 file:changed: /home/aza/scripts/adam-red-challenge.py (modified)
2026-07-23 22:29:14,600 [INFO] eva.adam.watcher: 📡 config:changed: /home/aza/.hermes/processes.json (modified)
2026-07-23 22:29:25,437 [INFO] eva.adam.watcher: 📡 file:changed: /home/aza/scripts/doctor-watch.py (modified)
2026-07-23 22:29:36,659 [INFO] eva.adam.watcher: 📡 file:changed: /home/aza/scripts/adam-red-challenge.py (modified)
2026-07-23 22:29:53,875 [INFO] eva.adam.watcher: 📡 config:changed: /home/aza/.hermes/hermes-agent/skills/.usage.json (modified)
2026-07-23 22:31:29,202 [INFO] eva.adam.watcher: 📡 config:changed: /home/aza/.hermes/channel_directory.json (modified)
2026-07-23 22:34:34,334 [INFO] eva.adam.watcher: 📡 config:changed: /home/aza/.hermes/hermes-agent/skills/.usage.json (modified)
2026-07-23 22:34:45,556 [INFO] eva.adam.watcher: 📡 config:changed: /home/aza/.hermes/hermes-agent/skills/.usage.json (modified)
2026-07-23 22:35:02,376 [INFO] eva.adam.watcher: 📡 config:changed: /home/aza/.hermes/processes.json (modified)
2026-07-23 22:35:02,379 [INFO] eva.adam.watcher: 📡 config:changed: /home/aza/.hermes/hermes-agent/skills/.usage.json (modified)
2026-07-23 22:35:07,982 [INFO] eva.adam.watcher: 📡 config:changed: /home/aza/.hermes/processes.json (modified)
2026-07-23 22:35:24,819 [INFO] eva.adam.watcher: 📡 config:changed: /home/aza/.hermes/hermes-agent/skills/.usage.json (modified)
2026-07-23 22:35:41,295 [INFO] eva.adam.watcher: 📡 skill:updated: /home/aza/.hermes/skills/multi-agent/adam-event-bus-system/SKILL.md (modified)
2026-07-23 22:35:41,639 [INFO] eva.adam.watcher: 📡 config:changed: /home/aza/.hermes/hermes-agent/skills/.usage.json (modified)
2026-07-23 22:35:41,863 [INFO] eva.adam.watcher: 📡 file:deleted: /home/aza/.hermes/.skills_prompt_snapshot.json (deleted)
2026-07-23 22:35:52,859 [INFO] eva.adam.watcher: 📡 config:changed: /home/aza/.hermes/hermes-agent/skills/.usage.json (modified)
2026-07-23 22:35:58,121 [INFO] eva.adam.watcher: 📡 skill:created: /home/aza/.hermes/skills/multi-agent/adam-event-bus-system/references/cron-periodic-trigger.md (created)
2026-07-23 22:36:04,085 [INFO] eva.adam.watcher: 📡 config:changed: /home/aza/.hermes/hermes-agent/skills/.usage.json (modified)
2026-07-23 22:36:14,957 [INFO] eva.adam.watcher: 📡 skill:updated: /home/aza/.hermes/skills/multi-agent/adam-event-bus-system/SKILL.md (modified)
2026-07-23 22:36:15,304 [INFO] eva.adam.watcher: 📡 config:changed: /home/aza/.hermes/hermes-agent/skills/.usage.json (modified)
2026-07-23 22:36:26,187 [INFO] eva.adam.watcher: 📡 skill:updated: /home/aza/.hermes/skills/multi-agent/adam-event-bus-system/SKILL.md (modified)
2026-07-23 22:36:26,534 [INFO] eva.adam.watcher: 📡 config:changed: /home/aza/.hermes/channel_directory.json (modified)
2026-07-23 22:36:26,536 [INFO] eva.adam.watcher: 📡 config:changed: /home/aza/.hermes/hermes-agent/skills/.usage.json (modified)
2026-07-23 22:36:43,034 [INFO] eva.adam.watcher: 📡 skill:updated: /home/aza/.hermes/skills/multi-agent/adam-event-bus-system/SKILL.md (modified)
2026-07-23 22:36:43,380 [INFO] eva.adam.watcher: 📡 config:changed: /home/aza/.hermes/hermes-agent/skills/.usage.json (modified)
2026-07-23 22:37:00,257 [INFO] eva.adam.watcher: 📡 file:created: /home/aza/.hermes/.skills_prompt_snapshot.json (created)
