[2026-07-23T06:39:29+00:00] [CYCLER] 🐝 Démarrage cycle (once=True)
[2026-07-23T06:39:29+00:00] [CYCLER] 📋 Cycle #1 — collecte métriques...
[2026-07-23T06:39:29+00:00] [CYCLER]   Disk: 62% | RAM: 6.8% | Load: 0.23 | GPUs: 2
[2026-07-23T06:39:29+00:00] [CYCLER] Event #69 → hardware:disk_alert
[2026-07-23T06:39:30+00:00] [CYCLER] Event #70 → hardware:gpu_alert
[2026-07-23T06:39:30+00:00] [CYCLER] Event #71 → hardware:ram_alert
[2026-07-23T06:39:46+00:00] [CYCLER] Event #75 → security:permission_drift
[2026-07-23T06:39:47+00:00] [CYCLER] Event #76 → security:suid_change
[2026-07-23T06:40:17+00:00] [CYCLER] Event #79 → osint:alert
[2026-07-23T06:41:08+00:00] [CYCLER] Event #81 → update:available
[2026-07-23T06:41:46+00:00] [CYCLER] 🐝 Démarrage cycle (once=False)
[2026-07-23T06:41:46+00:00] [CYCLER] 📋 Cycle #1 — collecte métriques...
[2026-07-23T06:41:47+00:00] [CYCLER]   Disk: 62% | RAM: 6.8% | Load: 0.19 | GPUs: 2
[2026-07-23T06:41:47+00:00] [CYCLER] Event #85 → hardware:disk_alert
[2026-07-23T06:41:47+00:00] [CYCLER] Event #86 → hardware:gpu_alert
[2026-07-23T06:41:48+00:00] [CYCLER] Event #87 → hardware:ram_alert
[2026-07-23T06:42:03+00:00] [CYCLER] Event #93 → security:permission_drift
[2026-07-23T06:42:04+00:00] [CYCLER] Event #94 → security:suid_change
[2026-07-23T06:42:34+00:00] [CYCLER] Event #103 → osint:alert
[2026-07-23T06:43:25+00:00] [CYCLER] Event #111 → update:available
[2026-07-23T06:44:35+00:00] [CYCLER] Event #129 → skill:broken
[2026-07-23T06:46:06+00:00] [CYCLER] Event #137 → service:down
[2026-07-23T06:46:06+00:00] [CYCLER] Event #138 → service:unhealthy
[2026-07-23T06:46:07+00:00] [CYCLER] ✅ Cycle #1 terminé — 10 events publiés
[2026-07-23T06:46:07+00:00] [CYCLER] 📋 Cycle #2 — collecte métriques...
[2026-07-23T06:46:07+00:00] [CYCLER]   Disk: 62% | RAM: 6.8% | Load: 0.29 | GPUs: 2
[2026-07-23T06:46:07+00:00] [CYCLER] Event #139 → hardware:disk_alert
[2026-07-23T06:46:07+00:00] [CYCLER] Event #140 → hardware:gpu_alert
[2026-07-23T06:46:08+00:00] [CYCLER] Event #141 → hardware:ram_alert
[2026-07-23T06:46:23+00:00] [CYCLER] Event #147 → security:permission_drift
[2026-07-23T06:46:24+00:00] [CYCLER] Event #148 → security:suid_change
[2026-07-23T06:46:54+00:00] [CYCLER] Event #153 → osint:alert
[2026-07-23T06:47:45+00:00] [CYCLER] Event #155 → update:available
[2026-07-23T06:48:55+00:00] [CYCLER] Event #157 → skill:broken
[2026-07-23T06:50:26+00:00] [CYCLER] Event #159 → service:down
[2026-07-23T06:50:26+00:00] [CYCLER] Event #160 → service:unhealthy
[2026-07-23T06:50:27+00:00] [CYCLER] ✅ Cycle #2 terminé — 10 events publiés
[2026-07-23T06:50:27+00:00] [CYCLER] 📋 Cycle #3 — collecte métriques...
[2026-07-23T06:50:27+00:00] [CYCLER]   Disk: 62% | RAM: 6.8% | Load: 0.21 | GPUs: 2
[2026-07-23T06:50:27+00:00] [CYCLER] Event #161 → hardware:disk_alert
[2026-07-23T06:50:27+00:00] [CYCLER] Event #162 → hardware:gpu_alert
[2026-07-23T06:50:28+00:00] [CYCLER] Event #163 → hardware:ram_alert
[2026-07-23T06:50:43+00:00] [CYCLER] Event #169 → security:permission_drift
[2026-07-23T06:50:44+00:00] [CYCLER] Event #170 → security:suid_change
[2026-07-23T06:51:14+00:00] [CYCLER] Event #173 → osint:alert
[2026-07-23T06:52:05+00:00] [CYCLER] Event #177 → update:available
[2026-07-23T06:53:16+00:00] [CYCLER] Event #183 → skill:broken
[2026-07-23T06:54:46+00:00] [CYCLER] Event #186 → service:down
[2026-07-23T06:54:47+00:00] [CYCLER] Event #187 → service:unhealthy
[2026-07-23T06:54:47+00:00] [CYCLER] ✅ Cycle #3 terminé — 10 events publiés
[2026-07-23T06:54:47+00:00] [CYCLER] 📋 Cycle #4 — collecte métriques...
[2026-07-23T06:54:47+00:00] [CYCLER]   Disk: 62% | RAM: 6.8% | Load: 0.38 | GPUs: 2
[2026-07-23T06:54:47+00:00] [CYCLER] Event #188 → hardware:disk_alert
[2026-07-23T06:54:48+00:00] [CYCLER] Event #189 → hardware:gpu_alert
[2026-07-23T06:54:48+00:00] [CYCLER] Event #190 → hardware:ram_alert
[2026-07-23T06:55:04+00:00] [CYCLER] Event #196 → security:permission_drift
[2026-07-23T06:55:04+00:00] [CYCLER] Event #197 → security:suid_change
[2026-07-23T06:55:35+00:00] [CYCLER] Event #200 → osint:alert
[2026-07-23T06:56:25+00:00] [CYCLER] Event #204 → update:available
[2026-07-23T06:57:36+00:00] [CYCLER] Event #212 → skill:broken
[2026-07-23T06:59:06+00:00] [CYCLER] Event #214 → service:down
[2026-07-23T06:59:07+00:00] [CYCLER] Event #215 → service:unhealthy
[2026-07-23T06:59:07+00:00] [CYCLER] ✅ Cycle #4 terminé — 10 events publiés
[2026-07-23T06:59:07+00:00] [CYCLER] 📋 Cycle #5 — collecte métriques...
[2026-07-23T06:59:07+00:00] [CYCLER]   Disk: 62% | RAM: 6.8% | Load: 0.62 | GPUs: 2
[2026-07-23T06:59:07+00:00] [CYCLER] Event #216 → hardware:disk_alert
[2026-07-23T06:59:08+00:00] [CYCLER] Event #217 → hardware:gpu_alert
[2026-07-23T06:59:08+00:00] [CYCLER] Event #218 → hardware:ram_alert
[2026-07-23T06:59:24+00:00] [CYCLER] Event #224 → security:permission_drift
[2026-07-23T06:59:24+00:00] [CYCLER] Event #225 → security:suid_change
[2026-07-23T06:59:55+00:00] [CYCLER] Event #228 → osint:alert
[2026-07-23T07:00:45+00:00] [CYCLER] Event #231 → update:available
[2026-07-23T07:01:56+00:00] [CYCLER] Event #237 → skill:broken
[2026-07-23T07:03:26+00:00] [CYCLER] Event #239 → service:down
[2026-07-23T07:03:27+00:00] [CYCLER] Event #240 → service:unhealthy
[2026-07-23T07:03:27+00:00] [CYCLER] ✅ Cycle #5 terminé — 10 events publiés
[2026-07-23T07:03:27+00:00] [CYCLER] 📋 Cycle #6 — collecte métriques...
[2026-07-23T07:03:27+00:00] [CYCLER]   Disk: 62% | RAM: 6.8% | Load: 0.55 | GPUs: 2
[2026-07-23T07:03:27+00:00] [CYCLER] Event #241 → hardware:disk_alert
[2026-07-23T07:03:28+00:00] [CYCLER] Event #243 → hardware:gpu_alert
[2026-07-23T07:03:28+00:00] [CYCLER] Event #244 → hardware:ram_alert
[2026-07-23T07:03:44+00:00] [CYCLER] Event #251 → security:permission_drift
[2026-07-23T07:03:44+00:00] [CYCLER] Event #252 → security:suid_change
[2026-07-23T07:04:15+00:00] [CYCLER] Event #255 → osint:alert
[2026-07-23T07:05:06+00:00] [CYCLER] Event #259 → update:available
[2026-07-23T07:06:16+00:00] [CYCLER] Event #263 → skill:broken
[2026-07-23T07:07:47+00:00] [CYCLER] Event #267 → service:down
[2026-07-23T07:07:47+00:00] [CYCLER] Event #268 → service:unhealthy
[2026-07-23T07:07:48+00:00] [CYCLER] ✅ Cycle #6 terminé — 10 events publiés
[2026-07-23T07:07:48+00:00] [CYCLER] 📋 Cycle #7 — collecte métriques...
[2026-07-23T07:07:48+00:00] [CYCLER]   Disk: 62% | RAM: 6.8% | Load: 0.31 | GPUs: 2
[2026-07-23T07:07:48+00:00] [CYCLER] Event #269 → hardware:disk_alert
[2026-07-23T07:07:48+00:00] [CYCLER] Event #270 → hardware:gpu_alert
[2026-07-23T07:07:49+00:00] [CYCLER] Event #271 → hardware:ram_alert
[2026-07-23T07:08:04+00:00] [CYCLER] Event #277 → security:permission_drift
[2026-07-23T07:08:05+00:00] [CYCLER] Event #278 → security:suid_change
[2026-07-23T07:08:35+00:00] [CYCLER] Event #282 → osint:alert
[2026-07-23T07:09:26+00:00] [CYCLER] Event #285 → update:available
[2026-07-23T07:09:53+00:00] [CYCLER] 🐝 Démarrage cycle (once=True)
[2026-07-23T07:09:53+00:00] [CYCLER] 📋 Cycle #1 — collecte métriques...
[2026-07-23T07:09:53+00:00] [CYCLER]   Disk: 62% | RAM: 8.0% | Load: 2.92 | GPUs: 2
[2026-07-23T07:09:53+00:00] [CYCLER] Event #287 → hardware:disk_alert
[2026-07-23T07:09:54+00:00] [CYCLER] Event #288 → hardware:gpu_alert
[2026-07-23T07:09:54+00:00] [CYCLER] Event #289 → hardware:ram_alert
[2026-07-23T07:10:10+00:00] [CYCLER] Event #293 → security:permission_drift
[2026-07-23T07:10:10+00:00] [CYCLER] Event #294 → security:suid_change
[2026-07-23T07:10:36+00:00] [CYCLER] Event #297 → skill:broken
[2026-07-23T07:10:41+00:00] [CYCLER] Event #299 → osint:alert
[2026-07-23T07:11:31+00:00] [CYCLER] Event #303 → update:available
[2026-07-23T07:12:07+00:00] [CYCLER] Event #305 → service:down
[2026-07-23T07:12:07+00:00] [CYCLER] Event #306 → service:unhealthy
[2026-07-23T07:12:08+00:00] [CYCLER] ✅ Cycle #7 terminé — 10 events publiés
[2026-07-23T07:12:08+00:00] [CYCLER] 📋 Cycle #8 — collecte métriques...
[2026-07-23T07:12:08+00:00] [CYCLER]   Disk: 62% | RAM: 6.8% | Load: 0.84 | GPUs: 2
[2026-07-23T07:12:08+00:00] [CYCLER] Event #307 → hardware:disk_alert
[2026-07-23T07:12:08+00:00] [CYCLER] Event #308 → hardware:gpu_alert
[2026-07-23T07:12:09+00:00] [CYCLER] Event #309 → hardware:ram_alert
[2026-07-23T07:12:24+00:00] [CYCLER] Event #315 → security:permission_drift
[2026-07-23T07:12:25+00:00] [CYCLER] Event #316 → security:suid_change
[2026-07-23T07:12:42+00:00] [CYCLER] Event #319 → skill:broken
[2026-07-23T07:12:55+00:00] [CYCLER] Event #321 → osint:alert
[2026-07-23T07:13:08+00:00] [CYCLER] 🐝 Démarrage cycle (once=False)
[2026-07-23T07:13:08+00:00] [CYCLER] 📋 Cycle #1 — collecte métriques...
[2026-07-23T07:13:08+00:00] [CYCLER]   Disk: 62% | RAM: 6.8% | Load: 0.57 | GPUs: 2
[2026-07-23T07:13:08+00:00] [CYCLER] Event #323 → hardware:disk_alert
[2026-07-23T07:13:09+00:00] [CYCLER] Event #324 → hardware:gpu_alert
[2026-07-23T07:13:09+00:00] [CYCLER] Event #325 → hardware:ram_alert
[2026-07-23T07:13:25+00:00] [CYCLER] Event #331 → security:permission_drift
[2026-07-23T07:13:25+00:00] [CYCLER] Event #332 → security:suid_change
[2026-07-23T07:13:46+00:00] [CYCLER] Event #335 → update:available
[2026-07-23T07:13:56+00:00] [CYCLER] Event #337 → osint:alert
[2026-07-23T07:14:47+00:00] [CYCLER] Event #341 → update:available
[2026-07-23T07:15:57+00:00] [CYCLER] Event #343 → skill:broken
[2026-07-23T07:16:33+00:00] [CYCLER] 🐝 Démarrage cycle (once=False)
[2026-07-23T07:16:33+00:00] [CYCLER] 📋 Cycle #1 — collecte métriques...
[2026-07-23T07:16:33+00:00] [CYCLER]   Disk: 62% | RAM: 6.8% | Load: 0.39 | GPUs: 2
[2026-07-23T07:16:33+00:00] [CYCLER] Event #349 → hardware:disk_alert
[2026-07-23T07:16:33+00:00] [CYCLER] Event #350 → hardware:gpu_alert
[2026-07-23T07:16:34+00:00] [CYCLER] Event #351 → hardware:ram_alert
[2026-07-23T07:16:49+00:00] [CYCLER] Event #357 → security:permission_drift
[2026-07-23T07:16:50+00:00] [CYCLER] Event #358 → security:suid_change
[2026-07-23T07:17:20+00:00] [CYCLER] Event #361 → osint:alert
[2026-07-23T07:18:11+00:00] [CYCLER] Event #363 → update:available
[2026-07-23T07:19:22+00:00] [CYCLER] Event #366 → skill:broken
[2026-07-23T07:20:52+00:00] [CYCLER] Event #381 → service:down
[2026-07-23T07:20:53+00:00] [CYCLER] Event #382 → service:unhealthy
[2026-07-23T07:20:53+00:00] [CYCLER] Event #383 → service:restarted
[2026-07-23T07:20:54+00:00] [CYCLER] ✅ Cycle #1 terminé — 11 events publiés
[2026-07-23T07:20:54+00:00] [CYCLER] 📋 Cycle #2 — collecte métriques...
[2026-07-23T07:20:54+00:00] [CYCLER]   Disk: 62% | RAM: 6.8% | Load: 0.26 | GPUs: 2
[2026-07-23T07:20:54+00:00] [CYCLER] Event #384 → hardware:disk_alert
[2026-07-23T07:20:54+00:00] [CYCLER] Event #385 → hardware:gpu_alert
[2026-07-23T07:20:55+00:00] [CYCLER] Event #386 → hardware:ram_alert
[2026-07-23T07:21:10+00:00] [CYCLER] Event #393 → security:permission_drift
[2026-07-23T07:21:11+00:00] [CYCLER] Event #394 → security:suid_change
[2026-07-23T07:21:41+00:00] [CYCLER] Event #404 → osint:alert
[2026-07-23T07:22:32+00:00] [CYCLER] Event #413 → update:available
[2026-07-23T07:23:42+00:00] [CYCLER] Event #424 → skill:broken
[2026-07-23T07:25:13+00:00] [CYCLER] Event #426 → service:down
[2026-07-23T07:25:13+00:00] [CYCLER] Event #427 → service:unhealthy
[2026-07-23T07:25:14+00:00] [CYCLER] Event #428 → service:restarted
[2026-07-23T07:25:14+00:00] [CYCLER] ✅ Cycle #2 terminé — 11 events publiés
[2026-07-23T07:25:14+00:00] [CYCLER] 📋 Cycle #3 — collecte métriques...
[2026-07-23T07:25:14+00:00] [CYCLER]   Disk: 62% | RAM: 6.8% | Load: 0.85 | GPUs: 2
[2026-07-23T07:25:14+00:00] [CYCLER] Event #429 → hardware:disk_alert
[2026-07-23T07:25:15+00:00] [CYCLER] Event #430 → hardware:gpu_alert
[2026-07-23T07:25:15+00:00] [CYCLER] Event #431 → hardware:ram_alert
[2026-07-23T07:25:31+00:00] [CYCLER] Event #442 → security:permission_drift
[2026-07-23T07:25:31+00:00] [CYCLER] Event #443 → security:suid_change
[2026-07-23T07:26:02+00:00] [CYCLER] Event #455 → osint:alert
[2026-07-23T07:26:52+00:00] [CYCLER] Event #468 → update:available
[2026-07-23T07:28:03+00:00] [CYCLER] Event #482 → skill:broken
[2026-07-23T07:29:33+00:00] [CYCLER] Event #496 → service:down
[2026-07-23T07:29:34+00:00] [CYCLER] Event #497 → service:unhealthy
[2026-07-23T07:29:34+00:00] [CYCLER] Event #498 → service:restarted
[2026-07-23T07:29:35+00:00] [CYCLER] ✅ Cycle #3 terminé — 11 events publiés
[2026-07-23T07:29:35+00:00] [CYCLER] 📋 Cycle #4 — collecte métriques...
[2026-07-23T07:29:35+00:00] [CYCLER]   Disk: 62% | RAM: 6.8% | Load: 0.18 | GPUs: 2
[2026-07-23T07:29:35+00:00] [CYCLER] Event #499 → hardware:disk_alert
[2026-07-23T07:29:35+00:00] [CYCLER] Event #500 → hardware:gpu_alert
[2026-07-23T07:29:36+00:00] [CYCLER] Event #502 → hardware:ram_alert
[2026-07-23T07:29:52+00:00] [CYCLER] Event #508 → security:permission_drift
[2026-07-23T07:29:52+00:00] [CYCLER] Event #509 → security:suid_change
[2026-07-23T07:30:23+00:00] [CYCLER] Event #512 → osint:alert
[2026-07-23T07:31:13+00:00] [CYCLER] Event #514 → update:available
[2026-07-23T07:32:24+00:00] [CYCLER] Event #518 → skill:broken
[2026-07-23T07:33:54+00:00] [CYCLER] Event #520 → service:down
[2026-07-23T07:33:55+00:00] [CYCLER] Event #521 → service:unhealthy
[2026-07-23T07:33:55+00:00] [CYCLER] Event #522 → service:restarted
[2026-07-23T07:33:56+00:00] [CYCLER] ✅ Cycle #4 terminé — 11 events publiés
[2026-07-23T07:33:56+00:00] [CYCLER] 📋 Cycle #5 — collecte métriques...
[2026-07-23T07:33:56+00:00] [CYCLER]   Disk: 62% | RAM: 6.8% | Load: 0.24 | GPUs: 2
[2026-07-23T07:33:56+00:00] [CYCLER] Event #523 → hardware:disk_alert
[2026-07-23T07:33:56+00:00] [CYCLER] Event #524 → hardware:gpu_alert
[2026-07-23T07:33:57+00:00] [CYCLER] Event #525 → hardware:ram_alert
[2026-07-23T07:34:12+00:00] [CYCLER] Event #532 → security:permission_drift
[2026-07-23T07:34:13+00:00] [CYCLER] Event #533 → security:suid_change
[2026-07-23T07:34:43+00:00] [CYCLER] Event #536 → osint:alert
[2026-07-23T07:35:34+00:00] [CYCLER] Event #538 → update:available
[2026-07-23T07:36:44+00:00] [CYCLER] Event #542 → skill:broken
[2026-07-23T07:38:15+00:00] [CYCLER] Event #544 → service:down
[2026-07-23T07:38:15+00:00] [CYCLER] Event #545 → service:unhealthy
[2026-07-23T07:38:16+00:00] [CYCLER] Event #546 → service:restarted
[2026-07-23T07:38:16+00:00] [CYCLER] ✅ Cycle #5 terminé — 11 events publiés
[2026-07-23T07:38:16+00:00] [CYCLER] 📋 Cycle #6 — collecte métriques...
[2026-07-23T07:38:16+00:00] [CYCLER]   Disk: 62% | RAM: 6.8% | Load: 0.14 | GPUs: 2
[2026-07-23T07:38:16+00:00] [CYCLER] Event #547 → hardware:disk_alert
[2026-07-23T07:38:17+00:00] [CYCLER] Event #548 → hardware:gpu_alert
[2026-07-23T07:38:17+00:00] [CYCLER] Event #549 → hardware:ram_alert
[2026-07-23T07:38:33+00:00] [CYCLER] Event #556 → security:permission_drift
[2026-07-23T07:38:33+00:00] [CYCLER] Event #557 → security:suid_change
[2026-07-23T07:39:04+00:00] [CYCLER] Event #560 → osint:alert
[2026-07-23T07:39:54+00:00] [CYCLER] Event #562 → update:available
[2026-07-23T07:41:05+00:00] [CYCLER] Event #564 → skill:broken
[2026-07-23T07:42:36+00:00] [CYCLER] Event #568 → service:down
[2026-07-23T07:42:36+00:00] [CYCLER] Event #569 → service:unhealthy
[2026-07-23T07:42:37+00:00] [CYCLER] Event #570 → service:restarted
[2026-07-23T07:42:37+00:00] [CYCLER] ✅ Cycle #6 terminé — 11 events publiés
[2026-07-23T07:42:37+00:00] [CYCLER] 📋 Cycle #7 — collecte métriques...
[2026-07-23T07:42:37+00:00] [CYCLER]   Disk: 62% | RAM: 6.8% | Load: 0.2 | GPUs: 2
[2026-07-23T07:42:37+00:00] [CYCLER] Event #571 → hardware:disk_alert
[2026-07-23T07:42:38+00:00] [CYCLER] Event #572 → hardware:gpu_alert
[2026-07-23T07:42:38+00:00] [CYCLER] Event #574 → hardware:ram_alert
[2026-07-23T07:42:54+00:00] [CYCLER] Event #580 → security:permission_drift
[2026-07-23T07:42:54+00:00] [CYCLER] Event #581 → security:suid_change
[2026-07-23T07:43:25+00:00] [CYCLER] Event #584 → osint:alert
[2026-07-23T07:44:15+00:00] [CYCLER] Event #586 → update:available
[2026-07-23T07:45:26+00:00] [CYCLER] Event #588 → skill:broken
[2026-07-23T07:46:56+00:00] [CYCLER] Event #592 → service:down
[2026-07-23T07:46:57+00:00] [CYCLER] Event #593 → service:unhealthy
[2026-07-23T07:46:57+00:00] [CYCLER] Event #594 → service:restarted
[2026-07-23T07:46:58+00:00] [CYCLER] ✅ Cycle #7 terminé — 11 events publiés
[2026-07-23T07:46:58+00:00] [CYCLER] 📋 Cycle #8 — collecte métriques...
[2026-07-23T07:46:58+00:00] [CYCLER]   Disk: 62% | RAM: 6.8% | Load: 0.18 | GPUs: 2
[2026-07-23T07:46:58+00:00] [CYCLER] Event #595 → hardware:disk_alert
[2026-07-23T07:46:58+00:00] [CYCLER] Event #596 → hardware:gpu_alert
[2026-07-23T07:46:59+00:00] [CYCLER] Event #597 → hardware:ram_alert
[2026-07-23T07:47:14+00:00] [CYCLER] Event #604 → security:permission_drift
[2026-07-23T07:47:15+00:00] [CYCLER] Event #605 → security:suid_change
[2026-07-23T07:47:45+00:00] [CYCLER] Event #608 → osint:alert
[2026-07-23T07:48:36+00:00] [CYCLER] Event #610 → update:available
[2026-07-23T07:49:46+00:00] [CYCLER] Event #612 → skill:broken
[2026-07-23T07:51:17+00:00] [CYCLER] Event #614 → service:down
[2026-07-23T07:51:17+00:00] [CYCLER] Event #615 → service:unhealthy
[2026-07-23T07:51:18+00:00] [CYCLER] Event #616 → service:restarted
[2026-07-23T07:51:18+00:00] [CYCLER] ✅ Cycle #8 terminé — 11 events publiés
[2026-07-23T07:51:18+00:00] [CYCLER] 📋 Cycle #9 — collecte métriques...
[2026-07-23T07:51:18+00:00] [CYCLER]   Disk: 62% | RAM: 6.8% | Load: 0.09 | GPUs: 2
[2026-07-23T07:51:18+00:00] [CYCLER] Event #617 → hardware:disk_alert
[2026-07-23T07:51:19+00:00] [CYCLER] Event #618 → hardware:gpu_alert
[2026-07-23T07:51:19+00:00] [CYCLER] Event #619 → hardware:ram_alert
[2026-07-23T07:51:35+00:00] [CYCLER] Event #628 → security:permission_drift
[2026-07-23T07:51:36+00:00] [CYCLER] Event #629 → security:suid_change
[2026-07-23T07:52:06+00:00] [CYCLER] Event #632 → osint:alert
[2026-07-23T07:52:57+00:00] [CYCLER] Event #634 → update:available
[2026-07-23T07:54:07+00:00] [CYCLER] Event #636 → skill:broken
[2026-07-23T07:55:38+00:00] [CYCLER] Event #638 → service:down
[2026-07-23T07:55:38+00:00] [CYCLER] Event #639 → service:unhealthy
[2026-07-23T07:55:39+00:00] [CYCLER] Event #640 → service:restarted
[2026-07-23T07:55:39+00:00] [CYCLER] ✅ Cycle #9 terminé — 11 events publiés
[2026-07-23T07:55:39+00:00] [CYCLER] 📋 Cycle #10 — collecte métriques...
[2026-07-23T07:55:39+00:00] [CYCLER]   Disk: 62% | RAM: 6.8% | Load: 0.2 | GPUs: 2
[2026-07-23T07:55:39+00:00] [CYCLER] Event #641 → hardware:disk_alert
[2026-07-23T07:55:40+00:00] [CYCLER] Event #642 → hardware:gpu_alert
[2026-07-23T07:55:40+00:00] [CYCLER] Event #644 → hardware:ram_alert
[2026-07-23T07:55:56+00:00] [CYCLER] Event #650 → security:permission_drift
[2026-07-23T07:55:56+00:00] [CYCLER] Event #651 → security:suid_change
[2026-07-23T07:56:27+00:00] [CYCLER] Event #655 → osint:alert
[2026-07-23T07:57:17+00:00] [CYCLER] Event #658 → update:available
[2026-07-23T07:58:28+00:00] [CYCLER] Event #660 → skill:broken
[2026-07-23T07:59:58+00:00] [CYCLER] Event #662 → service:down
[2026-07-23T07:59:59+00:00] [CYCLER] Event #663 → service:unhealthy
[2026-07-23T07:59:59+00:00] [CYCLER] Event #664 → service:restarted
[2026-07-23T08:00:00+00:00] [CYCLER] ✅ Cycle #10 terminé — 11 events publiés
[2026-07-23T08:00:00+00:00] [CYCLER] 📋 Cycle #11 — collecte métriques...
[2026-07-23T08:00:00+00:00] [CYCLER]   Disk: 62% | RAM: 7.2% | Load: 0.24 | GPUs: 2
[2026-07-23T08:00:00+00:00] [CYCLER] Event #665 → hardware:disk_alert
[2026-07-23T08:00:00+00:00] [CYCLER] Event #666 → hardware:gpu_alert
[2026-07-23T08:00:01+00:00] [CYCLER] Event #667 → hardware:ram_alert
[2026-07-23T08:00:16+00:00] [CYCLER] Event #674 → security:permission_drift
[2026-07-23T08:00:17+00:00] [CYCLER] Event #675 → security:suid_change
[2026-07-23T08:00:47+00:00] [CYCLER] Event #678 → osint:alert
[2026-07-23T08:01:38+00:00] [CYCLER] Event #687 → update:available
[2026-07-23T08:02:49+00:00] [CYCLER] 🐝 Démarrage cycle (once=False)
[2026-07-23T08:02:49+00:00] [CYCLER] 📋 Cycle #1 — collecte métriques...
[2026-07-23T08:02:49+00:00] [CYCLER]   Disk: 62% | RAM: 9.6% | Load: 0.42 | GPUs: 2
[2026-07-23T08:02:49+00:00] [CYCLER] Event #691 → hardware:disk_alert
[2026-07-23T08:02:50+00:00] [CYCLER] Event #692 → hardware:gpu_alert
[2026-07-23T08:02:50+00:00] [CYCLER] Event #694 → hardware:ram_alert
[2026-07-23T08:03:06+00:00] [CYCLER] Event #700 → security:permission_drift
[2026-07-23T08:03:06+00:00] [CYCLER] Event #701 → security:suid_change
[2026-07-23T08:03:37+00:00] [CYCLER] Event #704 → osint:alert
[2026-07-23T08:04:28+00:00] [CYCLER] Event #710 → update:available
[2026-07-23T08:05:38+00:00] [CYCLER] Event #724 → skill:broken
[2026-07-23T08:07:09+00:00] [CYCLER] Event #734 → service:down
[2026-07-23T08:07:09+00:00] [CYCLER] Event #735 → service:unhealthy
[2026-07-23T08:07:10+00:00] [CYCLER] Event #736 → service:restarted
[2026-07-23T08:07:10+00:00] [CYCLER] Event #737 → dashboard:down
[2026-07-23T08:07:11+00:00] [CYCLER] ✅ Cycle #1 terminé — 12 events publiés
[2026-07-23T08:07:11+00:00] [CYCLER] 📋 Cycle #2 — collecte métriques...
[2026-07-23T08:07:11+00:00] [CYCLER]   Disk: 62% | RAM: 9.7% | Load: 0.39 | GPUs: 2
[2026-07-23T08:07:11+00:00] [CYCLER] Event #739 → hardware:disk_alert
[2026-07-23T08:07:11+00:00] [CYCLER] Event #741 → hardware:gpu_alert
[2026-07-23T08:07:12+00:00] [CYCLER] Event #742 → hardware:ram_alert
[2026-07-23T08:07:27+00:00] [CYCLER] Event #753 → security:permission_drift
[2026-07-23T08:07:28+00:00] [CYCLER] Event #755 → security:suid_change
[2026-07-23T08:07:58+00:00] [CYCLER] Event #767 → osint:alert
[2026-07-23T08:08:49+00:00] [CYCLER] Event #772 → update:available
[2026-07-23T08:09:59+00:00] [CYCLER] Event #774 → skill:broken
[2026-07-23T08:11:30+00:00] [CYCLER] Event #777 → service:down
[2026-07-23T08:11:30+00:00] [CYCLER] Event #778 → service:unhealthy
[2026-07-23T08:11:31+00:00] [CYCLER] Event #780 → service:restarted
[2026-07-23T08:11:31+00:00] [CYCLER] Event #781 → dashboard:down
[2026-07-23T08:11:32+00:00] [CYCLER] ✅ Cycle #2 terminé — 12 events publiés
[2026-07-23T08:11:32+00:00] [CYCLER] 📋 Cycle #3 — collecte métriques...
[2026-07-23T08:11:32+00:00] [CYCLER]   Disk: 62% | RAM: 9.6% | Load: 0.17 | GPUs: 2
[2026-07-23T08:11:32+00:00] [CYCLER] Event #782 → hardware:disk_alert
[2026-07-23T08:11:32+00:00] [CYCLER] Event #783 → hardware:gpu_alert
[2026-07-23T08:11:33+00:00] [CYCLER] Event #786 → hardware:ram_alert
[2026-07-23T08:11:48+00:00] [CYCLER] Event #792 → security:permission_drift
[2026-07-23T08:11:49+00:00] [CYCLER] Event #793 → security:suid_change
[2026-07-23T08:12:19+00:00] [CYCLER] Event #796 → osint:alert
[2026-07-23T08:13:10+00:00] [CYCLER] Event #798 → update:available
[2026-07-23T08:14:20+00:00] [CYCLER] Event #800 → skill:broken
[2026-07-23T08:15:51+00:00] [CYCLER] Event #802 → service:down
[2026-07-23T08:15:52+00:00] [CYCLER] Event #803 → service:unhealthy
[2026-07-23T08:15:52+00:00] [CYCLER] Event #804 → service:restarted
[2026-07-23T08:15:53+00:00] [CYCLER] Event #805 → dashboard:down
[2026-07-23T08:15:53+00:00] [CYCLER] ✅ Cycle #3 terminé — 12 events publiés
[2026-07-23T08:15:53+00:00] [CYCLER] 📋 Cycle #4 — collecte métriques...
[2026-07-23T08:15:53+00:00] [CYCLER]   Disk: 62% | RAM: 9.6% | Load: 0.2 | GPUs: 2
[2026-07-23T08:15:53+00:00] [CYCLER] Event #806 → hardware:disk_alert
[2026-07-23T08:15:54+00:00] [CYCLER] Event #807 → hardware:gpu_alert
[2026-07-23T08:15:54+00:00] [CYCLER] Event #808 → hardware:ram_alert
[2026-07-23T08:16:10+00:00] [CYCLER] Event #816 → security:permission_drift
[2026-07-23T08:16:10+00:00] [CYCLER] Event #817 → security:suid_change
[2026-07-23T08:16:41+00:00] [CYCLER] Event #822 → osint:alert
[2026-07-23T08:17:31+00:00] [CYCLER] Event #824 → update:available
[2026-07-23T08:18:42+00:00] [CYCLER] Event #826 → skill:broken
[2026-07-23T08:20:12+00:00] [CYCLER] Event #828 → service:down
[2026-07-23T08:20:13+00:00] [CYCLER] Event #829 → service:unhealthy
[2026-07-23T08:20:13+00:00] [CYCLER] Event #830 → service:restarted
[2026-07-23T08:20:14+00:00] [CYCLER] Event #831 → dashboard:down
[2026-07-23T08:20:14+00:00] [CYCLER] ✅ Cycle #4 terminé — 12 events publiés
[2026-07-23T08:20:14+00:00] [CYCLER] 📋 Cycle #5 — collecte métriques...
[2026-07-23T08:20:14+00:00] [CYCLER]   Disk: 62% | RAM: 9.6% | Load: 0.16 | GPUs: 2
[2026-07-23T08:20:14+00:00] [CYCLER] Event #832 → hardware:disk_alert
[2026-07-23T08:20:15+00:00] [CYCLER] Event #834 → hardware:gpu_alert
[2026-07-23T08:20:15+00:00] [CYCLER] Event #835 → hardware:ram_alert
[2026-07-23T08:20:31+00:00] [CYCLER] Event #842 → security:permission_drift
[2026-07-23T08:20:31+00:00] [CYCLER] Event #843 → security:suid_change
[2026-07-23T08:21:02+00:00] [CYCLER] Event #846 → osint:alert
[2026-07-23T08:21:52+00:00] [CYCLER] Event #850 → update:available
[2026-07-23T08:23:03+00:00] [CYCLER] Event #852 → skill:broken
[2026-07-23T08:24:33+00:00] [CYCLER] Event #854 → service:down
[2026-07-23T08:24:34+00:00] [CYCLER] Event #855 → service:unhealthy
[2026-07-23T08:24:34+00:00] [CYCLER] Event #856 → service:restarted
[2026-07-23T08:24:35+00:00] [CYCLER] Event #857 → dashboard:down
[2026-07-23T08:24:35+00:00] [CYCLER] ✅ Cycle #5 terminé — 12 events publiés
[2026-07-23T08:24:35+00:00] [CYCLER] 📋 Cycle #6 — collecte métriques...
[2026-07-23T08:24:35+00:00] [CYCLER]   Disk: 62% | RAM: 9.6% | Load: 0.3 | GPUs: 2
[2026-07-23T08:24:35+00:00] [CYCLER] Event #858 → hardware:disk_alert
[2026-07-23T08:24:36+00:00] [CYCLER] Event #859 → hardware:gpu_alert
[2026-07-23T08:24:36+00:00] [CYCLER] Event #860 → hardware:ram_alert
[2026-07-23T08:24:52+00:00] [CYCLER] Event #868 → security:permission_drift
[2026-07-23T08:24:52+00:00] [CYCLER] Event #869 → security:suid_change
[2026-07-23T08:25:23+00:00] [CYCLER] Event #872 → osint:alert
[2026-07-23T08:26:14+00:00] [CYCLER] Event #874 → update:available
[2026-07-23T08:27:24+00:00] [CYCLER] Event #878 → skill:broken
[2026-07-23T08:28:55+00:00] [CYCLER] Event #880 → service:down
[2026-07-23T08:28:55+00:00] [CYCLER] Event #881 → service:unhealthy
[2026-07-23T08:28:56+00:00] [CYCLER] Event #882 → service:restarted
[2026-07-23T08:28:56+00:00] [CYCLER] Event #883 → dashboard:down
[2026-07-23T08:28:57+00:00] [CYCLER] ✅ Cycle #6 terminé — 12 events publiés
[2026-07-23T08:28:57+00:00] [CYCLER] 📋 Cycle #7 — collecte métriques...
[2026-07-23T08:28:57+00:00] [CYCLER]   Disk: 62% | RAM: 9.6% | Load: 0.1 | GPUs: 2
[2026-07-23T08:28:57+00:00] [CYCLER] Event #884 → hardware:disk_alert
[2026-07-23T08:28:57+00:00] [CYCLER] Event #885 → hardware:gpu_alert
[2026-07-23T08:28:58+00:00] [CYCLER] Event #886 → hardware:ram_alert
[2026-07-23T08:29:13+00:00] [CYCLER] Event #894 → security:permission_drift
[2026-07-23T08:29:14+00:00] [CYCLER] Event #895 → security:suid_change
[2026-07-23T08:29:44+00:00] [CYCLER] Event #898 → osint:alert
[2026-07-23T08:30:35+00:00] [CYCLER] Event #900 → update:available
[2026-07-23T08:31:45+00:00] [CYCLER] Event #908 → skill:broken
[2026-07-23T08:33:16+00:00] [CYCLER] Event #910 → service:down
[2026-07-23T08:33:16+00:00] [CYCLER] Event #911 → service:unhealthy
[2026-07-23T08:33:17+00:00] [CYCLER] Event #912 → service:restarted
[2026-07-23T08:33:17+00:00] [CYCLER] Event #913 → dashboard:down
[2026-07-23T08:33:18+00:00] [CYCLER] ✅ Cycle #7 terminé — 12 events publiés
[2026-07-23T08:33:18+00:00] [CYCLER] 📋 Cycle #8 — collecte métriques...
[2026-07-23T08:33:18+00:00] [CYCLER]   Disk: 62% | RAM: 11.2% | Load: 1.02 | GPUs: 2
[2026-07-23T08:33:18+00:00] [CYCLER] Event #914 → hardware:disk_alert
[2026-07-23T08:33:18+00:00] [CYCLER] Event #915 → hardware:gpu_alert
[2026-07-23T08:33:19+00:00] [CYCLER] Event #918 → hardware:ram_alert
[2026-07-23T08:33:34+00:00] [CYCLER] Event #924 → security:permission_drift
[2026-07-23T08:33:35+00:00] [CYCLER] Event #925 → security:suid_change
[2026-07-23T08:34:05+00:00] [CYCLER] Event #928 → osint:alert
[2026-07-23T08:34:56+00:00] [CYCLER] Event #933 → update:available
[2026-07-23T08:36:06+00:00] [CYCLER] Event #935 → skill:broken
[2026-07-23T08:37:37+00:00] [CYCLER] Event #943 → service:down
[2026-07-23T08:37:38+00:00] [CYCLER] Event #944 → service:unhealthy
[2026-07-23T08:37:38+00:00] [CYCLER] Event #945 → service:restarted
[2026-07-23T08:37:39+00:00] [CYCLER] Event #946 → dashboard:down
[2026-07-23T08:37:39+00:00] [CYCLER] ✅ Cycle #8 terminé — 12 events publiés
[2026-07-23T08:37:39+00:00] [CYCLER] 📋 Cycle #9 — collecte métriques...
[2026-07-23T08:37:39+00:00] [CYCLER]   Disk: 62% | RAM: 9.6% | Load: 0.36 | GPUs: 2
[2026-07-23T08:37:39+00:00] [CYCLER] Event #947 → hardware:disk_alert
[2026-07-23T08:37:40+00:00] [CYCLER] Event #948 → hardware:gpu_alert
[2026-07-23T08:37:40+00:00] [CYCLER] Event #949 → hardware:ram_alert
[2026-07-23T08:37:56+00:00] [CYCLER] Event #957 → security:permission_drift
[2026-07-23T08:37:56+00:00] [CYCLER] Event #958 → security:suid_change
[2026-07-23T08:38:27+00:00] [CYCLER] Event #961 → osint:alert
[2026-07-23T08:39:17+00:00] [CYCLER] Event #967 → update:available
[2026-07-23T08:40:28+00:00] [CYCLER] Event #969 → skill:broken
[2026-07-23T08:41:58+00:00] [CYCLER] Event #977 → service:down
[2026-07-23T08:41:59+00:00] [CYCLER] Event #978 → service:unhealthy
[2026-07-23T08:41:59+00:00] [CYCLER] Event #979 → service:restarted
[2026-07-23T08:42:00+00:00] [CYCLER] Event #980 → dashboard:down
[2026-07-23T08:42:00+00:00] [CYCLER] ✅ Cycle #9 terminé — 12 events publiés
[2026-07-23T08:42:00+00:00] [CYCLER] 📋 Cycle #10 — collecte métriques...
[2026-07-23T08:42:00+00:00] [CYCLER]   Disk: 62% | RAM: 9.6% | Load: 0.57 | GPUs: 2
[2026-07-23T08:42:00+00:00] [CYCLER] Event #981 → hardware:disk_alert
[2026-07-23T08:42:01+00:00] [CYCLER] Event #982 → hardware:gpu_alert
[2026-07-23T08:42:01+00:00] [CYCLER] Event #985 → hardware:ram_alert
[2026-07-23T08:42:17+00:00] [CYCLER] Event #996 → security:permission_drift
[2026-07-23T08:42:17+00:00] [CYCLER] Event #997 → security:suid_change
[2026-07-23T08:42:48+00:00] [CYCLER] Event #1011 → osint:alert
[2026-07-23T08:43:38+00:00] [CYCLER] Event #1018 → update:available
[2026-07-23T08:44:49+00:00] [CYCLER] Event #1025 → skill:broken
[2026-07-23T08:46:19+00:00] [CYCLER] Event #1027 → service:down
[2026-07-23T08:46:20+00:00] [CYCLER] Event #1028 → service:unhealthy
[2026-07-23T08:46:20+00:00] [CYCLER] Event #1029 → service:restarted
[2026-07-23T08:46:21+00:00] [CYCLER] Event #1030 → dashboard:down
[2026-07-23T08:46:21+00:00] [CYCLER] ✅ Cycle #10 terminé — 12 events publiés
[2026-07-23T08:46:21+00:00] [CYCLER] 📋 Cycle #11 — collecte métriques...
[2026-07-23T08:46:21+00:00] [CYCLER]   Disk: 62% | RAM: 9.6% | Load: 0.5 | GPUs: 2
[2026-07-23T08:46:21+00:00] [CYCLER] Event #1031 → hardware:disk_alert
[2026-07-23T08:46:22+00:00] [CYCLER] Event #1032 → hardware:gpu_alert
[2026-07-23T08:46:22+00:00] [CYCLER] Event #1033 → hardware:ram_alert
[2026-07-23T08:46:38+00:00] [CYCLER] Event #1043 → security:permission_drift
[2026-07-23T08:46:38+00:00] [CYCLER] Event #1044 → security:suid_change
[2026-07-23T08:47:09+00:00] [CYCLER] Event #1047 → osint:alert
[2026-07-23T08:48:00+00:00] [CYCLER] Event #1049 → update:available
[2026-07-23T08:49:10+00:00] [CYCLER] Event #1051 → skill:broken
[2026-07-23T08:50:41+00:00] [CYCLER] Event #1053 → service:down
[2026-07-23T08:50:41+00:00] [CYCLER] Event #1054 → service:unhealthy
[2026-07-23T08:50:42+00:00] [CYCLER] Event #1055 → service:restarted
[2026-07-23T08:50:42+00:00] [CYCLER] Event #1056 → dashboard:down
[2026-07-23T08:50:43+00:00] [CYCLER] ✅ Cycle #11 terminé — 12 events publiés
[2026-07-23T08:50:43+00:00] [CYCLER] 📋 Cycle #12 — collecte métriques...
[2026-07-23T08:50:43+00:00] [CYCLER]   Disk: 62% | RAM: 9.6% | Load: 1.05 | GPUs: 2
[2026-07-23T08:50:43+00:00] [CYCLER] Event #1057 → hardware:disk_alert
[2026-07-23T08:50:43+00:00] [CYCLER] Event #1059 → hardware:gpu_alert
[2026-07-23T08:50:44+00:00] [CYCLER] Event #1060 → hardware:ram_alert
[2026-07-23T08:50:59+00:00] [CYCLER] Event #1067 → security:permission_drift
[2026-07-23T08:51:00+00:00] [CYCLER] Event #1068 → security:suid_change
[2026-07-23T08:51:30+00:00] [CYCLER] Event #1076 → osint:alert
[2026-07-23T08:52:21+00:00] [CYCLER] Event #1079 → update:available
[2026-07-23T08:53:31+00:00] [CYCLER] Event #1081 → skill:broken
[2026-07-23T08:55:02+00:00] [CYCLER] Event #1083 → service:down
[2026-07-23T08:55:02+00:00] [CYCLER] Event #1084 → service:unhealthy
[2026-07-23T08:55:03+00:00] [CYCLER] Event #1085 → service:restarted
[2026-07-23T08:55:03+00:00] [CYCLER] Event #1086 → dashboard:down
[2026-07-23T08:55:04+00:00] [CYCLER] ✅ Cycle #12 terminé — 12 events publiés
[2026-07-23T08:55:04+00:00] [CYCLER] 📋 Cycle #13 — collecte métriques...
[2026-07-23T08:55:04+00:00] [CYCLER]   Disk: 62% | RAM: 9.9% | Load: 0.34 | GPUs: 2
[2026-07-23T08:55:04+00:00] [CYCLER] Event #1087 → hardware:disk_alert
[2026-07-23T08:55:04+00:00] [CYCLER] Event #1088 → hardware:gpu_alert
[2026-07-23T08:55:05+00:00] [CYCLER] Event #1089 → hardware:ram_alert
[2026-07-23T08:55:20+00:00] [CYCLER] Event #1097 → security:permission_drift
[2026-07-23T08:55:21+00:00] [CYCLER] Event #1098 → security:suid_change
[2026-07-23T08:55:51+00:00] [CYCLER] Event #1101 → osint:alert
[2026-07-23T08:56:42+00:00] [CYCLER] Event #1105 → update:available
[2026-07-23T08:57:52+00:00] [CYCLER] Event #1107 → skill:broken
[2026-07-23T08:59:23+00:00] [CYCLER] Event #1113 → service:down
[2026-07-23T08:59:24+00:00] [CYCLER] Event #1114 → service:unhealthy
[2026-07-23T08:59:24+00:00] [CYCLER] Event #1115 → service:restarted
[2026-07-23T08:59:25+00:00] [CYCLER] Event #1116 → dashboard:down
[2026-07-23T08:59:25+00:00] [CYCLER] ✅ Cycle #13 terminé — 12 events publiés
[2026-07-23T08:59:25+00:00] [CYCLER] 📋 Cycle #14 — collecte métriques...
[2026-07-23T08:59:25+00:00] [CYCLER]   Disk: 62% | RAM: 10.0% | Load: 9.48 | GPUs: 2
[2026-07-23T08:59:25+00:00] [CYCLER] Event #1117 → hardware:disk_alert
[2026-07-23T08:59:26+00:00] [CYCLER] Event #1119 → hardware:gpu_alert
[2026-07-23T08:59:26+00:00] [CYCLER] Event #1120 → hardware:ram_alert
[2026-07-23T08:59:42+00:00] [CYCLER] Event #1127 → security:permission_drift
[2026-07-23T08:59:42+00:00] [CYCLER] Event #1128 → security:suid_change
[2026-07-23T09:00:13+00:00] [CYCLER] Event #1131 → osint:alert
[2026-07-23T09:01:03+00:00] [CYCLER] Event #1133 → update:available
[2026-07-23T09:02:14+00:00] [CYCLER] Event #1143 → skill:broken
[2026-07-23T09:03:44+00:00] [CYCLER] Event #1145 → service:down
[2026-07-23T09:03:45+00:00] [CYCLER] Event #1146 → service:unhealthy
[2026-07-23T09:03:45+00:00] [CYCLER] Event #1147 → service:restarted
[2026-07-23T09:03:46+00:00] [CYCLER] Event #1148 → dashboard:down
[2026-07-23T09:03:46+00:00] [CYCLER] ✅ Cycle #14 terminé — 12 events publiés
[2026-07-23T09:03:46+00:00] [CYCLER] 📋 Cycle #15 — collecte métriques...
[2026-07-23T09:03:46+00:00] [CYCLER]   Disk: 62% | RAM: 10.0% | Load: 13.72 | GPUs: 2
[2026-07-23T09:03:46+00:00] [CYCLER] Event #1149 → hardware:disk_alert
[2026-07-23T09:03:47+00:00] [CYCLER] Event #1150 → hardware:gpu_alert
[2026-07-23T09:03:47+00:00] [CYCLER] Event #1153 → hardware:ram_alert
[2026-07-23T09:04:03+00:00] [CYCLER] Event #1161 → security:permission_drift
[2026-07-23T09:04:03+00:00] [CYCLER] Event #1162 → security:suid_change
[2026-07-23T09:04:34+00:00] [CYCLER] Event #1165 → osint:alert
[2026-07-23T09:05:24+00:00] [CYCLER] Event #1167 → update:available
[2026-07-23T09:06:35+00:00] [CYCLER] Event #1180 → skill:broken
[2026-07-23T09:08:05+00:00] [CYCLER] Event #1183 → service:down
[2026-07-23T09:08:06+00:00] [CYCLER] Event #1184 → service:unhealthy
[2026-07-23T09:08:06+00:00] [CYCLER] Event #1185 → service:restarted
[2026-07-23T09:08:07+00:00] [CYCLER] Event #1186 → dashboard:down
[2026-07-23T09:08:07+00:00] [CYCLER] ✅ Cycle #15 terminé — 12 events publiés
[2026-07-23T09:08:07+00:00] [CYCLER] 📋 Cycle #16 — collecte métriques...
[2026-07-23T09:08:07+00:00] [CYCLER]   Disk: 62% | RAM: 9.6% | Load: 1.27 | GPUs: 2
[2026-07-23T09:08:07+00:00] [CYCLER] Event #1187 → hardware:disk_alert
[2026-07-23T09:08:08+00:00] [CYCLER] Event #1188 → hardware:gpu_alert
[2026-07-23T09:08:08+00:00] [CYCLER] Event #1189 → hardware:ram_alert
[2026-07-23T09:08:24+00:00] [CYCLER] Event #1206 → security:permission_drift
[2026-07-23T09:08:24+00:00] [CYCLER] Event #1208 → security:suid_change
[2026-07-23T09:08:55+00:00] [CYCLER] Event #1214 → osint:alert
[2026-07-23T09:09:46+00:00] [CYCLER] Event #1216 → update:available
[2026-07-23T09:10:56+00:00] [CYCLER] Event #1218 → skill:broken
[2026-07-23T09:12:27+00:00] [CYCLER] Event #1222 → service:down
[2026-07-23T09:12:27+00:00] [CYCLER] Event #1223 → service:unhealthy
[2026-07-23T09:12:28+00:00] [CYCLER] Event #1224 → service:restarted
[2026-07-23T09:12:28+00:00] [CYCLER] Event #1225 → dashboard:down
[2026-07-23T09:12:29+00:00] [CYCLER] ✅ Cycle #16 terminé — 12 events publiés
[2026-07-23T09:12:29+00:00] [CYCLER] 📋 Cycle #17 — collecte métriques...
[2026-07-23T09:12:29+00:00] [CYCLER]   Disk: 62% | RAM: 9.7% | Load: 0.39 | GPUs: 2
[2026-07-23T09:12:29+00:00] [CYCLER] Event #1226 → hardware:disk_alert
[2026-07-23T09:12:29+00:00] [CYCLER] Event #1227 → hardware:gpu_alert
[2026-07-23T09:12:30+00:00] [CYCLER] Event #1230 → hardware:ram_alert
[2026-07-23T09:12:45+00:00] [CYCLER] Event #1236 → security:permission_drift
[2026-07-23T09:12:46+00:00] [CYCLER] Event #1237 → security:suid_change
[2026-07-23T09:13:16+00:00] [CYCLER] Event #1240 → osint:alert
[2026-07-23T09:14:07+00:00] [CYCLER] Event #1242 → update:available
[2026-07-23T09:15:17+00:00] [CYCLER] Event #1244 → skill:broken
[2026-07-23T09:16:48+00:00] [CYCLER] Event #1248 → service:down
[2026-07-23T09:16:48+00:00] [CYCLER] Event #1249 → service:unhealthy
[2026-07-23T09:16:49+00:00] [CYCLER] Event #1250 → service:restarted
[2026-07-23T09:16:49+00:00] [CYCLER] Event #1251 → dashboard:down
[2026-07-23T09:16:50+00:00] [CYCLER] ✅ Cycle #17 terminé — 12 events publiés
[2026-07-23T09:16:50+00:00] [CYCLER] 📋 Cycle #18 — collecte métriques...
[2026-07-23T09:16:50+00:00] [CYCLER]   Disk: 62% | RAM: 9.7% | Load: 0.16 | GPUs: 2
[2026-07-23T09:16:50+00:00] [CYCLER] Event #1252 → hardware:disk_alert
[2026-07-23T09:16:50+00:00] [CYCLER] Event #1253 → hardware:gpu_alert
[2026-07-23T09:16:51+00:00] [CYCLER] Event #1254 → hardware:ram_alert
[2026-07-23T09:17:06+00:00] [CYCLER] Event #1266 → security:permission_drift
[2026-07-23T09:17:07+00:00] [CYCLER] Event #1267 → security:suid_change
[2026-07-23T09:17:37+00:00] [CYCLER] Event #1270 → osint:alert
[2026-07-23T09:18:28+00:00] [CYCLER] Event #1272 → update:available
[2026-07-23T09:19:38+00:00] [CYCLER] Event #1274 → skill:broken
[2026-07-23T09:21:09+00:00] [CYCLER] Event #1276 → service:down
[2026-07-23T09:21:09+00:00] [CYCLER] Event #1277 → service:unhealthy
[2026-07-23T09:21:10+00:00] [CYCLER] Event #1278 → service:restarted
[2026-07-23T09:21:10+00:00] [CYCLER] Event #1279 → dashboard:down
[2026-07-23T09:21:11+00:00] [CYCLER] ✅ Cycle #18 terminé — 12 events publiés
[2026-07-23T09:21:11+00:00] [CYCLER] 📋 Cycle #19 — collecte métriques...
[2026-07-23T09:21:11+00:00] [CYCLER]   Disk: 62% | RAM: 9.7% | Load: 0.35 | GPUs: 2
[2026-07-23T09:21:11+00:00] [CYCLER] Event #1280 → hardware:disk_alert
[2026-07-23T09:21:12+00:00] [CYCLER] Event #1282 → hardware:gpu_alert
[2026-07-23T09:21:12+00:00] [CYCLER] Event #1283 → hardware:ram_alert
[2026-07-23T09:21:28+00:00] [CYCLER] Event #1290 → security:permission_drift
[2026-07-23T09:21:28+00:00] [CYCLER] Event #1292 → security:suid_change
[2026-07-23T09:21:59+00:00] [CYCLER] Event #1296 → osint:alert
[2026-07-23T09:22:49+00:00] [CYCLER] Event #1302 → update:available
[2026-07-23T09:24:00+00:00] [CYCLER] Event #1304 → skill:broken
[2026-07-23T09:25:30+00:00] [CYCLER] Event #1306 → service:down
[2026-07-23T09:25:31+00:00] [CYCLER] Event #1307 → service:unhealthy
[2026-07-23T09:25:31+00:00] [CYCLER] Event #1308 → service:restarted
[2026-07-23T09:25:32+00:00] [CYCLER] Event #1310 → dashboard:down
[2026-07-23T09:25:32+00:00] [CYCLER] ✅ Cycle #19 terminé — 12 events publiés
[2026-07-23T09:25:32+00:00] [CYCLER] 📋 Cycle #20 — collecte métriques...
[2026-07-23T09:25:32+00:00] [CYCLER]   Disk: 62% | RAM: 9.7% | Load: 0.42 | GPUs: 2
[2026-07-23T09:25:32+00:00] [CYCLER] Event #1311 → hardware:disk_alert
[2026-07-23T09:25:33+00:00] [CYCLER] Event #1312 → hardware:gpu_alert
[2026-07-23T09:25:33+00:00] [CYCLER] Event #1313 → hardware:ram_alert
[2026-07-23T09:25:49+00:00] [CYCLER] Event #1331 → security:permission_drift
[2026-07-23T09:25:49+00:00] [CYCLER] Event #1332 → security:suid_change
[2026-07-23T09:26:20+00:00] [CYCLER] Event #1337 → osint:alert
[2026-07-23T09:27:10+00:00] [CYCLER] Event #1342 → update:available
[2026-07-23T09:28:21+00:00] [CYCLER] Event #1349 → skill:broken
[2026-07-23T09:29:51+00:00] [CYCLER] Event #1351 → service:down
[2026-07-23T09:29:52+00:00] [CYCLER] Event #1353 → service:unhealthy
[2026-07-23T09:29:52+00:00] [CYCLER] Event #1354 → service:restarted
[2026-07-23T09:29:53+00:00] [CYCLER] Event #1355 → dashboard:down
[2026-07-23T09:29:53+00:00] [CYCLER] ✅ Cycle #20 terminé — 12 events publiés
[2026-07-23T09:29:53+00:00] [CYCLER] 📋 Cycle #21 — collecte métriques...
[2026-07-23T09:29:53+00:00] [CYCLER]   Disk: 62% | RAM: 9.6% | Load: 0.29 | GPUs: 2
[2026-07-23T09:29:53+00:00] [CYCLER] Event #1356 → hardware:disk_alert
[2026-07-23T09:29:54+00:00] [CYCLER] Event #1358 → hardware:gpu_alert
[2026-07-23T09:29:54+00:00] [CYCLER] Event #1359 → hardware:ram_alert
[2026-07-23T09:30:10+00:00] [CYCLER] Event #1380 → security:permission_drift
[2026-07-23T09:30:10+00:00] [CYCLER] Event #1381 → security:suid_change
[2026-07-23T09:30:41+00:00] [CYCLER] Event #1391 → osint:alert
[2026-07-23T09:31:31+00:00] [CYCLER] Event #1395 → update:available
[2026-07-23T09:32:42+00:00] [CYCLER] Event #1403 → skill:broken
[2026-07-23T09:34:13+00:00] [CYCLER] Event #1405 → service:down
[2026-07-23T09:34:13+00:00] [CYCLER] Event #1406 → service:unhealthy
[2026-07-23T09:34:14+00:00] [CYCLER] Event #1407 → service:restarted
[2026-07-23T09:34:14+00:00] [CYCLER] Event #1409 → dashboard:down
[2026-07-23T09:34:15+00:00] [CYCLER] ✅ Cycle #21 terminé — 12 events publiés
[2026-07-23T09:34:15+00:00] [CYCLER] 📋 Cycle #22 — collecte métriques...
[2026-07-23T09:34:15+00:00] [CYCLER]   Disk: 62% | RAM: 9.6% | Load: 0.56 | GPUs: 2
[2026-07-23T09:34:15+00:00] [CYCLER] Event #1410 → hardware:disk_alert
[2026-07-23T09:34:15+00:00] [CYCLER] Event #1411 → hardware:gpu_alert
[2026-07-23T09:34:16+00:00] [CYCLER] Event #1412 → hardware:ram_alert
[2026-07-23T09:34:31+00:00] [CYCLER] Event #1432 → security:permission_drift
[2026-07-23T09:34:32+00:00] [CYCLER] Event #1433 → security:suid_change
[2026-07-23T09:35:02+00:00] [CYCLER] Event #1441 → osint:alert
[2026-07-23T09:35:53+00:00] [CYCLER] Event #1445 → update:available
[2026-07-23T09:37:03+00:00] [CYCLER] Event #1451 → skill:broken
[2026-07-23T09:38:34+00:00] [CYCLER] Event #1455 → service:down
[2026-07-23T09:38:34+00:00] [CYCLER] Event #1456 → service:unhealthy
[2026-07-23T09:38:35+00:00] [CYCLER] Event #1457 → service:restarted
[2026-07-23T09:38:35+00:00] [CYCLER] Event #1458 → dashboard:down
[2026-07-23T09:38:36+00:00] [CYCLER] ✅ Cycle #22 terminé — 12 events publiés
[2026-07-23T09:38:36+00:00] [CYCLER] 📋 Cycle #23 — collecte métriques...
[2026-07-23T09:38:36+00:00] [CYCLER]   Disk: 62% | RAM: 9.6% | Load: 0.27 | GPUs: 2
[2026-07-23T09:38:36+00:00] [CYCLER] Event #1459 → hardware:disk_alert
[2026-07-23T09:38:36+00:00] [CYCLER] Event #1461 → hardware:gpu_alert
[2026-07-23T09:38:37+00:00] [CYCLER] Event #1462 → hardware:ram_alert
[2026-07-23T09:38:52+00:00] [CYCLER] Event #1483 → security:permission_drift
[2026-07-23T09:38:53+00:00] [CYCLER] Event #1484 → security:suid_change
[2026-07-23T09:39:23+00:00] [CYCLER] Event #1493 → osint:alert
[2026-07-23T09:40:14+00:00] [CYCLER] Event #1497 → update:available
[2026-07-23T09:41:24+00:00] [CYCLER] Event #1501 → skill:broken
[2026-07-23T09:42:55+00:00] [CYCLER] Event #1505 → service:down
[2026-07-23T09:42:55+00:00] [CYCLER] Event #1506 → service:unhealthy
[2026-07-23T09:42:56+00:00] [CYCLER] Event #1508 → service:restarted
[2026-07-23T09:42:56+00:00] [CYCLER] Event #1509 → dashboard:down
[2026-07-23T09:42:57+00:00] [CYCLER] ✅ Cycle #23 terminé — 12 events publiés
[2026-07-23T09:42:57+00:00] [CYCLER] 📋 Cycle #24 — collecte métriques...
[2026-07-23T09:42:57+00:00] [CYCLER]   Disk: 62% | RAM: 7.0% | Load: 1.68 | GPUs: 2
[2026-07-23T09:42:57+00:00] [CYCLER] Event #1510 → hardware:disk_alert
[2026-07-23T09:42:57+00:00] [CYCLER] Event #1511 → hardware:gpu_alert
[2026-07-23T09:42:58+00:00] [CYCLER] Event #1513 → hardware:ram_alert
[2026-07-23T09:43:14+00:00] [CYCLER] Event #1532 → security:permission_drift
[2026-07-23T09:43:14+00:00] [CYCLER] Event #1535 → security:suid_change
[2026-07-23T09:43:45+00:00] [CYCLER] Event #1541 → osint:alert
[2026-07-23T09:44:35+00:00] [CYCLER] Event #1549 → update:available
[2026-07-23T09:45:46+00:00] [CYCLER] Event #1553 → skill:broken
[2026-07-23T09:47:16+00:00] [CYCLER] Event #1569 → service:down
[2026-07-23T09:47:17+00:00] [CYCLER] Event #1570 → service:unhealthy
[2026-07-23T09:47:17+00:00] [CYCLER] Event #1571 → service:restarted
[2026-07-23T09:47:18+00:00] [CYCLER] Event #1572 → dashboard:down
[2026-07-23T09:47:18+00:00] [CYCLER] ✅ Cycle #24 terminé — 12 events publiés
[2026-07-23T09:47:18+00:00] [CYCLER] 📋 Cycle #25 — collecte métriques...
[2026-07-23T09:47:18+00:00] [CYCLER]   Disk: 62% | RAM: 6.6% | Load: 2.04 | GPUs: 2
[2026-07-23T09:47:18+00:00] [CYCLER] Event #1574 → hardware:disk_alert
[2026-07-23T09:47:19+00:00] [CYCLER] Event #1575 → hardware:gpu_alert
[2026-07-23T09:47:19+00:00] [CYCLER] Event #1576 → hardware:ram_alert
[2026-07-23T09:47:35+00:00] [CYCLER] Event #1601 → security:permission_drift
[2026-07-23T09:47:35+00:00] [CYCLER] Event #1603 → security:suid_change
[2026-07-23T09:48:06+00:00] [CYCLER] Event #1620 → osint:alert
[2026-07-23T09:48:56+00:00] [CYCLER] Event #1622 → update:available
[2026-07-23T09:50:07+00:00] [CYCLER] Event #1630 → skill:broken
[2026-07-23T09:51:37+00:00] [CYCLER] Event #1634 → service:down
[2026-07-23T09:51:38+00:00] [CYCLER] Event #1635 → service:unhealthy
[2026-07-23T09:51:38+00:00] [CYCLER] Event #1637 → service:restarted
[2026-07-23T09:51:39+00:00] [CYCLER] Event #1638 → dashboard:down
[2026-07-23T09:51:39+00:00] [CYCLER] ✅ Cycle #25 terminé — 12 events publiés
[2026-07-23T09:51:39+00:00] [CYCLER] 📋 Cycle #26 — collecte métriques...
[2026-07-23T09:51:39+00:00] [CYCLER]   Disk: 62% | RAM: 6.6% | Load: 1.24 | GPUs: 2
[2026-07-23T09:51:39+00:00] [CYCLER] Event #1639 → hardware:disk_alert
[2026-07-23T09:51:40+00:00] [CYCLER] Event #1640 → hardware:gpu_alert
[2026-07-23T09:51:40+00:00] [CYCLER] Event #1642 → hardware:ram_alert
[2026-07-23T09:51:56+00:00] [CYCLER] Event #1661 → security:permission_drift
[2026-07-23T09:51:56+00:00] [CYCLER] Event #1664 → security:suid_change
[2026-07-23T09:52:27+00:00] [CYCLER] Event #1670 → osint:alert
[2026-07-23T09:53:18+00:00] [CYCLER] Event #1672 → update:available
[2026-07-23T09:54:28+00:00] [CYCLER] Event #1676 → skill:broken
[2026-07-23T09:55:59+00:00] [CYCLER] Event #1678 → service:down
[2026-07-23T09:55:59+00:00] [CYCLER] Event #1679 → service:unhealthy
[2026-07-23T09:56:00+00:00] [CYCLER] Event #1680 → service:restarted
[2026-07-23T09:56:00+00:00] [CYCLER] Event #1681 → dashboard:down
[2026-07-23T09:56:01+00:00] [CYCLER] ✅ Cycle #26 terminé — 12 events publiés
[2026-07-23T09:56:01+00:00] [CYCLER] 📋 Cycle #27 — collecte métriques...
[2026-07-23T09:56:01+00:00] [CYCLER]   Disk: 62% | RAM: 9.1% | Load: 1.63 | GPUs: 2
[2026-07-23T09:56:01+00:00] [CYCLER] Event #1683 → hardware:disk_alert
[2026-07-23T09:56:01+00:00] [CYCLER] Event #1684 → hardware:gpu_alert
[2026-07-23T09:56:02+00:00] [CYCLER] Event #1685 → hardware:ram_alert
[2026-07-23T09:56:17+00:00] [CYCLER] Event #1706 → security:permission_drift
[2026-07-23T09:56:18+00:00] [CYCLER] Event #1707 → security:suid_change
[2026-07-23T09:56:48+00:00] [CYCLER] Event #1716 → osint:alert
[2026-07-23T09:57:39+00:00] [CYCLER] Event #1718 → update:available
[2026-07-23T09:58:49+00:00] [CYCLER] Event #1725 → skill:broken
[2026-07-23T10:00:20+00:00] [CYCLER] Event #1728 → service:down
[2026-07-23T10:00:20+00:00] [CYCLER] Event #1729 → service:unhealthy
[2026-07-23T10:00:21+00:00] [CYCLER] Event #1731 → service:restarted
[2026-07-23T10:00:21+00:00] [CYCLER] Event #1732 → dashboard:down
[2026-07-23T10:00:22+00:00] [CYCLER] ✅ Cycle #27 terminé — 12 events publiés
[2026-07-23T10:00:22+00:00] [CYCLER] 📋 Cycle #28 — collecte métriques...
[2026-07-23T10:00:22+00:00] [CYCLER]   Disk: 62% | RAM: 8.0% | Load: 0.17 | GPUs: 2
[2026-07-23T10:00:22+00:00] [CYCLER] Event #1733 → hardware:disk_alert
[2026-07-23T10:00:22+00:00] [CYCLER] Event #1735 → hardware:gpu_alert
[2026-07-23T10:00:23+00:00] [CYCLER] Event #1736 → hardware:ram_alert
[2026-07-23T10:00:38+00:00] [CYCLER] Event #1756 → security:permission_drift
[2026-07-23T10:00:39+00:00] [CYCLER] Event #1757 → security:suid_change
[2026-07-23T10:01:09+00:00] [CYCLER] Event #1764 → osint:alert
[2026-07-23T10:02:00+00:00] [CYCLER] Event #1768 → update:available
[2026-07-23T10:03:10+00:00] [CYCLER] Event #1774 → skill:broken
[2026-07-23T10:04:41+00:00] [CYCLER] Event #1776 → service:down
[2026-07-23T10:04:41+00:00] [CYCLER] Event #1777 → service:unhealthy
[2026-07-23T10:04:42+00:00] [CYCLER] Event #1778 → service:restarted
[2026-07-23T10:04:42+00:00] [CYCLER] Event #1780 → dashboard:down
[2026-07-23T10:04:43+00:00] [CYCLER] ✅ Cycle #28 terminé — 12 events publiés
[2026-07-23T10:04:43+00:00] [CYCLER] 📋 Cycle #29 — collecte métriques...
[2026-07-23T10:04:43+00:00] [CYCLER]   Disk: 62% | RAM: 8.0% | Load: 0.27 | GPUs: 2
[2026-07-23T10:04:43+00:00] [CYCLER] Event #1781 → hardware:disk_alert
[2026-07-23T10:04:43+00:00] [CYCLER] Event #1782 → hardware:gpu_alert
[2026-07-23T10:04:44+00:00] [CYCLER] Event #1783 → hardware:ram_alert
[2026-07-23T10:05:00+00:00] [CYCLER] Event #1803 → security:permission_drift
[2026-07-23T10:05:00+00:00] [CYCLER] Event #1804 → security:suid_change
[2026-07-23T10:05:31+00:00] [CYCLER] Event #1812 → osint:alert
[2026-07-23T10:06:21+00:00] [CYCLER] Event #1814 → update:available
[2026-07-23T10:07:32+00:00] [CYCLER] Event #1820 → skill:broken
[2026-07-23T10:09:02+00:00] [CYCLER] Event #1822 → service:down
[2026-07-23T10:09:03+00:00] [CYCLER] Event #1824 → service:unhealthy
[2026-07-23T10:09:03+00:00] [CYCLER] Event #1825 → service:restarted
[2026-07-23T10:09:04+00:00] [CYCLER] Event #1826 → dashboard:down
[2026-07-23T10:09:04+00:00] [CYCLER] ✅ Cycle #29 terminé — 12 events publiés
[2026-07-23T10:09:04+00:00] [CYCLER] 📋 Cycle #30 — collecte métriques...
[2026-07-23T10:09:04+00:00] [CYCLER]   Disk: 62% | RAM: 8.1% | Load: 0.17 | GPUs: 2
[2026-07-23T10:09:04+00:00] [CYCLER] Event #1827 → hardware:disk_alert
[2026-07-23T10:09:05+00:00] [CYCLER] Event #1829 → hardware:gpu_alert
[2026-07-23T10:09:05+00:00] [CYCLER] Event #1830 → hardware:ram_alert
[2026-07-23T10:09:21+00:00] [CYCLER] Event #1850 → security:permission_drift
[2026-07-23T10:09:21+00:00] [CYCLER] Event #1851 → security:suid_change
[2026-07-23T10:09:52+00:00] [CYCLER] Event #1858 → osint:alert
[2026-07-23T10:10:42+00:00] [CYCLER] Event #1860 → update:available
[2026-07-23T10:11:53+00:00] [CYCLER] Event #1868 → skill:broken
[2026-07-23T10:13:23+00:00] [CYCLER] Event #1882 → service:down
[2026-07-23T10:13:24+00:00] [CYCLER] Event #1883 → service:unhealthy
[2026-07-23T10:13:24+00:00] [CYCLER] Event #1884 → service:restarted
[2026-07-23T10:13:25+00:00] [CYCLER] Event #1886 → dashboard:down
[2026-07-23T10:13:25+00:00] [CYCLER] ✅ Cycle #30 terminé — 12 events publiés
[2026-07-23T10:13:25+00:00] [CYCLER] 📋 Cycle #31 — collecte métriques...
[2026-07-23T10:13:25+00:00] [CYCLER]   Disk: 62% | RAM: 8.1% | Load: 0.5 | GPUs: 2
[2026-07-23T10:13:25+00:00] [CYCLER] Event #1887 → hardware:disk_alert
[2026-07-23T10:13:26+00:00] [CYCLER] Event #1888 → hardware:gpu_alert
[2026-07-23T10:13:26+00:00] [CYCLER] Event #1889 → hardware:ram_alert
[2026-07-23T10:13:42+00:00] [CYCLER] Event #1909 → security:permission_drift
[2026-07-23T10:13:42+00:00] [CYCLER] Event #1910 → security:suid_change
[2026-07-23T10:14:13+00:00] [CYCLER] Event #1918 → osint:alert
[2026-07-23T10:15:03+00:00] [CYCLER] Event #1920 → update:available
[2026-07-23T10:16:14+00:00] [CYCLER] Event #1959 → skill:broken
[2026-07-23T10:17:45+00:00] [CYCLER] Event #1971 → service:down
[2026-07-23T10:17:45+00:00] [CYCLER] Event #1973 → service:unhealthy
[2026-07-23T10:17:46+00:00] [CYCLER] Event #1974 → service:restarted
[2026-07-23T10:17:46+00:00] [CYCLER] Event #1975 → dashboard:down
[2026-07-23T10:17:47+00:00] [CYCLER] ✅ Cycle #31 terminé — 12 events publiés
[2026-07-23T10:17:47+00:00] [CYCLER] 📋 Cycle #32 — collecte métriques...
[2026-07-23T10:17:47+00:00] [CYCLER]   Disk: 62% | RAM: 10.3% | Load: 1.3 | GPUs: 2
[2026-07-23T10:17:47+00:00] [CYCLER] Event #1976 → hardware:disk_alert
[2026-07-23T10:17:47+00:00] [CYCLER] Event #1978 → hardware:gpu_alert
[2026-07-23T10:17:48+00:00] [CYCLER] Event #1979 → hardware:ram_alert
[2026-07-23T10:18:03+00:00] [CYCLER] Event #1999 → security:permission_drift
[2026-07-23T10:18:04+00:00] [CYCLER] Event #2000 → security:suid_change
[2026-07-23T10:18:34+00:00] [CYCLER] Event #2010 → osint:alert
[2026-07-23T10:19:25+00:00] [CYCLER] Event #2013 → update:available
[2026-07-23T10:20:35+00:00] [CYCLER] Event #2017 → skill:broken
[2026-07-23T10:22:06+00:00] [CYCLER] Event #2028 → service:down
[2026-07-23T10:22:06+00:00] [CYCLER] Event #2029 → service:unhealthy
[2026-07-23T10:22:07+00:00] [CYCLER] Event #2030 → service:restarted
[2026-07-23T10:22:07+00:00] [CYCLER] Event #2032 → dashboard:down
[2026-07-23T10:22:08+00:00] [CYCLER] ✅ Cycle #32 terminé — 12 events publiés
[2026-07-23T10:22:08+00:00] [CYCLER] 📋 Cycle #33 — collecte métriques...
[2026-07-23T10:22:08+00:00] [CYCLER]   Disk: 62% | RAM: 8.9% | Load: 0.42 | GPUs: 2
[2026-07-23T10:22:08+00:00] [CYCLER] Event #2033 → hardware:disk_alert
[2026-07-23T10:22:08+00:00] [CYCLER] Event #2034 → hardware:gpu_alert
[2026-07-23T10:22:09+00:00] [CYCLER] Event #2036 → hardware:ram_alert
[2026-07-23T10:22:24+00:00] [CYCLER] Event #2055 → security:permission_drift
[2026-07-23T10:22:25+00:00] [CYCLER] Event #2057 → security:suid_change
[2026-07-23T10:22:55+00:00] [CYCLER] Event #2064 → osint:alert
[2026-07-23T10:23:46+00:00] [CYCLER] Event #2066 → update:available
[2026-07-23T10:24:56+00:00] [CYCLER] Event #2074 → skill:broken
[2026-07-23T10:26:27+00:00] [CYCLER] Event #2082 → service:down
[2026-07-23T10:26:27+00:00] [CYCLER] Event #2083 → service:unhealthy
[2026-07-23T10:26:28+00:00] [CYCLER] Event #2084 → service:restarted
[2026-07-23T10:26:28+00:00] [CYCLER] Event #2085 → dashboard:down
[2026-07-23T10:26:29+00:00] [CYCLER] ✅ Cycle #33 terminé — 12 events publiés
[2026-07-23T10:26:29+00:00] [CYCLER] 📋 Cycle #34 — collecte métriques...
[2026-07-23T10:26:29+00:00] [CYCLER]   Disk: 62% | RAM: 8.9% | Load: 0.18 | GPUs: 2
[2026-07-23T10:26:29+00:00] [CYCLER] Event #2087 → hardware:disk_alert
[2026-07-23T10:26:29+00:00] [CYCLER] Event #2088 → hardware:gpu_alert
[2026-07-23T10:26:30+00:00] [CYCLER] Event #2090 → hardware:ram_alert
[2026-07-23T10:26:46+00:00] [CYCLER] Event #2111 → security:permission_drift
[2026-07-23T10:26:46+00:00] [CYCLER] Event #2112 → security:suid_change
[2026-07-23T10:27:17+00:00] [CYCLER] Event #2120 → osint:alert
[2026-07-23T10:28:07+00:00] [CYCLER] Event #2128 → update:available
[2026-07-23T10:29:18+00:00] [CYCLER] Event #2144 → skill:broken
[2026-07-23T10:30:48+00:00] [CYCLER] Event #2152 → service:down
[2026-07-23T10:30:49+00:00] [CYCLER] Event #2153 → service:unhealthy
[2026-07-23T10:30:49+00:00] [CYCLER] Event #2155 → service:restarted
[2026-07-23T10:30:50+00:00] [CYCLER] Event #2156 → dashboard:down
[2026-07-23T10:30:50+00:00] [CYCLER] ✅ Cycle #34 terminé — 12 events publiés
[2026-07-23T10:30:50+00:00] [CYCLER] 📋 Cycle #35 — collecte métriques...
[2026-07-23T10:30:50+00:00] [CYCLER]   Disk: 62% | RAM: 8.9% | Load: 0.41 | GPUs: 2
[2026-07-23T10:30:50+00:00] [CYCLER] Event #2157 → hardware:disk_alert
[2026-07-23T10:30:51+00:00] [CYCLER] Event #2158 → hardware:gpu_alert
[2026-07-23T10:30:51+00:00] [CYCLER] Event #2160 → hardware:ram_alert
[2026-07-23T10:31:07+00:00] [CYCLER] Event #2179 → security:permission_drift
[2026-07-23T10:31:07+00:00] [CYCLER] Event #2182 → security:suid_change
[2026-07-23T10:31:38+00:00] [CYCLER] Event #2190 → osint:alert
[2026-07-23T10:32:28+00:00] [CYCLER] Event #2196 → update:available
[2026-07-23T10:33:39+00:00] [CYCLER] Event #2200 → skill:broken
[2026-07-23T10:35:09+00:00] [CYCLER] Event #2208 → service:down
[2026-07-23T10:35:10+00:00] [CYCLER] Event #2209 → service:unhealthy
[2026-07-23T10:35:10+00:00] [CYCLER] Event #2210 → service:restarted
[2026-07-23T10:35:11+00:00] [CYCLER] Event #2211 → dashboard:down
[2026-07-23T10:35:11+00:00] [CYCLER] ✅ Cycle #35 terminé — 12 events publiés
[2026-07-23T10:35:11+00:00] [CYCLER] 📋 Cycle #36 — collecte métriques...
[2026-07-23T10:35:11+00:00] [CYCLER]   Disk: 62% | RAM: 8.9% | Load: 0.88 | GPUs: 2
[2026-07-23T10:35:11+00:00] [CYCLER] Event #2213 → hardware:disk_alert
[2026-07-23T10:35:12+00:00] [CYCLER] Event #2214 → hardware:gpu_alert
[2026-07-23T10:35:12+00:00] [CYCLER] Event #2215 → hardware:ram_alert
[2026-07-23T10:35:28+00:00] [CYCLER] Event #2236 → security:permission_drift
[2026-07-23T10:35:28+00:00] [CYCLER] Event #2237 → security:suid_change
[2026-07-23T10:35:59+00:00] [CYCLER] Event #2248 → osint:alert
[2026-07-23T10:36:49+00:00] [CYCLER] Event #2256 → update:available
[2026-07-23T10:38:00+00:00] [CYCLER] Event #2270 → skill:broken
[2026-07-23T10:39:31+00:00] [CYCLER] Event #2292 → service:down
[2026-07-23T10:39:31+00:00] [CYCLER] Event #2293 → service:unhealthy
[2026-07-23T10:39:32+00:00] [CYCLER] Event #2295 → service:restarted
[2026-07-23T10:39:32+00:00] [CYCLER] Event #2296 → dashboard:down
[2026-07-23T10:39:33+00:00] [CYCLER] ✅ Cycle #36 terminé — 12 events publiés
[2026-07-23T10:39:33+00:00] [CYCLER] 📋 Cycle #37 — collecte métriques...
[2026-07-23T10:39:33+00:00] [CYCLER]   Disk: 62% | RAM: 8.9% | Load: 0.32 | GPUs: 2
[2026-07-23T10:39:33+00:00] [CYCLER] Event #2297 → hardware:disk_alert
[2026-07-23T10:39:33+00:00] [CYCLER] Event #2298 → hardware:gpu_alert
[2026-07-23T10:39:34+00:00] [CYCLER] Event #2300 → hardware:ram_alert
[2026-07-23T10:39:49+00:00] [CYCLER] Event #2319 → security:permission_drift
[2026-07-23T10:39:50+00:00] [CYCLER] Event #2322 → security:suid_change
[2026-07-23T10:40:20+00:00] [CYCLER] Event #2328 → osint:alert
[2026-07-23T10:41:11+00:00] [CYCLER] Event #2334 → update:available
[2026-07-23T10:42:21+00:00] [CYCLER] Event #2340 → skill:broken
[2026-07-23T10:43:52+00:00] [CYCLER] Event #2348 → service:down
[2026-07-23T10:43:52+00:00] [CYCLER] Event #2349 → service:unhealthy
[2026-07-23T10:43:53+00:00] [CYCLER] Event #2350 → service:restarted
[2026-07-23T10:43:53+00:00] [CYCLER] Event #2351 → dashboard:down
[2026-07-23T10:43:54+00:00] [CYCLER] ✅ Cycle #37 terminé — 12 events publiés
[2026-07-23T10:43:54+00:00] [CYCLER] 📋 Cycle #38 — collecte métriques...
[2026-07-23T10:43:54+00:00] [CYCLER]   Disk: 62% | RAM: 8.9% | Load: 0.29 | GPUs: 2
[2026-07-23T10:43:54+00:00] [CYCLER] Event #2353 → hardware:disk_alert
[2026-07-23T10:43:54+00:00] [CYCLER] Event #2354 → hardware:gpu_alert
[2026-07-23T10:43:55+00:00] [CYCLER] Event #2355 → hardware:ram_alert
[2026-07-23T10:44:10+00:00] [CYCLER] Event #2376 → security:permission_drift
[2026-07-23T10:44:11+00:00] [CYCLER] Event #2377 → security:suid_change
[2026-07-23T10:44:41+00:00] [CYCLER] Event #2388 → osint:alert
[2026-07-23T10:45:32+00:00] [CYCLER] Event #2390 → update:available
[2026-07-23T10:46:42+00:00] [CYCLER] Event #2396 → skill:broken
[2026-07-23T10:48:13+00:00] [CYCLER] Event #2398 → service:down
[2026-07-23T10:48:13+00:00] [CYCLER] Event #2399 → service:unhealthy
[2026-07-23T10:48:14+00:00] [CYCLER] Event #2401 → service:restarted
[2026-07-23T10:48:14+00:00] [CYCLER] Event #2402 → dashboard:down
[2026-07-23T10:48:15+00:00] [CYCLER] ✅ Cycle #38 terminé — 12 events publiés
[2026-07-23T10:48:15+00:00] [CYCLER] 📋 Cycle #39 — collecte métriques...
[2026-07-23T10:48:15+00:00] [CYCLER]   Disk: 62% | RAM: 8.9% | Load: 0.25 | GPUs: 2
[2026-07-23T10:48:15+00:00] [CYCLER] Event #2403 → hardware:disk_alert
[2026-07-23T10:48:15+00:00] [CYCLER] Event #2405 → hardware:gpu_alert
[2026-07-23T10:48:16+00:00] [CYCLER] Event #2406 → hardware:ram_alert
[2026-07-23T10:48:32+00:00] [CYCLER] Event #2426 → security:permission_drift
[2026-07-23T10:48:32+00:00] [CYCLER] Event #2427 → security:suid_change
[2026-07-23T10:49:03+00:00] [CYCLER] Event #2434 → osint:alert
[2026-07-23T10:49:53+00:00] [CYCLER] Event #2436 → update:available
[2026-07-23T10:51:04+00:00] [CYCLER] Event #2440 → skill:broken
[2026-07-23T10:52:34+00:00] [CYCLER] Event #2445 → service:down
[2026-07-23T10:52:35+00:00] [CYCLER] Event #2446 → service:unhealthy
[2026-07-23T10:52:35+00:00] [CYCLER] Event #2447 → service:restarted
[2026-07-23T10:52:36+00:00] [CYCLER] Event #2449 → dashboard:down
[2026-07-23T10:52:36+00:00] [CYCLER] ✅ Cycle #39 terminé — 12 events publiés
[2026-07-23T10:52:36+00:00] [CYCLER] 📋 Cycle #40 — collecte métriques...
[2026-07-23T10:52:36+00:00] [CYCLER]   Disk: 62% | RAM: 8.9% | Load: 0.24 | GPUs: 2
[2026-07-23T10:52:36+00:00] [CYCLER] Event #2450 → hardware:disk_alert
[2026-07-23T10:52:37+00:00] [CYCLER] Event #2451 → hardware:gpu_alert
[2026-07-23T10:52:37+00:00] [CYCLER] Event #2452 → hardware:ram_alert
[2026-07-23T10:52:53+00:00] [CYCLER] Event #2472 → security:permission_drift
[2026-07-23T10:52:53+00:00] [CYCLER] Event #2473 → security:suid_change
[2026-07-23T10:53:24+00:00] [CYCLER] Event #2481 → osint:alert
[2026-07-23T10:54:14+00:00] [CYCLER] Event #2483 → update:available
[2026-07-23T10:55:25+00:00] [CYCLER] Event #2487 → skill:broken
[2026-07-23T10:56:55+00:00] [CYCLER] Event #2501 → service:down
[2026-07-23T10:56:56+00:00] [CYCLER] Event #2503 → service:unhealthy
[2026-07-23T10:56:56+00:00] [CYCLER] Event #2504 → service:restarted
[2026-07-23T10:56:57+00:00] [CYCLER] Event #2505 → dashboard:down
[2026-07-23T10:56:57+00:00] [CYCLER] ✅ Cycle #40 terminé — 12 events publiés
[2026-07-23T10:56:57+00:00] [CYCLER] 📋 Cycle #41 — collecte métriques...
[2026-07-23T10:56:57+00:00] [CYCLER]   Disk: 62% | RAM: 8.9% | Load: 0.19 | GPUs: 2
[2026-07-23T10:56:57+00:00] [CYCLER] Event #2506 → hardware:disk_alert
[2026-07-23T10:56:58+00:00] [CYCLER] Event #2508 → hardware:gpu_alert
[2026-07-23T10:56:58+00:00] [CYCLER] Event #2509 → hardware:ram_alert
[2026-07-23T10:57:14+00:00] [CYCLER] Event #2529 → security:permission_drift
[2026-07-23T10:57:14+00:00] [CYCLER] Event #2530 → security:suid_change
[2026-07-23T10:57:45+00:00] [CYCLER] Event #2539 → osint:alert
[2026-07-23T10:58:35+00:00] [CYCLER] Event #2550 → update:available
[2026-07-23T10:59:46+00:00] [CYCLER] Event #2560 → skill:broken
[2026-07-23T11:01:17+00:00] [CYCLER] Event #2566 → service:down
[2026-07-23T11:01:17+00:00] [CYCLER] Event #2567 → service:unhealthy
[2026-07-23T11:01:18+00:00] [CYCLER] Event #2568 → service:restarted
[2026-07-23T11:01:18+00:00] [CYCLER] Event #2570 → dashboard:down
[2026-07-23T11:01:19+00:00] [CYCLER] ✅ Cycle #41 terminé — 12 events publiés
[2026-07-23T11:01:19+00:00] [CYCLER] 📋 Cycle #42 — collecte métriques...
[2026-07-23T11:01:19+00:00] [CYCLER]   Disk: 62% | RAM: 9.0% | Load: 0.19 | GPUs: 2
[2026-07-23T11:01:19+00:00] [CYCLER] Event #2571 → hardware:disk_alert
[2026-07-23T11:01:19+00:00] [CYCLER] Event #2572 → hardware:gpu_alert
[2026-07-23T11:01:20+00:00] [CYCLER] Event #2573 → hardware:ram_alert
[2026-07-23T11:01:35+00:00] [CYCLER] Event #2594 → security:permission_drift
[2026-07-23T11:01:36+00:00] [CYCLER] Event #2595 → security:suid_change
[2026-07-23T11:02:06+00:00] [CYCLER] Event #2604 → osint:alert
[2026-07-23T11:02:57+00:00] [CYCLER] Event #2608 → update:available
[2026-07-23T11:04:07+00:00] [CYCLER] Event #2623 → skill:broken
[2026-07-23T11:05:38+00:00] [CYCLER] Event #2635 → service:down
[2026-07-23T11:05:38+00:00] [CYCLER] Event #2637 → service:unhealthy
[2026-07-23T11:05:39+00:00] [CYCLER] Event #2638 → service:restarted
[2026-07-23T11:05:39+00:00] [CYCLER] Event #2639 → dashboard:down
[2026-07-23T11:05:40+00:00] [CYCLER] ✅ Cycle #42 terminé — 12 events publiés
[2026-07-23T11:05:40+00:00] [CYCLER] 📋 Cycle #43 — collecte métriques...
[2026-07-23T11:05:40+00:00] [CYCLER]   Disk: 62% | RAM: 8.9% | Load: 0.18 | GPUs: 2
[2026-07-23T11:05:40+00:00] [CYCLER] Event #2640 → hardware:disk_alert
[2026-07-23T11:05:40+00:00] [CYCLER] Event #2642 → hardware:gpu_alert
[2026-07-23T11:05:41+00:00] [CYCLER] Event #2643 → hardware:ram_alert
[2026-07-23T11:05:56+00:00] [CYCLER] Event #2667 → security:permission_drift
[2026-07-23T11:05:57+00:00] [CYCLER] Event #2668 → security:suid_change
[2026-07-23T11:06:27+00:00] [CYCLER] Event #2684 → osint:alert
[2026-07-23T11:07:18+00:00] [CYCLER] Event #2695 → update:available
[2026-07-23T11:08:28+00:00] [CYCLER] Event #2707 → skill:broken
[2026-07-23T11:09:59+00:00] [CYCLER] Event #2709 → service:down
[2026-07-23T11:09:59+00:00] [CYCLER] Event #2710 → service:unhealthy
[2026-07-23T11:10:00+00:00] [CYCLER] Event #2711 → service:restarted
[2026-07-23T11:10:00+00:00] [CYCLER] Event #2713 → dashboard:down
[2026-07-23T11:10:01+00:00] [CYCLER] ✅ Cycle #43 terminé — 12 events publiés
[2026-07-23T11:10:01+00:00] [CYCLER] 📋 Cycle #44 — collecte métriques...
[2026-07-23T11:10:01+00:00] [CYCLER]   Disk: 62% | RAM: 8.9% | Load: 0.17 | GPUs: 2
[2026-07-23T11:10:01+00:00] [CYCLER] Event #2714 → hardware:disk_alert
[2026-07-23T11:10:01+00:00] [CYCLER] Event #2715 → hardware:gpu_alert
[2026-07-23T11:10:02+00:00] [CYCLER] Event #2717 → hardware:ram_alert
[2026-07-23T11:10:17+00:00] [CYCLER] Event #2739 → security:permission_drift
[2026-07-23T11:10:18+00:00] [CYCLER] Event #2742 → security:suid_change
[2026-07-23T11:10:49+00:00] [CYCLER] Event #2751 → osint:alert
[2026-07-23T11:11:39+00:00] [CYCLER] Event #2755 → update:available
[2026-07-23T11:12:50+00:00] [CYCLER] Event #2759 → skill:broken
[2026-07-23T11:14:20+00:00] [CYCLER] Event #2761 → service:down
[2026-07-23T11:14:21+00:00] [CYCLER] Event #2762 → service:unhealthy
[2026-07-23T11:14:21+00:00] [CYCLER] Event #2763 → service:restarted
[2026-07-23T11:14:22+00:00] [CYCLER] Event #2764 → dashboard:down
[2026-07-23T11:14:22+00:00] [CYCLER] ✅ Cycle #44 terminé — 12 events publiés
[2026-07-23T11:14:22+00:00] [CYCLER] 📋 Cycle #45 — collecte métriques...
[2026-07-23T11:14:22+00:00] [CYCLER]   Disk: 62% | RAM: 8.9% | Load: 0.34 | GPUs: 2
[2026-07-23T11:14:22+00:00] [CYCLER] Event #2766 → hardware:disk_alert
[2026-07-23T11:14:23+00:00] [CYCLER] Event #2767 → hardware:gpu_alert
[2026-07-23T11:14:23+00:00] [CYCLER] Event #2768 → hardware:ram_alert
[2026-07-23T11:14:39+00:00] [CYCLER] Event #2793 → security:permission_drift
[2026-07-23T11:14:39+00:00] [CYCLER] Event #2794 → security:suid_change
[2026-07-23T11:15:10+00:00] [CYCLER] Event #2803 → osint:alert
[2026-07-23T11:16:00+00:00] [CYCLER] Event #2805 → update:available
[2026-07-23T11:17:11+00:00] [CYCLER] Event #2811 → skill:broken
[2026-07-23T11:18:41+00:00] [CYCLER] Event #2813 → service:down
[2026-07-23T11:18:42+00:00] [CYCLER] Event #2814 → service:unhealthy
[2026-07-23T11:18:42+00:00] [CYCLER] Event #2816 → service:restarted
[2026-07-23T11:18:43+00:00] [CYCLER] Event #2817 → dashboard:down
[2026-07-23T11:18:43+00:00] [CYCLER] ✅ Cycle #45 terminé — 12 events publiés
[2026-07-23T11:18:43+00:00] [CYCLER] 📋 Cycle #46 — collecte métriques...
[2026-07-23T11:18:43+00:00] [CYCLER]   Disk: 62% | RAM: 8.9% | Load: 0.44 | GPUs: 2
[2026-07-23T11:18:43+00:00] [CYCLER] Event #2818 → hardware:disk_alert
[2026-07-23T11:18:44+00:00] [CYCLER] Event #2819 → hardware:gpu_alert
[2026-07-23T11:18:44+00:00] [CYCLER] Event #2821 → hardware:ram_alert
[2026-07-23T11:19:00+00:00] [CYCLER] Event #2843 → security:permission_drift
[2026-07-23T11:19:00+00:00] [CYCLER] Event #2846 → security:suid_change
[2026-07-23T11:19:31+00:00] [CYCLER] Event #2855 → osint:alert
[2026-07-23T11:20:21+00:00] [CYCLER] Event #2857 → update:available
[2026-07-23T11:21:32+00:00] [CYCLER] Event #2867 → skill:broken
[2026-07-23T11:23:03+00:00] [CYCLER] Event #2869 → service:down
[2026-07-23T11:23:03+00:00] [CYCLER] Event #2870 → service:unhealthy
[2026-07-23T11:23:04+00:00] [CYCLER] Event #2871 → service:restarted
[2026-07-23T11:23:04+00:00] [CYCLER] Event #2872 → dashboard:down
[2026-07-23T11:23:05+00:00] [CYCLER] ✅ Cycle #46 terminé — 12 events publiés
[2026-07-23T11:23:05+00:00] [CYCLER] 📋 Cycle #47 — collecte métriques...
[2026-07-23T11:23:05+00:00] [CYCLER]   Disk: 62% | RAM: 8.9% | Load: 0.26 | GPUs: 2
[2026-07-23T11:23:05+00:00] [CYCLER] Event #2874 → hardware:disk_alert
[2026-07-23T11:23:05+00:00] [CYCLER] Event #2875 → hardware:gpu_alert
[2026-07-23T11:23:06+00:00] [CYCLER] Event #2876 → hardware:ram_alert
[2026-07-23T11:23:21+00:00] [CYCLER] Event #2901 → security:permission_drift
[2026-07-23T11:23:22+00:00] [CYCLER] Event #2902 → security:suid_change
[2026-07-23T11:23:52+00:00] [CYCLER] Event #2917 → osint:alert
[2026-07-23T11:24:43+00:00] [CYCLER] Event #2919 → update:available
[2026-07-23T11:25:53+00:00] [CYCLER] Event #2923 → skill:broken
[2026-07-23T11:27:24+00:00] [CYCLER] Event #2927 → service:down
[2026-07-23T11:27:24+00:00] [CYCLER] Event #2928 → service:unhealthy
[2026-07-23T11:27:25+00:00] [CYCLER] Event #2930 → service:restarted
[2026-07-23T11:27:25+00:00] [CYCLER] Event #2931 → dashboard:down
[2026-07-23T11:27:26+00:00] [CYCLER] ✅ Cycle #47 terminé — 12 events publiés
[2026-07-23T11:27:26+00:00] [CYCLER] 📋 Cycle #48 — collecte métriques...
[2026-07-23T11:27:26+00:00] [CYCLER]   Disk: 62% | RAM: 8.9% | Load: 0.22 | GPUs: 2
[2026-07-23T11:27:26+00:00] [CYCLER] Event #2932 → hardware:disk_alert
[2026-07-23T11:27:26+00:00] [CYCLER] Event #2933 → hardware:gpu_alert
[2026-07-23T11:27:27+00:00] [CYCLER] Event #2935 → hardware:ram_alert
[2026-07-23T11:27:42+00:00] [CYCLER] Event #2957 → security:permission_drift
[2026-07-23T11:27:43+00:00] [CYCLER] Event #2960 → security:suid_change
[2026-07-23T11:28:13+00:00] [CYCLER] Event #2969 → osint:alert
[2026-07-23T11:29:04+00:00] [CYCLER] Event #2971 → update:available
[2026-07-23T11:30:14+00:00] [CYCLER] Event #2979 → skill:broken
[2026-07-23T11:31:45+00:00] [CYCLER] Event #2984 → service:down
[2026-07-23T11:31:45+00:00] [CYCLER] Event #2985 → service:unhealthy
[2026-07-23T11:31:46+00:00] [CYCLER] Event #2986 → service:restarted
[2026-07-23T11:31:46+00:00] [CYCLER] Event #2987 → dashboard:down
[2026-07-23T11:31:47+00:00] [CYCLER] ✅ Cycle #48 terminé — 12 events publiés
[2026-07-23T11:31:47+00:00] [CYCLER] 📋 Cycle #49 — collecte métriques...
[2026-07-23T11:31:47+00:00] [CYCLER]   Disk: 62% | RAM: 8.9% | Load: 0.26 | GPUs: 2
[2026-07-23T11:31:47+00:00] [CYCLER] Event #2989 → hardware:disk_alert
[2026-07-23T11:31:47+00:00] [CYCLER] Event #2990 → hardware:gpu_alert
[2026-07-23T11:31:48+00:00] [CYCLER] Event #2991 → hardware:ram_alert
[2026-07-23T11:32:03+00:00] [CYCLER] Event #3015 → security:permission_drift
[2026-07-23T11:32:04+00:00] [CYCLER] Event #3016 → security:suid_change
[2026-07-23T11:32:35+00:00] [CYCLER] Event #3026 → osint:alert
[2026-07-23T11:33:25+00:00] [CYCLER] Event #3028 → update:available
[2026-07-23T11:34:36+00:00] [CYCLER] Event #3033 → skill:broken
[2026-07-23T11:36:06+00:00] [CYCLER] Event #3036 → service:down
[2026-07-23T11:36:07+00:00] [CYCLER] Event #3038 → service:unhealthy
[2026-07-23T11:36:07+00:00] [CYCLER] Event #3039 → service:restarted
[2026-07-23T11:36:08+00:00] [CYCLER] Event #3040 → dashboard:down
[2026-07-23T11:36:08+00:00] [CYCLER] ✅ Cycle #49 terminé — 12 events publiés
[2026-07-23T11:36:08+00:00] [CYCLER] 📋 Cycle #50 — collecte métriques...
[2026-07-23T11:36:08+00:00] [CYCLER]   Disk: 62% | RAM: 8.9% | Load: 0.54 | GPUs: 2
[2026-07-23T11:36:08+00:00] [CYCLER] Event #3041 → hardware:disk_alert
[2026-07-23T11:36:09+00:00] [CYCLER] Event #3043 → hardware:gpu_alert
[2026-07-23T11:36:09+00:00] [CYCLER] Event #3044 → hardware:ram_alert
[2026-07-23T11:36:25+00:00] [CYCLER] Event #3069 → security:permission_drift
[2026-07-23T11:36:25+00:00] [CYCLER] Event #3070 → security:suid_change
[2026-07-23T11:36:56+00:00] [CYCLER] Event #3082 → osint:alert
[2026-07-23T11:37:46+00:00] [CYCLER] Event #3101 → update:available
[2026-07-23T11:38:57+00:00] [CYCLER] Event #3105 → skill:broken
[2026-07-23T11:40:27+00:00] [CYCLER] Event #3114 → service:down
[2026-07-23T11:40:28+00:00] [CYCLER] Event #3115 → service:unhealthy
[2026-07-23T11:40:28+00:00] [CYCLER] Event #3116 → service:restarted
[2026-07-23T11:40:29+00:00] [CYCLER] Event #3118 → dashboard:down
[2026-07-23T11:40:29+00:00] [CYCLER] ✅ Cycle #50 terminé — 12 events publiés
[2026-07-23T11:40:29+00:00] [CYCLER] 📋 Cycle #51 — collecte métriques...
[2026-07-23T11:40:29+00:00] [CYCLER]   Disk: 62% | RAM: 8.9% | Load: 0.26 | GPUs: 2
[2026-07-23T11:40:29+00:00] [CYCLER] Event #3119 → hardware:disk_alert
[2026-07-23T11:40:30+00:00] [CYCLER] Event #3120 → hardware:gpu_alert
[2026-07-23T11:40:30+00:00] [CYCLER] Event #3121 → hardware:ram_alert
[2026-07-23T11:40:46+00:00] [CYCLER] Event #3145 → security:permission_drift
[2026-07-23T11:40:46+00:00] [CYCLER] Event #3146 → security:suid_change
[2026-07-23T11:41:17+00:00] [CYCLER] Event #3157 → osint:alert
[2026-07-23T11:42:07+00:00] [CYCLER] Event #3165 → update:available
[2026-07-23T11:43:18+00:00] [CYCLER] Event #3171 → skill:broken
[2026-07-23T11:44:48+00:00] [CYCLER] Event #3174 → service:down
[2026-07-23T11:44:49+00:00] [CYCLER] Event #3176 → service:unhealthy
[2026-07-23T11:44:50+00:00] [CYCLER] Event #3177 → service:restarted
[2026-07-23T11:44:50+00:00] [CYCLER] Event #3178 → dashboard:down
[2026-07-23T11:44:51+00:00] [CYCLER] ✅ Cycle #51 terminé — 12 events publiés
[2026-07-23T11:44:51+00:00] [CYCLER] 📋 Cycle #52 — collecte métriques...
[2026-07-23T11:44:51+00:00] [CYCLER]   Disk: 62% | RAM: 8.9% | Load: 0.5 | GPUs: 2
[2026-07-23T11:44:51+00:00] [CYCLER] Event #3179 → hardware:disk_alert
[2026-07-23T11:44:51+00:00] [CYCLER] Event #3181 → hardware:gpu_alert
[2026-07-23T11:44:52+00:00] [CYCLER] Event #3182 → hardware:ram_alert
[2026-07-23T11:45:07+00:00] [CYCLER] Event #3208 → security:permission_drift
[2026-07-23T11:45:08+00:00] [CYCLER] Event #3209 → security:suid_change
[2026-07-23T11:45:38+00:00] [CYCLER] Event #3219 → osint:alert
[2026-07-23T11:46:29+00:00] [CYCLER] Event #3223 → update:available
[2026-07-23T11:47:39+00:00] [CYCLER] Event #3229 → skill:broken
[2026-07-23T11:49:10+00:00] [CYCLER] Event #3232 → service:down
[2026-07-23T11:49:10+00:00] [CYCLER] Event #3233 → service:unhealthy
[2026-07-23T11:49:11+00:00] [CYCLER] Event #3234 → service:restarted
[2026-07-23T11:49:11+00:00] [CYCLER] Event #3236 → dashboard:down
[2026-07-23T11:49:12+00:00] [CYCLER] ✅ Cycle #52 terminé — 12 events publiés
[2026-07-23T11:49:12+00:00] [CYCLER] 📋 Cycle #53 — collecte métriques...
[2026-07-23T11:49:12+00:00] [CYCLER]   Disk: 62% | RAM: 6.9% | Load: 0.41 | GPUs: 2
[2026-07-23T11:49:12+00:00] [CYCLER] Event #3237 → hardware:disk_alert
[2026-07-23T11:49:12+00:00] [CYCLER] Event #3238 → hardware:gpu_alert
[2026-07-23T11:49:13+00:00] [CYCLER] Event #3239 → hardware:ram_alert
[2026-07-23T11:49:28+00:00] [CYCLER] Event #3264 → security:permission_drift
[2026-07-23T11:49:29+00:00] [CYCLER] Event #3265 → security:suid_change
[2026-07-23T11:49:59+00:00] [CYCLER] Event #3275 → osint:alert
[2026-07-23T11:50:50+00:00] [CYCLER] Event #3278 → update:available
[2026-07-23T11:52:00+00:00] [CYCLER] Event #3285 → skill:broken
[2026-07-23T11:53:31+00:00] [CYCLER] Event #3289 → service:down
[2026-07-23T11:53:31+00:00] [CYCLER] Event #3290 → service:unhealthy
[2026-07-23T11:53:32+00:00] [CYCLER] Event #3291 → service:restarted
[2026-07-23T11:53:32+00:00] [CYCLER] Event #3292 → dashboard:down
[2026-07-23T11:53:33+00:00] [CYCLER] ✅ Cycle #53 terminé — 12 events publiés
[2026-07-23T11:53:33+00:00] [CYCLER] 📋 Cycle #54 — collecte métriques...
[2026-07-23T11:53:33+00:00] [CYCLER]   Disk: 62% | RAM: 6.9% | Load: 0.3 | GPUs: 2
[2026-07-23T11:53:33+00:00] [CYCLER] Event #3293 → hardware:disk_alert
[2026-07-23T11:53:33+00:00] [CYCLER] Event #3295 → hardware:gpu_alert
[2026-07-23T11:53:34+00:00] [CYCLER] Event #3296 → hardware:ram_alert
[2026-07-23T11:53:49+00:00] [CYCLER] Event #3323 → security:permission_drift
[2026-07-23T11:53:50+00:00] [CYCLER] Event #3324 → security:suid_change
[2026-07-23T11:54:20+00:00] [CYCLER] Event #3334 → osint:alert
[2026-07-23T11:55:11+00:00] [CYCLER] Event #3338 → update:available
[2026-07-23T11:56:22+00:00] [CYCLER] Event #3361 → skill:broken
[2026-07-23T11:57:52+00:00] [CYCLER] Event #3392 → service:down
[2026-07-23T11:57:53+00:00] [CYCLER] Event #3393 → service:unhealthy
[2026-07-23T11:57:53+00:00] [CYCLER] Event #3394 → service:restarted
[2026-07-23T11:57:54+00:00] [CYCLER] Event #3396 → dashboard:down
[2026-07-23T11:57:54+00:00] [CYCLER] ✅ Cycle #54 terminé — 12 events publiés
[2026-07-23T11:57:54+00:00] [CYCLER] 📋 Cycle #55 — collecte métriques...
[2026-07-23T11:57:54+00:00] [CYCLER]   Disk: 62% | RAM: 6.9% | Load: 0.14 | GPUs: 2
[2026-07-23T11:57:54+00:00] [CYCLER] Event #3397 → hardware:disk_alert
[2026-07-23T11:57:55+00:00] [CYCLER] Event #3398 → hardware:gpu_alert
[2026-07-23T11:57:55+00:00] [CYCLER] Event #3400 → hardware:ram_alert
[2026-07-23T11:58:11+00:00] [CYCLER] Event #3424 → security:permission_drift
[2026-07-23T11:58:11+00:00] [CYCLER] Event #3427 → security:suid_change
[2026-07-23T11:58:42+00:00] [CYCLER] Event #3437 → osint:alert
[2026-07-23T11:59:32+00:00] [CYCLER] Event #3440 → update:available
[2026-07-23T12:00:43+00:00] [CYCLER] Event #3446 → skill:broken
[2026-07-23T12:02:13+00:00] [CYCLER] Event #3451 → service:down
[2026-07-23T12:02:14+00:00] [CYCLER] Event #3452 → service:unhealthy
[2026-07-23T12:02:14+00:00] [CYCLER] Event #3453 → service:restarted
[2026-07-23T12:02:15+00:00] [CYCLER] Event #3454 → dashboard:down
[2026-07-23T12:02:15+00:00] [CYCLER] ✅ Cycle #55 terminé — 12 events publiés
[2026-07-23T12:02:15+00:00] [CYCLER] 📋 Cycle #56 — collecte métriques...
[2026-07-23T12:02:15+00:00] [CYCLER]   Disk: 62% | RAM: 6.9% | Load: 0.32 | GPUs: 2
[2026-07-23T12:02:15+00:00] [CYCLER] Event #3456 → hardware:disk_alert
[2026-07-23T12:02:16+00:00] [CYCLER] Event #3457 → hardware:gpu_alert
[2026-07-23T12:02:16+00:00] [CYCLER] Event #3458 → hardware:ram_alert
[2026-07-23T12:02:32+00:00] [CYCLER] Event #3484 → security:permission_drift
[2026-07-23T12:02:32+00:00] [CYCLER] Event #3485 → security:suid_change
[2026-07-23T12:03:03+00:00] [CYCLER] Event #3494 → osint:alert
[2026-07-23T12:03:53+00:00] [CYCLER] Event #3499 → update:available
[2026-07-23T12:05:04+00:00] [CYCLER] Event #3504 → skill:broken
[2026-07-23T12:06:34+00:00] [CYCLER] Event #3510 → service:down
[2026-07-23T12:06:35+00:00] [CYCLER] Event #3511 → service:unhealthy
[2026-07-23T12:06:35+00:00] [CYCLER] Event #3513 → service:restarted
[2026-07-23T12:06:36+00:00] [CYCLER] Event #3514 → dashboard:down
[2026-07-23T12:06:36+00:00] [CYCLER] ✅ Cycle #56 terminé — 12 events publiés
[2026-07-23T12:06:36+00:00] [CYCLER] 📋 Cycle #57 — collecte métriques...
[2026-07-23T12:06:37+00:00] [CYCLER]   Disk: 62% | RAM: 6.9% | Load: 0.15 | GPUs: 2
[2026-07-23T12:06:37+00:00] [CYCLER] Event #3515 → hardware:disk_alert
[2026-07-23T12:06:37+00:00] [CYCLER] Event #3516 → hardware:gpu_alert
[2026-07-23T12:06:38+00:00] [CYCLER] Event #3518 → hardware:ram_alert
[2026-07-23T12:06:53+00:00] [CYCLER] Event #3542 → security:permission_drift
[2026-07-23T12:06:54+00:00] [CYCLER] Event #3545 → security:suid_change
[2026-07-23T12:07:24+00:00] [CYCLER] Event #3554 → osint:alert
[2026-07-23T12:08:15+00:00] [CYCLER] Event #3557 → update:available
[2026-07-23T12:09:25+00:00] [CYCLER] Event #3563 → skill:broken
[2026-07-23T12:10:56+00:00] [CYCLER] Event #3566 → service:down
[2026-07-23T12:10:56+00:00] [CYCLER] Event #3567 → service:unhealthy
[2026-07-23T12:10:57+00:00] [CYCLER] Event #3568 → service:restarted
[2026-07-23T12:10:57+00:00] [CYCLER] Event #3569 → dashboard:down
[2026-07-23T12:10:58+00:00] [CYCLER] ✅ Cycle #57 terminé — 12 events publiés
[2026-07-23T12:10:58+00:00] [CYCLER] 📋 Cycle #58 — collecte métriques...
[2026-07-23T12:10:58+00:00] [CYCLER]   Disk: 62% | RAM: 6.9% | Load: 0.19 | GPUs: 2
[2026-07-23T12:10:58+00:00] [CYCLER] Event #3571 → hardware:disk_alert
[2026-07-23T12:10:58+00:00] [CYCLER] Event #3572 → hardware:gpu_alert
[2026-07-23T12:10:59+00:00] [CYCLER] Event #3573 → hardware:ram_alert
[2026-07-23T12:11:14+00:00] [CYCLER] Event #3598 → security:permission_drift
[2026-07-23T12:11:15+00:00] [CYCLER] Event #3599 → security:suid_change
[2026-07-23T12:11:45+00:00] [CYCLER] Event #3611 → osint:alert
[2026-07-23T12:12:36+00:00] [CYCLER] Event #3614 → update:available
[2026-07-23T12:13:46+00:00] [CYCLER] Event #3619 → skill:broken
[2026-07-23T12:15:17+00:00] [CYCLER] Event #3623 → service:down
[2026-07-23T12:15:17+00:00] [CYCLER] Event #3624 → service:unhealthy
[2026-07-23T12:15:18+00:00] [CYCLER] Event #3626 → service:restarted
[2026-07-23T12:15:18+00:00] [CYCLER] Event #3627 → dashboard:down
[2026-07-23T12:15:19+00:00] [CYCLER] ✅ Cycle #58 terminé — 12 events publiés
[2026-07-23T12:15:19+00:00] [CYCLER] 📋 Cycle #59 — collecte métriques...
[2026-07-23T12:15:19+00:00] [CYCLER]   Disk: 62% | RAM: 6.9% | Load: 0.39 | GPUs: 2
[2026-07-23T12:15:19+00:00] [CYCLER] Event #3628 → hardware:disk_alert
[2026-07-23T12:15:19+00:00] [CYCLER] Event #3630 → hardware:gpu_alert
[2026-07-23T12:15:20+00:00] [CYCLER] Event #3631 → hardware:ram_alert
[2026-07-23T12:15:35+00:00] [CYCLER] Event #3658 → security:permission_drift
[2026-07-23T12:15:36+00:00] [CYCLER] Event #3659 → security:suid_change
[2026-07-23T12:16:06+00:00] [CYCLER] Event #3668 → osint:alert
[2026-07-23T12:16:57+00:00] [CYCLER] Event #3673 → update:available
[2026-07-23T12:18:08+00:00] [CYCLER] Event #3678 → skill:broken
[2026-07-23T12:19:38+00:00] [CYCLER] Event #3697 → service:down
[2026-07-23T12:19:39+00:00] [CYCLER] Event #3698 → service:unhealthy
[2026-07-23T12:19:39+00:00] [CYCLER] Event #3699 → service:restarted
[2026-07-23T12:19:40+00:00] [CYCLER] Event #3701 → dashboard:down
[2026-07-23T12:19:40+00:00] [CYCLER] ✅ Cycle #59 terminé — 12 events publiés
[2026-07-23T12:19:40+00:00] [CYCLER] 📋 Cycle #60 — collecte métriques...
[2026-07-23T12:19:40+00:00] [CYCLER]   Disk: 62% | RAM: 6.9% | Load: 0.97 | GPUs: 2
[2026-07-23T12:19:40+00:00] [CYCLER] Event #3702 → hardware:disk_alert
[2026-07-23T12:19:41+00:00] [CYCLER] Event #3703 → hardware:gpu_alert
[2026-07-23T12:19:41+00:00] [CYCLER] Event #3704 → hardware:ram_alert
[2026-07-23T12:19:57+00:00] [CYCLER] Event #3728 → security:permission_drift
[2026-07-23T12:19:57+00:00] [CYCLER] Event #3729 → security:suid_change
[2026-07-23T12:20:28+00:00] [CYCLER] Event #3742 → osint:alert
[2026-07-23T12:21:18+00:00] [CYCLER] Event #3744 → update:available
[2026-07-23T12:22:29+00:00] [CYCLER] Event #3753 → skill:broken
[2026-07-23T12:23:59+00:00] [CYCLER] Event #3759 → service:down
[2026-07-23T12:24:00+00:00] [CYCLER] Event #3761 → service:unhealthy
[2026-07-23T12:24:00+00:00] [CYCLER] Event #3762 → service:restarted
[2026-07-23T12:24:01+00:00] [CYCLER] Event #3763 → dashboard:down
[2026-07-23T12:24:01+00:00] [CYCLER] ✅ Cycle #60 terminé — 12 events publiés
[2026-07-23T12:24:01+00:00] [CYCLER] 📋 Cycle #61 — collecte métriques...
[2026-07-23T12:24:01+00:00] [CYCLER]   Disk: 62% | RAM: 6.9% | Load: 0.25 | GPUs: 2
[2026-07-23T12:24:01+00:00] [CYCLER] Event #3764 → hardware:disk_alert
[2026-07-23T12:24:02+00:00] [CYCLER] Event #3766 → hardware:gpu_alert
[2026-07-23T12:24:02+00:00] [CYCLER] Event #3767 → hardware:ram_alert
[2026-07-23T12:24:18+00:00] [CYCLER] Event #3793 → security:permission_drift
[2026-07-23T12:24:18+00:00] [CYCLER] Event #3794 → security:suid_change
[2026-07-23T12:24:49+00:00] [CYCLER] Event #3804 → osint:alert
[2026-07-23T12:25:39+00:00] [CYCLER] Event #3807 → update:available
[2026-07-23T12:26:50+00:00] [CYCLER] Event #3814 → skill:broken
[2026-07-23T12:28:21+00:00] [CYCLER] Event #3817 → service:down
[2026-07-23T12:28:21+00:00] [CYCLER] Event #3818 → service:unhealthy
[2026-07-23T12:28:22+00:00] [CYCLER] Event #3819 → service:restarted
[2026-07-23T12:28:22+00:00] [CYCLER] Event #3821 → dashboard:down
[2026-07-23T12:28:23+00:00] [CYCLER] ✅ Cycle #61 terminé — 12 events publiés
[2026-07-23T12:28:23+00:00] [CYCLER] 📋 Cycle #62 — collecte métriques...
[2026-07-23T12:28:23+00:00] [CYCLER]   Disk: 62% | RAM: 6.9% | Load: 0.21 | GPUs: 2
[2026-07-23T12:28:23+00:00] [CYCLER] Event #3822 → hardware:disk_alert
[2026-07-23T12:28:23+00:00] [CYCLER] Event #3823 → hardware:gpu_alert
[2026-07-23T12:28:24+00:00] [CYCLER] Event #3824 → hardware:ram_alert
[2026-07-23T12:28:39+00:00] [CYCLER] Event #3849 → security:permission_drift
[2026-07-23T12:28:40+00:00] [CYCLER] Event #3850 → security:suid_change
[2026-07-23T12:29:10+00:00] [CYCLER] Event #3860 → osint:alert
[2026-07-23T12:30:01+00:00] [CYCLER] Event #3863 → update:available
[2026-07-23T12:31:11+00:00] [CYCLER] Event #3868 → skill:broken
[2026-07-23T12:32:42+00:00] [CYCLER] Event #3874 → service:down
[2026-07-23T12:32:42+00:00] [CYCLER] Event #3876 → service:unhealthy
[2026-07-23T12:32:43+00:00] [CYCLER] Event #3877 → service:restarted
[2026-07-23T12:32:43+00:00] [CYCLER] Event #3878 → dashboard:down
[2026-07-23T12:32:44+00:00] [CYCLER] ✅ Cycle #62 terminé — 12 events publiés
[2026-07-23T12:32:44+00:00] [CYCLER] 📋 Cycle #63 — collecte métriques...
[2026-07-23T12:32:44+00:00] [CYCLER]   Disk: 62% | RAM: 6.9% | Load: 0.18 | GPUs: 2
[2026-07-23T12:32:44+00:00] [CYCLER] Event #3879 → hardware:disk_alert
[2026-07-23T12:32:44+00:00] [CYCLER] Event #3881 → hardware:gpu_alert
[2026-07-23T12:32:45+00:00] [CYCLER] Event #3882 → hardware:ram_alert
[2026-07-23T12:33:00+00:00] [CYCLER] Event #3908 → security:permission_drift
[2026-07-23T12:33:01+00:00] [CYCLER] Event #3909 → security:suid_change
[2026-07-23T12:33:31+00:00] [CYCLER] Event #3919 → osint:alert
[2026-07-23T12:34:22+00:00] [CYCLER] Event #3926 → update:available
[2026-07-23T12:35:32+00:00] [CYCLER] Event #3940 → skill:broken
[2026-07-23T12:37:03+00:00] [CYCLER] Event #3946 → service:down
[2026-07-23T12:37:03+00:00] [CYCLER] Event #3947 → service:unhealthy
[2026-07-23T12:37:04+00:00] [CYCLER] Event #3948 → service:restarted
[2026-07-23T12:37:04+00:00] [CYCLER] Event #3950 → dashboard:down
[2026-07-23T12:37:05+00:00] [CYCLER] ✅ Cycle #63 terminé — 12 events publiés
[2026-07-23T12:37:05+00:00] [CYCLER] 📋 Cycle #64 — collecte métriques...
[2026-07-23T12:37:05+00:00] [CYCLER]   Disk: 62% | RAM: 6.9% | Load: 0.36 | GPUs: 2
[2026-07-23T12:37:05+00:00] [CYCLER] Event #3951 → hardware:disk_alert
[2026-07-23T12:37:05+00:00] [CYCLER] Event #3952 → hardware:gpu_alert
[2026-07-23T12:37:06+00:00] [CYCLER] Event #3954 → hardware:ram_alert
[2026-07-23T12:37:21+00:00] [CYCLER] Event #3978 → security:permission_drift
[2026-07-23T12:37:22+00:00] [CYCLER] Event #3981 → security:suid_change
[2026-07-23T12:37:53+00:00] [CYCLER] Event #3993 → osint:alert
[2026-07-23T12:38:43+00:00] [CYCLER] Event #3999 → update:available
[2026-07-23T12:39:54+00:00] [CYCLER] Event #4007 → skill:broken
[2026-07-23T12:41:24+00:00] [CYCLER] Event #4018 → service:down
[2026-07-23T12:41:25+00:00] [CYCLER] Event #4019 → service:unhealthy
[2026-07-23T12:41:25+00:00] [CYCLER] Event #4020 → service:restarted
[2026-07-23T12:41:26+00:00] [CYCLER] Event #4021 → dashboard:down
[2026-07-23T12:41:26+00:00] [CYCLER] ✅ Cycle #64 terminé — 12 events publiés
[2026-07-23T12:41:26+00:00] [CYCLER] 📋 Cycle #65 — collecte métriques...
[2026-07-23T12:41:26+00:00] [CYCLER]   Disk: 62% | RAM: 6.9% | Load: 0.51 | GPUs: 2
[2026-07-23T12:41:26+00:00] [CYCLER] Event #4023 → hardware:disk_alert
[2026-07-23T12:41:27+00:00] [CYCLER] Event #4024 → hardware:gpu_alert
[2026-07-23T12:41:27+00:00] [CYCLER] Event #4025 → hardware:ram_alert
[2026-07-23T12:41:43+00:00] [CYCLER] Event #4054 → security:permission_drift
[2026-07-23T12:41:43+00:00] [CYCLER] Event #4055 → security:suid_change
[2026-07-23T12:42:14+00:00] [CYCLER] Event #4088 → osint:alert
[2026-07-23T12:43:04+00:00] [CYCLER] Event #4106 → update:available
[2026-07-23T12:44:15+00:00] [CYCLER] Event #4112 → skill:broken
[2026-07-23T12:45:45+00:00] [CYCLER] Event #4119 → service:down
[2026-07-23T12:45:46+00:00] [CYCLER] Event #4120 → service:unhealthy
[2026-07-23T12:45:46+00:00] [CYCLER] Event #4122 → service:restarted
[2026-07-23T12:45:47+00:00] [CYCLER] Event #4123 → dashboard:down
[2026-07-23T12:45:47+00:00] [CYCLER] ✅ Cycle #65 terminé — 12 events publiés
[2026-07-23T12:45:47+00:00] [CYCLER] 📋 Cycle #66 — collecte métriques...
[2026-07-23T12:45:47+00:00] [CYCLER]   Disk: 62% | RAM: 6.9% | Load: 0.27 | GPUs: 2
[2026-07-23T12:45:47+00:00] [CYCLER] Event #4124 → hardware:disk_alert
[2026-07-23T12:45:48+00:00] [CYCLER] Event #4125 → hardware:gpu_alert
[2026-07-23T12:45:48+00:00] [CYCLER] Event #4127 → hardware:ram_alert
[2026-07-23T12:46:04+00:00] [CYCLER] Event #4152 → security:permission_drift
[2026-07-23T12:46:04+00:00] [CYCLER] Event #4155 → security:suid_change
[2026-07-23T12:46:35+00:00] [CYCLER] Event #4168 → osint:alert
[2026-07-23T12:47:25+00:00] [CYCLER] Event #4171 → update:available
[2026-07-23T12:48:36+00:00] [CYCLER] Event #4178 → skill:broken
[2026-07-23T12:50:06+00:00] [CYCLER] Event #4182 → service:down
[2026-07-23T12:50:07+00:00] [CYCLER] Event #4183 → service:unhealthy
[2026-07-23T12:50:08+00:00] [CYCLER] Event #4184 → service:restarted
[2026-07-23T12:50:08+00:00] [CYCLER] Event #4185 → dashboard:down
[2026-07-23T12:50:09+00:00] [CYCLER] ✅ Cycle #66 terminé — 12 events publiés
[2026-07-23T12:50:09+00:00] [CYCLER] 📋 Cycle #67 — collecte métriques...
[2026-07-23T12:50:09+00:00] [CYCLER]   Disk: 62% | RAM: 6.9% | Load: 1.16 | GPUs: 2
[2026-07-23T12:50:09+00:00] [CYCLER] Event #4187 → hardware:disk_alert
[2026-07-23T12:50:09+00:00] [CYCLER] Event #4188 → hardware:gpu_alert
[2026-07-23T12:50:10+00:00] [CYCLER] Event #4189 → hardware:ram_alert
[2026-07-23T12:50:25+00:00] [CYCLER] Event #4215 → security:permission_drift
[2026-07-23T12:50:26+00:00] [CYCLER] Event #4216 → security:suid_change
[2026-07-23T12:50:56+00:00] [CYCLER] Event #4226 → osint:alert
[2026-07-23T12:51:47+00:00] [CYCLER] Event #4232 → update:available
[2026-07-23T12:52:57+00:00] [CYCLER] Event #4238 → skill:broken
[2026-07-23T12:54:28+00:00] [CYCLER] Event #4243 → service:down
[2026-07-23T12:54:28+00:00] [CYCLER] Event #4244 → service:unhealthy
[2026-07-23T12:54:29+00:00] [CYCLER] Event #4246 → service:restarted
[2026-07-23T12:54:29+00:00] [CYCLER] Event #4247 → dashboard:down
[2026-07-23T12:54:30+00:00] [CYCLER] ✅ Cycle #67 terminé — 12 events publiés
[2026-07-23T12:54:30+00:00] [CYCLER] 📋 Cycle #68 — collecte métriques...
[2026-07-23T12:54:30+00:00] [CYCLER]   Disk: 62% | RAM: 6.9% | Load: 0.24 | GPUs: 2
[2026-07-23T12:54:30+00:00] [CYCLER] Event #4248 → hardware:disk_alert
[2026-07-23T12:54:30+00:00] [CYCLER] Event #4249 → hardware:gpu_alert
[2026-07-23T12:54:31+00:00] [CYCLER] Event #4251 → hardware:ram_alert
[2026-07-23T12:54:46+00:00] [CYCLER] Event #4277 → security:permission_drift
[2026-07-23T12:54:47+00:00] [CYCLER] Event #4280 → security:suid_change
[2026-07-23T12:55:17+00:00] [CYCLER] Event #4289 → osint:alert
[2026-07-23T12:56:08+00:00] [CYCLER] Event #4293 → update:available
[2026-07-23T12:57:18+00:00] [CYCLER] Event #4301 → skill:broken
[2026-07-23T12:58:49+00:00] [CYCLER] Event #4307 → service:down
[2026-07-23T12:58:49+00:00] [CYCLER] Event #4308 → service:unhealthy
[2026-07-23T12:58:50+00:00] [CYCLER] Event #4309 → service:restarted
[2026-07-23T12:58:50+00:00] [CYCLER] Event #4310 → dashboard:down
[2026-07-23T12:58:51+00:00] [CYCLER] ✅ Cycle #68 terminé — 12 events publiés
[2026-07-23T12:58:51+00:00] [CYCLER] 📋 Cycle #69 — collecte métriques...
[2026-07-23T12:58:51+00:00] [CYCLER]   Disk: 62% | RAM: 6.9% | Load: 0.28 | GPUs: 2
[2026-07-23T12:58:51+00:00] [CYCLER] Event #4312 → hardware:disk_alert
[2026-07-23T12:58:51+00:00] [CYCLER] Event #4313 → hardware:gpu_alert
[2026-07-23T12:58:52+00:00] [CYCLER] Event #4314 → hardware:ram_alert
[2026-07-23T12:59:07+00:00] [CYCLER] Event #4339 → security:permission_drift
[2026-07-23T12:59:08+00:00] [CYCLER] Event #4340 → security:suid_change
[2026-07-23T12:59:39+00:00] [CYCLER] Event #4351 → osint:alert
[2026-07-23T13:00:29+00:00] [CYCLER] Event #4354 → update:available
[2026-07-23T13:01:40+00:00] [CYCLER] Event #4363 → skill:broken
[2026-07-23T13:03:10+00:00] [CYCLER] Event #4367 → service:down
[2026-07-23T13:03:11+00:00] [CYCLER] Event #4368 → service:unhealthy
[2026-07-23T13:03:11+00:00] [CYCLER] Event #4370 → service:restarted
[2026-07-23T13:03:12+00:00] [CYCLER] Event #4371 → dashboard:down
[2026-07-23T13:03:12+00:00] [CYCLER] ✅ Cycle #69 terminé — 12 events publiés
[2026-07-23T13:03:12+00:00] [CYCLER] 📋 Cycle #70 — collecte métriques...
[2026-07-23T13:03:12+00:00] [CYCLER]   Disk: 62% | RAM: 7.0% | Load: 1.27 | GPUs: 2
[2026-07-23T13:03:12+00:00] [CYCLER] Event #4372 → hardware:disk_alert
[2026-07-23T13:03:13+00:00] [CYCLER] Event #4374 → hardware:gpu_alert
[2026-07-23T13:03:13+00:00] [CYCLER] Event #4375 → hardware:ram_alert
[2026-07-23T13:03:29+00:00] [CYCLER] Event #4403 → security:permission_drift
[2026-07-23T13:03:29+00:00] [CYCLER] Event #4404 → security:suid_change
[2026-07-23T13:04:00+00:00] [CYCLER] Event #4414 → osint:alert
[2026-07-23T13:04:50+00:00] [CYCLER] Event #4420 → update:available
[2026-07-23T13:06:01+00:00] [CYCLER] Event #4426 → skill:broken
[2026-07-23T13:07:31+00:00] [CYCLER] Event #4439 → service:down
[2026-07-23T13:07:32+00:00] [CYCLER] Event #4440 → service:unhealthy
[2026-07-23T13:07:32+00:00] [CYCLER] Event #4441 → service:restarted
[2026-07-23T13:07:33+00:00] [CYCLER] Event #4443 → dashboard:down
[2026-07-23T13:07:33+00:00] [CYCLER] ✅ Cycle #70 terminé — 12 events publiés
[2026-07-23T13:07:33+00:00] [CYCLER] 📋 Cycle #71 — collecte métriques...
[2026-07-23T13:07:33+00:00] [CYCLER]   Disk: 62% | RAM: 7.0% | Load: 0.32 | GPUs: 2
[2026-07-23T13:07:33+00:00] [CYCLER] Event #4444 → hardware:disk_alert
[2026-07-23T13:07:34+00:00] [CYCLER] Event #4445 → hardware:gpu_alert
[2026-07-23T13:07:34+00:00] [CYCLER] Event #4446 → hardware:ram_alert
[2026-07-23T13:07:50+00:00] [CYCLER] Event #4472 → security:permission_drift
[2026-07-23T13:07:50+00:00] [CYCLER] Event #4473 → security:suid_change
[2026-07-23T13:08:21+00:00] [CYCLER] Event #4484 → osint:alert
[2026-07-23T13:09:11+00:00] [CYCLER] Event #4488 → update:available
[2026-07-23T13:10:22+00:00] [CYCLER] Event #4494 → skill:broken
[2026-07-23T13:11:52+00:00] [CYCLER] Event #4517 → service:down
[2026-07-23T13:11:53+00:00] [CYCLER] Event #4519 → service:unhealthy
[2026-07-23T13:11:53+00:00] [CYCLER] Event #4520 → service:restarted
[2026-07-23T13:11:54+00:00] [CYCLER] Event #4521 → dashboard:down
[2026-07-23T13:11:54+00:00] [CYCLER] ✅ Cycle #71 terminé — 12 events publiés
[2026-07-23T13:11:54+00:00] [CYCLER] 📋 Cycle #72 — collecte métriques...
[2026-07-23T13:11:55+00:00] [CYCLER]   Disk: 62% | RAM: 7.0% | Load: 0.62 | GPUs: 2
[2026-07-23T13:11:55+00:00] [CYCLER] Event #4522 → hardware:disk_alert
[2026-07-23T13:11:55+00:00] [CYCLER] Event #4524 → hardware:gpu_alert
[2026-07-23T13:11:56+00:00] [CYCLER] Event #4525 → hardware:ram_alert
[2026-07-23T13:12:11+00:00] [CYCLER] Event #4553 → security:permission_drift
[2026-07-23T13:12:12+00:00] [CYCLER] Event #4554 → security:suid_change
[2026-07-23T13:12:42+00:00] [CYCLER] Event #4567 → osint:alert
[2026-07-23T13:13:33+00:00] [CYCLER] Event #4570 → update:available
[2026-07-23T13:14:43+00:00] [CYCLER] Event #4578 → skill:broken
[2026-07-23T13:16:14+00:00] [CYCLER] Event #4582 → service:down
[2026-07-23T13:16:14+00:00] [CYCLER] Event #4583 → service:unhealthy
[2026-07-23T13:16:15+00:00] [CYCLER] Event #4584 → service:restarted
[2026-07-23T13:16:15+00:00] [CYCLER] Event #4586 → dashboard:down
[2026-07-23T13:16:16+00:00] [CYCLER] ✅ Cycle #72 terminé — 12 events publiés
[2026-07-23T13:16:16+00:00] [CYCLER] 📋 Cycle #73 — collecte métriques...
[2026-07-23T13:16:16+00:00] [CYCLER]   Disk: 62% | RAM: 7.0% | Load: 0.54 | GPUs: 2
[2026-07-23T13:16:16+00:00] [CYCLER] Event #4587 → hardware:disk_alert
[2026-07-23T13:16:16+00:00] [CYCLER] Event #4588 → hardware:gpu_alert
[2026-07-23T13:16:17+00:00] [CYCLER] Event #4589 → hardware:ram_alert
[2026-07-23T13:16:32+00:00] [CYCLER] Event #4615 → security:permission_drift
[2026-07-23T13:16:33+00:00] [CYCLER] Event #4616 → security:suid_change
[2026-07-23T13:17:03+00:00] [CYCLER] Event #4630 → osint:alert
[2026-07-23T13:17:54+00:00] [CYCLER] Event #4636 → update:available
[2026-07-23T13:19:04+00:00] [CYCLER] Event #4642 → skill:broken
[2026-07-23T13:20:35+00:00] [CYCLER] Event #4649 → service:down
[2026-07-23T13:20:35+00:00] [CYCLER] Event #4651 → service:unhealthy
[2026-07-23T13:20:36+00:00] [CYCLER] Event #4652 → service:restarted
[2026-07-23T13:20:36+00:00] [CYCLER] Event #4653 → dashboard:down
[2026-07-23T13:20:37+00:00] [CYCLER] ✅ Cycle #73 terminé — 12 events publiés
[2026-07-23T13:20:37+00:00] [CYCLER] 📋 Cycle #74 — collecte métriques...
[2026-07-23T13:20:37+00:00] [CYCLER]   Disk: 62% | RAM: 7.0% | Load: 0.41 | GPUs: 2
[2026-07-23T13:20:37+00:00] [CYCLER] Event #4654 → hardware:disk_alert
[2026-07-23T13:20:37+00:00] [CYCLER] Event #4656 → hardware:gpu_alert
[2026-07-23T13:20:38+00:00] [CYCLER] Event #4657 → hardware:ram_alert
[2026-07-23T13:20:53+00:00] [CYCLER] Event #4685 → security:permission_drift
[2026-07-23T13:20:54+00:00] [CYCLER] Event #4686 → security:suid_change
[2026-07-23T13:21:24+00:00] [CYCLER] Event #4695 → osint:alert
[2026-07-23T13:22:15+00:00] [CYCLER] Event #4701 → update:available
[2026-07-23T13:23:26+00:00] [CYCLER] Event #4715 → skill:broken
[2026-07-23T13:24:56+00:00] [CYCLER] Event #4738 → service:down
[2026-07-23T13:24:57+00:00] [CYCLER] Event #4739 → service:unhealthy
[2026-07-23T13:24:57+00:00] [CYCLER] Event #4740 → service:restarted
[2026-07-23T13:24:58+00:00] [CYCLER] Event #4742 → dashboard:down
[2026-07-23T13:24:58+00:00] [CYCLER] ✅ Cycle #74 terminé — 12 events publiés
[2026-07-23T13:24:58+00:00] [CYCLER] 📋 Cycle #75 — collecte métriques...
[2026-07-23T13:24:58+00:00] [CYCLER]   Disk: 62% | RAM: 7.0% | Load: 0.17 | GPUs: 2
[2026-07-23T13:24:58+00:00] [CYCLER] Event #4743 → hardware:disk_alert
[2026-07-23T13:24:59+00:00] [CYCLER] Event #4744 → hardware:gpu_alert
[2026-07-23T13:24:59+00:00] [CYCLER] Event #4746 → hardware:ram_alert
[2026-07-23T13:25:15+00:00] [CYCLER] Event #4772 → security:permission_drift
[2026-07-23T13:25:15+00:00] [CYCLER] Event #4775 → security:suid_change
[2026-07-23T13:25:46+00:00] [CYCLER] Event #4791 → osint:alert
[2026-07-23T13:26:36+00:00] [CYCLER] Event #4808 → update:available
[2026-07-23T13:27:47+00:00] [CYCLER] Event #4815 → skill:broken
[2026-07-23T13:29:17+00:00] [CYCLER] Event #4819 → service:down
[2026-07-23T13:29:18+00:00] [CYCLER] Event #4820 → service:unhealthy
[2026-07-23T13:29:18+00:00] [CYCLER] Event #4821 → service:restarted
[2026-07-23T13:29:19+00:00] [CYCLER] Event #4822 → dashboard:down
[2026-07-23T13:29:19+00:00] [CYCLER] ✅ Cycle #75 terminé — 12 events publiés
[2026-07-23T13:29:19+00:00] [CYCLER] 📋 Cycle #76 — collecte métriques...
[2026-07-23T13:29:19+00:00] [CYCLER]   Disk: 62% | RAM: 7.0% | Load: 0.26 | GPUs: 2
[2026-07-23T13:29:19+00:00] [CYCLER] Event #4824 → hardware:disk_alert
[2026-07-23T13:29:20+00:00] [CYCLER] Event #4825 → hardware:gpu_alert
[2026-07-23T13:29:20+00:00] [CYCLER] Event #4826 → hardware:ram_alert
[2026-07-23T13:29:36+00:00] [CYCLER] Event #4852 → security:permission_drift
[2026-07-23T13:29:36+00:00] [CYCLER] Event #4853 → security:suid_change
[2026-07-23T13:30:07+00:00] [CYCLER] Event #4863 → osint:alert
[2026-07-23T13:30:57+00:00] [CYCLER] Event #4867 → update:available
[2026-07-23T13:32:08+00:00] [CYCLER] Event #4875 → skill:broken
[2026-07-23T13:33:38+00:00] [CYCLER] Event #4880 → service:down
[2026-07-23T13:33:39+00:00] [CYCLER] Event #4881 → service:unhealthy
[2026-07-23T13:33:39+00:00] [CYCLER] Event #4883 → service:restarted
[2026-07-23T13:33:40+00:00] [CYCLER] Event #4884 → dashboard:down
[2026-07-23T13:33:40+00:00] [CYCLER] ✅ Cycle #76 terminé — 12 events publiés
[2026-07-23T13:33:40+00:00] [CYCLER] 📋 Cycle #77 — collecte métriques...
[2026-07-23T13:33:41+00:00] [CYCLER]   Disk: 62% | RAM: 7.0% | Load: 0.24 | GPUs: 2
[2026-07-23T13:33:41+00:00] [CYCLER] Event #4885 → hardware:disk_alert
[2026-07-23T13:33:41+00:00] [CYCLER] Event #4886 → hardware:gpu_alert
[2026-07-23T13:33:42+00:00] [CYCLER] Event #4888 → hardware:ram_alert
[2026-07-23T13:33:57+00:00] [CYCLER] Event #4914 → security:permission_drift
[2026-07-23T13:33:58+00:00] [CYCLER] Event #4917 → security:suid_change
[2026-07-23T13:34:28+00:00] [CYCLER] Event #4926 → osint:alert
[2026-07-23T13:35:19+00:00] [CYCLER] Event #4930 → update:available
[2026-07-23T13:36:29+00:00] [CYCLER] Event #4938 → skill:broken
[2026-07-23T13:38:00+00:00] [CYCLER] Event #4944 → service:down
[2026-07-23T13:38:00+00:00] [CYCLER] Event #4945 → service:unhealthy
[2026-07-23T13:38:01+00:00] [CYCLER] Event #4946 → service:restarted
[2026-07-23T13:38:01+00:00] [CYCLER] Event #4947 → dashboard:down
[2026-07-23T13:38:02+00:00] [CYCLER] ✅ Cycle #77 terminé — 12 events publiés
[2026-07-23T13:38:02+00:00] [CYCLER] 📋 Cycle #78 — collecte métriques...
[2026-07-23T13:38:02+00:00] [CYCLER]   Disk: 62% | RAM: 7.0% | Load: 0.24 | GPUs: 2
[2026-07-23T13:38:02+00:00] [CYCLER] Event #4949 → hardware:disk_alert
[2026-07-23T13:38:02+00:00] [CYCLER] Event #4950 → hardware:gpu_alert
[2026-07-23T13:38:03+00:00] [CYCLER] Event #4951 → hardware:ram_alert
[2026-07-23T13:38:18+00:00] [CYCLER] Event #4976 → security:permission_drift
[2026-07-23T13:38:19+00:00] [CYCLER] Event #4977 → security:suid_change
[2026-07-23T13:38:49+00:00] [CYCLER] Event #4988 → osint:alert
[2026-07-23T13:39:40+00:00] [CYCLER] Event #4991 → update:available
[2026-07-23T13:40:50+00:00] [CYCLER] Event #4998 → skill:broken
[2026-07-23T13:42:21+00:00] [CYCLER] Event #5004 → service:down
[2026-07-23T13:42:21+00:00] [CYCLER] Event #5005 → service:unhealthy
[2026-07-23T13:42:22+00:00] [CYCLER] Event #5007 → service:restarted
[2026-07-23T13:42:22+00:00] [CYCLER] Event #5008 → dashboard:down
[2026-07-23T13:42:23+00:00] [CYCLER] ✅ Cycle #78 terminé — 12 events publiés
[2026-07-23T13:42:23+00:00] [CYCLER] 📋 Cycle #79 — collecte métriques...
[2026-07-23T13:42:23+00:00] [CYCLER]   Disk: 62% | RAM: 7.0% | Load: 0.29 | GPUs: 2
[2026-07-23T13:42:23+00:00] [CYCLER] Event #5009 → hardware:disk_alert
[2026-07-23T13:42:23+00:00] [CYCLER] Event #5010 → hardware:gpu_alert
[2026-07-23T13:42:24+00:00] [CYCLER] Event #5012 → hardware:ram_alert
[2026-07-23T13:42:39+00:00] [CYCLER] Event #5038 → security:permission_drift
[2026-07-23T13:42:40+00:00] [CYCLER] Event #5041 → security:suid_change
[2026-07-23T13:43:10+00:00] [CYCLER] Event #5051 → osint:alert
[2026-07-23T13:44:01+00:00] [CYCLER] Event #5055 → update:available
[2026-07-23T13:45:12+00:00] [CYCLER] Event #5061 → skill:broken
[2026-07-23T13:46:42+00:00] [CYCLER] Event #5068 → service:down
[2026-07-23T13:46:43+00:00] [CYCLER] Event #5069 → service:unhealthy
[2026-07-23T13:46:43+00:00] [CYCLER] Event #5070 → service:restarted
[2026-07-23T13:46:44+00:00] [CYCLER] Event #5071 → dashboard:down
[2026-07-23T13:46:44+00:00] [CYCLER] ✅ Cycle #79 terminé — 12 events publiés
[2026-07-23T13:46:44+00:00] [CYCLER] 📋 Cycle #80 — collecte métriques...
[2026-07-23T13:46:44+00:00] [CYCLER]   Disk: 62% | RAM: 7.0% | Load: 0.32 | GPUs: 2
[2026-07-23T13:46:44+00:00] [CYCLER] Event #5073 → hardware:disk_alert
[2026-07-23T13:46:45+00:00] [CYCLER] Event #5074 → hardware:gpu_alert
[2026-07-23T13:46:45+00:00] [CYCLER] Event #5075 → hardware:ram_alert
[2026-07-23T13:47:01+00:00] [CYCLER] Event #5103 → security:permission_drift
[2026-07-23T13:47:01+00:00] [CYCLER] Event #5104 → security:suid_change
[2026-07-23T13:47:32+00:00] [CYCLER] Event #5115 → osint:alert
[2026-07-23T13:48:22+00:00] [CYCLER] Event #5118 → update:available
[2026-07-23T13:49:33+00:00] [CYCLER] Event #5125 → skill:broken
[2026-07-23T13:51:03+00:00] [CYCLER] Event #5130 → service:down
[2026-07-23T13:51:04+00:00] [CYCLER] Event #5132 → service:unhealthy
[2026-07-23T13:51:04+00:00] [CYCLER] Event #5133 → service:restarted
[2026-07-23T13:51:05+00:00] [CYCLER] Event #5134 → dashboard:down
[2026-07-23T13:51:05+00:00] [CYCLER] ✅ Cycle #80 terminé — 12 events publiés
[2026-07-23T13:51:05+00:00] [CYCLER] 📋 Cycle #81 — collecte métriques...
[2026-07-23T13:51:05+00:00] [CYCLER]   Disk: 62% | RAM: 7.0% | Load: 0.22 | GPUs: 2
[2026-07-23T13:51:05+00:00] [CYCLER] Event #5135 → hardware:disk_alert
[2026-07-23T13:51:06+00:00] [CYCLER] Event #5137 → hardware:gpu_alert
[2026-07-23T13:51:06+00:00] [CYCLER] Event #5138 → hardware:ram_alert
[2026-07-23T13:51:22+00:00] [CYCLER] Event #5165 → security:permission_drift
[2026-07-23T13:51:22+00:00] [CYCLER] Event #5166 → security:suid_change
[2026-07-23T13:51:53+00:00] [CYCLER] Event #5178 → osint:alert
[2026-07-23T13:52:43+00:00] [CYCLER] Event #5182 → update:available
[2026-07-23T13:53:54+00:00] [CYCLER] Event #5189 → skill:broken
[2026-07-23T13:55:24+00:00] [CYCLER] Event #5193 → service:down
[2026-07-23T13:55:25+00:00] [CYCLER] Event #5194 → service:unhealthy
[2026-07-23T13:55:25+00:00] [CYCLER] Event #5195 → service:restarted
[2026-07-23T13:55:26+00:00] [CYCLER] Event #5197 → dashboard:down
[2026-07-23T13:55:26+00:00] [CYCLER] ✅ Cycle #81 terminé — 12 events publiés
[2026-07-23T13:55:26+00:00] [CYCLER] 📋 Cycle #82 — collecte métriques...
[2026-07-23T13:55:27+00:00] [CYCLER]   Disk: 62% | RAM: 7.0% | Load: 0.23 | GPUs: 2
[2026-07-23T13:55:27+00:00] [CYCLER] Event #5198 → hardware:disk_alert
[2026-07-23T13:55:27+00:00] [CYCLER] Event #5199 → hardware:gpu_alert
[2026-07-23T13:55:28+00:00] [CYCLER] Event #5200 → hardware:ram_alert
[2026-07-23T13:55:43+00:00] [CYCLER] Event #5225 → security:permission_drift
[2026-07-23T13:55:44+00:00] [CYCLER] Event #5226 → security:suid_change
[2026-07-23T13:56:14+00:00] [CYCLER] Event #5237 → osint:alert
[2026-07-23T13:57:05+00:00] [CYCLER] Event #5243 → update:available
[2026-07-23T13:58:15+00:00] [CYCLER] Event #5249 → skill:broken
[2026-07-23T13:59:46+00:00] [CYCLER] Event #5254 → service:down
[2026-07-23T13:59:46+00:00] [CYCLER] Event #5256 → service:unhealthy
[2026-07-23T13:59:47+00:00] [CYCLER] Event #5257 → service:restarted
[2026-07-23T13:59:47+00:00] [CYCLER] Event #5258 → dashboard:down
[2026-07-23T13:59:48+00:00] [CYCLER] ✅ Cycle #82 terminé — 12 events publiés
[2026-07-23T13:59:48+00:00] [CYCLER] 📋 Cycle #83 — collecte métriques...
[2026-07-23T13:59:48+00:00] [CYCLER]   Disk: 62% | RAM: 7.0% | Load: 0.21 | GPUs: 2
[2026-07-23T13:59:48+00:00] [CYCLER] Event #5259 → hardware:disk_alert
[2026-07-23T13:59:48+00:00] [CYCLER] Event #5261 → hardware:gpu_alert
[2026-07-23T13:59:49+00:00] [CYCLER] Event #5262 → hardware:ram_alert
[2026-07-23T14:00:04+00:00] [CYCLER] Event #5290 → security:permission_drift
[2026-07-23T14:00:05+00:00] [CYCLER] Event #5291 → security:suid_change
[2026-07-23T14:00:35+00:00] [CYCLER] Event #5301 → osint:alert
[2026-07-23T14:01:26+00:00] [CYCLER] Event #5305 → update:available
[2026-07-23T14:02:36+00:00] [CYCLER] Event #5313 → skill:broken
[2026-07-23T14:04:07+00:00] [CYCLER] Event #5318 → service:down
[2026-07-23T14:04:07+00:00] [CYCLER] Event #5319 → service:unhealthy
[2026-07-23T14:04:08+00:00] [CYCLER] Event #5320 → service:restarted
[2026-07-23T14:04:08+00:00] [CYCLER] Event #5322 → dashboard:down
[2026-07-23T14:04:09+00:00] [CYCLER] ✅ Cycle #83 terminé — 12 events publiés
[2026-07-23T14:04:09+00:00] [CYCLER] 📋 Cycle #84 — collecte métriques...
[2026-07-23T14:04:09+00:00] [CYCLER]   Disk: 62% | RAM: 7.0% | Load: 0.83 | GPUs: 2
[2026-07-23T14:04:09+00:00] [CYCLER] Event #5323 → hardware:disk_alert
[2026-07-23T14:04:09+00:00] [CYCLER] Event #5324 → hardware:gpu_alert
[2026-07-23T14:04:10+00:00] [CYCLER] Event #5325 → hardware:ram_alert
[2026-07-23T14:04:25+00:00] [CYCLER] Event #5349 → security:permission_drift
[2026-07-23T14:04:26+00:00] [CYCLER] Event #5350 → security:suid_change
[2026-07-23T14:04:56+00:00] [CYCLER] Event #5362 → osint:alert
[2026-07-23T14:05:47+00:00] [CYCLER] Event #5365 → update:available
[2026-07-23T14:06:58+00:00] [CYCLER] Event #5374 → skill:broken
[2026-07-23T14:08:28+00:00] [CYCLER] Event #5378 → service:down
[2026-07-23T14:08:29+00:00] [CYCLER] Event #5379 → service:unhealthy
[2026-07-23T14:08:29+00:00] [CYCLER] Event #5380 → service:restarted
[2026-07-23T14:08:30+00:00] [CYCLER] Event #5381 → dashboard:down
[2026-07-23T14:08:30+00:00] [CYCLER] ✅ Cycle #84 terminé — 12 events publiés
[2026-07-23T14:08:30+00:00] [CYCLER] 📋 Cycle #85 — collecte métriques...
[2026-07-23T14:08:30+00:00] [CYCLER]   Disk: 62% | RAM: 7.0% | Load: 0.26 | GPUs: 2
[2026-07-23T14:08:30+00:00] [CYCLER] Event #5382 → hardware:disk_alert
[2026-07-23T14:08:31+00:00] [CYCLER] Event #5384 → hardware:gpu_alert
[2026-07-23T14:08:31+00:00] [CYCLER] Event #5385 → hardware:ram_alert
[2026-07-23T14:08:47+00:00] [CYCLER] Event #5414 → security:permission_drift
[2026-07-23T14:08:47+00:00] [CYCLER] Event #5415 → security:suid_change
[2026-07-23T14:09:18+00:00] [CYCLER] Event #5425 → osint:alert
[2026-07-23T14:10:08+00:00] [CYCLER] Event #5429 → update:available
[2026-07-23T14:11:19+00:00] [CYCLER] Event #5435 → skill:broken
[2026-07-23T14:12:49+00:00] [CYCLER] Event #5442 → service:down
[2026-07-23T14:12:50+00:00] [CYCLER] Event #5443 → service:unhealthy
[2026-07-23T14:12:50+00:00] [CYCLER] Event #5445 → service:restarted
[2026-07-23T14:12:51+00:00] [CYCLER] Event #5446 → dashboard:down
[2026-07-23T14:12:51+00:00] [CYCLER] ✅ Cycle #85 terminé — 12 events publiés
[2026-07-23T14:12:51+00:00] [CYCLER] 📋 Cycle #86 — collecte métriques...
[2026-07-23T14:12:51+00:00] [CYCLER]   Disk: 62% | RAM: 7.0% | Load: 0.43 | GPUs: 2
[2026-07-23T14:12:51+00:00] [CYCLER] Event #5447 → hardware:disk_alert
[2026-07-23T14:12:52+00:00] [CYCLER] Event #5448 → hardware:gpu_alert
[2026-07-23T14:12:52+00:00] [CYCLER] Event #5450 → hardware:ram_alert
[2026-07-23T14:13:08+00:00] [CYCLER] Event #5476 → security:permission_drift
[2026-07-23T14:13:08+00:00] [CYCLER] Event #5479 → security:suid_change
[2026-07-23T14:13:39+00:00] [CYCLER] Event #5489 → osint:alert
[2026-07-23T14:14:29+00:00] [CYCLER] Event #5498 → update:available
[2026-07-23T14:15:40+00:00] [CYCLER] Event #5511 → skill:broken
[2026-07-23T14:17:10+00:00] [CYCLER] Event #5528 → service:down
[2026-07-23T14:17:11+00:00] [CYCLER] Event #5529 → service:unhealthy
[2026-07-23T14:17:11+00:00] [CYCLER] Event #5530 → service:restarted
[2026-07-23T14:17:12+00:00] [CYCLER] Event #5531 → dashboard:down
[2026-07-23T14:17:12+00:00] [CYCLER] ✅ Cycle #86 terminé — 12 events publiés
[2026-07-23T14:17:12+00:00] [CYCLER] 📋 Cycle #87 — collecte métriques...
[2026-07-23T14:17:12+00:00] [CYCLER]   Disk: 62% | RAM: 7.0% | Load: 0.15 | GPUs: 2
[2026-07-23T14:17:12+00:00] [CYCLER] Event #5533 → hardware:disk_alert
[2026-07-23T14:17:13+00:00] [CYCLER] Event #5534 → hardware:gpu_alert
[2026-07-23T14:17:14+00:00] [CYCLER] Event #5535 → hardware:ram_alert
[2026-07-23T14:17:29+00:00] [CYCLER] Event #5560 → security:permission_drift
[2026-07-23T14:17:30+00:00] [CYCLER] Event #5561 → security:suid_change
[2026-07-23T14:18:00+00:00] [CYCLER] Event #5572 → osint:alert
[2026-07-23T14:18:51+00:00] [CYCLER] Event #5579 → update:available
[2026-07-23T14:20:01+00:00] [CYCLER] Event #5587 → skill:broken
[2026-07-23T14:21:32+00:00] [CYCLER] Event #5593 → service:down
[2026-07-23T14:21:32+00:00] [CYCLER] Event #5594 → service:unhealthy
[2026-07-23T14:21:33+00:00] [CYCLER] Event #5597 → service:restarted
[2026-07-23T14:21:33+00:00] [CYCLER] Event #5598 → dashboard:down
[2026-07-23T14:21:34+00:00] [CYCLER] ✅ Cycle #87 terminé — 12 events publiés
[2026-07-23T14:21:34+00:00] [CYCLER] 📋 Cycle #88 — collecte métriques...
[2026-07-23T14:21:34+00:00] [CYCLER]   Disk: 62% | RAM: 7.0% | Load: 0.15 | GPUs: 2
[2026-07-23T14:21:34+00:00] [CYCLER] Event #5599 → hardware:disk_alert
[2026-07-23T14:21:34+00:00] [CYCLER] Event #5601 → hardware:gpu_alert
[2026-07-23T14:21:35+00:00] [CYCLER] Event #5603 → hardware:ram_alert
[2026-07-23T14:21:50+00:00] [CYCLER] Event #5628 → security:permission_drift
[2026-07-23T14:21:51+00:00] [CYCLER] Event #5631 → security:suid_change
[2026-07-23T14:22:21+00:00] [CYCLER] Event #5642 → osint:alert
[2026-07-23T14:23:12+00:00] [CYCLER] Event #5646 → update:available
[2026-07-23T14:24:22+00:00] [CYCLER] Event #5653 → skill:broken
[2026-07-23T14:25:53+00:00] [CYCLER] Event #5658 → service:down
[2026-07-23T14:25:53+00:00] [CYCLER] Event #5659 → service:unhealthy
[2026-07-23T14:25:54+00:00] [CYCLER] Event #5660 → service:restarted
[2026-07-23T14:25:54+00:00] [CYCLER] Event #5661 → dashboard:down
[2026-07-23T14:25:55+00:00] [CYCLER] ✅ Cycle #88 terminé — 12 events publiés
[2026-07-23T14:25:55+00:00] [CYCLER] 📋 Cycle #89 — collecte métriques...
[2026-07-23T14:25:55+00:00] [CYCLER]   Disk: 62% | RAM: 7.0% | Load: 0.33 | GPUs: 2
[2026-07-23T14:25:55+00:00] [CYCLER] Event #5663 → hardware:disk_alert
[2026-07-23T14:25:55+00:00] [CYCLER] Event #5664 → hardware:gpu_alert
[2026-07-23T14:25:56+00:00] [CYCLER] Event #5665 → hardware:ram_alert
[2026-07-23T14:26:11+00:00] [CYCLER] Event #5694 → security:permission_drift
[2026-07-23T14:26:12+00:00] [CYCLER] Event #5695 → security:suid_change
[2026-07-23T14:26:42+00:00] [CYCLER] Event #5711 → osint:alert
[2026-07-23T14:27:33+00:00] [CYCLER] Event #5714 → update:available
[2026-07-23T14:28:44+00:00] [CYCLER] Event #5727 → skill:broken
[2026-07-23T14:30:14+00:00] [CYCLER] Event #5757 → service:down
[2026-07-23T14:30:15+00:00] [CYCLER] Event #5758 → service:unhealthy
[2026-07-23T14:30:15+00:00] [CYCLER] Event #5760 → service:restarted
[2026-07-23T14:30:16+00:00] [CYCLER] Event #5761 → dashboard:down
[2026-07-23T14:30:16+00:00] [CYCLER] ✅ Cycle #89 terminé — 12 events publiés
[2026-07-23T14:30:16+00:00] [CYCLER] 📋 Cycle #90 — collecte métriques...
[2026-07-23T14:30:16+00:00] [CYCLER]   Disk: 62% | RAM: 7.0% | Load: 0.46 | GPUs: 2
[2026-07-23T14:30:16+00:00] [CYCLER] Event #5762 → hardware:disk_alert
[2026-07-23T14:30:17+00:00] [CYCLER] Event #5763 → hardware:gpu_alert
[2026-07-23T14:30:17+00:00] [CYCLER] Event #5765 → hardware:ram_alert
[2026-07-23T14:30:33+00:00] [CYCLER] Event #5790 → security:permission_drift
[2026-07-23T14:30:33+00:00] [CYCLER] Event #5793 → security:suid_change
[2026-07-23T14:31:04+00:00] [CYCLER] Event #5817 → osint:alert
[2026-07-23T14:31:54+00:00] [CYCLER] Event #5829 → update:available
[2026-07-23T14:33:05+00:00] [CYCLER] Event #5836 → skill:broken
[2026-07-23T14:34:35+00:00] [CYCLER] Event #5841 → service:down
[2026-07-23T14:34:36+00:00] [CYCLER] Event #5842 → service:unhealthy
[2026-07-23T14:34:36+00:00] [CYCLER] Event #5843 → service:restarted
[2026-07-23T14:34:37+00:00] [CYCLER] Event #5844 → dashboard:down
[2026-07-23T14:34:37+00:00] [CYCLER] ✅ Cycle #90 terminé — 12 events publiés
[2026-07-23T14:34:37+00:00] [CYCLER] 📋 Cycle #91 — collecte métriques...
[2026-07-23T14:34:37+00:00] [CYCLER]   Disk: 62% | RAM: 7.1% | Load: 0.64 | GPUs: 2
[2026-07-23T14:34:37+00:00] [CYCLER] Event #5846 → hardware:disk_alert
[2026-07-23T14:34:38+00:00] [CYCLER] Event #5847 → hardware:gpu_alert
[2026-07-23T14:34:38+00:00] [CYCLER] Event #5848 → hardware:ram_alert
[2026-07-23T14:34:54+00:00] [CYCLER] Event #5872 → security:permission_drift
[2026-07-23T14:34:54+00:00] [CYCLER] Event #5873 → security:suid_change
[2026-07-23T14:35:25+00:00] [CYCLER] Event #5884 → osint:alert
[2026-07-23T14:36:15+00:00] [CYCLER] Event #5888 → update:available
[2026-07-23T14:37:26+00:00] [CYCLER] Event #5896 → skill:broken
[2026-07-23T14:38:56+00:00] [CYCLER] Event #5901 → service:down
[2026-07-23T14:38:57+00:00] [CYCLER] Event #5903 → service:unhealthy
[2026-07-23T14:38:57+00:00] [CYCLER] Event #5904 → service:restarted
[2026-07-23T14:38:58+00:00] [CYCLER] Event #5905 → dashboard:down
[2026-07-23T14:38:58+00:00] [CYCLER] ✅ Cycle #91 terminé — 12 events publiés
[2026-07-23T14:38:58+00:00] [CYCLER] 📋 Cycle #92 — collecte métriques...
[2026-07-23T14:38:58+00:00] [CYCLER]   Disk: 62% | RAM: 7.0% | Load: 0.26 | GPUs: 2
[2026-07-23T14:38:58+00:00] [CYCLER] Event #5906 → hardware:disk_alert
[2026-07-23T14:38:59+00:00] [CYCLER] Event #5908 → hardware:gpu_alert
[2026-07-23T14:38:59+00:00] [CYCLER] Event #5909 → hardware:ram_alert
[2026-07-23T14:39:15+00:00] [CYCLER] Event #5936 → security:permission_drift
[2026-07-23T14:39:16+00:00] [CYCLER] Event #5938 → security:suid_change
[2026-07-23T14:39:46+00:00] [CYCLER] Event #5948 → osint:alert
[2026-07-23T14:40:37+00:00] [CYCLER] Event #5952 → update:available
[2026-07-23T14:41:47+00:00] [CYCLER] Event #5960 → skill:broken
[2026-07-23T14:43:18+00:00] [CYCLER] Event #5965 → service:down
[2026-07-23T14:43:18+00:00] [CYCLER] Event #5966 → service:unhealthy
[2026-07-23T14:43:19+00:00] [CYCLER] Event #5967 → service:restarted
[2026-07-23T14:43:19+00:00] [CYCLER] Event #5969 → dashboard:down
[2026-07-23T14:43:20+00:00] [CYCLER] ✅ Cycle #92 terminé — 12 events publiés
[2026-07-23T14:43:20+00:00] [CYCLER] 📋 Cycle #93 — collecte métriques...
[2026-07-23T14:43:20+00:00] [CYCLER]   Disk: 62% | RAM: 7.1% | Load: 0.21 | GPUs: 2
[2026-07-23T14:43:20+00:00] [CYCLER] Event #5970 → hardware:disk_alert
[2026-07-23T14:43:20+00:00] [CYCLER] Event #5971 → hardware:gpu_alert
[2026-07-23T14:43:21+00:00] [CYCLER] Event #5972 → hardware:ram_alert
[2026-07-23T14:43:36+00:00] [CYCLER] Event #5997 → security:permission_drift
[2026-07-23T14:43:37+00:00] [CYCLER] Event #5998 → security:suid_change
[2026-07-23T14:44:07+00:00] [CYCLER] Event #6009 → osint:alert
[2026-07-23T14:44:58+00:00] [CYCLER] Event #6012 → update:available
[2026-07-23T14:46:08+00:00] [CYCLER] Event #6019 → skill:broken
[2026-07-23T14:47:39+00:00] [CYCLER] Event #6026 → service:down
[2026-07-23T14:47:39+00:00] [CYCLER] Event #6028 → service:unhealthy
[2026-07-23T14:47:40+00:00] [CYCLER] Event #6029 → service:restarted
[2026-07-23T14:47:40+00:00] [CYCLER] Event #6030 → dashboard:down
[2026-07-23T14:47:41+00:00] [CYCLER] ✅ Cycle #93 terminé — 12 events publiés
[2026-07-23T14:47:41+00:00] [CYCLER] 📋 Cycle #94 — collecte métriques...
[2026-07-23T14:47:41+00:00] [CYCLER]   Disk: 62% | RAM: 7.1% | Load: 0.33 | GPUs: 2
[2026-07-23T14:47:41+00:00] [CYCLER] Event #6031 → hardware:disk_alert
[2026-07-23T14:47:41+00:00] [CYCLER] Event #6033 → hardware:gpu_alert
[2026-07-23T14:47:42+00:00] [CYCLER] Event #6034 → hardware:ram_alert
[2026-07-23T14:47:57+00:00] [CYCLER] Event #6061 → security:permission_drift
[2026-07-23T14:47:58+00:00] [CYCLER] Event #6062 → security:suid_change
[2026-07-23T14:48:28+00:00] [CYCLER] Event #6072 → osint:alert
[2026-07-23T14:49:19+00:00] [CYCLER] Event #6080 → update:available
[2026-07-23T14:50:30+00:00] [CYCLER] Event #6086 → skill:broken
[2026-07-23T14:52:00+00:00] [CYCLER] Event #6094 → service:down
[2026-07-23T14:52:01+00:00] [CYCLER] Event #6095 → service:unhealthy
[2026-07-23T14:52:01+00:00] [CYCLER] Event #6096 → service:restarted
[2026-07-23T14:52:02+00:00] [CYCLER] Event #6098 → dashboard:down
[2026-07-23T14:52:02+00:00] [CYCLER] ✅ Cycle #94 terminé — 12 events publiés
[2026-07-23T14:52:02+00:00] [CYCLER] 📋 Cycle #95 — collecte métriques...
[2026-07-23T14:52:02+00:00] [CYCLER]   Disk: 62% | RAM: 7.2% | Load: 0.34 | GPUs: 2
[2026-07-23T14:52:02+00:00] [CYCLER] Event #6099 → hardware:disk_alert
[2026-07-23T14:52:03+00:00] [CYCLER] Event #6100 → hardware:gpu_alert
[2026-07-23T14:52:03+00:00] [CYCLER] Event #6102 → hardware:ram_alert
[2026-07-23T14:52:19+00:00] [CYCLER] Event #6126 → security:permission_drift
[2026-07-23T14:52:19+00:00] [CYCLER] Event #6129 → security:suid_change
[2026-07-23T14:52:50+00:00] [CYCLER] Event #6138 → osint:alert
[2026-07-23T14:53:40+00:00] [CYCLER] Event #6143 → update:available
[2026-07-23T14:54:51+00:00] [CYCLER] Event #6149 → skill:broken
[2026-07-23T14:56:21+00:00] [CYCLER] Event #6155 → service:down
[2026-07-23T14:56:22+00:00] [CYCLER] Event #6156 → service:unhealthy
[2026-07-23T14:56:22+00:00] [CYCLER] Event #6157 → service:restarted
[2026-07-23T14:56:23+00:00] [CYCLER] Event #6158 → dashboard:down
[2026-07-23T14:56:23+00:00] [CYCLER] ✅ Cycle #95 terminé — 12 events publiés
[2026-07-23T14:56:23+00:00] [CYCLER] 📋 Cycle #96 — collecte métriques...
[2026-07-23T14:56:23+00:00] [CYCLER]   Disk: 62% | RAM: 7.1% | Load: 0.42 | GPUs: 2
[2026-07-23T14:56:23+00:00] [CYCLER] Event #6160 → hardware:disk_alert
[2026-07-23T14:56:24+00:00] [CYCLER] Event #6161 → hardware:gpu_alert
[2026-07-23T14:56:24+00:00] [CYCLER] Event #6162 → hardware:ram_alert
[2026-07-23T14:56:40+00:00] [CYCLER] Event #6192 → security:permission_drift
[2026-07-23T14:56:40+00:00] [CYCLER] Event #6193 → security:suid_change
[2026-07-23T14:57:11+00:00] [CYCLER] Event #6296 → osint:alert
[2026-07-23T14:58:01+00:00] [CYCLER] Event #6352 → update:available
[2026-07-23T14:59:12+00:00] [CYCLER] Event #6370 → skill:broken
[2026-07-23T15:00:42+00:00] [CYCLER] Event #6388 → service:down
[2026-07-23T15:00:43+00:00] [CYCLER] Event #6389 → service:unhealthy
[2026-07-23T15:00:43+00:00] [CYCLER] Event #6391 → service:restarted
[2026-07-23T15:00:44+00:00] [CYCLER] Event #6393 → dashboard:down
[2026-07-23T15:00:44+00:00] [CYCLER] ✅ Cycle #96 terminé — 12 events publiés
[2026-07-23T15:00:44+00:00] [CYCLER] 📋 Cycle #97 — collecte métriques...
[2026-07-23T15:00:44+00:00] [CYCLER]   Disk: 62% | RAM: 7.1% | Load: 0.23 | GPUs: 2
[2026-07-23T15:00:44+00:00] [CYCLER] Event #6394 → hardware:disk_alert
[2026-07-23T15:00:45+00:00] [CYCLER] Event #6395 → hardware:gpu_alert
[2026-07-23T15:00:45+00:00] [CYCLER] Event #6397 → hardware:ram_alert
[2026-07-23T15:01:01+00:00] [CYCLER] Event #6424 → security:permission_drift
[2026-07-23T15:01:02+00:00] [CYCLER] Event #6426 → security:suid_change
[2026-07-23T15:01:32+00:00] [CYCLER] Event #6439 → osint:alert
[2026-07-23T15:02:23+00:00] [CYCLER] Event #6443 → update:available
[2026-07-23T15:03:33+00:00] [CYCLER] Event #6451 → skill:broken
[2026-07-23T15:05:04+00:00] [CYCLER] Event #6472 → service:down
[2026-07-23T15:05:04+00:00] [CYCLER] Event #6473 → service:unhealthy
[2026-07-23T15:05:05+00:00] [CYCLER] Event #6474 → service:restarted
[2026-07-23T15:05:05+00:00] [CYCLER] Event #6475 → dashboard:down
[2026-07-23T15:05:06+00:00] [CYCLER] ✅ Cycle #97 terminé — 12 events publiés
[2026-07-23T15:05:06+00:00] [CYCLER] 📋 Cycle #98 — collecte métriques...
[2026-07-23T15:05:06+00:00] [CYCLER]   Disk: 62% | RAM: 7.1% | Load: 0.54 | GPUs: 2
[2026-07-23T15:05:06+00:00] [CYCLER] Event #6477 → hardware:disk_alert
[2026-07-23T15:05:06+00:00] [CYCLER] Event #6478 → hardware:gpu_alert
[2026-07-23T15:05:07+00:00] [CYCLER] Event #6479 → hardware:ram_alert
[2026-07-23T15:05:22+00:00] [CYCLER] Event #6505 → security:permission_drift
[2026-07-23T15:05:23+00:00] [CYCLER] Event #6506 → security:suid_change
[2026-07-23T15:05:53+00:00] [CYCLER] Event #6516 → osint:alert
[2026-07-23T15:06:44+00:00] [CYCLER] Event #6522 → update:available
[2026-07-23T15:07:54+00:00] [CYCLER] Event #6528 → skill:broken
[2026-07-23T15:09:25+00:00] [CYCLER] Event #6533 → service:down
[2026-07-23T15:09:25+00:00] [CYCLER] Event #6534 → service:unhealthy
[2026-07-23T15:09:26+00:00] [CYCLER] Event #6536 → service:restarted
[2026-07-23T15:09:26+00:00] [CYCLER] Event #6537 → dashboard:down
[2026-07-23T15:09:27+00:00] [CYCLER] ✅ Cycle #98 terminé — 12 events publiés
[2026-07-23T15:09:27+00:00] [CYCLER] 📋 Cycle #99 — collecte métriques...
[2026-07-23T15:09:27+00:00] [CYCLER]   Disk: 62% | RAM: 7.1% | Load: 0.24 | GPUs: 2
[2026-07-23T15:09:27+00:00] [CYCLER] Event #6538 → hardware:disk_alert
[2026-07-23T15:09:27+00:00] [CYCLER] Event #6539 → hardware:gpu_alert
[2026-07-23T15:09:28+00:00] [CYCLER] Event #6541 → hardware:ram_alert
[2026-07-23T15:09:43+00:00] [CYCLER] Event #6567 → security:permission_drift
[2026-07-23T15:09:44+00:00] [CYCLER] Event #6570 → security:suid_change
[2026-07-23T15:10:14+00:00] [CYCLER] Event #6579 → osint:alert
[2026-07-23T15:11:05+00:00] [CYCLER] Event #6583 → update:available
[2026-07-23T15:12:16+00:00] [CYCLER] Event #6592 → skill:broken
[2026-07-23T15:13:46+00:00] [CYCLER] Event #6601 → service:down
[2026-07-23T15:13:47+00:00] [CYCLER] Event #6602 → service:unhealthy
[2026-07-23T15:13:47+00:00] [CYCLER] Event #6603 → service:restarted
[2026-07-23T15:13:48+00:00] [CYCLER] Event #6604 → dashboard:down
[2026-07-23T15:13:48+00:00] [CYCLER] ✅ Cycle #99 terminé — 12 events publiés
[2026-07-23T15:13:48+00:00] [CYCLER] 📋 Cycle #100 — collecte métriques...
[2026-07-23T15:13:48+00:00] [CYCLER]   Disk: 62% | RAM: 7.1% | Load: 0.19 | GPUs: 2
[2026-07-23T15:13:48+00:00] [CYCLER] Event #6606 → hardware:disk_alert
[2026-07-23T15:13:49+00:00] [CYCLER] Event #6607 → hardware:gpu_alert
[2026-07-23T15:13:49+00:00] [CYCLER] Event #6608 → hardware:ram_alert
[2026-07-23T15:14:05+00:00] [CYCLER] Event #6633 → security:permission_drift
[2026-07-23T15:14:05+00:00] [CYCLER] Event #6634 → security:suid_change
[2026-07-23T15:14:36+00:00] [CYCLER] Event #6646 → osint:alert
[2026-07-23T15:15:26+00:00] [CYCLER] Event #6650 → update:available
[2026-07-23T15:16:37+00:00] [CYCLER] Event #6658 → skill:broken
[2026-07-23T15:18:07+00:00] [CYCLER] Event #6688 → service:down
[2026-07-23T15:18:08+00:00] [CYCLER] Event #6690 → service:unhealthy
[2026-07-23T15:18:08+00:00] [CYCLER] Event #6691 → service:restarted
[2026-07-23T15:18:09+00:00] [CYCLER] Event #6692 → dashboard:down
[2026-07-23T15:18:09+00:00] [CYCLER] ✅ Cycle #100 terminé — 12 events publiés
[2026-07-23T15:18:09+00:00] [CYCLER] 📋 Cycle #101 — collecte métriques...
[2026-07-23T15:18:09+00:00] [CYCLER]   Disk: 62% | RAM: 7.2% | Load: 0.44 | GPUs: 2
[2026-07-23T15:18:09+00:00] [CYCLER] Event #6693 → hardware:disk_alert
[2026-07-23T15:18:10+00:00] [CYCLER] Event #6696 → hardware:gpu_alert
[2026-07-23T15:18:10+00:00] [CYCLER] Event #6698 → hardware:ram_alert
[2026-07-23T15:18:26+00:00] [CYCLER] Event #6731 → security:permission_drift
[2026-07-23T15:18:26+00:00] [CYCLER] Event #6733 → security:suid_change
[2026-07-23T15:18:57+00:00] [CYCLER] Event #6750 → osint:alert
[2026-07-23T15:19:47+00:00] [CYCLER] Event #6754 → update:available
[2026-07-23T15:20:58+00:00] [CYCLER] Event #6760 → skill:broken
[2026-07-23T15:22:28+00:00] [CYCLER] Event #6771 → service:down
[2026-07-23T15:22:29+00:00] [CYCLER] Event #6772 → service:unhealthy
[2026-07-23T15:22:29+00:00] [CYCLER] Event #6773 → service:restarted
[2026-07-23T15:22:30+00:00] [CYCLER] Event #6775 → dashboard:down
[2026-07-23T15:22:30+00:00] [CYCLER] ✅ Cycle #101 terminé — 12 events publiés
[2026-07-23T15:22:30+00:00] [CYCLER] 📋 Cycle #102 — collecte métriques...
[2026-07-23T15:22:30+00:00] [CYCLER]   Disk: 62% | RAM: 7.1% | Load: 0.3 | GPUs: 2
[2026-07-23T15:22:30+00:00] [CYCLER] Event #6776 → hardware:disk_alert
[2026-07-23T15:22:31+00:00] [CYCLER] Event #6777 → hardware:gpu_alert
[2026-07-23T15:22:31+00:00] [CYCLER] Event #6778 → hardware:ram_alert
[2026-07-23T15:22:47+00:00] [CYCLER] Event #6803 → security:permission_drift
[2026-07-23T15:22:48+00:00] [CYCLER] Event #6804 → security:suid_change
[2026-07-23T15:23:18+00:00] [CYCLER] Event #6815 → osint:alert
[2026-07-23T15:24:09+00:00] [CYCLER] Event #6821 → update:available
[2026-07-23T15:25:19+00:00] [CYCLER] Event #6828 → skill:broken
[2026-07-23T15:26:50+00:00] [CYCLER] Event #6835 → service:down
[2026-07-23T15:26:50+00:00] [CYCLER] Event #6836 → service:unhealthy
[2026-07-23T15:26:51+00:00] [CYCLER] Event #6838 → service:restarted
[2026-07-23T15:26:51+00:00] [CYCLER] Event #6839 → dashboard:down
[2026-07-23T15:26:52+00:00] [CYCLER] ✅ Cycle #102 terminé — 12 events publiés
[2026-07-23T15:26:52+00:00] [CYCLER] 📋 Cycle #103 — collecte métriques...
[2026-07-23T15:26:52+00:00] [CYCLER]   Disk: 62% | RAM: 7.1% | Load: 0.46 | GPUs: 2
[2026-07-23T15:26:52+00:00] [CYCLER] Event #6840 → hardware:disk_alert
[2026-07-23T15:26:52+00:00] [CYCLER] Event #6841 → hardware:gpu_alert
[2026-07-23T15:26:53+00:00] [CYCLER] Event #6843 → hardware:ram_alert
[2026-07-23T15:27:08+00:00] [CYCLER] Event #6865 → security:permission_drift
[2026-07-23T15:27:09+00:00] [CYCLER] Event #6868 → security:suid_change
[2026-07-23T15:27:39+00:00] [CYCLER] Event #6877 → osint:alert
[2026-07-23T15:28:30+00:00] [CYCLER] Event #6880 → update:available
[2026-07-23T15:29:40+00:00] [CYCLER] Event #6886 → skill:broken
[2026-07-23T15:31:11+00:00] [CYCLER] Event #6889 → service:down
[2026-07-23T15:31:11+00:00] [CYCLER] Event #6890 → service:unhealthy
[2026-07-23T15:31:12+00:00] [CYCLER] Event #6891 → service:restarted
[2026-07-23T15:31:12+00:00] [CYCLER] Event #6892 → dashboard:down
[2026-07-23T15:31:13+00:00] [CYCLER] ✅ Cycle #103 terminé — 12 events publiés
[2026-07-23T15:31:13+00:00] [CYCLER] 📋 Cycle #104 — collecte métriques...
[2026-07-23T15:31:13+00:00] [CYCLER]   Disk: 62% | RAM: 7.1% | Load: 0.25 | GPUs: 2
[2026-07-23T15:31:13+00:00] [CYCLER] Event #6894 → hardware:disk_alert
[2026-07-23T15:31:13+00:00] [CYCLER] Event #6895 → hardware:gpu_alert
[2026-07-23T15:31:14+00:00] [CYCLER] Event #6896 → hardware:ram_alert
[2026-07-23T15:31:29+00:00] [CYCLER] Event #6922 → security:permission_drift
[2026-07-23T15:31:30+00:00] [CYCLER] Event #6923 → security:suid_change
[2026-07-23T15:32:00+00:00] [CYCLER] Event #6934 → osint:alert
[2026-07-23T15:32:51+00:00] [CYCLER] Event #6937 → update:available
[2026-07-23T15:34:02+00:00] [CYCLER] Event #6945 → skill:broken
[2026-07-23T15:35:32+00:00] [CYCLER] Event #6956 → service:down
[2026-07-23T15:35:33+00:00] [CYCLER] Event #6957 → service:unhealthy
[2026-07-23T15:35:33+00:00] [CYCLER] Event #6958 → service:restarted
[2026-07-23T15:35:34+00:00] [CYCLER] Event #6960 → dashboard:down
[2026-07-23T15:35:34+00:00] [CYCLER] ✅ Cycle #104 terminé — 12 events publiés
[2026-07-23T15:35:34+00:00] [CYCLER] 📋 Cycle #105 — collecte métriques...
[2026-07-23T15:35:34+00:00] [CYCLER]   Disk: 62% | RAM: 7.1% | Load: 0.26 | GPUs: 2
[2026-07-23T15:35:34+00:00] [CYCLER] Event #6961 → hardware:disk_alert
[2026-07-23T15:35:35+00:00] [CYCLER] Event #6962 → hardware:gpu_alert
[2026-07-23T15:35:35+00:00] [CYCLER] Event #6963 → hardware:ram_alert
[2026-07-23T15:35:51+00:00] [CYCLER] Event #6988 → security:permission_drift
[2026-07-23T15:35:51+00:00] [CYCLER] Event #6989 → security:suid_change
[2026-07-23T15:36:22+00:00] [CYCLER] Event #7002 → osint:alert
[2026-07-23T15:37:12+00:00] [CYCLER] Event #7012 → update:available
[2026-07-23T15:38:23+00:00] [CYCLER] Event #7031 → skill:broken
[2026-07-23T15:39:53+00:00] [CYCLER] Event #7050 → service:down
[2026-07-23T15:39:54+00:00] [CYCLER] Event #7051 → service:unhealthy
[2026-07-23T15:39:54+00:00] [CYCLER] Event #7053 → service:restarted
[2026-07-23T15:39:55+00:00] [CYCLER] Event #7054 → dashboard:down
[2026-07-23T15:39:55+00:00] [CYCLER] ✅ Cycle #105 terminé — 12 events publiés
[2026-07-23T15:39:55+00:00] [CYCLER] 📋 Cycle #106 — collecte métriques...
[2026-07-23T15:39:55+00:00] [CYCLER]   Disk: 62% | RAM: 7.5% | Load: 0.43 | GPUs: 2
[2026-07-23T15:39:55+00:00] [CYCLER] Event #7055 → hardware:disk_alert
[2026-07-23T15:39:56+00:00] [CYCLER] Event #7056 → hardware:gpu_alert
[2026-07-23T15:39:56+00:00] [CYCLER] Event #7058 → hardware:ram_alert
[2026-07-23T15:40:12+00:00] [CYCLER] Event #7081 → security:permission_drift
[2026-07-23T15:40:12+00:00] [CYCLER] Event #7084 → security:suid_change
[2026-07-23T15:40:43+00:00] [CYCLER] Event #7100 → osint:alert
[2026-07-23T15:41:33+00:00] [CYCLER] Event #7108 → update:available
[2026-07-23T15:42:44+00:00] [CYCLER] Event #7120 → skill:broken
[2026-07-23T15:44:14+00:00] [CYCLER] Event #7131 → service:down
[2026-07-23T15:44:15+00:00] [CYCLER] Event #7132 → service:unhealthy
[2026-07-23T15:44:15+00:00] [CYCLER] Event #7133 → service:restarted
[2026-07-23T15:44:16+00:00] [CYCLER] Event #7134 → dashboard:down
[2026-07-23T15:44:16+00:00] [CYCLER] ✅ Cycle #106 terminé — 12 events publiés
[2026-07-23T15:44:16+00:00] [CYCLER] 📋 Cycle #107 — collecte métriques...
[2026-07-23T15:44:16+00:00] [CYCLER]   Disk: 62% | RAM: 7.2% | Load: 0.19 | GPUs: 2
[2026-07-23T15:44:16+00:00] [CYCLER] Event #7136 → hardware:disk_alert
[2026-07-23T15:44:17+00:00] [CYCLER] Event #7137 → hardware:gpu_alert
[2026-07-23T15:44:17+00:00] [CYCLER] Event #7138 → hardware:ram_alert
[2026-07-23T15:44:33+00:00] [CYCLER] Event #7165 → security:permission_drift
[2026-07-23T15:44:34+00:00] [CYCLER] Event #7166 → security:suid_change
[2026-07-23T15:45:04+00:00] [CYCLER] Event #7478 → osint:alert
[2026-07-23T15:45:55+00:00] [CYCLER] Event #7632 → update:available
[2026-07-23T15:47:05+00:00] [CYCLER] Event #7848 → skill:broken
[2026-07-23T15:48:36+00:00] [CYCLER] Event #8057 → service:down
[2026-07-23T15:48:36+00:00] [CYCLER] Event #8060 → service:unhealthy
[2026-07-23T15:48:37+00:00] [CYCLER] Event #8061 → service:restarted
[2026-07-23T15:48:37+00:00] [CYCLER] Event #8062 → dashboard:down
[2026-07-23T15:48:38+00:00] [CYCLER] ✅ Cycle #107 terminé — 12 events publiés
[2026-07-23T15:48:38+00:00] [CYCLER] 📋 Cycle #108 — collecte métriques...
[2026-07-23T15:48:38+00:00] [CYCLER]   Disk: 62% | RAM: 7.2% | Load: 0.81 | GPUs: 2
[2026-07-23T15:48:38+00:00] [CYCLER] Event #8063 → hardware:disk_alert
[2026-07-23T15:48:38+00:00] [CYCLER] Event #8066 → hardware:gpu_alert
[2026-07-23T15:48:39+00:00] [CYCLER] Event #8067 → hardware:ram_alert
[2026-07-23T15:48:54+00:00] [CYCLER] Event #8090 → security:permission_drift
[2026-07-23T15:48:55+00:00] [CYCLER] Event #8091 → security:suid_change
[2026-07-23T15:49:25+00:00] [CYCLER] Event #8124 → osint:alert
[2026-07-23T15:50:16+00:00] [CYCLER] Event #8177 → update:available
[2026-07-23T15:51:26+00:00] [CYCLER] Event #8252 → skill:broken
[2026-07-23T15:52:57+00:00] [CYCLER] Event #8347 → service:down
[2026-07-23T15:52:57+00:00] [CYCLER] Event #8350 → service:unhealthy
[2026-07-23T15:52:58+00:00] [CYCLER] Event #8351 → service:restarted
[2026-07-23T15:52:58+00:00] [CYCLER] Event #8352 → dashboard:down
[2026-07-23T15:52:59+00:00] [CYCLER] ✅ Cycle #108 terminé — 12 events publiés
[2026-07-23T15:52:59+00:00] [CYCLER] 📋 Cycle #109 — collecte métriques...
[2026-07-23T15:52:59+00:00] [CYCLER]   Disk: 62% | RAM: 7.2% | Load: 2.47 | GPUs: 2
[2026-07-23T15:52:59+00:00] [CYCLER] Event #8353 → hardware:disk_alert
[2026-07-23T15:52:59+00:00] [CYCLER] Event #8356 → hardware:gpu_alert
[2026-07-23T15:53:00+00:00] [CYCLER] Event #8357 → hardware:ram_alert
[2026-07-23T15:53:15+00:00] [CYCLER] Event #8378 → security:permission_drift
[2026-07-23T15:53:16+00:00] [CYCLER] Event #8379 → security:suid_change
[2026-07-23T15:53:46+00:00] [CYCLER] Event #8411 → osint:alert
[2026-07-23T15:54:37+00:00] [CYCLER] Event #8463 → update:available
[2026-07-23T15:55:48+00:00] [CYCLER] Event #8552 → skill:broken
[2026-07-23T15:57:18+00:00] [CYCLER] Event #8563 → service:down
[2026-07-23T15:57:19+00:00] [CYCLER] Event #8564 → service:unhealthy
[2026-07-23T15:57:19+00:00] [CYCLER] Event #8565 → service:restarted
[2026-07-23T15:57:20+00:00] [CYCLER] Event #8566 → dashboard:down
[2026-07-23T15:57:20+00:00] [CYCLER] ✅ Cycle #109 terminé — 12 events publiés
[2026-07-23T15:57:20+00:00] [CYCLER] 📋 Cycle #110 — collecte métriques...
[2026-07-23T15:57:20+00:00] [CYCLER]   Disk: 62% | RAM: 7.2% | Load: 0.39 | GPUs: 2
[2026-07-23T15:57:20+00:00] [CYCLER] Event #8567 → hardware:disk_alert
[2026-07-23T15:57:21+00:00] [CYCLER] Event #8569 → hardware:gpu_alert
[2026-07-23T15:57:21+00:00] [CYCLER] Event #8570 → hardware:ram_alert
[2026-07-23T15:57:37+00:00] [CYCLER] Event #8595 → security:permission_drift
[2026-07-23T15:57:37+00:00] [CYCLER] Event #8596 → security:suid_change
[2026-07-23T15:58:08+00:00] [CYCLER] Event #8606 → osint:alert
[2026-07-23T15:58:58+00:00] [CYCLER] Event #8610 → update:available
[2026-07-23T16:00:09+00:00] [CYCLER] Event #8617 → skill:broken
[2026-07-23T16:01:39+00:00] [CYCLER] Event #8623 → service:down
[2026-07-23T16:01:40+00:00] [CYCLER] Event #8624 → service:unhealthy
[2026-07-23T16:01:40+00:00] [CYCLER] Event #8625 → service:restarted
[2026-07-23T16:01:41+00:00] [CYCLER] Event #8627 → dashboard:down
[2026-07-23T16:01:41+00:00] [CYCLER] ✅ Cycle #110 terminé — 12 events publiés
[2026-07-23T16:01:41+00:00] [CYCLER] 📋 Cycle #111 — collecte métriques...
[2026-07-23T16:01:41+00:00] [CYCLER]   Disk: 62% | RAM: 7.2% | Load: 0.52 | GPUs: 2
[2026-07-23T16:01:41+00:00] [CYCLER] Event #8628 → hardware:disk_alert
[2026-07-23T16:01:42+00:00] [CYCLER] Event #8629 → hardware:gpu_alert
[2026-07-23T16:01:42+00:00] [CYCLER] Event #8630 → hardware:ram_alert
[2026-07-23T16:01:58+00:00] [CYCLER] Event #8655 → security:permission_drift
[2026-07-23T16:01:58+00:00] [CYCLER] Event #8656 → security:suid_change
[2026-07-23T16:02:29+00:00] [CYCLER] Event #8673 → osint:alert
[2026-07-23T16:03:19+00:00] [CYCLER] Event #8683 → update:available
[2026-07-23T16:04:30+00:00] [CYCLER] Event #8703 → skill:broken
[2026-07-23T16:06:00+00:00] [CYCLER] Event #8713 → service:down
[2026-07-23T16:06:01+00:00] [CYCLER] Event #8714 → service:unhealthy
[2026-07-23T16:06:01+00:00] [CYCLER] Event #8716 → service:restarted
[2026-07-23T16:06:02+00:00] [CYCLER] Event #8717 → dashboard:down
[2026-07-23T16:06:02+00:00] [CYCLER] ✅ Cycle #111 terminé — 12 events publiés
[2026-07-23T16:06:02+00:00] [CYCLER] 📋 Cycle #112 — collecte métriques...
[2026-07-23T16:06:03+00:00] [CYCLER]   Disk: 62% | RAM: 7.2% | Load: 0.26 | GPUs: 2
[2026-07-23T16:06:03+00:00] [CYCLER] Event #8718 → hardware:disk_alert
[2026-07-23T16:06:03+00:00] [CYCLER] Event #8719 → hardware:gpu_alert
[2026-07-23T16:06:04+00:00] [CYCLER] Event #8721 → hardware:ram_alert
[2026-07-23T16:06:19+00:00] [CYCLER] Event #8747 → security:permission_drift
[2026-07-23T16:06:20+00:00] [CYCLER] Event #8750 → security:suid_change
[2026-07-23T16:06:50+00:00] [CYCLER] Event #8764 → osint:alert
[2026-07-23T16:07:41+00:00] [CYCLER] Event #8773 → update:available
[2026-07-23T16:08:51+00:00] [CYCLER] Event #8780 → skill:broken
[2026-07-23T16:10:22+00:00] [CYCLER] Event #8785 → service:down
[2026-07-23T16:10:22+00:00] [CYCLER] Event #8787 → service:unhealthy
[2026-07-23T16:10:23+00:00] [CYCLER] Event #8788 → service:restarted
[2026-07-23T16:10:23+00:00] [CYCLER] Event #8789 → dashboard:down
[2026-07-23T16:10:24+00:00] [CYCLER] ✅ Cycle #112 terminé — 12 events publiés
[2026-07-23T16:10:24+00:00] [CYCLER] 📋 Cycle #113 — collecte métriques...
[2026-07-23T16:10:24+00:00] [CYCLER]   Disk: 62% | RAM: 7.2% | Load: 0.15 | GPUs: 2
[2026-07-23T16:10:24+00:00] [CYCLER] Event #8790 → hardware:disk_alert
[2026-07-23T16:10:24+00:00] [CYCLER] Event #8792 → hardware:gpu_alert
[2026-07-23T16:10:25+00:00] [CYCLER] Event #8793 → hardware:ram_alert
[2026-07-23T16:10:40+00:00] [CYCLER] Event #8817 → security:permission_drift
[2026-07-23T16:10:41+00:00] [CYCLER] Event #8818 → security:suid_change
[2026-07-23T16:11:11+00:00] [CYCLER] Event #8829 → osint:alert
[2026-07-23T16:12:02+00:00] [CYCLER] Event #8834 → update:available
[2026-07-23T16:13:12+00:00] [CYCLER] Event #8841 → skill:broken
[2026-07-23T16:14:43+00:00] [CYCLER] Event #8845 → service:down
[2026-07-23T16:14:43+00:00] [CYCLER] Event #8846 → service:unhealthy
[2026-07-23T16:14:44+00:00] [CYCLER] Event #8848 → service:restarted
[2026-07-23T16:14:44+00:00] [CYCLER] Event #8849 → dashboard:down
[2026-07-23T16:14:45+00:00] [CYCLER] ✅ Cycle #113 terminé — 12 events publiés
[2026-07-23T16:14:45+00:00] [CYCLER] 📋 Cycle #114 — collecte métriques...
[2026-07-23T16:14:45+00:00] [CYCLER]   Disk: 62% | RAM: 7.2% | Load: 0.34 | GPUs: 2
[2026-07-23T16:14:45+00:00] [CYCLER] Event #8851 → hardware:disk_alert
[2026-07-23T16:14:45+00:00] [CYCLER] Event #8852 → hardware:gpu_alert
[2026-07-23T16:14:46+00:00] [CYCLER] Event #8853 → hardware:ram_alert
[2026-07-23T16:15:01+00:00] [CYCLER] Event #8881 → security:permission_drift
[2026-07-23T16:15:02+00:00] [CYCLER] Event #8882 → security:suid_change
[2026-07-23T16:15:32+00:00] [CYCLER] Event #8892 → osint:alert
[2026-07-23T16:16:23+00:00] [CYCLER] Event #8896 → update:available
[2026-07-23T16:17:34+00:00] [CYCLER] Event #8904 → skill:broken
[2026-07-23T16:19:04+00:00] [CYCLER] Event #8912 → service:down
[2026-07-23T16:19:05+00:00] [CYCLER] Event #8913 → service:unhealthy
[2026-07-23T16:19:05+00:00] [CYCLER] Event #8917 → service:restarted
[2026-07-23T16:19:06+00:00] [CYCLER] Event #8919 → dashboard:down
[2026-07-23T16:19:06+00:00] [CYCLER] ✅ Cycle #114 terminé — 12 events publiés
[2026-07-23T16:19:06+00:00] [CYCLER] 📋 Cycle #115 — collecte métriques...
[2026-07-23T16:19:06+00:00] [CYCLER]   Disk: 62% | RAM: 7.2% | Load: 0.29 | GPUs: 2
[2026-07-23T16:19:06+00:00] [CYCLER] Event #8920 → hardware:disk_alert
[2026-07-23T16:19:07+00:00] [CYCLER] Event #8921 → hardware:gpu_alert
[2026-07-23T16:19:07+00:00] [CYCLER] Event #8923 → hardware:ram_alert
[2026-07-23T16:19:23+00:00] [CYCLER] Event #8948 → security:permission_drift
[2026-07-23T16:19:23+00:00] [CYCLER] Event #8951 → security:suid_change
[2026-07-23T16:19:54+00:00] [CYCLER] Event #8962 → osint:alert
[2026-07-23T16:20:44+00:00] [CYCLER] Event #8965 → update:available
[2026-07-23T16:21:55+00:00] [CYCLER] Event #8974 → skill:broken
[2026-07-23T16:23:25+00:00] [CYCLER] Event #8993 → service:down
[2026-07-23T16:23:26+00:00] [CYCLER] Event #8997 → service:unhealthy
[2026-07-23T16:23:26+00:00] [CYCLER] Event #8998 → service:restarted
[2026-07-23T16:23:27+00:00] [CYCLER] Event #8999 → dashboard:down
[2026-07-23T16:23:27+00:00] [CYCLER] ✅ Cycle #115 terminé — 12 events publiés
[2026-07-23T16:23:27+00:00] [CYCLER] 📋 Cycle #116 — collecte métriques...
[2026-07-23T16:23:27+00:00] [CYCLER]   Disk: 62% | RAM: 7.2% | Load: 0.26 | GPUs: 2
[2026-07-23T16:23:27+00:00] [CYCLER] Event #9000 → hardware:disk_alert
[2026-07-23T16:23:28+00:00] [CYCLER] Event #9002 → hardware:gpu_alert
[2026-07-23T16:23:28+00:00] [CYCLER] Event #9003 → hardware:ram_alert
[2026-07-23T16:23:44+00:00] [CYCLER] Event #9029 → security:permission_drift
[2026-07-23T16:23:44+00:00] [CYCLER] Event #9030 → security:suid_change
[2026-07-23T16:24:15+00:00] [CYCLER] Event #9049 → osint:alert
[2026-07-23T16:25:05+00:00] [CYCLER] Event #9053 → update:available
[2026-07-23T16:26:16+00:00] [CYCLER] Event #9059 → skill:broken
[2026-07-23T16:27:46+00:00] [CYCLER] Event #9077 → service:down
[2026-07-23T16:27:47+00:00] [CYCLER] Event #9078 → service:unhealthy
[2026-07-23T16:27:47+00:00] [CYCLER] Event #9079 → service:restarted
[2026-07-23T16:27:48+00:00] [CYCLER] Event #9080 → dashboard:down
[2026-07-23T16:27:48+00:00] [CYCLER] ✅ Cycle #116 terminé — 12 events publiés
[2026-07-23T16:27:48+00:00] [CYCLER] 📋 Cycle #117 — collecte métriques...
[2026-07-23T16:27:48+00:00] [CYCLER]   Disk: 62% | RAM: 7.2% | Load: 0.15 | GPUs: 2
[2026-07-23T16:27:48+00:00] [CYCLER] Event #9082 → hardware:disk_alert
[2026-07-23T16:27:49+00:00] [CYCLER] Event #9083 → hardware:gpu_alert
[2026-07-23T16:27:50+00:00] [CYCLER] Event #9084 → hardware:ram_alert
[2026-07-23T16:28:05+00:00] [CYCLER] Event #9111 → security:permission_drift
[2026-07-23T16:28:06+00:00] [CYCLER] Event #9112 → security:suid_change
[2026-07-23T16:28:36+00:00] [CYCLER] Event #9124 → osint:alert
[2026-07-23T16:29:27+00:00] [CYCLER] Event #9128 → update:available
[2026-07-23T16:30:37+00:00] [CYCLER] Event #9144 → skill:broken
[2026-07-23T16:32:08+00:00] [CYCLER] Event #9151 → service:down
[2026-07-23T16:32:08+00:00] [CYCLER] Event #9152 → service:unhealthy
[2026-07-23T16:32:09+00:00] [CYCLER] Event #9153 → service:restarted
[2026-07-23T16:32:09+00:00] [CYCLER] Event #9154 → dashboard:down
[2026-07-23T16:32:10+00:00] [CYCLER] ✅ Cycle #117 terminé — 12 events publiés
[2026-07-23T16:32:10+00:00] [CYCLER] 📋 Cycle #118 — collecte métriques...
[2026-07-23T16:32:10+00:00] [CYCLER]   Disk: 62% | RAM: 7.2% | Load: 0.39 | GPUs: 2
[2026-07-23T16:32:10+00:00] [CYCLER] Event #9156 → hardware:disk_alert
[2026-07-23T16:32:10+00:00] [CYCLER] Event #9157 → hardware:gpu_alert
[2026-07-23T16:32:11+00:00] [CYCLER] Event #9158 → hardware:ram_alert
[2026-07-23T16:32:26+00:00] [CYCLER] Event #9183 → security:permission_drift
[2026-07-23T16:32:27+00:00] [CYCLER] Event #9184 → security:suid_change
[2026-07-23T16:32:57+00:00] [CYCLER] Event #9195 → osint:alert
[2026-07-23T16:33:48+00:00] [CYCLER] Event #9199 → update:available
[2026-07-23T16:34:58+00:00] [CYCLER] Event #9207 → skill:broken
[2026-07-23T16:36:29+00:00] [CYCLER] Event #9216 → service:down
[2026-07-23T16:36:29+00:00] [CYCLER] Event #9217 → service:unhealthy
[2026-07-23T16:36:30+00:00] [CYCLER] Event #9219 → service:restarted
[2026-07-23T16:36:30+00:00] [CYCLER] Event #9220 → dashboard:down
[2026-07-23T16:36:31+00:00] [CYCLER] ✅ Cycle #118 terminé — 12 events publiés
[2026-07-23T16:36:31+00:00] [CYCLER] 📋 Cycle #119 — collecte métriques...
[2026-07-23T16:36:31+00:00] [CYCLER]   Disk: 62% | RAM: 7.2% | Load: 0.35 | GPUs: 2
[2026-07-23T16:36:31+00:00] [CYCLER] Event #9221 → hardware:disk_alert
[2026-07-23T16:36:31+00:00] [CYCLER] Event #9222 → hardware:gpu_alert
[2026-07-23T16:36:32+00:00] [CYCLER] Event #9224 → hardware:ram_alert
[2026-07-23T16:36:47+00:00] [CYCLER] Event #9251 → security:permission_drift
[2026-07-23T16:36:48+00:00] [CYCLER] Event #9254 → security:suid_change
[2026-07-23T16:37:18+00:00] [CYCLER] Event #9263 → osint:alert
[2026-07-23T16:38:09+00:00] [CYCLER] Event #9267 → update:available
[2026-07-23T16:39:20+00:00] [CYCLER] Event #9274 → skill:broken
[2026-07-23T16:40:50+00:00] [CYCLER] Event #9281 → service:down
[2026-07-23T16:40:51+00:00] [CYCLER] Event #9283 → service:unhealthy
[2026-07-23T16:40:51+00:00] [CYCLER] Event #9284 → service:restarted
[2026-07-23T16:40:52+00:00] [CYCLER] Event #9285 → dashboard:down
[2026-07-23T16:40:52+00:00] [CYCLER] ✅ Cycle #119 terminé — 12 events publiés
[2026-07-23T16:40:52+00:00] [CYCLER] 📋 Cycle #120 — collecte métriques...
[2026-07-23T16:40:52+00:00] [CYCLER]   Disk: 62% | RAM: 7.2% | Load: 0.19 | GPUs: 2
[2026-07-23T16:40:52+00:00] [CYCLER] Event #9286 → hardware:disk_alert
[2026-07-23T16:40:53+00:00] [CYCLER] Event #9288 → hardware:gpu_alert
[2026-07-23T16:40:53+00:00] [CYCLER] Event #9289 → hardware:ram_alert
[2026-07-23T16:41:09+00:00] [CYCLER] Event #9313 → security:permission_drift
[2026-07-23T16:41:09+00:00] [CYCLER] Event #9314 → security:suid_change
[2026-07-23T16:41:40+00:00] [CYCLER] Event #9326 → osint:alert
[2026-07-23T16:42:30+00:00] [CYCLER] Event #9330 → update:available
[2026-07-23T16:43:41+00:00] [CYCLER] Event #9336 → skill:broken
[2026-07-23T16:45:11+00:00] [CYCLER] Event #9341 → service:down
[2026-07-23T16:45:12+00:00] [CYCLER] Event #9342 → service:unhealthy
[2026-07-23T16:45:12+00:00] [CYCLER] Event #9343 → service:restarted
[2026-07-23T16:45:13+00:00] [CYCLER] Event #9344 → dashboard:down
[2026-07-23T16:45:13+00:00] [CYCLER] ✅ Cycle #120 terminé — 12 events publiés
[2026-07-23T16:45:13+00:00] [CYCLER] 📋 Cycle #121 — collecte métriques...
[2026-07-23T16:45:13+00:00] [CYCLER]   Disk: 62% | RAM: 7.2% | Load: 0.27 | GPUs: 2
[2026-07-23T16:45:13+00:00] [CYCLER] Event #9346 → hardware:disk_alert
[2026-07-23T16:45:14+00:00] [CYCLER] Event #9347 → hardware:gpu_alert
[2026-07-23T16:45:14+00:00] [CYCLER] Event #9348 → hardware:ram_alert
[2026-07-23T16:45:30+00:00] [CYCLER] Event #9377 → security:permission_drift
[2026-07-23T16:45:30+00:00] [CYCLER] Event #9378 → security:suid_change
[2026-07-23T16:46:01+00:00] [CYCLER] Event #9388 → osint:alert
[2026-07-23T16:46:51+00:00] [CYCLER] Event #9396 → update:available
[2026-07-23T16:48:02+00:00] [CYCLER] Event #9402 → skill:broken
[2026-07-23T16:49:32+00:00] [CYCLER] Event #9458 → service:down
[2026-07-23T16:49:33+00:00] [CYCLER] Event #9459 → service:unhealthy
[2026-07-23T16:49:33+00:00] [CYCLER] Event #9460 → service:restarted
[2026-07-23T16:49:34+00:00] [CYCLER] Event #9461 → dashboard:down
[2026-07-23T16:49:34+00:00] [CYCLER] ✅ Cycle #121 terminé — 12 events publiés
[2026-07-23T16:49:34+00:00] [CYCLER] 📋 Cycle #122 — collecte métriques...
[2026-07-23T16:49:34+00:00] [CYCLER]   Disk: 62% | RAM: 7.2% | Load: 0.38 | GPUs: 2
[2026-07-23T16:49:34+00:00] [CYCLER] Event #9467 → hardware:disk_alert
[2026-07-23T16:49:35+00:00] [CYCLER] Event #9468 → hardware:gpu_alert
[2026-07-23T16:49:35+00:00] [CYCLER] Event #9469 → hardware:ram_alert
[2026-07-23T16:49:51+00:00] [CYCLER] Event #9506 → security:permission_drift
[2026-07-23T16:49:52+00:00] [CYCLER] Event #9507 → security:suid_change
[2026-07-23T16:50:22+00:00] [CYCLER] Event #9550 → osint:alert
[2026-07-23T16:51:13+00:00] [CYCLER] Event #9574 → update:available
[2026-07-23T16:52:23+00:00] [CYCLER] Event #9583 → skill:broken
[2026-07-23T16:53:54+00:00] [CYCLER] Event #9589 → service:down
[2026-07-23T16:53:54+00:00] [CYCLER] Event #9590 → service:unhealthy
[2026-07-23T16:53:55+00:00] [CYCLER] Event #9591 → service:restarted
[2026-07-23T16:53:55+00:00] [CYCLER] Event #9593 → dashboard:down
[2026-07-23T16:53:56+00:00] [CYCLER] ✅ Cycle #122 terminé — 12 events publiés
[2026-07-23T16:53:56+00:00] [CYCLER] 📋 Cycle #123 — collecte métriques...
[2026-07-23T16:53:56+00:00] [CYCLER]   Disk: 62% | RAM: 7.2% | Load: 0.5 | GPUs: 2
[2026-07-23T16:53:56+00:00] [CYCLER] Event #9594 → hardware:disk_alert
[2026-07-23T16:53:56+00:00] [CYCLER] Event #9595 → hardware:gpu_alert
[2026-07-23T16:53:57+00:00] [CYCLER] Event #9597 → hardware:ram_alert
[2026-07-23T16:54:12+00:00] [CYCLER] Event #9620 → security:permission_drift
[2026-07-23T16:54:13+00:00] [CYCLER] Event #9622 → security:suid_change
[2026-07-23T16:54:43+00:00] [CYCLER] Event #9634 → osint:alert
[2026-07-23T16:55:34+00:00] [CYCLER] Event #9645 → update:available
[2026-07-23T16:56:44+00:00] [CYCLER] Event #9653 → skill:broken
[2026-07-23T16:58:15+00:00] [CYCLER] Event #9658 → service:down
[2026-07-23T16:58:15+00:00] [CYCLER] Event #9659 → service:unhealthy
[2026-07-23T16:58:16+00:00] [CYCLER] Event #9660 → service:restarted
[2026-07-23T16:58:16+00:00] [CYCLER] Event #9662 → dashboard:down
[2026-07-23T16:58:17+00:00] [CYCLER] ✅ Cycle #123 terminé — 12 events publiés
[2026-07-23T16:58:17+00:00] [CYCLER] 📋 Cycle #124 — collecte métriques...
[2026-07-23T16:58:17+00:00] [CYCLER]   Disk: 62% | RAM: 7.2% | Load: 0.57 | GPUs: 2
[2026-07-23T16:58:17+00:00] [CYCLER] Event #9663 → hardware:disk_alert
[2026-07-23T16:58:17+00:00] [CYCLER] Event #9664 → hardware:gpu_alert
[2026-07-23T16:58:18+00:00] [CYCLER] Event #9666 → hardware:ram_alert
[2026-07-23T16:58:33+00:00] [CYCLER] Event #9692 → security:permission_drift
[2026-07-23T16:58:34+00:00] [CYCLER] Event #9695 → security:suid_change
[2026-07-23T16:59:04+00:00] [CYCLER] Event #9711 → osint:alert
[2026-07-23T16:59:55+00:00] [CYCLER] Event #9717 → update:available
[2026-07-23T17:01:06+00:00] [CYCLER] Event #9731 → skill:broken
[2026-07-23T17:02:36+00:00] [CYCLER] Event #9740 → service:down
[2026-07-23T17:02:37+00:00] [CYCLER] Event #9741 → service:unhealthy
[2026-07-23T17:02:37+00:00] [CYCLER] Event #9743 → service:restarted
[2026-07-23T17:02:38+00:00] [CYCLER] Event #9744 → dashboard:down
[2026-07-23T17:02:38+00:00] [CYCLER] ✅ Cycle #124 terminé — 12 events publiés
[2026-07-23T17:02:38+00:00] [CYCLER] 📋 Cycle #125 — collecte métriques...
[2026-07-23T17:02:38+00:00] [CYCLER]   Disk: 62% | RAM: 7.2% | Load: 0.33 | GPUs: 2
[2026-07-23T17:02:38+00:00] [CYCLER] Event #9745 → hardware:disk_alert
[2026-07-23T17:02:39+00:00] [CYCLER] Event #9746 → hardware:gpu_alert
[2026-07-23T17:02:39+00:00] [CYCLER] Event #9748 → hardware:ram_alert
[2026-07-23T17:02:55+00:00] [CYCLER] Event #9771 → security:permission_drift
[2026-07-23T17:02:55+00:00] [CYCLER] Event #9774 → security:suid_change
[2026-07-23T17:03:26+00:00] [CYCLER] Event #9786 → osint:alert
[2026-07-23T17:04:16+00:00] [CYCLER] Event #9796 → update:available
[2026-07-23T17:05:27+00:00] [CYCLER] Event #9804 → skill:broken
[2026-07-23T17:06:57+00:00] [CYCLER] Event #9819 → service:down
[2026-07-23T17:06:58+00:00] [CYCLER] Event #9821 → service:unhealthy
[2026-07-23T17:06:58+00:00] [CYCLER] Event #9822 → service:restarted
[2026-07-23T17:06:59+00:00] [CYCLER] Event #9823 → dashboard:down
[2026-07-23T17:06:59+00:00] [CYCLER] ✅ Cycle #125 terminé — 12 events publiés
[2026-07-23T17:06:59+00:00] [CYCLER] 📋 Cycle #126 — collecte métriques...
[2026-07-23T17:06:59+00:00] [CYCLER]   Disk: 62% | RAM: 7.2% | Load: 0.23 | GPUs: 2
[2026-07-23T17:06:59+00:00] [CYCLER] Event #9824 → hardware:disk_alert
[2026-07-23T17:07:00+00:00] [CYCLER] Event #9826 → hardware:gpu_alert
[2026-07-23T17:07:00+00:00] [CYCLER] Event #9827 → hardware:ram_alert
[2026-07-23T17:07:16+00:00] [CYCLER] Event #9854 → security:permission_drift
[2026-07-23T17:07:16+00:00] [CYCLER] Event #9855 → security:suid_change
[2026-07-23T17:07:47+00:00] [CYCLER] Event #9865 → osint:alert
[2026-07-23T17:08:37+00:00] [CYCLER] Event #9892 → update:available
[2026-07-23T17:09:48+00:00] [CYCLER] Event #9904 → skill:broken
[2026-07-23T17:11:18+00:00] [CYCLER] Event #9919 → service:down
[2026-07-23T17:11:19+00:00] [CYCLER] Event #9920 → service:unhealthy
[2026-07-23T17:11:19+00:00] [CYCLER] Event #9921 → service:restarted
[2026-07-23T17:11:20+00:00] [CYCLER] Event #9922 → dashboard:down
[2026-07-23T17:11:20+00:00] [CYCLER] ✅ Cycle #126 terminé — 12 events publiés
[2026-07-23T17:11:20+00:00] [CYCLER] 📋 Cycle #127 — collecte métriques...
[2026-07-23T17:11:20+00:00] [CYCLER]   Disk: 62% | RAM: 7.2% | Load: 0.68 | GPUs: 2
[2026-07-23T17:11:20+00:00] [CYCLER] Event #9924 → hardware:disk_alert
[2026-07-23T17:11:21+00:00] [CYCLER] Event #9925 → hardware:gpu_alert
[2026-07-23T17:11:21+00:00] [CYCLER] Event #9926 → hardware:ram_alert
[2026-07-23T17:11:37+00:00] [CYCLER] Event #9953 → security:permission_drift
[2026-07-23T17:11:38+00:00] [CYCLER] Event #9954 → security:suid_change
[2026-07-23T17:12:08+00:00] [CYCLER] Event #9969 → osint:alert
[2026-07-23T17:12:59+00:00] [CYCLER] Event #9974 → update:available
[2026-07-23T17:14:09+00:00] [CYCLER] Event #9980 → skill:broken
[2026-07-23T17:15:40+00:00] [CYCLER] Event #9985 → service:down
[2026-07-23T17:15:40+00:00] [CYCLER] Event #9986 → service:unhealthy
[2026-07-23T17:15:41+00:00] [CYCLER] Event #9987 → service:restarted
[2026-07-23T17:15:41+00:00] [CYCLER] Event #9988 → dashboard:down
[2026-07-23T17:15:42+00:00] [CYCLER] ✅ Cycle #127 terminé — 12 events publiés
[2026-07-23T17:15:42+00:00] [CYCLER] 📋 Cycle #128 — collecte métriques...
[2026-07-23T17:15:42+00:00] [CYCLER]   Disk: 62% | RAM: 7.2% | Load: 0.39 | GPUs: 2
[2026-07-23T17:15:42+00:00] [CYCLER] Event #9990 → hardware:disk_alert
[2026-07-23T17:15:42+00:00] [CYCLER] Event #9991 → hardware:gpu_alert
[2026-07-23T17:15:43+00:00] [CYCLER] Event #9992 → hardware:ram_alert
[2026-07-23T17:15:58+00:00] [CYCLER] Event #10021 → security:permission_drift
[2026-07-23T17:15:59+00:00] [CYCLER] Event #10022 → security:suid_change
[2026-07-23T17:16:29+00:00] [CYCLER] Event #10033 → osint:alert
[2026-07-23T17:17:20+00:00] [CYCLER] Event #10037 → update:available
[2026-07-23T17:18:30+00:00] [CYCLER] Event #10044 → skill:broken
[2026-07-23T17:20:01+00:00] [CYCLER] Event #10058 → service:down
[2026-07-23T17:20:01+00:00] [CYCLER] Event #10059 → service:unhealthy
[2026-07-23T17:20:02+00:00] [CYCLER] Event #10060 → service:restarted
[2026-07-23T17:20:02+00:00] [CYCLER] Event #10062 → dashboard:down
[2026-07-23T17:20:03+00:00] [CYCLER] ✅ Cycle #128 terminé — 12 events publiés
[2026-07-23T17:20:03+00:00] [CYCLER] 📋 Cycle #129 — collecte métriques...
[2026-07-23T17:20:03+00:00] [CYCLER]   Disk: 62% | RAM: 7.2% | Load: 0.26 | GPUs: 2
[2026-07-23T17:20:03+00:00] [CYCLER] Event #10063 → hardware:disk_alert
[2026-07-23T17:20:03+00:00] [CYCLER] Event #10064 → hardware:gpu_alert
[2026-07-23T17:20:04+00:00] [CYCLER] Event #10065 → hardware:ram_alert
[2026-07-23T17:20:19+00:00] [CYCLER] Event #10090 → security:permission_drift
[2026-07-23T17:20:20+00:00] [CYCLER] Event #10091 → security:suid_change
[2026-07-23T17:20:50+00:00] [CYCLER] Event #10105 → osint:alert
[2026-07-23T17:21:41+00:00] [CYCLER] Event #10113 → update:available
[2026-07-23T17:22:51+00:00] [CYCLER] Event #10120 → skill:broken
[2026-07-23T17:24:22+00:00] [CYCLER] Event #10130 → service:down
[2026-07-23T17:24:23+00:00] [CYCLER] Event #10131 → service:unhealthy
[2026-07-23T17:24:23+00:00] [CYCLER] Event #10133 → service:restarted
[2026-07-23T17:24:24+00:00] [CYCLER] Event #10134 → dashboard:down
[2026-07-23T17:24:24+00:00] [CYCLER] ✅ Cycle #129 terminé — 12 events publiés
[2026-07-23T17:24:24+00:00] [CYCLER] 📋 Cycle #130 — collecte métriques...
[2026-07-23T17:24:24+00:00] [CYCLER]   Disk: 62% | RAM: 7.2% | Load: 0.24 | GPUs: 2
[2026-07-23T17:24:24+00:00] [CYCLER] Event #10135 → hardware:disk_alert
[2026-07-23T17:24:25+00:00] [CYCLER] Event #10136 → hardware:gpu_alert
[2026-07-23T17:24:25+00:00] [CYCLER] Event #10138 → hardware:ram_alert
[2026-07-23T17:24:41+00:00] [CYCLER] Event #10163 → security:permission_drift
[2026-07-23T17:24:41+00:00] [CYCLER] Event #10166 → security:suid_change
[2026-07-23T17:25:12+00:00] [CYCLER] Event #10179 → osint:alert
[2026-07-23T17:26:02+00:00] [CYCLER] Event #10185 → update:available
[2026-07-23T17:27:13+00:00] [CYCLER] Event #10197 → skill:broken
[2026-07-23T17:28:43+00:00] [CYCLER] Event #10202 → service:down
[2026-07-23T17:28:44+00:00] [CYCLER] Event #10204 → service:unhealthy
[2026-07-23T17:28:44+00:00] [CYCLER] Event #10205 → service:restarted
[2026-07-23T17:28:45+00:00] [CYCLER] Event #10206 → dashboard:down
[2026-07-23T17:28:45+00:00] [CYCLER] ✅ Cycle #130 terminé — 12 events publiés
[2026-07-23T17:28:45+00:00] [CYCLER] 📋 Cycle #131 — collecte métriques...
[2026-07-23T17:28:45+00:00] [CYCLER]   Disk: 62% | RAM: 7.2% | Load: 0.57 | GPUs: 2
[2026-07-23T17:28:45+00:00] [CYCLER] Event #10207 → hardware:disk_alert
[2026-07-23T17:28:46+00:00] [CYCLER] Event #10209 → hardware:gpu_alert
[2026-07-23T17:28:46+00:00] [CYCLER] Event #10210 → hardware:ram_alert
[2026-07-23T17:29:02+00:00] [CYCLER] Event #10238 → security:permission_drift
[2026-07-23T17:29:02+00:00] [CYCLER] Event #10239 → security:suid_change
[2026-07-23T17:29:33+00:00] [CYCLER] Event #10248 → osint:alert
[2026-07-23T17:30:23+00:00] [CYCLER] Event #10254 → update:available
[2026-07-23T17:31:34+00:00] [CYCLER] Event #10263 → skill:broken
[2026-07-23T17:33:04+00:00] [CYCLER] Event #10270 → service:down
[2026-07-23T17:33:05+00:00] [CYCLER] Event #10271 → service:unhealthy
[2026-07-23T17:33:05+00:00] [CYCLER] Event #10272 → service:restarted
[2026-07-23T17:33:06+00:00] [CYCLER] Event #10273 → dashboard:down
[2026-07-23T17:33:06+00:00] [CYCLER] ✅ Cycle #131 terminé — 12 events publiés
[2026-07-23T17:33:06+00:00] [CYCLER] 📋 Cycle #132 — collecte métriques...
[2026-07-23T17:33:06+00:00] [CYCLER]   Disk: 62% | RAM: 7.2% | Load: 0.74 | GPUs: 2
[2026-07-23T17:33:06+00:00] [CYCLER] Event #10275 → hardware:disk_alert
[2026-07-23T17:33:07+00:00] [CYCLER] Event #10276 → hardware:gpu_alert
[2026-07-23T17:33:07+00:00] [CYCLER] Event #10277 → hardware:ram_alert
[2026-07-23T17:33:23+00:00] [CYCLER] Event #10302 → security:permission_drift
[2026-07-23T17:33:23+00:00] [CYCLER] Event #10303 → security:suid_change
[2026-07-23T17:33:54+00:00] [CYCLER] Event #10314 → osint:alert
[2026-07-23T17:34:45+00:00] [CYCLER] Event #10319 → update:available
[2026-07-23T17:35:55+00:00] [CYCLER] Event #10335 → skill:broken
[2026-07-23T17:37:26+00:00] [CYCLER] Event #10352 → service:down
[2026-07-23T17:37:26+00:00] [CYCLER] Event #10353 → service:unhealthy
[2026-07-23T17:37:27+00:00] [CYCLER] Event #10354 → service:restarted
[2026-07-23T17:37:27+00:00] [CYCLER] Event #10356 → dashboard:down
[2026-07-23T17:37:28+00:00] [CYCLER] ✅ Cycle #132 terminé — 12 events publiés
[2026-07-23T17:37:28+00:00] [CYCLER] 📋 Cycle #133 — collecte métriques...
[2026-07-23T17:37:28+00:00] [CYCLER]   Disk: 62% | RAM: 7.2% | Load: 0.46 | GPUs: 2
[2026-07-23T17:37:28+00:00] [CYCLER] Event #10357 → hardware:disk_alert
[2026-07-23T17:37:28+00:00] [CYCLER] Event #10358 → hardware:gpu_alert
[2026-07-23T17:37:29+00:00] [CYCLER] Event #10359 → hardware:ram_alert
[2026-07-23T17:37:44+00:00] [CYCLER] Event #10385 → security:permission_drift
[2026-07-23T17:37:45+00:00] [CYCLER] Event #10386 → security:suid_change
[2026-07-23T17:38:15+00:00] [CYCLER] Event #10398 → osint:alert
[2026-07-23T17:39:06+00:00] [CYCLER] Event #10404 → update:available
[2026-07-23T17:40:16+00:00] [CYCLER] Event #10416 → skill:broken
[2026-07-23T17:41:47+00:00] [CYCLER] Event #10423 → service:down
[2026-07-23T17:41:47+00:00] [CYCLER] Event #10424 → service:unhealthy
[2026-07-23T17:41:48+00:00] [CYCLER] Event #10426 → service:restarted
[2026-07-23T17:41:48+00:00] [CYCLER] Event #10427 → dashboard:down
[2026-07-23T17:41:49+00:00] [CYCLER] ✅ Cycle #133 terminé — 12 events publiés
[2026-07-23T17:41:49+00:00] [CYCLER] 📋 Cycle #134 — collecte métriques...
[2026-07-23T17:41:49+00:00] [CYCLER]   Disk: 62% | RAM: 7.9% | Load: 0.77 | GPUs: 2
[2026-07-23T17:41:49+00:00] [CYCLER] Event #10428 → hardware:disk_alert
[2026-07-23T17:41:49+00:00] [CYCLER] Event #10429 → hardware:gpu_alert
[2026-07-23T17:41:50+00:00] [CYCLER] Event #10431 → hardware:ram_alert
[2026-07-23T17:42:05+00:00] [CYCLER] Event #10456 → security:permission_drift
[2026-07-23T17:42:06+00:00] [CYCLER] Event #10459 → security:suid_change
[2026-07-23T17:42:36+00:00] [CYCLER] Event #10471 → osint:alert
[2026-07-23T17:43:27+00:00] [CYCLER] Event #10476 → update:available
[2026-07-23T17:44:37+00:00] [CYCLER] Event #10483 → skill:broken
[2026-07-23T17:46:08+00:00] [CYCLER] Event #10488 → service:down
[2026-07-23T17:46:09+00:00] [CYCLER] Event #10490 → service:unhealthy
[2026-07-23T17:46:09+00:00] [CYCLER] Event #10491 → service:restarted
[2026-07-23T17:46:10+00:00] [CYCLER] Event #10492 → dashboard:down
[2026-07-23T17:46:10+00:00] [CYCLER] ✅ Cycle #134 terminé — 12 events publiés
[2026-07-23T17:46:10+00:00] [CYCLER] 📋 Cycle #135 — collecte métriques...
[2026-07-23T17:46:10+00:00] [CYCLER]   Disk: 62% | RAM: 7.1% | Load: 0.47 | GPUs: 2
[2026-07-23T17:46:10+00:00] [CYCLER] Event #10493 → hardware:disk_alert
[2026-07-23T17:46:11+00:00] [CYCLER] Event #10495 → hardware:gpu_alert
[2026-07-23T17:46:11+00:00] [CYCLER] Event #10496 → hardware:ram_alert
[2026-07-23T17:46:27+00:00] [CYCLER] Event #10523 → security:permission_drift
[2026-07-23T17:46:27+00:00] [CYCLER] Event #10524 → security:suid_change
[2026-07-23T17:46:58+00:00] [CYCLER] Event #10537 → osint:alert
[2026-07-23T17:47:48+00:00] [CYCLER] Event #10542 → update:available
[2026-07-23T17:48:59+00:00] [CYCLER] Event #10553 → skill:broken
[2026-07-23T17:50:29+00:00] [CYCLER] Event #10557 → service:down
[2026-07-23T17:50:30+00:00] [CYCLER] Event #10558 → service:unhealthy
[2026-07-23T17:50:30+00:00] [CYCLER] Event #10559 → service:restarted
[2026-07-23T17:50:31+00:00] [CYCLER] Event #10560 → dashboard:down
[2026-07-23T17:50:31+00:00] [CYCLER] ✅ Cycle #135 terminé — 12 events publiés
[2026-07-23T17:50:31+00:00] [CYCLER] 📋 Cycle #136 — collecte métriques...
[2026-07-23T17:50:31+00:00] [CYCLER]   Disk: 63% | RAM: 8.3% | Load: 9.58 | GPUs: 2
[2026-07-23T17:50:31+00:00] [CYCLER] Event #10562 → hardware:disk_alert
[2026-07-23T17:50:32+00:00] [CYCLER] Event #10563 → hardware:gpu_alert
[2026-07-23T17:50:32+00:00] [CYCLER] Event #10564 → hardware:ram_alert
[2026-07-23T17:50:48+00:00] [CYCLER] Event #10590 → security:permission_drift
[2026-07-23T17:50:48+00:00] [CYCLER] Event #10591 → security:suid_change
[2026-07-23T17:51:19+00:00] [CYCLER] Event #10601 → osint:alert
[2026-07-23T17:52:09+00:00] [CYCLER] Event #10609 → update:available
[2026-07-23T17:53:20+00:00] [CYCLER] Event #10615 → skill:broken
[2026-07-23T17:54:50+00:00] [CYCLER] Event #10620 → service:down
[2026-07-23T17:54:51+00:00] [CYCLER] Event #10621 → service:unhealthy
[2026-07-23T17:54:51+00:00] [CYCLER] Event #10622 → service:restarted
[2026-07-23T17:54:52+00:00] [CYCLER] Event #10623 → dashboard:down
[2026-07-23T17:54:52+00:00] [CYCLER] ✅ Cycle #136 terminé — 12 events publiés
[2026-07-23T17:54:52+00:00] [CYCLER] 📋 Cycle #137 — collecte métriques...
[2026-07-23T17:54:52+00:00] [CYCLER]   Disk: 63% | RAM: 7.7% | Load: 0.39 | GPUs: 2
[2026-07-23T17:54:52+00:00] [CYCLER] Event #10625 → hardware:disk_alert
[2026-07-23T17:54:53+00:00] [CYCLER] Event #10626 → hardware:gpu_alert
[2026-07-23T17:54:53+00:00] [CYCLER] Event #10627 → hardware:ram_alert
[2026-07-23T17:55:09+00:00] [CYCLER] Event #10655 → security:permission_drift
[2026-07-23T17:55:09+00:00] [CYCLER] Event #10656 → security:suid_change
[2026-07-23T17:55:40+00:00] [CYCLER] Event #10667 → osint:alert
[2026-07-23T17:56:31+00:00] [CYCLER] Event #10677 → update:available
[2026-07-23T17:57:41+00:00] [CYCLER] Event #10685 → skill:broken
[2026-07-23T17:59:12+00:00] [CYCLER] Event #10702 → service:down
[2026-07-23T17:59:12+00:00] [CYCLER] Event #10703 → service:unhealthy
[2026-07-23T17:59:13+00:00] [CYCLER] Event #10704 → service:restarted
[2026-07-23T17:59:13+00:00] [CYCLER] Event #10706 → dashboard:down
[2026-07-23T17:59:14+00:00] [CYCLER] ✅ Cycle #137 terminé — 12 events publiés
[2026-07-23T17:59:14+00:00] [CYCLER] 📋 Cycle #138 — collecte métriques...
[2026-07-23T17:59:14+00:00] [CYCLER]   Disk: 63% | RAM: 8.5% | Load: 0.52 | GPUs: 2
[2026-07-23T17:59:14+00:00] [CYCLER] Event #10707 → hardware:disk_alert
[2026-07-23T17:59:14+00:00] [CYCLER] Event #10708 → hardware:gpu_alert
[2026-07-23T17:59:15+00:00] [CYCLER] Event #10709 → hardware:ram_alert
[2026-07-23T17:59:30+00:00] [CYCLER] Event #10735 → security:permission_drift
[2026-07-23T17:59:31+00:00] [CYCLER] Event #10736 → security:suid_change
[2026-07-23T18:00:01+00:00] [CYCLER] Event #10768 → osint:alert
[2026-07-23T18:00:52+00:00] [CYCLER] Event #10782 → update:available
[2026-07-23T18:02:02+00:00] [CYCLER] Event #10795 → skill:broken
[2026-07-23T18:03:33+00:00] [CYCLER] Event #10822 → service:down
[2026-07-23T18:03:33+00:00] [CYCLER] Event #10823 → service:unhealthy
[2026-07-23T18:03:34+00:00] [CYCLER] Event #10825 → service:restarted
[2026-07-23T18:03:34+00:00] [CYCLER] Event #10826 → dashboard:down
[2026-07-23T18:03:35+00:00] [CYCLER] ✅ Cycle #138 terminé — 12 events publiés
[2026-07-23T18:03:35+00:00] [CYCLER] 📋 Cycle #139 — collecte métriques...
[2026-07-23T18:03:35+00:00] [CYCLER]   Disk: 63% | RAM: 8.4% | Load: 0.21 | GPUs: 2
[2026-07-23T18:03:35+00:00] [CYCLER] Event #10827 → hardware:disk_alert
[2026-07-23T18:03:35+00:00] [CYCLER] Event #10828 → hardware:gpu_alert
[2026-07-23T18:03:36+00:00] [CYCLER] Event #10830 → hardware:ram_alert
[2026-07-23T18:03:51+00:00] [CYCLER] Event #10856 → security:permission_drift
[2026-07-23T18:03:52+00:00] [CYCLER] Event #10859 → security:suid_change
[2026-07-23T18:04:22+00:00] [CYCLER] Event #10869 → osint:alert
[2026-07-23T18:05:13+00:00] [CYCLER] Event #10876 → update:available
[2026-07-23T18:06:23+00:00] [CYCLER] Event #10884 → skill:broken
[2026-07-23T18:07:54+00:00] [CYCLER] Event #10891 → service:down
[2026-07-23T18:07:54+00:00] [CYCLER] Event #10892 → service:unhealthy
[2026-07-23T18:07:55+00:00] [CYCLER] Event #10894 → service:restarted
[2026-07-23T18:07:55+00:00] [CYCLER] Event #10895 → dashboard:down
[2026-07-23T18:07:56+00:00] [CYCLER] ✅ Cycle #139 terminé — 12 events publiés
[2026-07-23T18:07:56+00:00] [CYCLER] 📋 Cycle #140 — collecte métriques...
[2026-07-23T18:07:56+00:00] [CYCLER]   Disk: 63% | RAM: 8.5% | Load: 0.39 | GPUs: 2
[2026-07-23T18:07:56+00:00] [CYCLER] Event #10897 → hardware:disk_alert
[2026-07-23T18:07:57+00:00] [CYCLER] Event #10899 → hardware:gpu_alert
[2026-07-23T18:07:57+00:00] [CYCLER] Event #10900 → hardware:ram_alert
[2026-07-23T18:08:13+00:00] [CYCLER] Event #10927 → security:permission_drift
[2026-07-23T18:08:13+00:00] [CYCLER] Event #10928 → security:suid_change
[2026-07-23T18:08:44+00:00] [CYCLER] Event #10937 → osint:alert
[2026-07-23T18:09:34+00:00] [CYCLER] Event #10943 → update:available
[2026-07-23T18:10:45+00:00] [CYCLER] Event #10950 → skill:broken
[2026-07-23T18:12:15+00:00] [CYCLER] Event #10959 → service:down
[2026-07-23T18:12:16+00:00] [CYCLER] Event #10961 → service:unhealthy
[2026-07-23T18:12:16+00:00] [CYCLER] Event #10962 → service:restarted
[2026-07-23T18:12:17+00:00] [CYCLER] Event #10963 → dashboard:down
[2026-07-23T18:12:17+00:00] [CYCLER] ✅ Cycle #140 terminé — 12 events publiés
[2026-07-23T18:12:17+00:00] [CYCLER] 📋 Cycle #141 — collecte métriques...
[2026-07-23T18:12:17+00:00] [CYCLER]   Disk: 63% | RAM: 8.4% | Load: 0.35 | GPUs: 2
[2026-07-23T18:12:17+00:00] [CYCLER] Event #10964 → hardware:disk_alert
[2026-07-23T18:12:18+00:00] [CYCLER] Event #10966 → hardware:gpu_alert
[2026-07-23T18:12:18+00:00] [CYCLER] Event #10967 → hardware:ram_alert
[2026-07-23T18:12:34+00:00] [CYCLER] Event #10991 → security:permission_drift
[2026-07-23T18:12:34+00:00] [CYCLER] Event #10992 → security:suid_change
[2026-07-23T18:13:05+00:00] [CYCLER] Event #11003 → osint:alert
[2026-07-23T18:13:55+00:00] [CYCLER] Event #11008 → update:available
[2026-07-23T18:15:06+00:00] [CYCLER] Event #11015 → skill:broken
[2026-07-23T18:16:36+00:00] [CYCLER] Event #11023 → service:down
[2026-07-23T18:16:37+00:00] [CYCLER] Event #11024 → service:unhealthy
[2026-07-23T18:16:37+00:00] [CYCLER] Event #11025 → service:restarted
[2026-07-23T18:16:38+00:00] [CYCLER] Event #11026 → dashboard:down
[2026-07-23T18:16:38+00:00] [CYCLER] ✅ Cycle #141 terminé — 12 events publiés
[2026-07-23T18:16:38+00:00] [CYCLER] 📋 Cycle #142 — collecte métriques...
[2026-07-23T18:16:38+00:00] [CYCLER]   Disk: 63% | RAM: 8.2% | Load: 0.28 | GPUs: 2
[2026-07-23T18:16:38+00:00] [CYCLER] Event #11028 → hardware:disk_alert
[2026-07-23T18:16:39+00:00] [CYCLER] Event #11029 → hardware:gpu_alert
[2026-07-23T18:16:39+00:00] [CYCLER] Event #11030 → hardware:ram_alert
[2026-07-23T18:16:55+00:00] [CYCLER] Event #11059 → security:permission_drift
[2026-07-23T18:16:55+00:00] [CYCLER] Event #11060 → security:suid_change
[2026-07-23T18:17:26+00:00] [CYCLER] Event #11070 → osint:alert
[2026-07-23T18:18:17+00:00] [CYCLER] Event #11076 → update:available
[2026-07-23T18:19:27+00:00] [CYCLER] Event #11084 → skill:broken
[2026-07-23T18:20:58+00:00] [CYCLER] Event #11090 → service:down
[2026-07-23T18:20:58+00:00] [CYCLER] Event #11091 → service:unhealthy
[2026-07-23T18:20:59+00:00] [CYCLER] Event #11092 → service:restarted
[2026-07-23T18:20:59+00:00] [CYCLER] Event #11093 → dashboard:down
[2026-07-23T18:21:00+00:00] [CYCLER] ✅ Cycle #142 terminé — 12 events publiés
[2026-07-23T18:21:00+00:00] [CYCLER] 📋 Cycle #143 — collecte métriques...
[2026-07-23T18:21:00+00:00] [CYCLER]   Disk: 63% | RAM: 8.3% | Load: 0.24 | GPUs: 2
[2026-07-23T18:21:00+00:00] [CYCLER] Event #11095 → hardware:disk_alert
[2026-07-23T18:21:00+00:00] [CYCLER] Event #11096 → hardware:gpu_alert
[2026-07-23T18:21:01+00:00] [CYCLER] Event #11097 → hardware:ram_alert
[2026-07-23T18:21:16+00:00] [CYCLER] Event #11124 → security:permission_drift
[2026-07-23T18:21:17+00:00] [CYCLER] Event #11125 → security:suid_change
[2026-07-23T18:21:47+00:00] [CYCLER] Event #11137 → osint:alert
[2026-07-23T18:22:38+00:00] [CYCLER] Event #11142 → update:available
[2026-07-23T18:23:48+00:00] [CYCLER] Event #11149 → skill:broken
[2026-07-23T18:25:19+00:00] [CYCLER] Event #11154 → service:down
[2026-07-23T18:25:19+00:00] [CYCLER] Event #11155 → service:unhealthy
[2026-07-23T18:25:20+00:00] [CYCLER] Event #11156 → service:restarted
[2026-07-23T18:25:20+00:00] [CYCLER] Event #11158 → dashboard:down
[2026-07-23T18:25:21+00:00] [CYCLER] ✅ Cycle #143 terminé — 12 events publiés
[2026-07-23T18:25:21+00:00] [CYCLER] 📋 Cycle #144 — collecte métriques...
[2026-07-23T18:25:21+00:00] [CYCLER]   Disk: 63% | RAM: 8.2% | Load: 0.23 | GPUs: 2
[2026-07-23T18:25:21+00:00] [CYCLER] Event #11159 → hardware:disk_alert
[2026-07-23T18:25:21+00:00] [CYCLER] Event #11160 → hardware:gpu_alert
[2026-07-23T18:25:22+00:00] [CYCLER] Event #11161 → hardware:ram_alert
[2026-07-23T18:25:37+00:00] [CYCLER] Event #11187 → security:permission_drift
[2026-07-23T18:25:38+00:00] [CYCLER] Event #11189 → security:suid_change
[2026-07-23T18:26:08+00:00] [CYCLER] Event #11201 → osint:alert
[2026-07-23T18:26:59+00:00] [CYCLER] Event #11211 → update:available
[2026-07-23T18:28:09+00:00] [CYCLER] Event #11217 → skill:broken
[2026-07-23T18:29:40+00:00] [CYCLER] Event #11221 → service:down
[2026-07-23T18:29:40+00:00] [CYCLER] Event #11222 → service:unhealthy
[2026-07-23T18:29:41+00:00] [CYCLER] Event #11223 → service:restarted
[2026-07-23T18:29:41+00:00] [CYCLER] Event #11225 → dashboard:down
[2026-07-23T18:29:42+00:00] [CYCLER] ✅ Cycle #144 terminé — 12 events publiés
[2026-07-23T18:29:42+00:00] [CYCLER] 📋 Cycle #145 — collecte métriques...
[2026-07-23T18:29:42+00:00] [CYCLER]   Disk: 63% | RAM: 8.3% | Load: 0.2 | GPUs: 2
[2026-07-23T18:29:42+00:00] [CYCLER] Event #11226 → hardware:disk_alert
[2026-07-23T18:29:43+00:00] [CYCLER] Event #11227 → hardware:gpu_alert
[2026-07-23T18:29:43+00:00] [CYCLER] Event #11229 → hardware:ram_alert
[2026-07-23T18:29:59+00:00] [CYCLER] Event #11256 → security:permission_drift
[2026-07-23T18:29:59+00:00] [CYCLER] Event #11257 → security:suid_change
[2026-07-23T18:30:30+00:00] [CYCLER] Event #11268 → osint:alert
[2026-07-23T18:31:20+00:00] [CYCLER] Event #11276 → update:available
[2026-07-23T18:32:31+00:00] [CYCLER] Event #11284 → skill:broken
[2026-07-23T18:34:01+00:00] [CYCLER] Event #11291 → service:down
[2026-07-23T18:34:02+00:00] [CYCLER] Event #11292 → service:unhealthy
[2026-07-23T18:34:02+00:00] [CYCLER] Event #11295 → service:restarted
[2026-07-23T18:34:03+00:00] [CYCLER] Event #11296 → dashboard:down
[2026-07-23T18:34:03+00:00] [CYCLER] ✅ Cycle #145 terminé — 12 events publiés
[2026-07-23T18:34:03+00:00] [CYCLER] 📋 Cycle #146 — collecte métriques...
[2026-07-23T18:34:03+00:00] [CYCLER]   Disk: 63% | RAM: 8.2% | Load: 0.38 | GPUs: 2
[2026-07-23T18:34:03+00:00] [CYCLER] Event #11297 → hardware:disk_alert
[2026-07-23T18:34:04+00:00] [CYCLER] Event #11298 → hardware:gpu_alert
[2026-07-23T18:34:04+00:00] [CYCLER] Event #11300 → hardware:ram_alert
[2026-07-23T18:34:20+00:00] [CYCLER] Event #11322 → security:permission_drift
[2026-07-23T18:34:20+00:00] [CYCLER] Event #11325 → security:suid_change
[2026-07-23T18:34:51+00:00] [CYCLER] Event #11335 → osint:alert
[2026-07-23T18:35:41+00:00] [CYCLER] Event #11340 → update:available
[2026-07-23T18:36:52+00:00] [CYCLER] Event #11355 → skill:broken
[2026-07-23T18:38:22+00:00] [CYCLER] Event #11389 → service:down
[2026-07-23T18:38:23+00:00] [CYCLER] Event #11390 → service:unhealthy
[2026-07-23T18:38:23+00:00] [CYCLER] Event #11392 → service:restarted
[2026-07-23T18:38:24+00:00] [CYCLER] Event #11393 → dashboard:down
[2026-07-23T18:38:24+00:00] [CYCLER] ✅ Cycle #146 terminé — 12 events publiés
[2026-07-23T18:38:24+00:00] [CYCLER] 📋 Cycle #147 — collecte métriques...
[2026-07-23T18:38:24+00:00] [CYCLER]   Disk: 63% | RAM: 8.3% | Load: 0.56 | GPUs: 2
[2026-07-23T18:38:24+00:00] [CYCLER] Event #11394 → hardware:disk_alert
[2026-07-23T18:38:25+00:00] [CYCLER] Event #11395 → hardware:gpu_alert
[2026-07-23T18:38:25+00:00] [CYCLER] Event #11397 → hardware:ram_alert
[2026-07-23T18:38:41+00:00] [CYCLER] Event #11424 → security:permission_drift
[2026-07-23T18:38:41+00:00] [CYCLER] Event #11427 → security:suid_change
[2026-07-23T18:39:12+00:00] [CYCLER] Event #11444 → osint:alert
[2026-07-23T18:40:03+00:00] [CYCLER] Event #11459 → update:available
[2026-07-23T18:41:13+00:00] [CYCLER] Event #11467 → skill:broken
[2026-07-23T18:42:44+00:00] [CYCLER] Event #11473 → service:down
[2026-07-23T18:42:44+00:00] [CYCLER] Event #11475 → service:unhealthy
[2026-07-23T18:42:45+00:00] [CYCLER] Event #11476 → service:restarted
[2026-07-23T18:42:45+00:00] [CYCLER] Event #11477 → dashboard:down
[2026-07-23T18:42:46+00:00] [CYCLER] ✅ Cycle #147 terminé — 12 events publiés
[2026-07-23T18:42:46+00:00] [CYCLER] 📋 Cycle #148 — collecte métriques...
[2026-07-23T18:42:46+00:00] [CYCLER]   Disk: 63% | RAM: 8.3% | Load: 0.46 | GPUs: 2
[2026-07-23T18:42:46+00:00] [CYCLER] Event #11478 → hardware:disk_alert
[2026-07-23T18:42:46+00:00] [CYCLER] Event #11480 → hardware:gpu_alert
[2026-07-23T18:42:47+00:00] [CYCLER] Event #11481 → hardware:ram_alert
[2026-07-23T18:43:02+00:00] [CYCLER] Event #11507 → security:permission_drift
[2026-07-23T18:43:03+00:00] [CYCLER] Event #11510 → security:suid_change
[2026-07-23T18:43:33+00:00] [CYCLER] Event #11519 → osint:alert
[2026-07-23T18:44:24+00:00] [CYCLER] Event #11527 → update:available
[2026-07-23T18:45:34+00:00] [CYCLER] Event #11543 → skill:broken
[2026-07-23T18:47:05+00:00] [CYCLER] Event #11553 → service:down
[2026-07-23T18:47:05+00:00] [CYCLER] Event #11555 → service:unhealthy
[2026-07-23T18:47:06+00:00] [CYCLER] Event #11556 → service:restarted
[2026-07-23T18:47:06+00:00] [CYCLER] Event #11557 → dashboard:down
[2026-07-23T18:47:07+00:00] [CYCLER] ✅ Cycle #148 terminé — 12 events publiés
[2026-07-23T18:47:07+00:00] [CYCLER] 📋 Cycle #149 — collecte métriques...
[2026-07-23T18:47:07+00:00] [CYCLER]   Disk: 63% | RAM: 8.5% | Load: 0.56 | GPUs: 2
[2026-07-23T18:47:07+00:00] [CYCLER] Event #11558 → hardware:disk_alert
[2026-07-23T18:47:07+00:00] [CYCLER] Event #11560 → hardware:gpu_alert
[2026-07-23T18:47:08+00:00] [CYCLER] Event #11561 → hardware:ram_alert
[2026-07-23T18:47:23+00:00] [CYCLER] Event #11588 → security:permission_drift
[2026-07-23T18:47:24+00:00] [CYCLER] Event #11589 → security:suid_change
[2026-07-23T18:47:54+00:00] [CYCLER] Event #11599 → osint:alert
[2026-07-23T18:48:45+00:00] [CYCLER] Event #11604 → update:available
[2026-07-23T18:49:55+00:00] [CYCLER] Event #11611 → skill:broken
[2026-07-23T18:51:26+00:00] [CYCLER] Event #11618 → service:down
[2026-07-23T18:51:26+00:00] [CYCLER] Event #11619 → service:unhealthy
[2026-07-23T18:51:27+00:00] [CYCLER] Event #11620 → service:restarted
[2026-07-23T18:51:27+00:00] [CYCLER] Event #11621 → dashboard:down
[2026-07-23T18:51:28+00:00] [CYCLER] ✅ Cycle #149 terminé — 12 events publiés
[2026-07-23T18:51:28+00:00] [CYCLER] 📋 Cycle #150 — collecte métriques...
[2026-07-23T18:51:28+00:00] [CYCLER]   Disk: 63% | RAM: 8.5% | Load: 0.25 | GPUs: 2
[2026-07-23T18:51:28+00:00] [CYCLER] Event #11624 → hardware:disk_alert
[2026-07-23T18:51:29+00:00] [CYCLER] Event #11625 → hardware:gpu_alert
[2026-07-23T18:51:29+00:00] [CYCLER] Event #11626 → hardware:ram_alert
[2026-07-23T18:51:45+00:00] [CYCLER] Event #11650 → security:permission_drift
[2026-07-23T18:51:45+00:00] [CYCLER] Event #11651 → security:suid_change
[2026-07-23T18:52:16+00:00] [CYCLER] Event #11664 → osint:alert
[2026-07-23T18:53:06+00:00] [CYCLER] Event #11670 → update:available
[2026-07-23T18:54:17+00:00] [CYCLER] Event #11676 → skill:broken
[2026-07-23T18:55:47+00:00] [CYCLER] Event #11680 → service:down
[2026-07-23T18:55:48+00:00] [CYCLER] Event #11681 → service:unhealthy
[2026-07-23T18:55:48+00:00] [CYCLER] Event #11682 → service:restarted
[2026-07-23T18:55:49+00:00] [CYCLER] Event #11683 → dashboard:down
[2026-07-23T18:55:49+00:00] [CYCLER] ✅ Cycle #150 terminé — 12 events publiés
[2026-07-23T18:55:49+00:00] [CYCLER] 📋 Cycle #151 — collecte métriques...
[2026-07-23T18:55:49+00:00] [CYCLER]   Disk: 63% | RAM: 8.5% | Load: 0.57 | GPUs: 2
[2026-07-23T18:55:49+00:00] [CYCLER] Event #11685 → hardware:disk_alert
[2026-07-23T18:55:50+00:00] [CYCLER] Event #11686 → hardware:gpu_alert
[2026-07-23T18:55:50+00:00] [CYCLER] Event #11687 → hardware:ram_alert
[2026-07-23T18:56:06+00:00] [CYCLER] Event #11717 → security:permission_drift
[2026-07-23T18:56:06+00:00] [CYCLER] Event #11718 → security:suid_change
[2026-07-23T18:56:37+00:00] [CYCLER] Event #11731 → osint:alert
[2026-07-23T18:57:27+00:00] [CYCLER] Event #11737 → update:available
[2026-07-23T18:58:38+00:00] [CYCLER] Event #11743 → skill:broken
[2026-07-23T19:00:08+00:00] [CYCLER] Event #11749 → service:down
[2026-07-23T19:00:09+00:00] [CYCLER] Event #11750 → service:unhealthy
[2026-07-23T19:00:09+00:00] [CYCLER] Event #11751 → service:restarted
[2026-07-23T19:00:10+00:00] [CYCLER] Event #11753 → dashboard:down
[2026-07-23T19:00:10+00:00] [CYCLER] ✅ Cycle #151 terminé — 12 events publiés
[2026-07-23T19:00:10+00:00] [CYCLER] 📋 Cycle #152 — collecte métriques...
[2026-07-23T19:00:10+00:00] [CYCLER]   Disk: 63% | RAM: 8.3% | Load: 0.28 | GPUs: 2
[2026-07-23T19:00:10+00:00] [CYCLER] Event #11754 → hardware:disk_alert
[2026-07-23T19:00:11+00:00] [CYCLER] Event #11755 → hardware:gpu_alert
[2026-07-23T19:00:11+00:00] [CYCLER] Event #11756 → hardware:ram_alert
[2026-07-23T19:00:27+00:00] [CYCLER] Event #11780 → security:permission_drift
[2026-07-23T19:00:27+00:00] [CYCLER] Event #11781 → security:suid_change
[2026-07-23T19:00:58+00:00] [CYCLER] Event #11792 → osint:alert
[2026-07-23T19:01:49+00:00] [CYCLER] Event #11801 → update:available
[2026-07-23T19:02:59+00:00] [CYCLER] Event #11808 → skill:broken
[2026-07-23T19:04:30+00:00] [CYCLER] Event #11813 → service:down
[2026-07-23T19:04:30+00:00] [CYCLER] Event #11814 → service:unhealthy
[2026-07-23T19:04:31+00:00] [CYCLER] Event #11815 → service:restarted
[2026-07-23T19:04:31+00:00] [CYCLER] Event #11817 → dashboard:down
[2026-07-23T19:04:32+00:00] [CYCLER] ✅ Cycle #152 terminé — 12 events publiés
[2026-07-23T19:04:32+00:00] [CYCLER] 📋 Cycle #153 — collecte métriques...
[2026-07-23T19:04:32+00:00] [CYCLER]   Disk: 63% | RAM: 8.5% | Load: 0.75 | GPUs: 2
[2026-07-23T19:04:32+00:00] [CYCLER] Event #11818 → hardware:disk_alert
[2026-07-23T19:04:32+00:00] [CYCLER] Event #11819 → hardware:gpu_alert
[2026-07-23T19:04:33+00:00] [CYCLER] Event #11820 → hardware:ram_alert
[2026-07-23T19:04:48+00:00] [CYCLER] Event #11847 → security:permission_drift
[2026-07-23T19:04:49+00:00] [CYCLER] Event #11848 → security:suid_change
[2026-07-23T19:05:19+00:00] [CYCLER] Event #11860 → osint:alert
[2026-07-23T19:06:10+00:00] [CYCLER] Event #11868 → update:available
[2026-07-23T19:07:20+00:00] [CYCLER] Event #11888 → skill:broken
[2026-07-23T19:08:51+00:00] [CYCLER] Event #11892 → service:down
[2026-07-23T19:08:51+00:00] [CYCLER] Event #11893 → service:unhealthy
[2026-07-23T19:08:52+00:00] [CYCLER] Event #11894 → service:restarted
[2026-07-23T19:08:52+00:00] [CYCLER] Event #11896 → dashboard:down
[2026-07-23T19:08:53+00:00] [CYCLER] ✅ Cycle #153 terminé — 12 events publiés
[2026-07-23T19:08:53+00:00] [CYCLER] 📋 Cycle #154 — collecte métriques...
[2026-07-23T19:08:53+00:00] [CYCLER]   Disk: 63% | RAM: 8.5% | Load: 0.6 | GPUs: 2
[2026-07-23T19:08:53+00:00] [CYCLER] Event #11897 → hardware:disk_alert
[2026-07-23T19:08:53+00:00] [CYCLER] Event #11898 → hardware:gpu_alert
[2026-07-23T19:08:54+00:00] [CYCLER] Event #11900 → hardware:ram_alert
[2026-07-23T19:09:09+00:00] [CYCLER] Event #11927 → security:permission_drift
[2026-07-23T19:09:10+00:00] [CYCLER] Event #11930 → security:suid_change
[2026-07-23T19:09:40+00:00] [CYCLER] Event #11948 → osint:alert
[2026-07-23T19:10:31+00:00] [CYCLER] Event #11966 → update:available
[2026-07-23T19:11:41+00:00] [CYCLER] Event #11982 → skill:broken
[2026-07-23T19:13:12+00:00] [CYCLER] Event #11989 → service:down
[2026-07-23T19:13:12+00:00] [CYCLER] Event #11990 → service:unhealthy
[2026-07-23T19:13:13+00:00] [CYCLER] Event #11992 → service:restarted
[2026-07-23T19:13:14+00:00] [CYCLER] Event #11993 → dashboard:down
[2026-07-23T19:13:14+00:00] [CYCLER] ✅ Cycle #154 terminé — 12 events publiés
[2026-07-23T19:13:14+00:00] [CYCLER] 📋 Cycle #155 — collecte métriques...
[2026-07-23T19:13:14+00:00] [CYCLER]   Disk: 63% | RAM: 8.5% | Load: 0.22 | GPUs: 2
[2026-07-23T19:13:14+00:00] [CYCLER] Event #11994 → hardware:disk_alert
[2026-07-23T19:13:15+00:00] [CYCLER] Event #11995 → hardware:gpu_alert
[2026-07-23T19:13:15+00:00] [CYCLER] Event #11997 → hardware:ram_alert
[2026-07-23T19:13:31+00:00] [CYCLER] Event #12021 → security:permission_drift
[2026-07-23T19:13:31+00:00] [CYCLER] Event #12024 → security:suid_change
[2026-07-23T19:14:02+00:00] [CYCLER] Event #12034 → osint:alert
[2026-07-23T19:14:52+00:00] [CYCLER] Event #12042 → update:available
[2026-07-23T19:16:03+00:00] [CYCLER] Event #12049 → skill:broken
[2026-07-23T19:17:33+00:00] [CYCLER] Event #12058 → service:down
[2026-07-23T19:17:34+00:00] [CYCLER] Event #12059 → service:unhealthy
[2026-07-23T19:17:34+00:00] [CYCLER] Event #12061 → service:restarted
[2026-07-23T19:17:35+00:00] [CYCLER] Event #12062 → dashboard:down
[2026-07-23T19:17:35+00:00] [CYCLER] ✅ Cycle #155 terminé — 12 events publiés
[2026-07-23T19:17:35+00:00] [CYCLER] 📋 Cycle #156 — collecte métriques...
[2026-07-23T19:17:35+00:00] [CYCLER]   Disk: 63% | RAM: 8.3% | Load: 0.64 | GPUs: 2
[2026-07-23T19:17:35+00:00] [CYCLER] Event #12063 → hardware:disk_alert
[2026-07-23T19:17:36+00:00] [CYCLER] Event #12064 → hardware:gpu_alert
[2026-07-23T19:17:36+00:00] [CYCLER] Event #12066 → hardware:ram_alert
[2026-07-23T19:17:52+00:00] [CYCLER] Event #12088 → security:permission_drift
[2026-07-23T19:17:52+00:00] [CYCLER] Event #12091 → security:suid_change
[2026-07-23T19:18:23+00:00] [CYCLER] Event #12102 → osint:alert
[2026-07-23T19:19:13+00:00] [CYCLER] Event #12110 → update:available
[2026-07-23T19:20:24+00:00] [CYCLER] Event #12120 → skill:broken
[2026-07-23T19:21:54+00:00] [CYCLER] Event #12128 → service:down
[2026-07-23T19:21:55+00:00] [CYCLER] Event #12130 → service:unhealthy
[2026-07-23T19:21:55+00:00] [CYCLER] Event #12131 → service:restarted
[2026-07-23T19:21:56+00:00] [CYCLER] Event #12132 → dashboard:down
[2026-07-23T19:21:56+00:00] [CYCLER] ✅ Cycle #156 terminé — 12 events publiés
[2026-07-23T19:21:56+00:00] [CYCLER] 📋 Cycle #157 — collecte métriques...
[2026-07-23T19:21:56+00:00] [CYCLER]   Disk: 63% | RAM: 8.3% | Load: 0.33 | GPUs: 2
[2026-07-23T19:21:56+00:00] [CYCLER] Event #12133 → hardware:disk_alert
[2026-07-23T19:21:57+00:00] [CYCLER] Event #12135 → hardware:gpu_alert
[2026-07-23T19:21:57+00:00] [CYCLER] Event #12136 → hardware:ram_alert
[2026-07-23T19:22:13+00:00] [CYCLER] Event #12165 → security:permission_drift
[2026-07-23T19:22:13+00:00] [CYCLER] Event #12166 → security:suid_change
[2026-07-23T19:22:44+00:00] [CYCLER] Event #12175 → osint:alert
[2026-07-23T19:23:35+00:00] [CYCLER] Event #12183 → update:available
[2026-07-23T19:24:45+00:00] [CYCLER] Event #12189 → skill:broken
[2026-07-23T19:26:16+00:00] [CYCLER] Event #12197 → service:down
[2026-07-23T19:26:16+00:00] [CYCLER] Event #12198 → service:unhealthy
[2026-07-23T19:26:17+00:00] [CYCLER] Event #12199 → service:restarted
[2026-07-23T19:26:17+00:00] [CYCLER] Event #12200 → dashboard:down
[2026-07-23T19:26:18+00:00] [CYCLER] ✅ Cycle #157 terminé — 12 events publiés
[2026-07-23T19:26:18+00:00] [CYCLER] 📋 Cycle #158 — collecte métriques...
[2026-07-23T19:26:18+00:00] [CYCLER]   Disk: 63% | RAM: 8.3% | Load: 0.27 | GPUs: 2
[2026-07-23T19:26:18+00:00] [CYCLER] Event #12201 → hardware:disk_alert
[2026-07-23T19:26:18+00:00] [CYCLER] Event #12203 → hardware:gpu_alert
[2026-07-23T19:26:19+00:00] [CYCLER] Event #12204 → hardware:ram_alert
[2026-07-23T19:26:34+00:00] [CYCLER] Event #12230 → security:permission_drift
[2026-07-23T19:26:35+00:00] [CYCLER] Event #12231 → security:suid_change
[2026-07-23T19:27:05+00:00] [CYCLER] Event #12243 → osint:alert
[2026-07-23T19:27:56+00:00] [CYCLER] Event #12249 → update:available
[2026-07-23T19:29:06+00:00] [CYCLER] Event #12257 → skill:broken
[2026-07-23T19:30:37+00:00] [CYCLER] Event #12261 → service:down
[2026-07-23T19:30:37+00:00] [CYCLER] Event #12262 → service:unhealthy
[2026-07-23T19:30:38+00:00] [CYCLER] Event #12263 → service:restarted
[2026-07-23T19:30:38+00:00] [CYCLER] Event #12264 → dashboard:down
[2026-07-23T19:30:39+00:00] [CYCLER] ✅ Cycle #158 terminé — 12 events publiés
[2026-07-23T19:30:39+00:00] [CYCLER] 📋 Cycle #159 — collecte métriques...
[2026-07-23T19:30:39+00:00] [CYCLER]   Disk: 63% | RAM: 8.3% | Load: 0.39 | GPUs: 2
[2026-07-23T19:30:39+00:00] [CYCLER] Event #12266 → hardware:disk_alert
[2026-07-23T19:30:39+00:00] [CYCLER] Event #12267 → hardware:gpu_alert
[2026-07-23T19:30:40+00:00] [CYCLER] Event #12268 → hardware:ram_alert
[2026-07-23T19:30:55+00:00] [CYCLER] Event #12294 → security:permission_drift
[2026-07-23T19:30:56+00:00] [CYCLER] Event #12295 → security:suid_change
[2026-07-23T19:31:26+00:00] [CYCLER] Event #12309 → osint:alert
[2026-07-23T19:32:17+00:00] [CYCLER] Event #12319 → update:available
[2026-07-23T19:33:27+00:00] [CYCLER] Event #12327 → skill:broken
[2026-07-23T19:34:58+00:00] [CYCLER] Event #12333 → service:down
[2026-07-23T19:34:58+00:00] [CYCLER] Event #12334 → service:unhealthy
[2026-07-23T19:34:59+00:00] [CYCLER] Event #12335 → service:restarted
[2026-07-23T19:34:59+00:00] [CYCLER] Event #12336 → dashboard:down
[2026-07-23T19:35:00+00:00] [CYCLER] ✅ Cycle #159 terminé — 12 events publiés
[2026-07-23T19:35:00+00:00] [CYCLER] 📋 Cycle #160 — collecte métriques...
[2026-07-23T19:35:00+00:00] [CYCLER]   Disk: 63% | RAM: 8.3% | Load: 0.17 | GPUs: 2
[2026-07-23T19:35:00+00:00] [CYCLER] Event #12338 → hardware:disk_alert
[2026-07-23T19:35:01+00:00] [CYCLER] Event #12339 → hardware:gpu_alert
[2026-07-23T19:35:01+00:00] [CYCLER] Event #12340 → hardware:ram_alert
[2026-07-23T19:35:17+00:00] [CYCLER] Event #12370 → security:permission_drift
[2026-07-23T19:35:17+00:00] [CYCLER] Event #12371 → security:suid_change
[2026-07-23T19:35:48+00:00] [CYCLER] Event #12381 → osint:alert
[2026-07-23T19:36:38+00:00] [CYCLER] Event #12394 → update:available
[2026-07-23T19:37:49+00:00] [CYCLER] Event #12400 → skill:broken
[2026-07-23T19:39:19+00:00] [CYCLER] Event #12406 → service:down
[2026-07-23T19:39:20+00:00] [CYCLER] Event #12407 → service:unhealthy
[2026-07-23T19:39:20+00:00] [CYCLER] Event #12408 → service:restarted
[2026-07-23T19:39:21+00:00] [CYCLER] Event #12409 → dashboard:down
[2026-07-23T19:39:21+00:00] [CYCLER] ✅ Cycle #160 terminé — 12 events publiés
[2026-07-23T19:39:21+00:00] [CYCLER] 📋 Cycle #161 — collecte métriques...
[2026-07-23T19:39:21+00:00] [CYCLER]   Disk: 63% | RAM: 8.3% | Load: 0.31 | GPUs: 2
[2026-07-23T19:39:21+00:00] [CYCLER] Event #12411 → hardware:disk_alert
[2026-07-23T19:39:22+00:00] [CYCLER] Event #12412 → hardware:gpu_alert
[2026-07-23T19:39:22+00:00] [CYCLER] Event #12413 → hardware:ram_alert
[2026-07-23T19:39:38+00:00] [CYCLER] Event #12437 → security:permission_drift
[2026-07-23T19:39:38+00:00] [CYCLER] Event #12438 → security:suid_change
[2026-07-23T19:40:09+00:00] [CYCLER] Event #12450 → osint:alert
[2026-07-23T19:40:59+00:00] [CYCLER] Event #12456 → update:available
[2026-07-23T19:42:10+00:00] [CYCLER] Event #12468 → skill:broken
[2026-07-23T19:43:40+00:00] [CYCLER] Event #12478 → service:down
[2026-07-23T19:43:41+00:00] [CYCLER] Event #12479 → service:unhealthy
[2026-07-23T19:43:41+00:00] [CYCLER] Event #12480 → service:restarted
[2026-07-23T19:43:42+00:00] [CYCLER] Event #12482 → dashboard:down
[2026-07-23T19:43:42+00:00] [CYCLER] ✅ Cycle #161 terminé — 12 events publiés
[2026-07-23T19:43:42+00:00] [CYCLER] 📋 Cycle #162 — collecte métriques...
[2026-07-23T19:43:42+00:00] [CYCLER]   Disk: 63% | RAM: 8.3% | Load: 0.16 | GPUs: 2
[2026-07-23T19:43:42+00:00] [CYCLER] Event #12483 → hardware:disk_alert
[2026-07-23T19:43:43+00:00] [CYCLER] Event #12484 → hardware:gpu_alert
[2026-07-23T19:43:43+00:00] [CYCLER] Event #12485 → hardware:ram_alert
[2026-07-23T19:43:59+00:00] [CYCLER] Event #12513 → security:permission_drift
[2026-07-23T19:43:59+00:00] [CYCLER] Event #12514 → security:suid_change
[2026-07-23T19:44:30+00:00] [CYCLER] Event #12531 → osint:alert
[2026-07-23T19:45:20+00:00] [CYCLER] Event #12541 → update:available
[2026-07-23T19:46:31+00:00] [CYCLER] Event #12549 → skill:broken
[2026-07-23T19:48:02+00:00] [CYCLER] Event #12555 → service:down
[2026-07-23T19:48:02+00:00] [CYCLER] Event #12556 → service:unhealthy
[2026-07-23T19:48:03+00:00] [CYCLER] Event #12558 → service:restarted
[2026-07-23T19:48:03+00:00] [CYCLER] Event #12559 → dashboard:down
[2026-07-23T19:48:04+00:00] [CYCLER] ✅ Cycle #162 terminé — 12 events publiés
[2026-07-23T19:48:04+00:00] [CYCLER] 📋 Cycle #163 — collecte métriques...
[2026-07-23T19:48:04+00:00] [CYCLER]   Disk: 63% | RAM: 8.3% | Load: 0.13 | GPUs: 2
[2026-07-23T19:48:04+00:00] [CYCLER] Event #12560 → hardware:disk_alert
[2026-07-23T19:48:04+00:00] [CYCLER] Event #12561 → hardware:gpu_alert
[2026-07-23T19:48:05+00:00] [CYCLER] Event #12563 → hardware:ram_alert
[2026-07-23T19:48:20+00:00] [CYCLER] Event #12593 → security:permission_drift
[2026-07-23T19:48:21+00:00] [CYCLER] Event #12595 → security:suid_change
[2026-07-23T19:48:51+00:00] [CYCLER] Event #12606 → osint:alert
[2026-07-23T19:49:42+00:00] [CYCLER] Event #12614 → update:available
[2026-07-23T19:50:52+00:00] [CYCLER] Event #12622 → skill:broken
[2026-07-23T19:52:23+00:00] [CYCLER] Event #12632 → service:down
[2026-07-23T19:52:23+00:00] [CYCLER] Event #12633 → service:unhealthy
[2026-07-23T19:52:24+00:00] [CYCLER] Event #12635 → service:restarted
[2026-07-23T19:52:24+00:00] [CYCLER] Event #12636 → dashboard:down
[2026-07-23T19:52:25+00:00] [CYCLER] ✅ Cycle #163 terminé — 12 events publiés
[2026-07-23T19:52:25+00:00] [CYCLER] 📋 Cycle #164 — collecte métriques...
[2026-07-23T19:52:25+00:00] [CYCLER]   Disk: 63% | RAM: 8.3% | Load: 0.47 | GPUs: 2
[2026-07-23T19:52:25+00:00] [CYCLER] Event #12637 → hardware:disk_alert
[2026-07-23T19:52:25+00:00] [CYCLER] Event #12638 → hardware:gpu_alert
[2026-07-23T19:52:26+00:00] [CYCLER] Event #12640 → hardware:ram_alert
[2026-07-23T19:52:41+00:00] [CYCLER] Event #12665 → security:permission_drift
[2026-07-23T19:52:42+00:00] [CYCLER] Event #12668 → security:suid_change
[2026-07-23T19:53:12+00:00] [CYCLER] Event #12678 → osint:alert
[2026-07-23T19:54:03+00:00] [CYCLER] Event #12685 → update:available
[2026-07-23T19:55:13+00:00] [CYCLER] Event #12693 → skill:broken
[2026-07-23T19:56:44+00:00] [CYCLER] Event #12705 → service:down
[2026-07-23T19:56:44+00:00] [CYCLER] Event #12707 → service:unhealthy
[2026-07-23T19:56:45+00:00] [CYCLER] Event #12708 → service:restarted
[2026-07-23T19:56:45+00:00] [CYCLER] Event #12709 → dashboard:down
[2026-07-23T19:56:46+00:00] [CYCLER] ✅ Cycle #164 terminé — 12 events publiés
[2026-07-23T19:56:46+00:00] [CYCLER] 📋 Cycle #165 — collecte métriques...
[2026-07-23T19:56:46+00:00] [CYCLER]   Disk: 63% | RAM: 8.3% | Load: 0.18 | GPUs: 2
[2026-07-23T19:56:46+00:00] [CYCLER] Event #12710 → hardware:disk_alert
[2026-07-23T19:56:46+00:00] [CYCLER] Event #12712 → hardware:gpu_alert
[2026-07-23T19:56:47+00:00] [CYCLER] Event #12713 → hardware:ram_alert
[2026-07-23T19:57:03+00:00] [CYCLER] Event #12740 → security:permission_drift
[2026-07-23T19:57:03+00:00] [CYCLER] Event #12741 → security:suid_change
[2026-07-23T19:57:34+00:00] [CYCLER] Event #12752 → osint:alert
[2026-07-23T19:58:24+00:00] [CYCLER] Event #12761 → update:available
[2026-07-23T19:59:35+00:00] [CYCLER] Event #12767 → skill:broken
[2026-07-23T20:01:05+00:00] [CYCLER] Event #12771 → service:down
[2026-07-23T20:01:06+00:00] [CYCLER] Event #12773 → service:unhealthy
[2026-07-23T20:01:06+00:00] [CYCLER] Event #12774 → service:restarted
[2026-07-23T20:01:07+00:00] [CYCLER] Event #12775 → dashboard:down
[2026-07-23T20:01:07+00:00] [CYCLER] ✅ Cycle #165 terminé — 12 events publiés
[2026-07-23T20:01:07+00:00] [CYCLER] 📋 Cycle #166 — collecte métriques...
[2026-07-23T20:01:07+00:00] [CYCLER]   Disk: 63% | RAM: 8.3% | Load: 0.17 | GPUs: 2
[2026-07-23T20:01:07+00:00] [CYCLER] Event #12777 → hardware:disk_alert
[2026-07-23T20:01:08+00:00] [CYCLER] Event #12779 → hardware:gpu_alert
[2026-07-23T20:01:08+00:00] [CYCLER] Event #12780 → hardware:ram_alert
[2026-07-23T20:01:24+00:00] [CYCLER] Event #12809 → security:permission_drift
[2026-07-23T20:01:24+00:00] [CYCLER] Event #12810 → security:suid_change
[2026-07-23T20:01:55+00:00] [CYCLER] Event #12827 → osint:alert
[2026-07-23T20:02:45+00:00] [CYCLER] Event #12835 → update:available
[2026-07-23T20:03:56+00:00] [CYCLER] Event #12847 → skill:broken
[2026-07-23T20:05:26+00:00] [CYCLER] Event #12872 → service:down
[2026-07-23T20:05:27+00:00] [CYCLER] Event #12874 → service:unhealthy
[2026-07-23T20:05:27+00:00] [CYCLER] Event #12875 → service:restarted
[2026-07-23T20:05:28+00:00] [CYCLER] Event #12876 → dashboard:down
[2026-07-23T20:05:28+00:00] [CYCLER] ✅ Cycle #166 terminé — 12 events publiés
[2026-07-23T20:05:28+00:00] [CYCLER] 📋 Cycle #167 — collecte métriques...
[2026-07-23T20:05:28+00:00] [CYCLER]   Disk: 63% | RAM: 8.3% | Load: 0.24 | GPUs: 2
[2026-07-23T20:05:28+00:00] [CYCLER] Event #12877 → hardware:disk_alert
[2026-07-23T20:05:29+00:00] [CYCLER] Event #12879 → hardware:gpu_alert
[2026-07-23T20:05:29+00:00] [CYCLER] Event #12881 → hardware:ram_alert
[2026-07-23T20:05:45+00:00] [CYCLER] Event #12902 → security:permission_drift
[2026-07-23T20:05:45+00:00] [CYCLER] Event #12903 → security:suid_change
[2026-07-23T20:06:16+00:00] [CYCLER] Event #12923 → osint:alert
[2026-07-23T20:07:06+00:00] [CYCLER] Event #12932 → update:available
[2026-07-23T20:08:17+00:00] [CYCLER] Event #12939 → skill:broken
[2026-07-23T20:09:48+00:00] [CYCLER] Event #12944 → service:down
[2026-07-23T20:09:48+00:00] [CYCLER] Event #12945 → service:unhealthy
[2026-07-23T20:09:49+00:00] [CYCLER] Event #12946 → service:restarted
[2026-07-23T20:09:49+00:00] [CYCLER] Event #12947 → dashboard:down
[2026-07-23T20:09:50+00:00] [CYCLER] ✅ Cycle #167 terminé — 12 events publiés
[2026-07-23T20:09:50+00:00] [CYCLER] 📋 Cycle #168 — collecte métriques...
[2026-07-23T20:09:50+00:00] [CYCLER]   Disk: 63% | RAM: 8.3% | Load: 0.49 | GPUs: 2
[2026-07-23T20:09:50+00:00] [CYCLER] Event #12949 → hardware:disk_alert
[2026-07-23T20:09:50+00:00] [CYCLER] Event #12950 → hardware:gpu_alert
[2026-07-23T20:09:51+00:00] [CYCLER] Event #12951 → hardware:ram_alert
[2026-07-23T20:10:06+00:00] [CYCLER] Event #12979 → security:permission_drift
[2026-07-23T20:10:07+00:00] [CYCLER] Event #12980 → security:suid_change
[2026-07-23T20:10:37+00:00] [CYCLER] Event #12991 → osint:alert
[2026-07-23T20:11:28+00:00] [CYCLER] Event #13001 → update:available
[2026-07-23T20:12:38+00:00] [CYCLER] Event #13009 → skill:broken
[2026-07-23T20:14:09+00:00] [CYCLER] Event #13014 → service:down
[2026-07-23T20:14:09+00:00] [CYCLER] Event #13015 → service:unhealthy
[2026-07-23T20:14:10+00:00] [CYCLER] Event #13016 → service:restarted
[2026-07-23T20:14:10+00:00] [CYCLER] Event #13017 → dashboard:down
[2026-07-23T20:14:11+00:00] [CYCLER] ✅ Cycle #168 terminé — 12 events publiés
[2026-07-23T20:14:11+00:00] [CYCLER] 📋 Cycle #169 — collecte métriques...
[2026-07-23T20:14:11+00:00] [CYCLER]   Disk: 63% | RAM: 8.3% | Load: 0.32 | GPUs: 2
[2026-07-23T20:14:11+00:00] [CYCLER] Event #13019 → hardware:disk_alert
[2026-07-23T20:14:11+00:00] [CYCLER] Event #13020 → hardware:gpu_alert
[2026-07-23T20:14:12+00:00] [CYCLER] Event #13021 → hardware:ram_alert
[2026-07-23T20:14:27+00:00] [CYCLER] Event #13047 → security:permission_drift
[2026-07-23T20:14:28+00:00] [CYCLER] Event #13048 → security:suid_change
[2026-07-23T20:14:58+00:00] [CYCLER] Event #13057 → osint:alert
[2026-07-23T20:15:49+00:00] [CYCLER] Event #13065 → update:available
[2026-07-23T20:16:59+00:00] [CYCLER] Event #13079 → skill:broken
[2026-07-23T20:18:30+00:00] [CYCLER] Event #13085 → service:down
[2026-07-23T20:18:30+00:00] [CYCLER] Event #13086 → service:unhealthy
[2026-07-23T20:18:31+00:00] [CYCLER] Event #13087 → service:restarted
[2026-07-23T20:18:31+00:00] [CYCLER] Event #13088 → dashboard:down
[2026-07-23T20:18:32+00:00] [CYCLER] ✅ Cycle #169 terminé — 12 events publiés
[2026-07-23T20:18:32+00:00] [CYCLER] 📋 Cycle #170 — collecte métriques...
[2026-07-23T20:18:32+00:00] [CYCLER]   Disk: 63% | RAM: 8.3% | Load: 0.47 | GPUs: 2
[2026-07-23T20:18:32+00:00] [CYCLER] Event #13090 → hardware:disk_alert
[2026-07-23T20:18:32+00:00] [CYCLER] Event #13091 → hardware:gpu_alert
[2026-07-23T20:18:33+00:00] [CYCLER] Event #13092 → hardware:ram_alert
[2026-07-23T20:18:48+00:00] [CYCLER] Event #13119 → security:permission_drift
[2026-07-23T20:18:49+00:00] [CYCLER] Event #13121 → security:suid_change
[2026-07-23T20:19:20+00:00] [CYCLER] Event #13137 → osint:alert
[2026-07-23T20:20:10+00:00] [CYCLER] Event #13145 → update:available
[2026-07-23T20:21:21+00:00] [CYCLER] Event #13153 → skill:broken
[2026-07-23T20:22:51+00:00] [CYCLER] Event #13160 → service:down
[2026-07-23T20:22:52+00:00] [CYCLER] Event #13161 → service:unhealthy
[2026-07-23T20:22:52+00:00] [CYCLER] Event #13162 → service:restarted
[2026-07-23T20:22:53+00:00] [CYCLER] Event #13163 → dashboard:down
[2026-07-23T20:22:53+00:00] [CYCLER] ✅ Cycle #170 terminé — 12 events publiés
[2026-07-23T20:22:53+00:00] [CYCLER] 📋 Cycle #171 — collecte métriques...
[2026-07-23T20:22:53+00:00] [CYCLER]   Disk: 63% | RAM: 8.3% | Load: 0.14 | GPUs: 2
[2026-07-23T20:22:53+00:00] [CYCLER] Event #13165 → hardware:disk_alert
[2026-07-23T20:22:54+00:00] [CYCLER] Event #13166 → hardware:gpu_alert
[2026-07-23T20:22:54+00:00] [CYCLER] Event #13167 → hardware:ram_alert
[2026-07-23T20:23:10+00:00] [CYCLER] Event #13192 → security:permission_drift
[2026-07-23T20:23:10+00:00] [CYCLER] Event #13193 → security:suid_change
[2026-07-23T20:23:41+00:00] [CYCLER] Event #13204 → osint:alert
[2026-07-23T20:24:31+00:00] [CYCLER] Event #13212 → update:available
[2026-07-23T20:25:42+00:00] [CYCLER] Event #13222 → skill:broken
[2026-07-23T20:27:12+00:00] [CYCLER] Event #13234 → service:down
[2026-07-23T20:27:13+00:00] [CYCLER] Event #13235 → service:unhealthy
[2026-07-23T20:27:13+00:00] [CYCLER] Event #13236 → service:restarted
[2026-07-23T20:27:14+00:00] [CYCLER] Event #13238 → dashboard:down
[2026-07-23T20:27:14+00:00] [CYCLER] ✅ Cycle #171 terminé — 12 events publiés
[2026-07-23T20:27:14+00:00] [CYCLER] 📋 Cycle #172 — collecte métriques...
[2026-07-23T20:27:14+00:00] [CYCLER]   Disk: 63% | RAM: 8.3% | Load: 0.44 | GPUs: 2
[2026-07-23T20:27:14+00:00] [CYCLER] Event #13239 → hardware:disk_alert
[2026-07-23T20:27:15+00:00] [CYCLER] Event #13240 → hardware:gpu_alert
[2026-07-23T20:27:15+00:00] [CYCLER] Event #13241 → hardware:ram_alert
[2026-07-23T20:27:31+00:00] [CYCLER] Event #13268 → security:permission_drift
[2026-07-23T20:27:31+00:00] [CYCLER] Event #13270 → security:suid_change
[2026-07-23T20:28:02+00:00] [CYCLER] Event #13281 → osint:alert
[2026-07-23T20:28:52+00:00] [CYCLER] Event #13292 → update:available
[2026-07-23T20:30:03+00:00] [CYCLER] Event #13337 → skill:broken
[2026-07-23T20:31:34+00:00] [CYCLER] Event #13347 → service:down
[2026-07-23T20:31:34+00:00] [CYCLER] Event #13348 → service:unhealthy
[2026-07-23T20:31:35+00:00] [CYCLER] Event #13349 → service:restarted
[2026-07-23T20:31:35+00:00] [CYCLER] Event #13351 → dashboard:down
[2026-07-23T20:31:36+00:00] [CYCLER] ✅ Cycle #172 terminé — 12 events publiés
[2026-07-23T20:31:36+00:00] [CYCLER] 📋 Cycle #173 — collecte métriques...
[2026-07-23T20:31:36+00:00] [CYCLER]   Disk: 63% | RAM: 8.3% | Load: 0.23 | GPUs: 2
[2026-07-23T20:31:36+00:00] [CYCLER] Event #13352 → hardware:disk_alert
[2026-07-23T20:31:36+00:00] [CYCLER] Event #13353 → hardware:gpu_alert
[2026-07-23T20:31:37+00:00] [CYCLER] Event #13354 → hardware:ram_alert
[2026-07-23T20:31:52+00:00] [CYCLER] Event #13378 → security:permission_drift
[2026-07-23T20:31:53+00:00] [CYCLER] Event #13379 → security:suid_change
[2026-07-23T20:32:23+00:00] [CYCLER] Event #13390 → osint:alert
[2026-07-23T20:33:14+00:00] [CYCLER] Event #13398 → update:available
[2026-07-23T20:34:24+00:00] [CYCLER] Event #13404 → skill:broken
[2026-07-23T20:35:55+00:00] [CYCLER] Event #13433 → service:down
[2026-07-23T20:35:55+00:00] [CYCLER] Event #13434 → service:unhealthy
[2026-07-23T20:35:56+00:00] [CYCLER] Event #13435 → service:restarted
[2026-07-23T20:35:56+00:00] [CYCLER] Event #13438 → dashboard:down
[2026-07-23T20:35:57+00:00] [CYCLER] ✅ Cycle #173 terminé — 12 events publiés
[2026-07-23T20:35:57+00:00] [CYCLER] 📋 Cycle #174 — collecte métriques...
[2026-07-23T20:35:57+00:00] [CYCLER]   Disk: 63% | RAM: 8.3% | Load: 0.51 | GPUs: 2
[2026-07-23T20:35:57+00:00] [CYCLER] Event #13439 → hardware:disk_alert
[2026-07-23T20:35:57+00:00] [CYCLER] Event #13440 → hardware:gpu_alert
[2026-07-23T20:35:58+00:00] [CYCLER] Event #13442 → hardware:ram_alert
[2026-07-23T20:36:13+00:00] [CYCLER] Event #13474 → security:permission_drift
[2026-07-23T20:36:14+00:00] [CYCLER] Event #13475 → security:suid_change
[2026-07-23T20:36:44+00:00] [CYCLER] Event #13504 → osint:alert
