[2026-07-23T07:25:51+02:00] [INFO] config:changed: config:changed — /home/aza/eva-adam-v2/scripts/valid.py (py)
[2026-07-23T07:25:51+02:00] [INFO] config:changed: Validating Python syntax: /home/aza/eva-adam-v2/scripts/valid.py
[2026-07-23T07:25:51+02:00] [OK] config:changed: Python syntax OK: /home/aza/eva-adam-v2/scripts/valid.py
[2026-07-23T07:25:51+02:00] [INFO] config:changed: config:changed — /home/aza/eva-adam-v2/scripts/bad_syntax.py (py)
[2026-07-23T07:25:51+02:00] [INFO] config:changed: Validating Python syntax: /home/aza/eva-adam-v2/scripts/bad_syntax.py
  File "/home/aza/eva-adam-v2/scripts/bad_syntax.py", line 1
    print("hello
          ^
SyntaxError: unterminated string literal (detected at line 1)
[2026-07-23T07:25:51+02:00] [ERROR] config:changed: Python syntax error in /home/aza/eva-adam-v2/scripts/bad_syntax.py
[2026-07-23T07:25:51+02:00] [INFO] config:changed: config:changed — /home/aza/eva-adam-v2/config/bad.json (json)
[2026-07-23T07:25:51+02:00] [INFO] config:changed: Validating JSON: /home/aza/eva-adam-v2/config/bad.json
JSON validation failed: Expecting property name enclosed in double quotes: line 1 column 2 (char 1)
[2026-07-23T07:25:51+02:00] [ERROR] config:changed: JSON invalid in /home/aza/eva-adam-v2/config/bad.json
[2026-07-23T07:25:51+02:00] [INFO] config:changed: config:changed — /home/aza/eva-adam-v2/config/valid.yaml (yaml)
[2026-07-23T07:25:51+02:00] [INFO] config:changed: Validating YAML: /home/aza/eva-adam-v2/config/valid.yaml
[2026-07-23T07:25:51+02:00] [OK] config:changed: YAML valid: /home/aza/eva-adam-v2/config/valid.yaml
[2026-07-23T07:25:51+02:00] [INFO] config:changed: config:changed — /tmp/test_valid.py (py)
[2026-07-23T07:25:51+02:00] [INFO] config:changed: Skipping validation (outside ADAM_V2_DIR): /tmp/test_valid.py
[2026-07-23T07:25:52+02:00] [WARN] cron:missed: cron:missed — adam-watcher
[2026-07-23T07:25:52+02:00] [INFO] cron:missed: suggested action: restart file watcher — check /home/aza/eva-adam-v2/logs/watcher.log
[2026-07-23T07:25:52+02:00] [WARN] cron:missed: cron:missed — some-custom-job
[2026-07-23T07:25:52+02:00] [INFO] cron:missed: suggested action: investigate some-custom-job — check /home/aza/eva-adam-v2/logs/ for relevant logs
[2026-07-23T07:25:52+02:00] [INFO] something:else: Unhandled channel: something:else
[2026-07-23T07:25:52+02:00] [INFO] config:changed: config:changed — /home/aza/eva-adam-v2/config/valid.yaml (yaml)
[2026-07-23T07:25:52+02:00] [INFO] config:changed: Validating YAML: /home/aza/eva-adam-v2/config/valid.yaml
[2026-07-23T07:25:52+02:00] [OK] config:changed: YAML valid: /home/aza/eva-adam-v2/config/valid.yaml
[2026-07-23T07:25:52+02:00] [WARN] config:changed: config:changed payload missing 'path' field
[2026-07-23T07:26:20+02:00] [INFO] config:changed: config:changed — /home/aza/.hermes/hermes-agent/skills/.usage.json (json)
[2026-07-23T07:26:20+02:00] [INFO] config:changed: Skipping validation (outside ADAM_V2_DIR): /home/aza/.hermes/hermes-agent/skills/.usage.json
[2026-07-23T07:26:26+02:00] [INFO] config:changed: config:changed — /home/aza/.hermes/channel_directory.json (json)
[2026-07-23T07:26:26+02:00] [INFO] config:changed: Skipping validation (outside ADAM_V2_DIR): /home/aza/.hermes/channel_directory.json
[2026-07-23T07:26:36+02:00] [INFO] config:changed: config:changed — /home/aza/.hermes/hermes-agent/skills/.usage.json (json)
[2026-07-23T07:26:36+02:00] [INFO] config:changed: Skipping validation (outside ADAM_V2_DIR): /home/aza/.hermes/hermes-agent/skills/.usage.json
[2026-07-23T07:26:48+02:00] [INFO] config:changed: config:changed — /home/aza/.hermes/hermes-agent/skills/.usage.json (json)
[2026-07-23T07:26:48+02:00] [INFO] config:changed: Skipping validation (outside ADAM_V2_DIR): /home/aza/.hermes/hermes-agent/skills/.usage.json
[2026-07-23T07:27:00+02:00] [INFO] config:changed: config:changed — /home/aza/.hermes/hermes-agent/skills/.usage.json (json)
[2026-07-23T07:27:00+02:00] [INFO] config:changed: Skipping validation (outside ADAM_V2_DIR): /home/aza/.hermes/hermes-agent/skills/.usage.json
[2026-07-23T07:28:24+02:00] [INFO] config:changed: config:changed — /home/aza/.hermes/hermes-agent/skills/.usage.json (json)
[2026-07-23T07:28:24+02:00] [INFO] config:changed: Skipping validation (outside ADAM_V2_DIR): /home/aza/.hermes/hermes-agent/skills/.usage.json
[2026-07-23T07:28:52+02:00] [INFO] config:changed: config:changed — /home/aza/.hermes/hermes-agent/skills/.usage.json (json)
[2026-07-23T07:28:52+02:00] [INFO] config:changed: Skipping validation (outside ADAM_V2_DIR): /home/aza/.hermes/hermes-agent/skills/.usage.json
[2026-07-23T07:29:02+02:00] [INFO] config:changed: config:changed — /home/aza/.hermes/hermes-agent/skills/.usage.json (json)
[2026-07-23T07:29:02+02:00] [INFO] config:changed: Skipping validation (outside ADAM_V2_DIR): /home/aza/.hermes/hermes-agent/skills/.usage.json
[2026-07-23T07:29:20+02:00] [INFO] config:changed: config:changed — /home/aza/.hermes/hermes-agent/skills/.usage.json (json)
[2026-07-23T07:29:20+02:00] [INFO] config:changed: Skipping validation (outside ADAM_V2_DIR): /home/aza/.hermes/hermes-agent/skills/.usage.json
[2026-07-23T07:29:26+02:00] [INFO] config:changed: config:changed — /home/aza/.hermes/hermes-agent/skills/.usage.json (json)
[2026-07-23T07:29:26+02:00] [INFO] config:changed: Skipping validation (outside ADAM_V2_DIR): /home/aza/.hermes/hermes-agent/skills/.usage.json
[2026-07-23T07:30:50+02:00] [INFO] config:changed: config:changed — /home/aza/.hermes/hermes-agent/skills/.usage.json (json)
[2026-07-23T07:30:50+02:00] [INFO] config:changed: Skipping validation (outside ADAM_V2_DIR): /home/aza/.hermes/hermes-agent/skills/.usage.json
[2026-07-23T07:31:28+02:00] [INFO] config:changed: config:changed — /home/aza/.hermes/channel_directory.json (json)
[2026-07-23T07:31:28+02:00] [INFO] config:changed: Skipping validation (outside ADAM_V2_DIR): /home/aza/.hermes/channel_directory.json
[2026-07-23T07:32:30+02:00] [INFO] config:changed: config:changed — /home/aza/.hermes/hermes-agent/skills/.usage.json (json)
[2026-07-23T07:32:30+02:00] [INFO] config:changed: Skipping validation (outside ADAM_V2_DIR): /home/aza/.hermes/hermes-agent/skills/.usage.json
[2026-07-23T07:33:04+02:00] [INFO] config:changed: config:changed — /home/aza/.hermes/hermes-agent/skills/.usage.json (json)
[2026-07-23T07:33:04+02:00] [INFO] config:changed: Skipping validation (outside ADAM_V2_DIR): /home/aza/.hermes/hermes-agent/skills/.usage.json
[2026-07-23T07:33:10+02:00] [INFO] config:changed: config:changed — /home/aza/.hermes/hermes-agent/skills/.usage.json (json)
[2026-07-23T07:33:10+02:00] [INFO] config:changed: Skipping validation (outside ADAM_V2_DIR): /home/aza/.hermes/hermes-agent/skills/.usage.json
[2026-07-23T07:33:32+02:00] [INFO] config:changed: config:changed — /home/aza/.hermes/hermes-agent/skills/.usage.json (json)
[2026-07-23T07:33:32+02:00] [INFO] config:changed: Skipping validation (outside ADAM_V2_DIR): /home/aza/.hermes/hermes-agent/skills/.usage.json
[2026-07-23T07:33:42+02:00] [INFO] config:changed: config:changed — /home/aza/.hermes/hermes-agent/skills/.usage.json (json)
[2026-07-23T07:33:42+02:00] [INFO] config:changed: Skipping validation (outside ADAM_V2_DIR): /home/aza/.hermes/hermes-agent/skills/.usage.json
[2026-07-23T07:34:34+02:00] [INFO] config:changed: config:changed — /home/aza/.hermes/hermes-agent/skills/.usage.json (json)
[2026-07-23T07:34:34+02:00] [INFO] config:changed: Skipping validation (outside ADAM_V2_DIR): /home/aza/.hermes/hermes-agent/skills/.usage.json
[2026-07-23T07:35:30+02:00] [INFO] config:changed: config:changed — /home/aza/.hermes/hermes-agent/skills/.usage.json (json)
[2026-07-23T07:35:30+02:00] [INFO] config:changed: Skipping validation (outside ADAM_V2_DIR): /home/aza/.hermes/hermes-agent/skills/.usage.json
[2026-07-23T07:36:16+02:00] [INFO] config:changed: config:changed — /home/aza/eva-adam-v2/adam.py (py)
[2026-07-23T07:36:16+02:00] [INFO] config:changed: Validating Python syntax: /home/aza/eva-adam-v2/adam.py
[2026-07-23T07:36:16+02:00] [OK] config:changed: Python syntax OK: /home/aza/eva-adam-v2/adam.py
[2026-07-23T07:36:26+02:00] [INFO] config:changed: config:changed — /home/aza/.hermes/channel_directory.json (json)
[2026-07-23T07:36:26+02:00] [INFO] config:changed: Skipping validation (outside ADAM_V2_DIR): /home/aza/.hermes/channel_directory.json
[2026-07-23T07:36:36+02:00] [INFO] config:changed: config:changed — /home/aza/.hermes/state/rich_sent_index.json (json)
[2026-07-23T07:36:36+02:00] [INFO] config:changed: Skipping validation (outside ADAM_V2_DIR): /home/aza/.hermes/state/rich_sent_index.json
[2026-07-23T07:36:42+02:00] [INFO] config:changed: config:changed — /home/aza/.hermes/hermes-agent/skills/.usage.json (json)
[2026-07-23T07:36:42+02:00] [INFO] config:changed: Skipping validation (outside ADAM_V2_DIR): /home/aza/.hermes/hermes-agent/skills/.usage.json
[2026-07-23T07:36:48+02:00] [INFO] config:changed: config:changed — /home/aza/.hermes/hermes-agent/skills/.usage.json (json)
[2026-07-23T07:36:48+02:00] [INFO] config:changed: Skipping validation (outside ADAM_V2_DIR): /home/aza/.hermes/hermes-agent/skills/.usage.json
[2026-07-23T07:36:54+02:00] [INFO] config:changed: config:changed — /home/aza/.hermes/hermes-agent/skills/.usage.json (json)
[2026-07-23T07:36:54+02:00] [INFO] config:changed: Skipping validation (outside ADAM_V2_DIR): /home/aza/.hermes/hermes-agent/skills/.usage.json
[2026-07-23T07:37:32+02:00] [INFO] config:changed: config:changed — /home/aza/.hermes/hermes-agent/skills/.usage.json (json)
[2026-07-23T07:37:32+02:00] [INFO] config:changed: Skipping validation (outside ADAM_V2_DIR): /home/aza/.hermes/hermes-agent/skills/.usage.json
[2026-07-23T07:37:38+02:00] [INFO] config:changed: config:changed — /home/aza/.hermes/hermes-agent/skills/.usage.json (json)
[2026-07-23T07:37:38+02:00] [INFO] config:changed: Skipping validation (outside ADAM_V2_DIR): /home/aza/.hermes/hermes-agent/skills/.usage.json
[2026-07-23T07:37:54+02:00] [INFO] config:changed: config:changed — /home/aza/.hermes/hermes-agent/skills/.usage.json (json)
[2026-07-23T07:37:54+02:00] [INFO] config:changed: Skipping validation (outside ADAM_V2_DIR): /home/aza/.hermes/hermes-agent/skills/.usage.json
[2026-07-23T07:41:28+02:00] [INFO] config:changed: config:changed — /home/aza/.hermes/channel_directory.json (json)
[2026-07-23T07:41:28+02:00] [INFO] config:changed: Skipping validation (outside ADAM_V2_DIR): /home/aza/.hermes/channel_directory.json
[2026-07-23T07:43:36+02:00] [INFO] config:changed: config:changed — /home/aza/eva-adam-v2/adam.py (py)
[2026-07-23T07:43:36+02:00] [INFO] config:changed: Validating Python syntax: /home/aza/eva-adam-v2/adam.py
[2026-07-23T07:43:36+02:00] [OK] config:changed: Python syntax OK: /home/aza/eva-adam-v2/adam.py
[2026-07-23T07:46:26+02:00] [INFO] config:changed: config:changed — /home/aza/.hermes/channel_directory.json (json)
[2026-07-23T07:46:26+02:00] [INFO] config:changed: Skipping validation (outside ADAM_V2_DIR): /home/aza/.hermes/channel_directory.json
[2026-07-23T07:48:30+02:00] [INFO] config:changed: config:changed — /home/aza/eva-adam-v2/adam.py (py)
[2026-07-23T07:48:30+02:00] [INFO] config:changed: Validating Python syntax: /home/aza/eva-adam-v2/adam.py
[2026-07-23T07:48:30+02:00] [OK] config:changed: Python syntax OK: /home/aza/eva-adam-v2/adam.py
[2026-07-23T07:49:10+02:00] [INFO] config:changed: config:changed — /home/aza/.hermes/state/rich_sent_index.json (json)
[2026-07-23T07:49:10+02:00] [INFO] config:changed: Skipping validation (outside ADAM_V2_DIR): /home/aza/.hermes/state/rich_sent_index.json
[2026-07-23T07:49:16+02:00] [INFO] config:changed: config:changed — /home/aza/.hermes/hermes-agent/skills/.usage.json (json)
[2026-07-23T07:49:16+02:00] [INFO] config:changed: Skipping validation (outside ADAM_V2_DIR): /home/aza/.hermes/hermes-agent/skills/.usage.json
[2026-07-23T07:49:44+02:00] [INFO] config:changed: config:changed — /home/aza/.hermes/hermes-agent/skills/.usage.json (json)
[2026-07-23T07:49:44+02:00] [INFO] config:changed: Skipping validation (outside ADAM_V2_DIR): /home/aza/.hermes/hermes-agent/skills/.usage.json
[2026-07-23T07:49:56+02:00] [INFO] config:changed: config:changed — /home/aza/.hermes/hermes-agent/skills/.usage.json (json)
[2026-07-23T07:49:56+02:00] [INFO] config:changed: Skipping validation (outside ADAM_V2_DIR): /home/aza/.hermes/hermes-agent/skills/.usage.json
[2026-07-23T07:50:00+02:00] [INFO] config:changed: config:changed — /home/aza/.hermes/hermes-agent/skills/.usage.json (json)
[2026-07-23T07:50:00+02:00] [INFO] config:changed: Skipping validation (outside ADAM_V2_DIR): /home/aza/.hermes/hermes-agent/skills/.usage.json
[2026-07-23T07:50:28+02:00] [INFO] config:changed: config:changed — /home/aza/.hermes/hermes-agent/skills/.usage.json (json)
[2026-07-23T07:50:28+02:00] [INFO] config:changed: Skipping validation (outside ADAM_V2_DIR): /home/aza/.hermes/hermes-agent/skills/.usage.json
[2026-07-23T07:51:02+02:00] [INFO] config:changed: config:changed — /home/aza/.hermes/hermes-agent/skills/.usage.json (json)
[2026-07-23T07:51:02+02:00] [INFO] config:changed: Skipping validation (outside ADAM_V2_DIR): /home/aza/.hermes/hermes-agent/skills/.usage.json
[2026-07-23T07:51:30+02:00] [INFO] config:changed: config:changed — /home/aza/.hermes/channel_directory.json (json)
[2026-07-23T07:51:30+02:00] [INFO] config:changed: Skipping validation (outside ADAM_V2_DIR): /home/aza/.hermes/channel_directory.json
[2026-07-23T07:54:38+02:00] [INFO] config:changed: config:changed — /home/aza/eva-adam-v2/adam.py (py)
[2026-07-23T07:54:38+02:00] [INFO] config:changed: Validating Python syntax: /home/aza/eva-adam-v2/adam.py
[2026-07-23T07:54:38+02:00] [OK] config:changed: Python syntax OK: /home/aza/eva-adam-v2/adam.py
[2026-07-23T07:56:26+02:00] [INFO] config:changed: config:changed — /home/aza/.hermes/channel_directory.json (json)
[2026-07-23T07:56:26+02:00] [INFO] config:changed: Skipping validation (outside ADAM_V2_DIR): /home/aza/.hermes/channel_directory.json
[2026-07-23T07:57:22+02:00] [INFO] config:changed: config:changed — /home/aza/.hermes/state/rich_sent_index.json (json)
[2026-07-23T07:57:22+02:00] [INFO] config:changed: Skipping validation (outside ADAM_V2_DIR): /home/aza/.hermes/state/rich_sent_index.json
[2026-07-23T07:58:40+02:00] [INFO] config:changed: config:changed — /home/aza/.hermes/sessions/sessions.json (json)
[2026-07-23T07:58:40+02:00] [INFO] config:changed: Skipping validation (outside ADAM_V2_DIR): /home/aza/.hermes/sessions/sessions.json
[2026-07-23T07:58:40+02:00] [INFO] config:changed: config:changed — /home/aza/.hermes/state/rich_sent_index.json (json)
[2026-07-23T07:58:40+02:00] [INFO] config:changed: Skipping validation (outside ADAM_V2_DIR): /home/aza/.hermes/state/rich_sent_index.json
[2026-07-23T07:58:40+02:00] [INFO] config:changed: config:changed — /home/aza/.hermes/gateway_state.json (json)
[2026-07-23T07:58:40+02:00] [INFO] config:changed: Skipping validation (outside ADAM_V2_DIR): /home/aza/.hermes/gateway_state.json
[2026-07-23T08:01:06+02:00] [INFO] config:changed: config:changed — /home/aza/.hermes/sessions/sessions.json (json)
[2026-07-23T08:01:06+02:00] [INFO] config:changed: Skipping validation (outside ADAM_V2_DIR): /home/aza/.hermes/sessions/sessions.json
[2026-07-23T08:01:06+02:00] [INFO] config:changed: config:changed — /home/aza/.hermes/cache/openrouter_model_metadata.json (json)
[2026-07-23T08:01:06+02:00] [INFO] config:changed: Skipping validation (outside ADAM_V2_DIR): /home/aza/.hermes/cache/openrouter_model_metadata.json
[2026-07-23T08:01:06+02:00] [INFO] config:changed: config:changed — /home/aza/.hermes/gateway_state.json (json)
[2026-07-23T08:01:06+02:00] [INFO] config:changed: Skipping validation (outside ADAM_V2_DIR): /home/aza/.hermes/gateway_state.json
[2026-07-23T08:01:28+02:00] [INFO] config:changed: config:changed — /home/aza/.hermes/channel_directory.json (json)
[2026-07-23T08:01:28+02:00] [INFO] config:changed: Skipping validation (outside ADAM_V2_DIR): /home/aza/.hermes/channel_directory.json
[2026-07-23T08:04:34+02:00] [INFO] config:changed: config:changed — /home/aza/.hermes/config.yaml (yaml)
[2026-07-23T08:04:34+02:00] [INFO] config:changed: Skipping validation (outside ADAM_V2_DIR): /home/aza/.hermes/config.yaml
[2026-07-23T08:06:24+02:00] [INFO] config:changed: config:changed — /home/aza/.hermes/channel_directory.json (json)
[2026-07-23T08:06:24+02:00] [INFO] config:changed: Skipping validation (outside ADAM_V2_DIR): /home/aza/.hermes/channel_directory.json
[2026-07-23T08:09:08+02:00] [INFO] config:changed: config:changed — /home/aza/.hermes/gateway_state.json (json)
[2026-07-23T08:09:08+02:00] [INFO] config:changed: Skipping validation (outside ADAM_V2_DIR): /home/aza/.hermes/gateway_state.json
[2026-07-23T08:09:08+02:00] [INFO] config:changed: config:changed — /home/aza/.hermes/sessions/sessions.json (json)
[2026-07-23T08:09:08+02:00] [INFO] config:changed: Skipping validation (outside ADAM_V2_DIR): /home/aza/.hermes/sessions/sessions.json
[2026-07-23T08:09:30+02:00] [INFO] config:changed: config:changed — /home/aza/.hermes/hermes-agent/skills/.usage.json (json)
[2026-07-23T08:09:30+02:00] [INFO] config:changed: Skipping validation (outside ADAM_V2_DIR): /home/aza/.hermes/hermes-agent/skills/.usage.json
[2026-07-23T08:09:40+02:00] [INFO] config:changed: config:changed — /home/aza/.hermes/hermes-agent/skills/.usage.json (json)
[2026-07-23T08:09:40+02:00] [INFO] config:changed: Skipping validation (outside ADAM_V2_DIR): /home/aza/.hermes/hermes-agent/skills/.usage.json
[2026-07-23T08:09:46+02:00] [INFO] config:changed: config:changed — /home/aza/.hermes/hermes-agent/skills/.usage.json (json)
[2026-07-23T08:09:46+02:00] [INFO] config:changed: Skipping validation (outside ADAM_V2_DIR): /home/aza/.hermes/hermes-agent/skills/.usage.json
[2026-07-23T08:09:52+02:00] [INFO] config:changed: config:changed — /home/aza/.hermes/sessions/sessions.json (json)
[2026-07-23T08:09:52+02:00] [INFO] config:changed: config:changed — /home/aza/.hermes/gateway_state.json (json)
[2026-07-23T08:09:52+02:00] [INFO] config:changed: Skipping validation (outside ADAM_V2_DIR): /home/aza/.hermes/sessions/sessions.json
[2026-07-23T08:09:52+02:00] [INFO] config:changed: Skipping validation (outside ADAM_V2_DIR): /home/aza/.hermes/gateway_state.json
[2026-07-23T08:10:08+02:00] [INFO] config:changed: config:changed — /home/aza/.hermes/hermes-agent/skills/.usage.json (json)
[2026-07-23T08:10:08+02:00] [INFO] config:changed: Skipping validation (outside ADAM_V2_DIR): /home/aza/.hermes/hermes-agent/skills/.usage.json
[2026-07-23T08:10:14+02:00] [INFO] config:changed: config:changed — /home/aza/.hermes/hermes-agent/skills/.usage.json (json)
[2026-07-23T08:10:14+02:00] [INFO] config:changed: Skipping validation (outside ADAM_V2_DIR): /home/aza/.hermes/hermes-agent/skills/.usage.json
[2026-07-23T08:10:20+02:00] [INFO] config:changed: config:changed — /home/aza/.hermes/sessions/sessions.json (json)
[2026-07-23T08:10:20+02:00] [INFO] config:changed: Skipping validation (outside ADAM_V2_DIR): /home/aza/.hermes/sessions/sessions.json
[2026-07-23T08:10:20+02:00] [INFO] config:changed: config:changed — /home/aza/.hermes/gateway_state.json (json)
[2026-07-23T08:10:20+02:00] [INFO] config:changed: Skipping validation (outside ADAM_V2_DIR): /home/aza/.hermes/gateway_state.json
[2026-07-23T08:11:26+02:00] [INFO] config:changed: config:changed — /home/aza/.hermes/hermes-agent/skills/.usage.json (json)
[2026-07-23T08:11:26+02:00] [INFO] config:changed: Skipping validation (outside ADAM_V2_DIR): /home/aza/.hermes/hermes-agent/skills/.usage.json
[2026-07-23T08:11:26+02:00] [INFO] config:changed: config:changed — /home/aza/.hermes/channel_directory.json (json)
[2026-07-23T08:11:26+02:00] [INFO] config:changed: Skipping validation (outside ADAM_V2_DIR): /home/aza/.hermes/channel_directory.json
[2026-07-23T08:11:54+02:00] [INFO] config:changed: config:changed — /home/aza/.hermes/hermes-agent/skills/.usage.json (json)
[2026-07-23T08:11:54+02:00] [INFO] config:changed: Skipping validation (outside ADAM_V2_DIR): /home/aza/.hermes/hermes-agent/skills/.usage.json
[2026-07-23T08:12:12+02:00] [INFO] config:changed: config:changed — /home/aza/.hermes/sessions/sessions.json (json)
[2026-07-23T08:12:12+02:00] [INFO] config:changed: Skipping validation (outside ADAM_V2_DIR): /home/aza/.hermes/sessions/sessions.json
[2026-07-23T08:12:12+02:00] [INFO] config:changed: config:changed — /home/aza/.hermes/gateway_state.json (json)
[2026-07-23T08:12:12+02:00] [INFO] config:changed: Skipping validation (outside ADAM_V2_DIR): /home/aza/.hermes/gateway_state.json
[2026-07-23T08:13:59+02:00] [INFO] config:changed: config:changed — /home/aza/eva-adam-v2/adam.py (py)
[2026-07-23T08:13:59+02:00] [INFO] config:changed: Validating Python syntax: /home/aza/eva-adam-v2/adam.py
[2026-07-23T08:13:59+02:00] [OK] config:changed: Python syntax OK: /home/aza/eva-adam-v2/adam.py
[2026-07-23T08:16:27+02:00] [INFO] config:changed: config:changed — /home/aza/.hermes/channel_directory.json (json)
[2026-07-23T08:16:27+02:00] [INFO] config:changed: Skipping validation (outside ADAM_V2_DIR): /home/aza/.hermes/channel_directory.json
[2026-07-23T08:21:29+02:00] [INFO] config:changed: config:changed — /home/aza/.hermes/channel_directory.json (json)
[2026-07-23T08:21:29+02:00] [INFO] config:changed: Skipping validation (outside ADAM_V2_DIR): /home/aza/.hermes/channel_directory.json
[2026-07-23T08:25:57+02:00] [INFO] config:changed: config:changed — /home/aza/.hermes/processes.json (json)
[2026-07-23T08:25:57+02:00] [INFO] config:changed: Skipping validation (outside ADAM_V2_DIR): /home/aza/.hermes/processes.json
[2026-07-23T08:26:29+02:00] [INFO] config:changed: config:changed — /home/aza/.hermes/channel_directory.json (json)
[2026-07-23T08:26:29+02:00] [INFO] config:changed: Skipping validation (outside ADAM_V2_DIR): /home/aza/.hermes/channel_directory.json
[2026-07-23T08:30:51+02:00] [INFO] config:changed: config:changed — /etc/test.conf (conf)
[2026-07-23T08:30:51+02:00] [INFO] config:changed: Skipping validation (outside ADAM_V2_DIR): /etc/test.conf
[2026-07-23T08:31:25+02:00] [INFO] config:changed: config:changed — /home/aza/.hermes/channel_directory.json (json)
[2026-07-23T08:31:25+02:00] [INFO] config:changed: Skipping validation (outside ADAM_V2_DIR): /home/aza/.hermes/channel_directory.json
[2026-07-23T08:31:49+02:00] [INFO] config:changed: config:changed — /home/aza/.hermes/models_dev_cache.json (json)
[2026-07-23T08:31:49+02:00] [INFO] config:changed: Skipping validation (outside ADAM_V2_DIR): /home/aza/.hermes/models_dev_cache.json
[2026-07-23T08:32:17+02:00] [INFO] config:changed: config:changed — /home/aza/.hermes/sessions/sessions.json (json)
[2026-07-23T08:32:17+02:00] [INFO] config:changed: config:changed — /home/aza/.hermes/gateway_state.json (json)
[2026-07-23T08:32:17+02:00] [INFO] config:changed: Skipping validation (outside ADAM_V2_DIR): /home/aza/.hermes/sessions/sessions.json
[2026-07-23T08:32:17+02:00] [INFO] config:changed: config:changed — /home/aza/.hermes/state/rich_sent_index.json (json)
[2026-07-23T08:32:17+02:00] [INFO] config:changed: Skipping validation (outside ADAM_V2_DIR): /home/aza/.hermes/gateway_state.json
[2026-07-23T08:32:17+02:00] [INFO] config:changed: Skipping validation (outside ADAM_V2_DIR): /home/aza/.hermes/state/rich_sent_index.json
[2026-07-23T08:32:39+02:00] [INFO] config:changed: config:changed — /home/aza/.hermes/hermes-agent/skills/.usage.json (json)
[2026-07-23T08:32:39+02:00] [INFO] config:changed: Skipping validation (outside ADAM_V2_DIR): /home/aza/.hermes/hermes-agent/skills/.usage.json
[2026-07-23T08:32:49+02:00] [INFO] config:changed: config:changed — /home/aza/.hermes/hermes-agent/skills/.usage.json (json)
[2026-07-23T08:32:49+02:00] [INFO] config:changed: Skipping validation (outside ADAM_V2_DIR): /home/aza/.hermes/hermes-agent/skills/.usage.json
[2026-07-23T08:32:55+02:00] [INFO] config:changed: config:changed — /home/aza/.hermes/hermes-agent/skills/.usage.json (json)
[2026-07-23T08:32:55+02:00] [INFO] config:changed: Skipping validation (outside ADAM_V2_DIR): /home/aza/.hermes/hermes-agent/skills/.usage.json
[2026-07-23T08:33:51+02:00] [INFO] config:changed: config:changed — /home/aza/.hermes/hermes-agent/skills/.usage.json (json)
[2026-07-23T08:33:51+02:00] [INFO] config:changed: Skipping validation (outside ADAM_V2_DIR): /home/aza/.hermes/hermes-agent/skills/.usage.json
[2026-07-23T08:34:47+02:00] [INFO] config:changed: config:changed — /home/aza/.hermes/hermes-agent/skills/.usage.json (json)
[2026-07-23T08:34:47+02:00] [INFO] config:changed: Skipping validation (outside ADAM_V2_DIR): /home/aza/.hermes/hermes-agent/skills/.usage.json
[2026-07-23T08:35:55+02:00] [INFO] config:changed: config:changed — /home/aza/.hermes/gateway_state.json (json)
[2026-07-23T08:35:55+02:00] [INFO] config:changed: Skipping validation (outside ADAM_V2_DIR): /home/aza/.hermes/gateway_state.json
[2026-07-23T08:35:55+02:00] [INFO] config:changed: config:changed — /home/aza/.hermes/sessions/sessions.json (json)
[2026-07-23T08:35:55+02:00] [INFO] config:changed: Skipping validation (outside ADAM_V2_DIR): /home/aza/.hermes/sessions/sessions.json
[2026-07-23T08:36:27+02:00] [INFO] config:changed: config:changed — /home/aza/.hermes/channel_directory.json (json)
[2026-07-23T08:36:27+02:00] [INFO] config:changed: Skipping validation (outside ADAM_V2_DIR): /home/aza/.hermes/channel_directory.json
[2026-07-23T08:41:29+02:00] [INFO] config:changed: config:changed — /home/aza/.hermes/channel_directory.json (json)
[2026-07-23T08:41:29+02:00] [INFO] config:changed: Skipping validation (outside ADAM_V2_DIR): /home/aza/.hermes/channel_directory.json
[2026-07-23T08:41:51+02:00] [INFO] config:changed: config:changed — /home/aza/.hermes/processes.json (json)
[2026-07-23T08:41:51+02:00] [INFO] config:changed: Skipping validation (outside ADAM_V2_DIR): /home/aza/.hermes/processes.json
[2026-07-23T08:42:31+02:00] [INFO] config:changed: config:changed — /home/aza/.hermes/gateway_state.json (json)
[2026-07-23T08:42:31+02:00] [INFO] config:changed: config:changed — /home/aza/.hermes/sessions/sessions.json (json)
[2026-07-23T08:42:31+02:00] [INFO] config:changed: Skipping validation (outside ADAM_V2_DIR): /home/aza/.hermes/gateway_state.json
[2026-07-23T08:42:31+02:00] [INFO] config:changed: Skipping validation (outside ADAM_V2_DIR): /home/aza/.hermes/sessions/sessions.json
[2026-07-23T08:42:31+02:00] [INFO] config:changed: config:changed — /home/aza/.hermes/state/rich_sent_index.json (json)
[2026-07-23T08:42:31+02:00] [INFO] config:changed: Skipping validation (outside ADAM_V2_DIR): /home/aza/.hermes/state/rich_sent_index.json
[2026-07-23T08:42:47+02:00] [INFO] config:changed: config:changed — /home/aza/.hermes/hermes-agent/skills/.usage.json (json)
[2026-07-23T08:42:47+02:00] [INFO] config:changed: Skipping validation (outside ADAM_V2_DIR): /home/aza/.hermes/hermes-agent/skills/.usage.json
[2026-07-23T08:42:59+02:00] [INFO] config:changed: config:changed — /home/aza/.hermes/hermes-agent/skills/.usage.json (json)
[2026-07-23T08:42:59+02:00] [INFO] config:changed: Skipping validation (outside ADAM_V2_DIR): /home/aza/.hermes/hermes-agent/skills/.usage.json
[2026-07-23T08:43:15+02:00] [INFO] config:changed: config:changed — /home/aza/.hermes/hermes-agent/skills/.usage.json (json)
[2026-07-23T08:43:15+02:00] [INFO] config:changed: Skipping validation (outside ADAM_V2_DIR): /home/aza/.hermes/hermes-agent/skills/.usage.json
[2026-07-23T08:43:43+02:00] [INFO] config:changed: config:changed — /home/aza/.hermes/hermes-agent/skills/.usage.json (json)
[2026-07-23T08:43:43+02:00] [INFO] config:changed: Skipping validation (outside ADAM_V2_DIR): /home/aza/.hermes/hermes-agent/skills/.usage.json
[2026-07-23T08:43:55+02:00] [INFO] config:changed: config:changed — /home/aza/.hermes/hermes-agent/skills/.usage.json (json)
[2026-07-23T08:43:55+02:00] [INFO] config:changed: Skipping validation (outside ADAM_V2_DIR): /home/aza/.hermes/hermes-agent/skills/.usage.json
[2026-07-23T08:44:07+02:00] [INFO] config:changed: config:changed — /home/aza/.hermes/hermes-agent/skills/.usage.json (json)
[2026-07-23T08:44:07+02:00] [INFO] config:changed: Skipping validation (outside ADAM_V2_DIR): /home/aza/.hermes/hermes-agent/skills/.usage.json
[2026-07-23T08:44:11+02:00] [INFO] config:changed: config:changed — /home/aza/.hermes/hermes-agent/skills/.usage.json (json)
[2026-07-23T08:44:11+02:00] [INFO] config:changed: Skipping validation (outside ADAM_V2_DIR): /home/aza/.hermes/hermes-agent/skills/.usage.json
[2026-07-23T08:44:51+02:00] [INFO] config:changed: config:changed — /home/aza/.hermes/hermes-agent/skills/.usage.json (json)
[2026-07-23T08:44:51+02:00] [INFO] config:changed: Skipping validation (outside ADAM_V2_DIR): /home/aza/.hermes/hermes-agent/skills/.usage.json
[2026-07-23T08:44:57+02:00] [INFO] config:changed: config:changed — /home/aza/.hermes/hermes-agent/skills/.usage.json (json)
[2026-07-23T08:44:57+02:00] [INFO] config:changed: Skipping validation (outside ADAM_V2_DIR): /home/aza/.hermes/hermes-agent/skills/.usage.json
[2026-07-23T08:46:25+02:00] [INFO] config:changed: config:changed — /home/aza/.hermes/channel_directory.json (json)
[2026-07-23T08:46:25+02:00] [INFO] config:changed: Skipping validation (outside ADAM_V2_DIR): /home/aza/.hermes/channel_directory.json
[2026-07-23T08:51:27+02:00] [INFO] config:changed: config:changed — /home/aza/.hermes/channel_directory.json (json)
[2026-07-23T08:51:27+02:00] [INFO] config:changed: Skipping validation (outside ADAM_V2_DIR): /home/aza/.hermes/channel_directory.json
[2026-07-23T08:52:23+02:00] [INFO] config:changed: config:changed — /home/aza/.hermes/sessions/sessions.json (json)
[2026-07-23T08:52:23+02:00] [INFO] config:changed: Skipping validation (outside ADAM_V2_DIR): /home/aza/.hermes/sessions/sessions.json
[2026-07-23T08:52:23+02:00] [INFO] config:changed: config:changed — /home/aza/.hermes/gateway_state.json (json)
[2026-07-23T08:52:23+02:00] [INFO] config:changed: Skipping validation (outside ADAM_V2_DIR): /home/aza/.hermes/gateway_state.json
[2026-07-23T08:56:23+02:00] [INFO] config:changed: config:changed — /home/aza/.hermes/processes.json (json)
[2026-07-23T08:56:23+02:00] [INFO] config:changed: Skipping validation (outside ADAM_V2_DIR): /home/aza/.hermes/processes.json
[2026-07-23T08:56:29+02:00] [INFO] config:changed: config:changed — /home/aza/.hermes/channel_directory.json (json)
[2026-07-23T08:56:29+02:00] [INFO] config:changed: Skipping validation (outside ADAM_V2_DIR): /home/aza/.hermes/channel_directory.json
[2026-07-23T08:56:29+02:00] [INFO] config:changed: config:changed — /home/aza/.hermes/processes.json (json)
[2026-07-23T08:56:29+02:00] [INFO] config:changed: Skipping validation (outside ADAM_V2_DIR): /home/aza/.hermes/processes.json
[2026-07-23T09:01:09+02:00] [INFO] config:changed: config:changed — /home/aza/.hermes/cache/openrouter_model_metadata.json (json)
[2026-07-23T09:01:09+02:00] [INFO] config:changed: Skipping validation (outside ADAM_V2_DIR): /home/aza/.hermes/cache/openrouter_model_metadata.json
[2026-07-23T09:01:25+02:00] [INFO] config:changed: config:changed — /home/aza/.hermes/channel_directory.json (json)
[2026-07-23T09:01:25+02:00] [INFO] config:changed: Skipping validation (outside ADAM_V2_DIR): /home/aza/.hermes/channel_directory.json
[2026-07-23T09:04:47+02:00] [INFO] config:changed: config:changed — /home/aza/.hermes/processes.json (json)
[2026-07-23T09:04:47+02:00] [INFO] config:changed: Skipping validation (outside ADAM_V2_DIR): /home/aza/.hermes/processes.json
[2026-07-23T09:05:21+02:00] [INFO] config:changed: config:changed — /home/aza/.hermes/state/rich_sent_index.json (json)
[2026-07-23T09:05:21+02:00] [INFO] config:changed: Skipping validation (outside ADAM_V2_DIR): /home/aza/.hermes/state/rich_sent_index.json
[2026-07-23T09:06:27+02:00] [INFO] config:changed: config:changed — /home/aza/.hermes/channel_directory.json (json)
[2026-07-23T09:06:27+02:00] [INFO] config:changed: Skipping validation (outside ADAM_V2_DIR): /home/aza/.hermes/channel_directory.json
[2026-07-23T09:11:25+02:00] [INFO] config:changed: config:changed — /home/aza/.hermes/channel_directory.json (json)
[2026-07-23T09:11:25+02:00] [INFO] config:changed: Skipping validation (outside ADAM_V2_DIR): /home/aza/.hermes/channel_directory.json
[2026-07-23T09:13:11+02:00] [INFO] config:changed: config:changed — /home/aza/.hermes/processes.json (json)
[2026-07-23T09:13:11+02:00] [INFO] config:changed: Skipping validation (outside ADAM_V2_DIR): /home/aza/.hermes/processes.json
[2026-07-23T09:14:14+02:00] [INFO] config:changed: config:changed — /home/aza/.hermes/processes.json (json)
[2026-07-23T09:14:14+02:00] [INFO] config:changed: Skipping validation (outside ADAM_V2_DIR): /home/aza/.hermes/processes.json
[2026-07-23T09:16:22+02:00] [INFO] config:changed: config:changed — /home/aza/.hermes/processes.json (json)
[2026-07-23T09:16:22+02:00] [INFO] config:changed: Skipping validation (outside ADAM_V2_DIR): /home/aza/.hermes/processes.json
[2026-07-23T09:16:28+02:00] [INFO] config:changed: config:changed — /home/aza/.hermes/channel_directory.json (json)
[2026-07-23T09:16:28+02:00] [INFO] config:changed: Skipping validation (outside ADAM_V2_DIR): /home/aza/.hermes/channel_directory.json
[2026-07-23T09:16:38+02:00] [INFO] config:changed: config:changed — /home/aza/.hermes/processes.json (json)
[2026-07-23T09:16:38+02:00] [INFO] config:changed: Skipping validation (outside ADAM_V2_DIR): /home/aza/.hermes/processes.json
[2026-07-23T09:20:06+02:00] [INFO] config:changed: config:changed — /home/aza/.hermes/state/rich_sent_index.json (json)
[2026-07-23T09:20:06+02:00] [INFO] config:changed: config:changed — /home/aza/.hermes/sessions/sessions.json (json)
[2026-07-23T09:20:06+02:00] [INFO] config:changed: Skipping validation (outside ADAM_V2_DIR): /home/aza/.hermes/state/rich_sent_index.json
[2026-07-23T09:20:06+02:00] [INFO] config:changed: config:changed — /home/aza/.hermes/gateway_state.json (json)
[2026-07-23T09:20:06+02:00] [INFO] config:changed: Skipping validation (outside ADAM_V2_DIR): /home/aza/.hermes/sessions/sessions.json
[2026-07-23T09:20:06+02:00] [INFO] config:changed: Skipping validation (outside ADAM_V2_DIR): /home/aza/.hermes/gateway_state.json
[2026-07-23T09:20:34+02:00] [INFO] config:changed: config:changed — /home/aza/.hermes/hermes-agent/skills/.usage.json (json)
[2026-07-23T09:20:34+02:00] [INFO] config:changed: Skipping validation (outside ADAM_V2_DIR): /home/aza/.hermes/hermes-agent/skills/.usage.json
[2026-07-23T09:20:40+02:00] [INFO] config:changed: config:changed — /home/aza/.hermes/gateway_state.json (json)
[2026-07-23T09:20:40+02:00] [INFO] config:changed: Skipping validation (outside ADAM_V2_DIR): /home/aza/.hermes/gateway_state.json
[2026-07-23T09:20:40+02:00] [INFO] config:changed: config:changed — /home/aza/.hermes/sessions/sessions.json (json)
[2026-07-23T09:20:40+02:00] [INFO] config:changed: Skipping validation (outside ADAM_V2_DIR): /home/aza/.hermes/sessions/sessions.json
[2026-07-23T09:21:30+02:00] [INFO] config:changed: config:changed — /home/aza/.hermes/channel_directory.json (json)
[2026-07-23T09:21:30+02:00] [INFO] config:changed: config:changed — /home/aza/.hermes/hermes-agent/skills/.usage.json (json)
[2026-07-23T09:21:30+02:00] [INFO] config:changed: Skipping validation (outside ADAM_V2_DIR): /home/aza/.hermes/channel_directory.json
[2026-07-23T09:21:30+02:00] [INFO] config:changed: Skipping validation (outside ADAM_V2_DIR): /home/aza/.hermes/hermes-agent/skills/.usage.json
[2026-07-23T09:21:34+02:00] [INFO] config:changed: config:changed — /home/aza/.hermes/hermes-agent/skills/.usage.json (json)
[2026-07-23T09:21:34+02:00] [INFO] config:changed: Skipping validation (outside ADAM_V2_DIR): /home/aza/.hermes/hermes-agent/skills/.usage.json
[2026-07-23T09:21:40+02:00] [INFO] config:changed: config:changed — /home/aza/.hermes/hermes-agent/skills/.usage.json (json)
[2026-07-23T09:21:40+02:00] [INFO] config:changed: Skipping validation (outside ADAM_V2_DIR): /home/aza/.hermes/hermes-agent/skills/.usage.json
[2026-07-23T09:21:52+02:00] [INFO] config:changed: config:changed — /home/aza/.hermes/hermes-agent/skills/.usage.json (json)
[2026-07-23T09:21:52+02:00] [INFO] config:changed: Skipping validation (outside ADAM_V2_DIR): /home/aza/.hermes/hermes-agent/skills/.usage.json
[2026-07-23T09:22:08+02:00] [INFO] config:changed: config:changed — /home/aza/.hermes/hermes-agent/skills/.usage.json (json)
[2026-07-23T09:22:08+02:00] [INFO] config:changed: Skipping validation (outside ADAM_V2_DIR): /home/aza/.hermes/hermes-agent/skills/.usage.json
[2026-07-23T09:22:20+02:00] [INFO] config:changed: config:changed — /home/aza/.hermes/hermes-agent/skills/.usage.json (json)
[2026-07-23T09:22:20+02:00] [INFO] config:changed: Skipping validation (outside ADAM_V2_DIR): /home/aza/.hermes/hermes-agent/skills/.usage.json
[2026-07-23T09:23:22+02:00] [INFO] config:changed: config:changed — /home/aza/.hermes/hermes-agent/skills/.usage.json (json)
[2026-07-23T09:23:22+02:00] [INFO] config:changed: Skipping validation (outside ADAM_V2_DIR): /home/aza/.hermes/hermes-agent/skills/.usage.json
[2026-07-23T09:25:24+02:00] [INFO] config:changed: config:changed — /home/aza/.hermes/hermes-agent/skills/.usage.json (json)
[2026-07-23T09:25:24+02:00] [INFO] config:changed: Skipping validation (outside ADAM_V2_DIR): /home/aza/.hermes/hermes-agent/skills/.usage.json
[2026-07-23T09:25:58+02:00] [INFO] config:changed: config:changed — /home/aza/.hermes/gateway_state.json (json)
[2026-07-23T09:25:58+02:00] [INFO] config:changed: config:changed — /home/aza/.hermes/sessions/sessions.json (json)
[2026-07-23T09:25:58+02:00] [INFO] config:changed: Skipping validation (outside ADAM_V2_DIR): /home/aza/.hermes/gateway_state.json
[2026-07-23T09:25:58+02:00] [INFO] config:changed: Skipping validation (outside ADAM_V2_DIR): /home/aza/.hermes/sessions/sessions.json
[2026-07-23T09:25:58+02:00] [INFO] config:changed: config:changed — /home/aza/.hermes/state/rich_sent_index.json (json)
[2026-07-23T09:25:58+02:00] [INFO] config:changed: Skipping validation (outside ADAM_V2_DIR): /home/aza/.hermes/state/rich_sent_index.json
[2026-07-23T09:26:04+02:00] [INFO] config:changed: config:changed — /home/aza/.hermes/hermes-agent/skills/.usage.json (json)
[2026-07-23T09:26:04+02:00] [INFO] config:changed: Skipping validation (outside ADAM_V2_DIR): /home/aza/.hermes/hermes-agent/skills/.usage.json
[2026-07-23T09:26:26+02:00] [INFO] config:changed: config:changed — /home/aza/.hermes/channel_directory.json (json)
[2026-07-23T09:26:26+02:00] [INFO] config:changed: Skipping validation (outside ADAM_V2_DIR): /home/aza/.hermes/channel_directory.json
[2026-07-23T09:26:32+02:00] [INFO] config:changed: config:changed — /home/aza/.hermes/hermes-agent/skills/.usage.json (json)
[2026-07-23T09:26:32+02:00] [INFO] config:changed: Skipping validation (outside ADAM_V2_DIR): /home/aza/.hermes/hermes-agent/skills/.usage.json
[2026-07-23T09:26:38+02:00] [INFO] config:changed: config:changed — /home/aza/.hermes/hermes-agent/skills/.usage.json (json)
[2026-07-23T09:26:38+02:00] [INFO] config:changed: Skipping validation (outside ADAM_V2_DIR): /home/aza/.hermes/hermes-agent/skills/.usage.json
[2026-07-23T09:26:42+02:00] [INFO] config:changed: config:changed — /home/aza/.hermes/hermes-agent/skills/.usage.json (json)
[2026-07-23T09:26:42+02:00] [INFO] config:changed: Skipping validation (outside ADAM_V2_DIR): /home/aza/.hermes/hermes-agent/skills/.usage.json
[2026-07-23T09:27:06+02:00] [INFO] config:changed: config:changed — /home/aza/.hermes/hermes-agent/skills/.usage.json (json)
[2026-07-23T09:27:06+02:00] [INFO] config:changed: Skipping validation (outside ADAM_V2_DIR): /home/aza/.hermes/hermes-agent/skills/.usage.json
[2026-07-23T09:27:38+02:00] [INFO] config:changed: config:changed — /home/aza/.hermes/hermes-agent/skills/.usage.json (json)
[2026-07-23T09:27:38+02:00] [INFO] config:changed: Skipping validation (outside ADAM_V2_DIR): /home/aza/.hermes/hermes-agent/skills/.usage.json
[2026-07-23T09:27:44+02:00] [INFO] config:changed: config:changed — /home/aza/.hermes/hermes-agent/skills/.usage.json (json)
[2026-07-23T09:27:44+02:00] [INFO] config:changed: Skipping validation (outside ADAM_V2_DIR): /home/aza/.hermes/hermes-agent/skills/.usage.json
[2026-07-23T09:27:56+02:00] [INFO] config:changed: config:changed — /home/aza/.hermes/hermes-agent/skills/.usage.json (json)
[2026-07-23T09:27:56+02:00] [INFO] config:changed: Skipping validation (outside ADAM_V2_DIR): /home/aza/.hermes/hermes-agent/skills/.usage.json
[2026-07-23T09:28:12+02:00] [INFO] config:changed: config:changed — /home/aza/.hermes/hermes-agent/skills/.usage.json (json)
[2026-07-23T09:28:12+02:00] [INFO] config:changed: Skipping validation (outside ADAM_V2_DIR): /home/aza/.hermes/hermes-agent/skills/.usage.json
[2026-07-23T09:28:40+02:00] [INFO] config:changed: config:changed — /home/aza/.hermes/hermes-agent/skills/.usage.json (json)
[2026-07-23T09:28:40+02:00] [INFO] config:changed: Skipping validation (outside ADAM_V2_DIR): /home/aza/.hermes/hermes-agent/skills/.usage.json
[2026-07-23T09:28:52+02:00] [INFO] config:changed: config:changed — /home/aza/.hermes/hermes-agent/skills/.usage.json (json)
[2026-07-23T09:28:52+02:00] [INFO] config:changed: Skipping validation (outside ADAM_V2_DIR): /home/aza/.hermes/hermes-agent/skills/.usage.json
[2026-07-23T09:31:28+02:00] [INFO] config:changed: config:changed — /home/aza/.hermes/channel_directory.json (json)
[2026-07-23T09:31:28+02:00] [INFO] config:changed: Skipping validation (outside ADAM_V2_DIR): /home/aza/.hermes/channel_directory.json
[2026-07-23T09:36:30+02:00] [INFO] config:changed: config:changed — /home/aza/.hermes/channel_directory.json (json)
[2026-07-23T09:36:30+02:00] [INFO] config:changed: Skipping validation (outside ADAM_V2_DIR): /home/aza/.hermes/channel_directory.json
[2026-07-23T09:41:26+02:00] [INFO] config:changed: config:changed — /home/aza/.hermes/channel_directory.json (json)
[2026-07-23T09:41:26+02:00] [INFO] config:changed: Skipping validation (outside ADAM_V2_DIR): /home/aza/.hermes/channel_directory.json
[2026-07-23T09:46:28+02:00] [INFO] config:changed: config:changed — /home/aza/.hermes/channel_directory.json (json)
[2026-07-23T09:46:28+02:00] [INFO] config:changed: Skipping validation (outside ADAM_V2_DIR): /home/aza/.hermes/channel_directory.json
[2026-07-23T09:51:26+02:00] [INFO] config:changed: config:changed — /home/aza/.hermes/channel_directory.json (json)
[2026-07-23T09:51:26+02:00] [INFO] config:changed: Skipping validation (outside ADAM_V2_DIR): /home/aza/.hermes/channel_directory.json
[2026-07-23T09:56:28+02:00] [INFO] config:changed: config:changed — /home/aza/.hermes/channel_directory.json (json)
[2026-07-23T09:56:28+02:00] [INFO] config:changed: Skipping validation (outside ADAM_V2_DIR): /home/aza/.hermes/channel_directory.json
[2026-07-23T10:01:14+02:00] [INFO] config:changed: config:changed — /home/aza/.hermes/sessions/sessions.json (json)
[2026-07-23T10:01:14+02:00] [INFO] config:changed: config:changed — /home/aza/.hermes/gateway_state.json (json)
[2026-07-23T10:01:14+02:00] [INFO] config:changed: Skipping validation (outside ADAM_V2_DIR): /home/aza/.hermes/sessions/sessions.json
[2026-07-23T10:01:14+02:00] [INFO] config:changed: Skipping validation (outside ADAM_V2_DIR): /home/aza/.hermes/gateway_state.json
[2026-07-23T10:01:30+02:00] [INFO] config:changed: config:changed — /home/aza/.hermes/channel_directory.json (json)
[2026-07-23T10:01:30+02:00] [INFO] config:changed: Skipping validation (outside ADAM_V2_DIR): /home/aza/.hermes/channel_directory.json
[2026-07-23T10:01:36+02:00] [INFO] config:changed: config:changed — /home/aza/.hermes/cache/openrouter_model_metadata.json (json)
[2026-07-23T10:01:36+02:00] [INFO] config:changed: Skipping validation (outside ADAM_V2_DIR): /home/aza/.hermes/cache/openrouter_model_metadata.json
[2026-07-23T10:02:48+02:00] [INFO] config:changed: config:changed — /home/aza/.hermes/processes.json (json)
[2026-07-23T10:02:48+02:00] [INFO] config:changed: Skipping validation (outside ADAM_V2_DIR): /home/aza/.hermes/processes.json
[2026-07-23T10:02:54+02:00] [INFO] config:changed: config:changed — /home/aza/.hermes/processes.json (json)
[2026-07-23T10:02:54+02:00] [INFO] config:changed: Skipping validation (outside ADAM_V2_DIR): /home/aza/.hermes/processes.json
[2026-07-23T10:03:56+02:00] [INFO] config:changed: config:changed — /home/aza/.hermes/processes.json (json)
[2026-07-23T10:03:56+02:00] [INFO] config:changed: Skipping validation (outside ADAM_V2_DIR): /home/aza/.hermes/processes.json
[2026-07-23T10:04:06+02:00] [INFO] config:changed: config:changed — /home/aza/.hermes/processes.json (json)
[2026-07-23T10:04:06+02:00] [INFO] config:changed: Skipping validation (outside ADAM_V2_DIR): /home/aza/.hermes/processes.json
[2026-07-23T10:04:34+02:00] [INFO] config:changed: config:changed — /home/aza/.hermes/gateway_state.json (json)
[2026-07-23T10:04:34+02:00] [INFO] config:changed: config:changed — /home/aza/.hermes/sessions/sessions.json (json)
[2026-07-23T10:04:34+02:00] [INFO] config:changed: Skipping validation (outside ADAM_V2_DIR): /home/aza/.hermes/gateway_state.json
[2026-07-23T10:04:34+02:00] [INFO] config:changed: Skipping validation (outside ADAM_V2_DIR): /home/aza/.hermes/sessions/sessions.json
[2026-07-23T10:04:34+02:00] [INFO] config:changed: config:changed — /home/aza/.hermes/state/rich_sent_index.json (json)
[2026-07-23T10:04:34+02:00] [INFO] config:changed: Skipping validation (outside ADAM_V2_DIR): /home/aza/.hermes/state/rich_sent_index.json
[2026-07-23T10:05:08+02:00] [INFO] config:changed: config:changed — /home/aza/.hermes/hermes-agent/skills/.usage.json (json)
[2026-07-23T10:05:08+02:00] [INFO] config:changed: Skipping validation (outside ADAM_V2_DIR): /home/aza/.hermes/hermes-agent/skills/.usage.json
[2026-07-23T10:05:14+02:00] [INFO] config:changed: config:changed — /home/aza/.hermes/hermes-agent/skills/.usage.json (json)
[2026-07-23T10:05:14+02:00] [INFO] config:changed: Skipping validation (outside ADAM_V2_DIR): /home/aza/.hermes/hermes-agent/skills/.usage.json
[2026-07-23T10:05:20+02:00] [INFO] config:changed: config:changed — /home/aza/.hermes/hermes-agent/skills/.usage.json (json)
[2026-07-23T10:05:20+02:00] [INFO] config:changed: Skipping validation (outside ADAM_V2_DIR): /home/aza/.hermes/hermes-agent/skills/.usage.json
[2026-07-23T10:05:48+02:00] [INFO] config:changed: config:changed — /home/aza/.hermes/hermes-agent/skills/.usage.json (json)
[2026-07-23T10:05:48+02:00] [INFO] config:changed: Skipping validation (outside ADAM_V2_DIR): /home/aza/.hermes/hermes-agent/skills/.usage.json
[2026-07-23T10:06:16+02:00] [INFO] config:changed: config:changed — /home/aza/.hermes/hermes-agent/skills/.usage.json (json)
[2026-07-23T10:06:16+02:00] [INFO] config:changed: Skipping validation (outside ADAM_V2_DIR): /home/aza/.hermes/hermes-agent/skills/.usage.json
[2026-07-23T10:06:26+02:00] [INFO] config:changed: config:changed — /home/aza/.hermes/channel_directory.json (json)
[2026-07-23T10:06:26+02:00] [INFO] config:changed: Skipping validation (outside ADAM_V2_DIR): /home/aza/.hermes/channel_directory.json
[2026-07-23T10:06:26+02:00] [INFO] config:changed: config:changed — /home/aza/.hermes/hermes-agent/skills/.usage.json (json)
[2026-07-23T10:06:26+02:00] [INFO] config:changed: Skipping validation (outside ADAM_V2_DIR): /home/aza/.hermes/hermes-agent/skills/.usage.json
[2026-07-23T10:07:14+02:00] [INFO] config:changed: config:changed — /home/aza/.hermes/hermes-agent/skills/.usage.json (json)
[2026-07-23T10:07:14+02:00] [INFO] config:changed: Skipping validation (outside ADAM_V2_DIR): /home/aza/.hermes/hermes-agent/skills/.usage.json
[2026-07-23T10:07:28+02:00] [INFO] config:changed: config:changed — /home/aza/.hermes/hermes-agent/skills/.usage.json (json)
[2026-07-23T10:07:28+02:00] [INFO] config:changed: Skipping validation (outside ADAM_V2_DIR): /home/aza/.hermes/hermes-agent/skills/.usage.json
[2026-07-23T10:07:40+02:00] [INFO] config:changed: config:changed — /home/aza/.hermes/hermes-agent/skills/.usage.json (json)
[2026-07-23T10:07:40+02:00] [INFO] config:changed: Skipping validation (outside ADAM_V2_DIR): /home/aza/.hermes/hermes-agent/skills/.usage.json
[2026-07-23T10:07:50+02:00] [INFO] config:changed: config:changed — /home/aza/.hermes/hermes-agent/skills/.usage.json (json)
[2026-07-23T10:07:50+02:00] [INFO] config:changed: Skipping validation (outside ADAM_V2_DIR): /home/aza/.hermes/hermes-agent/skills/.usage.json
[2026-07-23T10:07:56+02:00] [INFO] config:changed: config:changed — /home/aza/.hermes/hermes-agent/skills/.usage.json (json)
[2026-07-23T10:07:56+02:00] [INFO] config:changed: Skipping validation (outside ADAM_V2_DIR): /home/aza/.hermes/hermes-agent/skills/.usage.json
[2026-07-23T10:11:28+02:00] [INFO] config:changed: config:changed — /home/aza/.hermes/channel_directory.json (json)
[2026-07-23T10:11:28+02:00] [INFO] config:changed: Skipping validation (outside ADAM_V2_DIR): /home/aza/.hermes/channel_directory.json
[2026-07-23T10:16:26+02:00] [INFO] config:changed: config:changed — /home/aza/.hermes/channel_directory.json (json)
[2026-07-23T10:16:27+02:00] [INFO] config:changed: Skipping validation (outside ADAM_V2_DIR): /home/aza/.hermes/channel_directory.json
[2026-07-23T10:21:29+02:00] [INFO] config:changed: config:changed — /home/aza/.hermes/channel_directory.json (json)
[2026-07-23T10:21:29+02:00] [INFO] config:changed: Skipping validation (outside ADAM_V2_DIR): /home/aza/.hermes/channel_directory.json
[2026-07-23T10:26:25+02:00] [INFO] config:changed: config:changed — /home/aza/.hermes/channel_directory.json (json)
[2026-07-23T10:26:25+02:00] [INFO] config:changed: Skipping validation (outside ADAM_V2_DIR): /home/aza/.hermes/channel_directory.json
[2026-07-23T10:30:37+02:00] [INFO] config:changed: config:changed — /home/aza/.hermes/sessions/sessions.json (json)
[2026-07-23T10:30:37+02:00] [INFO] config:changed: Skipping validation (outside ADAM_V2_DIR): /home/aza/.hermes/sessions/sessions.json
[2026-07-23T10:30:37+02:00] [INFO] config:changed: config:changed — /home/aza/.hermes/gateway_state.json (json)
[2026-07-23T10:30:37+02:00] [INFO] config:changed: Skipping validation (outside ADAM_V2_DIR): /home/aza/.hermes/gateway_state.json
[2026-07-23T10:31:27+02:00] [INFO] config:changed: config:changed — /home/aza/.hermes/channel_directory.json (json)
[2026-07-23T10:31:27+02:00] [INFO] config:changed: Skipping validation (outside ADAM_V2_DIR): /home/aza/.hermes/channel_directory.json
[2026-07-23T10:34:15+02:00] [INFO] config:changed: config:changed — /home/aza/.hermes/models_dev_cache.json (json)
[2026-07-23T10:34:15+02:00] [INFO] config:changed: Skipping validation (outside ADAM_V2_DIR): /home/aza/.hermes/models_dev_cache.json
[2026-07-23T10:36:29+02:00] [INFO] config:changed: config:changed — /home/aza/.hermes/channel_directory.json (json)
[2026-07-23T10:36:29+02:00] [INFO] config:changed: Skipping validation (outside ADAM_V2_DIR): /home/aza/.hermes/channel_directory.json
[2026-07-23T10:37:03+02:00] [INFO] config:changed: config:changed — /home/aza/.hermes/processes.json (json)
[2026-07-23T10:37:03+02:00] [INFO] config:changed: Skipping validation (outside ADAM_V2_DIR): /home/aza/.hermes/processes.json
[2026-07-23T10:37:09+02:00] [INFO] config:changed: config:changed — /home/aza/.hermes/processes.json (json)
[2026-07-23T10:37:09+02:00] [INFO] config:changed: Skipping validation (outside ADAM_V2_DIR): /home/aza/.hermes/processes.json
[2026-07-23T10:39:07+02:00] [INFO] config:changed: config:changed — /home/aza/.hermes/processes.json (json)
[2026-07-23T10:39:07+02:00] [INFO] config:changed: Skipping validation (outside ADAM_V2_DIR): /home/aza/.hermes/processes.json
[2026-07-23T10:39:11+02:00] [INFO] config:changed: config:changed — /home/aza/.hermes/processes.json (json)
[2026-07-23T10:39:11+02:00] [INFO] config:changed: Skipping validation (outside ADAM_V2_DIR): /home/aza/.hermes/processes.json
[2026-07-23T10:41:09+02:00] [INFO] config:changed: config:changed — /home/aza/.hermes/hermes-agent/skills/.usage.json (json)
[2026-07-23T10:41:09+02:00] [INFO] config:changed: Skipping validation (outside ADAM_V2_DIR): /home/aza/.hermes/hermes-agent/skills/.usage.json
[2026-07-23T10:41:21+02:00] [INFO] config:changed: config:changed — /home/aza/.hermes/hermes-agent/skills/.usage.json (json)
[2026-07-23T10:41:21+02:00] [INFO] config:changed: Skipping validation (outside ADAM_V2_DIR): /home/aza/.hermes/hermes-agent/skills/.usage.json
[2026-07-23T10:41:27+02:00] [INFO] config:changed: config:changed — /home/aza/.hermes/channel_directory.json (json)
[2026-07-23T10:41:27+02:00] [INFO] config:changed: Skipping validation (outside ADAM_V2_DIR): /home/aza/.hermes/channel_directory.json
[2026-07-23T10:42:11+02:00] [INFO] config:changed: config:changed — /home/aza/.hermes/hermes-agent/skills/.usage.json (json)
[2026-07-23T10:42:11+02:00] [INFO] config:changed: Skipping validation (outside ADAM_V2_DIR): /home/aza/.hermes/hermes-agent/skills/.usage.json
[2026-07-23T10:42:23+02:00] [INFO] config:changed: config:changed — /home/aza/.hermes/hermes-agent/skills/.usage.json (json)
[2026-07-23T10:42:23+02:00] [INFO] config:changed: Skipping validation (outside ADAM_V2_DIR): /home/aza/.hermes/hermes-agent/skills/.usage.json
[2026-07-23T10:42:33+02:00] [INFO] config:changed: config:changed — /home/aza/.hermes/hermes-agent/skills/.usage.json (json)
[2026-07-23T10:42:33+02:00] [INFO] config:changed: Skipping validation (outside ADAM_V2_DIR): /home/aza/.hermes/hermes-agent/skills/.usage.json
[2026-07-23T10:42:39+02:00] [INFO] config:changed: config:changed — /home/aza/.hermes/hermes-agent/skills/.usage.json (json)
[2026-07-23T10:42:39+02:00] [INFO] config:changed: Skipping validation (outside ADAM_V2_DIR): /home/aza/.hermes/hermes-agent/skills/.usage.json
[2026-07-23T10:42:55+02:00] [INFO] config:changed: config:changed — /home/aza/.hermes/hermes-agent/skills/.usage.json (json)
[2026-07-23T10:42:55+02:00] [INFO] config:changed: Skipping validation (outside ADAM_V2_DIR): /home/aza/.hermes/hermes-agent/skills/.usage.json
[2026-07-23T10:44:25+02:00] [INFO] config:changed: config:changed — /home/aza/.hermes/gateway_state.json (json)
[2026-07-23T10:44:25+02:00] [INFO] config:changed: config:changed — /home/aza/.hermes/sessions/sessions.json (json)
[2026-07-23T10:44:25+02:00] [INFO] config:changed: Skipping validation (outside ADAM_V2_DIR): /home/aza/.hermes/gateway_state.json
[2026-07-23T10:44:25+02:00] [INFO] config:changed: Skipping validation (outside ADAM_V2_DIR): /home/aza/.hermes/sessions/sessions.json
[2026-07-23T10:46:29+02:00] [INFO] config:changed: config:changed — /home/aza/.hermes/channel_directory.json (json)
[2026-07-23T10:46:29+02:00] [INFO] config:changed: Skipping validation (outside ADAM_V2_DIR): /home/aza/.hermes/channel_directory.json
[2026-07-23T10:51:25+02:00] [INFO] config:changed: config:changed — /home/aza/.hermes/gateway_state.json (json)
[2026-07-23T10:51:25+02:00] [INFO] config:changed: Skipping validation (outside ADAM_V2_DIR): /home/aza/.hermes/gateway_state.json
[2026-07-23T10:51:25+02:00] [INFO] config:changed: config:changed — /home/aza/.hermes/sessions/sessions.json (json)
[2026-07-23T10:51:25+02:00] [INFO] config:changed: Skipping validation (outside ADAM_V2_DIR): /home/aza/.hermes/sessions/sessions.json
[2026-07-23T10:51:31+02:00] [INFO] config:changed: config:changed — /home/aza/.hermes/channel_directory.json (json)
[2026-07-23T10:51:31+02:00] [INFO] config:changed: Skipping validation (outside ADAM_V2_DIR): /home/aza/.hermes/channel_directory.json
[2026-07-23T10:56:27+02:00] [INFO] config:changed: config:changed — /home/aza/.hermes/channel_directory.json (json)
[2026-07-23T10:56:27+02:00] [INFO] config:changed: Skipping validation (outside ADAM_V2_DIR): /home/aza/.hermes/channel_directory.json
[2026-07-23T10:58:01+02:00] [INFO] config:changed: config:changed — /home/aza/.hermes/processes.json (json)
[2026-07-23T10:58:01+02:00] [INFO] config:changed: Skipping validation (outside ADAM_V2_DIR): /home/aza/.hermes/processes.json
[2026-07-23T10:58:07+02:00] [INFO] config:changed: config:changed — /home/aza/.hermes/processes.json (json)
[2026-07-23T10:58:07+02:00] [INFO] config:changed: Skipping validation (outside ADAM_V2_DIR): /home/aza/.hermes/processes.json
[2026-07-23T11:01:27+02:00] [INFO] config:changed: config:changed — /home/aza/.hermes/channel_directory.json (json)
[2026-07-23T11:01:27+02:00] [INFO] config:changed: config:changed — /home/aza/.hermes/processes.json (json)
[2026-07-23T11:01:27+02:00] [INFO] config:changed: Skipping validation (outside ADAM_V2_DIR): /home/aza/.hermes/channel_directory.json
[2026-07-23T11:01:27+02:00] [INFO] config:changed: Skipping validation (outside ADAM_V2_DIR): /home/aza/.hermes/processes.json
[2026-07-23T11:01:43+02:00] [INFO] config:changed: config:changed — /home/aza/.hermes/processes.json (json)
[2026-07-23T11:01:43+02:00] [INFO] config:changed: Skipping validation (outside ADAM_V2_DIR): /home/aza/.hermes/processes.json
[2026-07-23T11:01:43+02:00] [INFO] config:changed: config:changed — /home/aza/.hermes/cache/openrouter_model_metadata.json (json)
[2026-07-23T11:01:43+02:00] [INFO] config:changed: Skipping validation (outside ADAM_V2_DIR): /home/aza/.hermes/cache/openrouter_model_metadata.json
[2026-07-23T11:03:55+02:00] [INFO] config:changed: config:changed — /home/aza/.hermes/processes.json (json)
[2026-07-23T11:03:55+02:00] [INFO] config:changed: Skipping validation (outside ADAM_V2_DIR): /home/aza/.hermes/processes.json
[2026-07-23T11:05:43+02:00] [INFO] config:changed: config:changed — /home/aza/.hermes/gateway_state.json (json)
[2026-07-23T11:05:43+02:00] [INFO] config:changed: Skipping validation (outside ADAM_V2_DIR): /home/aza/.hermes/gateway_state.json
[2026-07-23T11:05:43+02:00] [INFO] config:changed: config:changed — /home/aza/.hermes/sessions/sessions.json (json)
[2026-07-23T11:05:43+02:00] [INFO] config:changed: Skipping validation (outside ADAM_V2_DIR): /home/aza/.hermes/sessions/sessions.json
[2026-07-23T11:06:17+02:00] [INFO] config:changed: config:changed — /home/aza/.hermes/hermes-agent/skills/.usage.json (json)
[2026-07-23T11:06:17+02:00] [INFO] config:changed: Skipping validation (outside ADAM_V2_DIR): /home/aza/.hermes/hermes-agent/skills/.usage.json
[2026-07-23T11:06:27+02:00] [INFO] config:changed: config:changed — /home/aza/.hermes/channel_directory.json (json)
[2026-07-23T11:06:27+02:00] [INFO] config:changed: Skipping validation (outside ADAM_V2_DIR): /home/aza/.hermes/channel_directory.json
[2026-07-23T11:06:27+02:00] [INFO] config:changed: config:changed — /home/aza/.hermes/hermes-agent/skills/.usage.json (json)
[2026-07-23T11:06:27+02:00] [INFO] config:changed: Skipping validation (outside ADAM_V2_DIR): /home/aza/.hermes/hermes-agent/skills/.usage.json
[2026-07-23T11:06:33+02:00] [INFO] config:changed: config:changed — /home/aza/.hermes/hermes-agent/skills/.usage.json (json)
[2026-07-23T11:06:33+02:00] [INFO] config:changed: Skipping validation (outside ADAM_V2_DIR): /home/aza/.hermes/hermes-agent/skills/.usage.json
[2026-07-23T11:08:15+02:00] [INFO] config:changed: config:changed — /home/aza/.hermes/hermes-agent/skills/.usage.json (json)
[2026-07-23T11:08:15+02:00] [INFO] config:changed: Skipping validation (outside ADAM_V2_DIR): /home/aza/.hermes/hermes-agent/skills/.usage.json
[2026-07-23T11:08:19+02:00] [INFO] config:changed: config:changed — /home/aza/.hermes/hermes-agent/skills/.usage.json (json)
[2026-07-23T11:08:19+02:00] [INFO] config:changed: Skipping validation (outside ADAM_V2_DIR): /home/aza/.hermes/hermes-agent/skills/.usage.json
[2026-07-23T11:08:25+02:00] [INFO] config:changed: config:changed — /home/aza/.hermes/hermes-agent/skills/.usage.json (json)
[2026-07-23T11:08:25+02:00] [INFO] config:changed: Skipping validation (outside ADAM_V2_DIR): /home/aza/.hermes/hermes-agent/skills/.usage.json
[2026-07-23T11:11:29+02:00] [INFO] config:changed: config:changed — /home/aza/.hermes/channel_directory.json (json)
[2026-07-23T11:11:29+02:00] [INFO] config:changed: Skipping validation (outside ADAM_V2_DIR): /home/aza/.hermes/channel_directory.json
[2026-07-23T11:16:25+02:00] [INFO] config:changed: config:changed — /home/aza/.hermes/channel_directory.json (json)
[2026-07-23T11:16:25+02:00] [INFO] config:changed: Skipping validation (outside ADAM_V2_DIR): /home/aza/.hermes/channel_directory.json
[2026-07-23T11:16:55+02:00] [INFO] config:changed: config:changed — /home/aza/.hermes/gateway_state.json (json)
[2026-07-23T11:16:55+02:00] [INFO] config:changed: Skipping validation (outside ADAM_V2_DIR): /home/aza/.hermes/gateway_state.json
[2026-07-23T11:16:57+02:00] [INFO] config:changed: config:changed — /home/aza/.hermes/sessions/sessions.json (json)
[2026-07-23T11:16:57+02:00] [INFO] config:changed: Skipping validation (outside ADAM_V2_DIR): /home/aza/.hermes/sessions/sessions.json
[2026-07-23T11:21:29+02:00] [INFO] config:changed: config:changed — /home/aza/.hermes/channel_directory.json (json)
[2026-07-23T11:21:29+02:00] [INFO] config:changed: Skipping validation (outside ADAM_V2_DIR): /home/aza/.hermes/channel_directory.json
[2026-07-23T11:25:42+02:00] [WARN] config:changed: config:changed payload missing 'path' field
[2026-07-23T11:26:26+02:00] [INFO] config:changed: config:changed — /home/aza/.hermes/channel_directory.json (json)
[2026-07-23T11:26:26+02:00] [INFO] config:changed: Skipping validation (outside ADAM_V2_DIR): /home/aza/.hermes/channel_directory.json
[2026-07-23T11:27:14+02:00] [WARN] config:changed: config:changed payload missing 'path' field
[2026-07-23T11:30:04+02:00] [WARN] config:changed: config:changed payload missing 'path' field
[2026-07-23T11:31:28+02:00] [INFO] config:changed: config:changed — /home/aza/.hermes/channel_directory.json (json)
[2026-07-23T11:31:28+02:00] [INFO] config:changed: Skipping validation (outside ADAM_V2_DIR): /home/aza/.hermes/channel_directory.json
[2026-07-23T11:31:34+02:00] [WARN] config:changed: config:changed payload missing 'path' field
[2026-07-23T11:34:26+02:00] [WARN] config:changed: config:changed payload missing 'path' field
[2026-07-23T11:35:06+02:00] [INFO] config:changed: config:changed — /home/aza/.hermes/state/rich_sent_index.json (json)
[2026-07-23T11:35:06+02:00] [INFO] config:changed: Skipping validation (outside ADAM_V2_DIR): /home/aza/.hermes/state/rich_sent_index.json
[2026-07-23T11:35:56+02:00] [WARN] config:changed: config:changed payload missing 'path' field
[2026-07-23T11:36:30+02:00] [INFO] config:changed: config:changed — /home/aza/.hermes/channel_directory.json (json)
[2026-07-23T11:36:30+02:00] [INFO] config:changed: Skipping validation (outside ADAM_V2_DIR): /home/aza/.hermes/channel_directory.json
[2026-07-23T11:37:32+02:00] [INFO] config:changed: config:changed — /home/aza/.hermes/processes.json (json)
[2026-07-23T11:37:32+02:00] [INFO] config:changed: Skipping validation (outside ADAM_V2_DIR): /home/aza/.hermes/processes.json
[2026-07-23T11:38:46+02:00] [WARN] config:changed: config:changed payload missing 'path' field
[2026-07-23T11:39:12+02:00] [INFO] config:changed: config:changed — /home/aza/.hermes/processes.json (json)
[2026-07-23T11:39:12+02:00] [INFO] config:changed: Skipping validation (outside ADAM_V2_DIR): /home/aza/.hermes/processes.json
[2026-07-23T11:40:08+02:00] [INFO] config:changed: config:changed — /home/aza/.hermes/processes.json (json)
[2026-07-23T11:40:08+02:00] [INFO] config:changed: Skipping validation (outside ADAM_V2_DIR): /home/aza/.hermes/processes.json
[2026-07-23T11:40:18+02:00] [WARN] config:changed: config:changed payload missing 'path' field
[2026-07-23T11:41:26+02:00] [INFO] config:changed: config:changed — /home/aza/.hermes/channel_directory.json (json)
[2026-07-23T11:41:26+02:00] [INFO] config:changed: Skipping validation (outside ADAM_V2_DIR): /home/aza/.hermes/channel_directory.json
[2026-07-23T11:43:08+02:00] [WARN] config:changed: config:changed payload missing 'path' field
[2026-07-23T11:44:38+02:00] [WARN] config:changed: config:changed payload missing 'path' field
[2026-07-23T11:45:50+02:00] [INFO] config:changed: config:changed — /home/aza/.hermes/sessions/sessions.json (json)
[2026-07-23T11:45:50+02:00] [INFO] config:changed: Skipping validation (outside ADAM_V2_DIR): /home/aza/.hermes/sessions/sessions.json
[2026-07-23T11:45:50+02:00] [INFO] config:changed: config:changed — /home/aza/.hermes/state/rich_sent_index.json (json)
[2026-07-23T11:45:50+02:00] [INFO] config:changed: config:changed — /home/aza/.hermes/gateway_state.json (json)
[2026-07-23T11:45:50+02:00] [INFO] config:changed: Skipping validation (outside ADAM_V2_DIR): /home/aza/.hermes/state/rich_sent_index.json
[2026-07-23T11:45:50+02:00] [INFO] config:changed: Skipping validation (outside ADAM_V2_DIR): /home/aza/.hermes/gateway_state.json
[2026-07-23T11:46:06+02:00] [INFO] config:changed: config:changed — /home/aza/.hermes/hermes-agent/skills/.usage.json (json)
[2026-07-23T11:46:06+02:00] [INFO] config:changed: Skipping validation (outside ADAM_V2_DIR): /home/aza/.hermes/hermes-agent/skills/.usage.json
[2026-07-23T11:46:30+02:00] [INFO] config:changed: config:changed — /home/aza/.hermes/channel_directory.json (json)
[2026-07-23T11:46:30+02:00] [INFO] config:changed: Skipping validation (outside ADAM_V2_DIR): /home/aza/.hermes/channel_directory.json
[2026-07-23T11:46:46+02:00] [INFO] config:changed: config:changed — /home/aza/.hermes/hermes-agent/skills/.usage.json (json)
[2026-07-23T11:46:46+02:00] [INFO] config:changed: Skipping validation (outside ADAM_V2_DIR): /home/aza/.hermes/hermes-agent/skills/.usage.json
[2026-07-23T11:46:52+02:00] [INFO] config:changed: config:changed — /home/aza/.hermes/hermes-agent/skills/.usage.json (json)
[2026-07-23T11:46:52+02:00] [INFO] config:changed: Skipping validation (outside ADAM_V2_DIR): /home/aza/.hermes/hermes-agent/skills/.usage.json
[2026-07-23T11:47:28+02:00] [WARN] config:changed: config:changed payload missing 'path' field
[2026-07-23T11:47:28+02:00] [INFO] config:changed: config:changed — /home/aza/.hermes/hermes-agent/skills/.usage.json (json)
[2026-07-23T11:47:28+02:00] [INFO] config:changed: Skipping validation (outside ADAM_V2_DIR): /home/aza/.hermes/hermes-agent/skills/.usage.json
[2026-07-23T11:47:42+02:00] [INFO] config:changed: config:changed — /home/aza/.hermes/hermes-agent/skills/.usage.json (json)
[2026-07-23T11:47:42+02:00] [INFO] config:changed: Skipping validation (outside ADAM_V2_DIR): /home/aza/.hermes/hermes-agent/skills/.usage.json
[2026-07-23T11:47:48+02:00] [INFO] config:changed: config:changed — /home/aza/.hermes/hermes-agent/skills/.usage.json (json)
[2026-07-23T11:47:48+02:00] [INFO] config:changed: Skipping validation (outside ADAM_V2_DIR): /home/aza/.hermes/hermes-agent/skills/.usage.json
[2026-07-23T11:49:00+02:00] [INFO] config:changed: config:changed — /home/aza/.hermes/sessions/sessions.json (json)
[2026-07-23T11:49:00+02:00] [INFO] config:changed: Skipping validation (outside ADAM_V2_DIR): /home/aza/.hermes/sessions/sessions.json
[2026-07-23T11:49:00+02:00] [WARN] config:changed: config:changed payload missing 'path' field
[2026-07-23T11:49:00+02:00] [INFO] config:changed: config:changed — /home/aza/.hermes/gateway_state.json (json)
[2026-07-23T11:49:00+02:00] [INFO] config:changed: Skipping validation (outside ADAM_V2_DIR): /home/aza/.hermes/gateway_state.json
[2026-07-23T11:51:26+02:00] [INFO] config:changed: config:changed — /home/aza/.hermes/channel_directory.json (json)
[2026-07-23T11:51:26+02:00] [INFO] config:changed: Skipping validation (outside ADAM_V2_DIR): /home/aza/.hermes/channel_directory.json
[2026-07-23T11:51:50+02:00] [WARN] config:changed: config:changed payload missing 'path' field
[2026-07-23T11:53:20+02:00] [WARN] config:changed: config:changed payload missing 'path' field
[2026-07-23T11:56:10+02:00] [WARN] config:changed: config:changed payload missing 'path' field
[2026-07-23T11:56:28+02:00] [INFO] config:changed: config:changed — /home/aza/.hermes/channel_directory.json (json)
[2026-07-23T11:56:28+02:00] [INFO] config:changed: Skipping validation (outside ADAM_V2_DIR): /home/aza/.hermes/channel_directory.json
[2026-07-23T11:57:42+02:00] [WARN] config:changed: config:changed payload missing 'path' field
[2026-07-23T12:00:32+02:00] [WARN] config:changed: config:changed payload missing 'path' field
[2026-07-23T12:01:30+02:00] [INFO] config:changed: config:changed — /home/aza/.hermes/channel_directory.json (json)
[2026-07-23T12:01:30+02:00] [INFO] config:changed: Skipping validation (outside ADAM_V2_DIR): /home/aza/.hermes/channel_directory.json
[2026-07-23T12:02:02+02:00] [WARN] config:changed: config:changed payload missing 'path' field
[2026-07-23T12:02:04+02:00] [INFO] config:changed: config:changed — /home/aza/.hermes/cache/openrouter_model_metadata.json (json)
[2026-07-23T12:02:04+02:00] [INFO] config:changed: Skipping validation (outside ADAM_V2_DIR): /home/aza/.hermes/cache/openrouter_model_metadata.json
[2026-07-23T12:04:54+02:00] [WARN] config:changed: config:changed payload missing 'path' field
[2026-07-23T12:06:24+02:00] [WARN] config:changed: config:changed payload missing 'path' field
[2026-07-23T12:06:26+02:00] [INFO] config:changed: config:changed — /home/aza/.hermes/channel_directory.json (json)
[2026-07-23T12:06:26+02:00] [INFO] config:changed: Skipping validation (outside ADAM_V2_DIR): /home/aza/.hermes/channel_directory.json
[2026-07-23T12:09:14+02:00] [WARN] config:changed: config:changed payload missing 'path' field
[2026-07-23T12:10:45+02:00] [WARN] config:changed: config:changed payload missing 'path' field
[2026-07-23T12:11:29+02:00] [INFO] config:changed: config:changed — /home/aza/.hermes/channel_directory.json (json)
[2026-07-23T12:11:29+02:00] [INFO] config:changed: Skipping validation (outside ADAM_V2_DIR): /home/aza/.hermes/channel_directory.json
[2026-07-23T12:11:47+02:00] [INFO] config:changed: config:changed — /home/aza/.hermes/processes.json (json)
[2026-07-23T12:11:47+02:00] [INFO] config:changed: Skipping validation (outside ADAM_V2_DIR): /home/aza/.hermes/processes.json
[2026-07-23T12:13:37+02:00] [WARN] config:changed: config:changed payload missing 'path' field
[2026-07-23T12:15:07+02:00] [WARN] config:changed: config:changed payload missing 'path' field
[2026-07-23T12:16:27+02:00] [INFO] config:changed: config:changed — /home/aza/.hermes/channel_directory.json (json)
[2026-07-23T12:16:27+02:00] [INFO] config:changed: Skipping validation (outside ADAM_V2_DIR): /home/aza/.hermes/channel_directory.json
[2026-07-23T12:16:49+02:00] [INFO] config:changed: config:changed — /home/aza/.hermes/state/rich_sent_index.json (json)
[2026-07-23T12:16:49+02:00] [INFO] config:changed: config:changed — /home/aza/.hermes/sessions/sessions.json (json)
[2026-07-23T12:16:49+02:00] [INFO] config:changed: Skipping validation (outside ADAM_V2_DIR): /home/aza/.hermes/state/rich_sent_index.json
[2026-07-23T12:16:49+02:00] [INFO] config:changed: Skipping validation (outside ADAM_V2_DIR): /home/aza/.hermes/sessions/sessions.json
[2026-07-23T12:16:49+02:00] [INFO] config:changed: config:changed — /home/aza/.hermes/gateway_state.json (json)
[2026-07-23T12:16:49+02:00] [INFO] config:changed: Skipping validation (outside ADAM_V2_DIR): /home/aza/.hermes/gateway_state.json
[2026-07-23T12:17:17+02:00] [INFO] config:changed: config:changed — /home/aza/.hermes/hermes-agent/skills/.usage.json (json)
[2026-07-23T12:17:17+02:00] [INFO] config:changed: Skipping validation (outside ADAM_V2_DIR): /home/aza/.hermes/hermes-agent/skills/.usage.json
[2026-07-23T12:17:57+02:00] [WARN] config:changed: config:changed payload missing 'path' field
[2026-07-23T12:18:07+02:00] [INFO] config:changed: config:changed — /home/aza/.hermes/hermes-agent/skills/.usage.json (json)
[2026-07-23T12:18:07+02:00] [INFO] config:changed: Skipping validation (outside ADAM_V2_DIR): /home/aza/.hermes/hermes-agent/skills/.usage.json
[2026-07-23T12:18:35+02:00] [INFO] config:changed: config:changed — /home/aza/.hermes/hermes-agent/skills/.usage.json (json)
[2026-07-23T12:18:35+02:00] [INFO] config:changed: Skipping validation (outside ADAM_V2_DIR): /home/aza/.hermes/hermes-agent/skills/.usage.json
[2026-07-23T12:19:29+02:00] [WARN] config:changed: config:changed payload missing 'path' field
[2026-07-23T12:20:39+02:00] [INFO] config:changed: config:changed — /home/aza/.hermes/hermes-agent/skills/.usage.json (json)
[2026-07-23T12:20:39+02:00] [INFO] config:changed: Skipping validation (outside ADAM_V2_DIR): /home/aza/.hermes/hermes-agent/skills/.usage.json
[2026-07-23T12:21:29+02:00] [INFO] config:changed: config:changed — /home/aza/.hermes/channel_directory.json (json)
[2026-07-23T12:21:29+02:00] [INFO] config:changed: Skipping validation (outside ADAM_V2_DIR): /home/aza/.hermes/channel_directory.json
[2026-07-23T12:22:19+02:00] [WARN] config:changed: config:changed payload missing 'path' field
[2026-07-23T12:23:49+02:00] [WARN] config:changed: config:changed payload missing 'path' field
[2026-07-23T12:24:27+02:00] [INFO] config:changed: config:changed — /home/aza/.hermes/sessions/sessions.json (json)
[2026-07-23T12:24:27+02:00] [INFO] config:changed: Skipping validation (outside ADAM_V2_DIR): /home/aza/.hermes/sessions/sessions.json
[2026-07-23T12:24:27+02:00] [INFO] config:changed: config:changed — /home/aza/.hermes/gateway_state.json (json)
[2026-07-23T12:24:27+02:00] [INFO] config:changed: Skipping validation (outside ADAM_V2_DIR): /home/aza/.hermes/gateway_state.json
[2026-07-23T12:26:15+02:00] [INFO] config:changed: config:changed — /home/aza/.hermes/hermes-agent/skills/.usage.json (json)
[2026-07-23T12:26:15+02:00] [INFO] config:changed: Skipping validation (outside ADAM_V2_DIR): /home/aza/.hermes/hermes-agent/skills/.usage.json
[2026-07-23T12:26:35+02:00] [INFO] config:changed: config:changed — /home/aza/.hermes/channel_directory.json (json)
[2026-07-23T12:26:35+02:00] [INFO] config:changed: Skipping validation (outside ADAM_V2_DIR): /home/aza/.hermes/channel_directory.json
[2026-07-23T12:26:39+02:00] [WARN] config:changed: config:changed payload missing 'path' field
[2026-07-23T12:27:21+02:00] [INFO] config:changed: config:changed — /home/aza/.hermes/hermes-agent/skills/.usage.json (json)
[2026-07-23T12:27:21+02:00] [INFO] config:changed: Skipping validation (outside ADAM_V2_DIR): /home/aza/.hermes/hermes-agent/skills/.usage.json
[2026-07-23T12:28:11+02:00] [WARN] config:changed: config:changed payload missing 'path' field
[2026-07-23T12:28:29+02:00] [INFO] config:changed: config:changed — /home/aza/.hermes/hermes-agent/skills/.usage.json (json)
[2026-07-23T12:28:29+02:00] [INFO] config:changed: Skipping validation (outside ADAM_V2_DIR): /home/aza/.hermes/hermes-agent/skills/.usage.json
[2026-07-23T12:28:45+02:00] [INFO] config:changed: config:changed — /home/aza/.hermes/hermes-agent/skills/.usage.json (json)
[2026-07-23T12:28:45+02:00] [INFO] config:changed: Skipping validation (outside ADAM_V2_DIR): /home/aza/.hermes/hermes-agent/skills/.usage.json
[2026-07-23T12:30:25+02:00] [INFO] config:changed: config:changed — /home/aza/.hermes/sessions/sessions.json (json)
[2026-07-23T12:30:25+02:00] [INFO] config:changed: Skipping validation (outside ADAM_V2_DIR): /home/aza/.hermes/sessions/sessions.json
[2026-07-23T12:30:25+02:00] [INFO] config:changed: config:changed — /home/aza/.hermes/gateway_state.json (json)
[2026-07-23T12:30:25+02:00] [INFO] config:changed: config:changed — /home/aza/.hermes/state/rich_sent_index.json (json)
[2026-07-23T12:30:25+02:00] [INFO] config:changed: Skipping validation (outside ADAM_V2_DIR): /home/aza/.hermes/gateway_state.json
[2026-07-23T12:30:25+02:00] [INFO] config:changed: Skipping validation (outside ADAM_V2_DIR): /home/aza/.hermes/state/rich_sent_index.json
[2026-07-23T12:31:01+02:00] [WARN] config:changed: config:changed payload missing 'path' field
[2026-07-23T12:31:27+02:00] [INFO] config:changed: config:changed — /home/aza/.hermes/channel_directory.json (json)
[2026-07-23T12:31:27+02:00] [INFO] config:changed: Skipping validation (outside ADAM_V2_DIR): /home/aza/.hermes/channel_directory.json
[2026-07-23T12:31:55+02:00] [INFO] config:changed: config:changed — /home/aza/.hermes/gateway_state.json (json)
[2026-07-23T12:31:55+02:00] [INFO] config:changed: Skipping validation (outside ADAM_V2_DIR): /home/aza/.hermes/gateway_state.json
[2026-07-23T12:31:55+02:00] [INFO] config:changed: config:changed — /home/aza/.hermes/sessions/sessions.json (json)
[2026-07-23T12:31:55+02:00] [INFO] config:changed: Skipping validation (outside ADAM_V2_DIR): /home/aza/.hermes/sessions/sessions.json
[2026-07-23T12:32:31+02:00] [WARN] config:changed: config:changed payload missing 'path' field
[2026-07-23T12:35:05+02:00] [INFO] config:changed: config:changed — /home/aza/.hermes/gateway_state.json (json)
[2026-07-23T12:35:05+02:00] [INFO] config:changed: Skipping validation (outside ADAM_V2_DIR): /home/aza/.hermes/gateway_state.json
[2026-07-23T12:35:05+02:00] [INFO] config:changed: config:changed — /home/aza/.hermes/state/rich_sent_index.json (json)
[2026-07-23T12:35:05+02:00] [INFO] config:changed: Skipping validation (outside ADAM_V2_DIR): /home/aza/.hermes/state/rich_sent_index.json
[2026-07-23T12:35:05+02:00] [INFO] config:changed: config:changed — /home/aza/.hermes/sessions/sessions.json (json)
[2026-07-23T12:35:05+02:00] [INFO] config:changed: Skipping validation (outside ADAM_V2_DIR): /home/aza/.hermes/sessions/sessions.json
[2026-07-23T12:35:21+02:00] [WARN] config:changed: config:changed payload missing 'path' field
[2026-07-23T12:35:33+02:00] [INFO] config:changed: config:changed — /home/aza/.hermes/hermes-agent/skills/.usage.json (json)
[2026-07-23T12:35:33+02:00] [INFO] config:changed: Skipping validation (outside ADAM_V2_DIR): /home/aza/.hermes/hermes-agent/skills/.usage.json
[2026-07-23T12:35:45+02:00] [INFO] config:changed: config:changed — /home/aza/.hermes/hermes-agent/skills/.usage.json (json)
[2026-07-23T12:35:45+02:00] [INFO] config:changed: Skipping validation (outside ADAM_V2_DIR): /home/aza/.hermes/hermes-agent/skills/.usage.json
[2026-07-23T12:36:01+02:00] [INFO] config:changed: config:changed — /home/aza/.hermes/hermes-agent/skills/.usage.json (json)
[2026-07-23T12:36:01+02:00] [INFO] config:changed: Skipping validation (outside ADAM_V2_DIR): /home/aza/.hermes/hermes-agent/skills/.usage.json
[2026-07-23T12:36:19+02:00] [INFO] config:changed: config:changed — /home/aza/.hermes/hermes-agent/skills/.usage.json (json)
[2026-07-23T12:36:19+02:00] [INFO] config:changed: Skipping validation (outside ADAM_V2_DIR): /home/aza/.hermes/hermes-agent/skills/.usage.json
[2026-07-23T12:36:29+02:00] [INFO] config:changed: config:changed — /home/aza/.hermes/channel_directory.json (json)
[2026-07-23T12:36:29+02:00] [INFO] config:changed: Skipping validation (outside ADAM_V2_DIR): /home/aza/.hermes/channel_directory.json
[2026-07-23T12:36:53+02:00] [WARN] config:changed: config:changed payload missing 'path' field
[2026-07-23T12:37:09+02:00] [INFO] config:changed: config:changed — /home/aza/.hermes/sessions/sessions.json (json)
[2026-07-23T12:37:09+02:00] [INFO] config:changed: Skipping validation (outside ADAM_V2_DIR): /home/aza/.hermes/sessions/sessions.json
[2026-07-23T12:37:09+02:00] [INFO] config:changed: config:changed — /home/aza/.hermes/gateway_state.json (json)
[2026-07-23T12:37:09+02:00] [INFO] config:changed: Skipping validation (outside ADAM_V2_DIR): /home/aza/.hermes/gateway_state.json
[2026-07-23T12:37:43+02:00] [INFO] config:changed: config:changed — /home/aza/.hermes/hermes-agent/skills/.usage.json (json)
[2026-07-23T12:37:43+02:00] [INFO] config:changed: Skipping validation (outside ADAM_V2_DIR): /home/aza/.hermes/hermes-agent/skills/.usage.json
[2026-07-23T12:38:15+02:00] [INFO] config:changed: config:changed — /home/aza/.hermes/hermes-agent/skills/.usage.json (json)
[2026-07-23T12:38:15+02:00] [INFO] config:changed: Skipping validation (outside ADAM_V2_DIR): /home/aza/.hermes/hermes-agent/skills/.usage.json
[2026-07-23T12:38:21+02:00] [INFO] config:changed: config:changed — /home/aza/.hermes/hermes-agent/skills/.usage.json (json)
[2026-07-23T12:38:21+02:00] [INFO] config:changed: Skipping validation (outside ADAM_V2_DIR): /home/aza/.hermes/hermes-agent/skills/.usage.json
[2026-07-23T12:38:43+02:00] [INFO] config:changed: config:changed — /home/aza/.hermes/hermes-agent/skills/.usage.json (json)
[2026-07-23T12:38:43+02:00] [INFO] config:changed: Skipping validation (outside ADAM_V2_DIR): /home/aza/.hermes/hermes-agent/skills/.usage.json
[2026-07-23T12:39:23+02:00] [INFO] config:changed: config:changed — /home/aza/.hermes/sessions/sessions.json (json)
[2026-07-23T12:39:23+02:00] [INFO] config:changed: Skipping validation (outside ADAM_V2_DIR): /home/aza/.hermes/sessions/sessions.json
[2026-07-23T12:39:23+02:00] [INFO] config:changed: config:changed — /home/aza/.hermes/gateway_state.json (json)
[2026-07-23T12:39:23+02:00] [INFO] config:changed: Skipping validation (outside ADAM_V2_DIR): /home/aza/.hermes/gateway_state.json
[2026-07-23T12:39:23+02:00] [INFO] config:changed: config:changed — /home/aza/.hermes/state/rich_sent_index.json (json)
[2026-07-23T12:39:23+02:00] [INFO] config:changed: Skipping validation (outside ADAM_V2_DIR): /home/aza/.hermes/state/rich_sent_index.json
[2026-07-23T12:39:43+02:00] [WARN] config:changed: config:changed payload missing 'path' field
[2026-07-23T12:41:03+02:00] [INFO] config:changed: config:changed — /home/aza/.hermes/sessions/sessions.json (json)
[2026-07-23T12:41:03+02:00] [INFO] config:changed: Skipping validation (outside ADAM_V2_DIR): /home/aza/.hermes/sessions/sessions.json
[2026-07-23T12:41:03+02:00] [INFO] config:changed: config:changed — /home/aza/.hermes/gateway_state.json (json)
[2026-07-23T12:41:03+02:00] [INFO] config:changed: Skipping validation (outside ADAM_V2_DIR): /home/aza/.hermes/gateway_state.json
[2026-07-23T12:41:13+02:00] [WARN] config:changed: config:changed payload missing 'path' field
[2026-07-23T12:41:25+02:00] [INFO] config:changed: config:changed — /home/aza/.hermes/channel_directory.json (json)
[2026-07-23T12:41:25+02:00] [INFO] config:changed: Skipping validation (outside ADAM_V2_DIR): /home/aza/.hermes/channel_directory.json
[2026-07-23T12:42:45+02:00] [INFO] config:changed: config:changed — /home/aza/.hermes/state/rich_sent_index.json (json)
[2026-07-23T12:42:45+02:00] [INFO] config:changed: Skipping validation (outside ADAM_V2_DIR): /home/aza/.hermes/state/rich_sent_index.json
[2026-07-23T12:42:45+02:00] [INFO] config:changed: config:changed — /home/aza/.hermes/sessions/sessions.json (json)
[2026-07-23T12:42:45+02:00] [INFO] config:changed: Skipping validation (outside ADAM_V2_DIR): /home/aza/.hermes/sessions/sessions.json
[2026-07-23T12:42:45+02:00] [INFO] config:changed: config:changed — /home/aza/.hermes/gateway_state.json (json)
[2026-07-23T12:42:45+02:00] [INFO] config:changed: Skipping validation (outside ADAM_V2_DIR): /home/aza/.hermes/gateway_state.json
[2026-07-23T12:44:03+02:00] [WARN] config:changed: config:changed payload missing 'path' field
[2026-07-23T12:44:25+02:00] [INFO] config:changed: config:changed — /home/aza/.hermes/gateway_state.json (json)
[2026-07-23T12:44:25+02:00] [INFO] config:changed: Skipping validation (outside ADAM_V2_DIR): /home/aza/.hermes/gateway_state.json
[2026-07-23T12:44:25+02:00] [INFO] config:changed: config:changed — /home/aza/.hermes/sessions/sessions.json (json)
[2026-07-23T12:44:25+02:00] [INFO] config:changed: Skipping validation (outside ADAM_V2_DIR): /home/aza/.hermes/sessions/sessions.json
[2026-07-23T12:45:35+02:00] [WARN] config:changed: config:changed payload missing 'path' field
[2026-07-23T12:46:29+02:00] [INFO] config:changed: config:changed — /home/aza/.hermes/channel_directory.json (json)
[2026-07-23T12:46:29+02:00] [INFO] config:changed: Skipping validation (outside ADAM_V2_DIR): /home/aza/.hermes/channel_directory.json
[2026-07-23T12:48:25+02:00] [WARN] config:changed: config:changed payload missing 'path' field
[2026-07-23T12:49:55+02:00] [WARN] config:changed: config:changed payload missing 'path' field
[2026-07-23T12:51:31+02:00] [INFO] config:changed: config:changed — /home/aza/.hermes/channel_directory.json (json)
[2026-07-23T12:51:32+02:00] [INFO] config:changed: Skipping validation (outside ADAM_V2_DIR): /home/aza/.hermes/channel_directory.json
[2026-07-23T12:52:48+02:00] [WARN] config:changed: config:changed payload missing 'path' field
[2026-07-23T12:54:18+02:00] [WARN] config:changed: config:changed payload missing 'path' field
[2026-07-23T12:55:48+02:00] [INFO] config:changed: config:changed — /home/aza/.hermes/gateway_state.json (json)
[2026-07-23T12:55:48+02:00] [INFO] config:changed: config:changed — /home/aza/.hermes/state/rich_sent_index.json (json)
[2026-07-23T12:55:48+02:00] [INFO] config:changed: config:changed — /home/aza/.hermes/sessions/sessions.json (json)
[2026-07-23T12:55:48+02:00] [INFO] config:changed: Skipping validation (outside ADAM_V2_DIR): /home/aza/.hermes/gateway_state.json
[2026-07-23T12:55:48+02:00] [INFO] config:changed: Skipping validation (outside ADAM_V2_DIR): /home/aza/.hermes/state/rich_sent_index.json
[2026-07-23T12:55:48+02:00] [INFO] config:changed: Skipping validation (outside ADAM_V2_DIR): /home/aza/.hermes/sessions/sessions.json
[2026-07-23T12:56:10+02:00] [INFO] config:changed: config:changed — /home/aza/.hermes/hermes-agent/skills/.usage.json (json)
[2026-07-23T12:56:10+02:00] [INFO] config:changed: Skipping validation (outside ADAM_V2_DIR): /home/aza/.hermes/hermes-agent/skills/.usage.json
[2026-07-23T12:56:28+02:00] [INFO] config:changed: config:changed — /home/aza/.hermes/channel_directory.json (json)
[2026-07-23T12:56:28+02:00] [INFO] config:changed: Skipping validation (outside ADAM_V2_DIR): /home/aza/.hermes/channel_directory.json
[2026-07-23T12:56:50+02:00] [INFO] config:changed: config:changed — /home/aza/.hermes/hermes-agent/skills/.usage.json (json)
[2026-07-23T12:56:50+02:00] [INFO] config:changed: Skipping validation (outside ADAM_V2_DIR): /home/aza/.hermes/hermes-agent/skills/.usage.json
[2026-07-23T12:57:08+02:00] [WARN] config:changed: config:changed payload missing 'path' field
[2026-07-23T12:57:18+02:00] [INFO] config:changed: config:changed — /home/aza/.hermes/hermes-agent/skills/.usage.json (json)
[2026-07-23T12:57:18+02:00] [INFO] config:changed: Skipping validation (outside ADAM_V2_DIR): /home/aza/.hermes/hermes-agent/skills/.usage.json
[2026-07-23T12:58:02+02:00] [INFO] config:changed: config:changed — /home/aza/.hermes/hermes-agent/skills/.usage.json (json)
[2026-07-23T12:58:02+02:00] [INFO] config:changed: Skipping validation (outside ADAM_V2_DIR): /home/aza/.hermes/hermes-agent/skills/.usage.json
[2026-07-23T12:58:14+02:00] [INFO] config:changed: config:changed — /home/aza/.hermes/hermes-agent/skills/.usage.json (json)
[2026-07-23T12:58:14+02:00] [INFO] config:changed: Skipping validation (outside ADAM_V2_DIR): /home/aza/.hermes/hermes-agent/skills/.usage.json
[2026-07-23T12:58:38+02:00] [WARN] config:changed: config:changed payload missing 'path' field
[2026-07-23T12:58:42+02:00] [INFO] config:changed: config:changed — /home/aza/.hermes/hermes-agent/skills/.usage.json (json)
[2026-07-23T12:58:42+02:00] [INFO] config:changed: Skipping validation (outside ADAM_V2_DIR): /home/aza/.hermes/hermes-agent/skills/.usage.json
[2026-07-23T13:00:40+02:00] [INFO] config:changed: config:changed — /home/aza/.hermes/sessions/sessions.json (json)
[2026-07-23T13:00:40+02:00] [INFO] config:changed: Skipping validation (outside ADAM_V2_DIR): /home/aza/.hermes/sessions/sessions.json
[2026-07-23T13:00:40+02:00] [INFO] config:changed: config:changed — /home/aza/.hermes/gateway_state.json (json)
[2026-07-23T13:00:40+02:00] [INFO] config:changed: Skipping validation (outside ADAM_V2_DIR): /home/aza/.hermes/gateway_state.json
[2026-07-23T13:01:30+02:00] [WARN] config:changed: config:changed payload missing 'path' field
[2026-07-23T13:01:30+02:00] [INFO] config:changed: config:changed — /home/aza/.hermes/channel_directory.json (json)
[2026-07-23T13:01:30+02:00] [INFO] config:changed: Skipping validation (outside ADAM_V2_DIR): /home/aza/.hermes/channel_directory.json
[2026-07-23T13:02:42+02:00] [INFO] config:changed: config:changed — /home/aza/.hermes/cache/openrouter_model_metadata.json (json)
[2026-07-23T13:02:42+02:00] [INFO] config:changed: Skipping validation (outside ADAM_V2_DIR): /home/aza/.hermes/cache/openrouter_model_metadata.json
[2026-07-23T13:03:00+02:00] [WARN] config:changed: config:changed payload missing 'path' field
[2026-07-23T13:05:50+02:00] [WARN] config:changed: config:changed payload missing 'path' field
[2026-07-23T13:06:16+02:00] [INFO] config:changed: config:changed — /home/aza/.hermes/sessions/sessions.json (json)
[2026-07-23T13:06:16+02:00] [INFO] config:changed: config:changed — /home/aza/.hermes/state/rich_sent_index.json (json)
[2026-07-23T13:06:16+02:00] [INFO] config:changed: Skipping validation (outside ADAM_V2_DIR): /home/aza/.hermes/sessions/sessions.json
[2026-07-23T13:06:16+02:00] [INFO] config:changed: Skipping validation (outside ADAM_V2_DIR): /home/aza/.hermes/state/rich_sent_index.json
[2026-07-23T13:06:16+02:00] [INFO] config:changed: config:changed — /home/aza/.hermes/gateway_state.json (json)
[2026-07-23T13:06:16+02:00] [INFO] config:changed: Skipping validation (outside ADAM_V2_DIR): /home/aza/.hermes/gateway_state.json
[2026-07-23T13:06:26+02:00] [INFO] config:changed: config:changed — /home/aza/.hermes/channel_directory.json (json)
[2026-07-23T13:06:26+02:00] [INFO] config:changed: Skipping validation (outside ADAM_V2_DIR): /home/aza/.hermes/channel_directory.json
[2026-07-23T13:06:38+02:00] [INFO] config:changed: config:changed — /home/aza/.hermes/hermes-agent/skills/.usage.json (json)
[2026-07-23T13:06:38+02:00] [INFO] config:changed: Skipping validation (outside ADAM_V2_DIR): /home/aza/.hermes/hermes-agent/skills/.usage.json
[2026-07-23T13:07:12+02:00] [INFO] config:changed: config:changed — /home/aza/.hermes/hermes-agent/skills/.usage.json (json)
[2026-07-23T13:07:12+02:00] [INFO] config:changed: Skipping validation (outside ADAM_V2_DIR): /home/aza/.hermes/hermes-agent/skills/.usage.json
[2026-07-23T13:07:22+02:00] [WARN] config:changed: config:changed payload missing 'path' field
[2026-07-23T13:07:28+02:00] [INFO] config:changed: config:changed — /home/aza/.hermes/hermes-agent/skills/.usage.json (json)
[2026-07-23T13:07:28+02:00] [INFO] config:changed: Skipping validation (outside ADAM_V2_DIR): /home/aza/.hermes/hermes-agent/skills/.usage.json
[2026-07-23T13:07:44+02:00] [INFO] config:changed: config:changed — /home/aza/.hermes/hermes-agent/skills/.usage.json (json)
[2026-07-23T13:07:44+02:00] [INFO] config:changed: Skipping validation (outside ADAM_V2_DIR): /home/aza/.hermes/hermes-agent/skills/.usage.json
[2026-07-23T13:10:12+02:00] [WARN] config:changed: config:changed payload missing 'path' field
[2026-07-23T13:11:28+02:00] [INFO] config:changed: config:changed — /home/aza/.hermes/channel_directory.json (json)
[2026-07-23T13:11:28+02:00] [INFO] config:changed: Skipping validation (outside ADAM_V2_DIR): /home/aza/.hermes/channel_directory.json
[2026-07-23T13:11:42+02:00] [WARN] config:changed: config:changed payload missing 'path' field
[2026-07-23T13:14:32+02:00] [WARN] config:changed: config:changed payload missing 'path' field
[2026-07-23T13:16:04+02:00] [WARN] config:changed: config:changed payload missing 'path' field
[2026-07-23T13:16:30+02:00] [INFO] config:changed: config:changed — /home/aza/.hermes/channel_directory.json (json)
[2026-07-23T13:16:30+02:00] [INFO] config:changed: Skipping validation (outside ADAM_V2_DIR): /home/aza/.hermes/channel_directory.json
[2026-07-23T13:18:54+02:00] [WARN] config:changed: config:changed payload missing 'path' field
[2026-07-23T13:20:24+02:00] [WARN] config:changed: config:changed payload missing 'path' field
[2026-07-23T13:20:26+02:00] [INFO] config:changed: config:changed — /home/aza/.hermes/sessions/sessions.json (json)
[2026-07-23T13:20:26+02:00] [INFO] config:changed: Skipping validation (outside ADAM_V2_DIR): /home/aza/.hermes/sessions/sessions.json
[2026-07-23T13:20:26+02:00] [INFO] config:changed: config:changed — /home/aza/.hermes/gateway_state.json (json)
[2026-07-23T13:20:26+02:00] [INFO] config:changed: Skipping validation (outside ADAM_V2_DIR): /home/aza/.hermes/gateway_state.json
[2026-07-23T13:21:28+02:00] [INFO] config:changed: config:changed — /home/aza/.hermes/channel_directory.json (json)
[2026-07-23T13:21:28+02:00] [INFO] config:changed: Skipping validation (outside ADAM_V2_DIR): /home/aza/.hermes/channel_directory.json
[2026-07-23T13:23:14+02:00] [WARN] config:changed: config:changed payload missing 'path' field
[2026-07-23T13:23:30+02:00] [INFO] config:changed: config:changed — /home/aza/.hermes/sessions/sessions.json (json)
[2026-07-23T13:23:30+02:00] [INFO] config:changed: config:changed — /home/aza/.hermes/gateway_state.json (json)
[2026-07-23T13:23:30+02:00] [INFO] config:changed: Skipping validation (outside ADAM_V2_DIR): /home/aza/.hermes/sessions/sessions.json
[2026-07-23T13:23:30+02:00] [INFO] config:changed: Skipping validation (outside ADAM_V2_DIR): /home/aza/.hermes/gateway_state.json
[2026-07-23T13:23:30+02:00] [INFO] config:changed: config:changed — /home/aza/.hermes/state/rich_sent_index.json (json)
[2026-07-23T13:23:30+02:00] [INFO] config:changed: Skipping validation (outside ADAM_V2_DIR): /home/aza/.hermes/state/rich_sent_index.json
[2026-07-23T13:24:46+02:00] [WARN] config:changed: config:changed payload missing 'path' field
[2026-07-23T13:26:30+02:00] [INFO] config:changed: config:changed — /home/aza/.hermes/channel_directory.json (json)
[2026-07-23T13:26:30+02:00] [INFO] config:changed: Skipping validation (outside ADAM_V2_DIR): /home/aza/.hermes/channel_directory.json
[2026-07-23T13:27:36+02:00] [WARN] config:changed: config:changed payload missing 'path' field
[2026-07-23T13:29:06+02:00] [WARN] config:changed: config:changed payload missing 'path' field
[2026-07-23T13:29:40+02:00] [INFO] config:changed: config:changed — /home/aza/.hermes/sessions/sessions.json (json)
[2026-07-23T13:29:40+02:00] [INFO] config:changed: config:changed — /home/aza/.hermes/gateway_state.json (json)
[2026-07-23T13:29:40+02:00] [INFO] config:changed: Skipping validation (outside ADAM_V2_DIR): /home/aza/.hermes/sessions/sessions.json
[2026-07-23T13:29:40+02:00] [INFO] config:changed: Skipping validation (outside ADAM_V2_DIR): /home/aza/.hermes/gateway_state.json
[2026-07-23T13:31:26+02:00] [INFO] config:changed: config:changed — /home/aza/.hermes/channel_directory.json (json)
[2026-07-23T13:31:26+02:00] [INFO] config:changed: Skipping validation (outside ADAM_V2_DIR): /home/aza/.hermes/channel_directory.json
[2026-07-23T13:31:56+02:00] [WARN] config:changed: config:changed payload missing 'path' field
[2026-07-23T13:33:29+02:00] [WARN] config:changed: config:changed payload missing 'path' field
[2026-07-23T13:36:19+02:00] [WARN] config:changed: config:changed payload missing 'path' field
[2026-07-23T13:36:29+02:00] [INFO] config:changed: config:changed — /home/aza/.hermes/channel_directory.json (json)
[2026-07-23T13:36:29+02:00] [INFO] config:changed: Skipping validation (outside ADAM_V2_DIR): /home/aza/.hermes/channel_directory.json
[2026-07-23T13:37:49+02:00] [WARN] config:changed: config:changed payload missing 'path' field
[2026-07-23T13:40:19+02:00] [INFO] config:changed: config:changed — /home/aza/.hermes/processes.json (json)
[2026-07-23T13:40:19+02:00] [INFO] config:changed: Skipping validation (outside ADAM_V2_DIR): /home/aza/.hermes/processes.json
[2026-07-23T13:40:41+02:00] [WARN] config:changed: config:changed payload missing 'path' field
[2026-07-23T13:41:25+02:00] [INFO] config:changed: config:changed — /home/aza/.hermes/channel_directory.json (json)
[2026-07-23T13:41:25+02:00] [INFO] config:changed: Skipping validation (outside ADAM_V2_DIR): /home/aza/.hermes/channel_directory.json
[2026-07-23T13:41:53+02:00] [WARN] config:changed: config:changed payload missing 'path' field
[2026-07-23T13:42:11+02:00] [WARN] config:changed: config:changed payload missing 'path' field
[2026-07-23T13:45:01+02:00] [WARN] config:changed: config:changed payload missing 'path' field
[2026-07-23T13:46:27+02:00] [INFO] config:changed: config:changed — /home/aza/.hermes/channel_directory.json (json)
[2026-07-23T13:46:27+02:00] [INFO] config:changed: Skipping validation (outside ADAM_V2_DIR): /home/aza/.hermes/channel_directory.json
[2026-07-23T13:46:31+02:00] [WARN] config:changed: config:changed payload missing 'path' field
[2026-07-23T13:49:23+02:00] [WARN] config:changed: config:changed payload missing 'path' field
[2026-07-23T13:50:53+02:00] [WARN] config:changed: config:changed payload missing 'path' field
[2026-07-23T13:51:29+02:00] [INFO] config:changed: config:changed — /home/aza/.hermes/channel_directory.json (json)
[2026-07-23T13:51:29+02:00] [INFO] config:changed: Skipping validation (outside ADAM_V2_DIR): /home/aza/.hermes/channel_directory.json
[2026-07-23T13:53:43+02:00] [WARN] config:changed: config:changed payload missing 'path' field
[2026-07-23T13:55:03+02:00] [INFO] config:changed: config:changed — /home/aza/.hermes/state/rich_sent_index.json (json)
[2026-07-23T13:55:03+02:00] [INFO] config:changed: Skipping validation (outside ADAM_V2_DIR): /home/aza/.hermes/state/rich_sent_index.json
[2026-07-23T13:55:15+02:00] [WARN] config:changed: config:changed payload missing 'path' field
[2026-07-23T13:55:25+02:00] [INFO] config:changed: config:changed — /home/aza/.hermes/hermes-agent/skills/.usage.json (json)
[2026-07-23T13:55:25+02:00] [INFO] config:changed: Skipping validation (outside ADAM_V2_DIR): /home/aza/.hermes/hermes-agent/skills/.usage.json
[2026-07-23T13:55:41+02:00] [INFO] config:changed: config:changed — /home/aza/.hermes/hermes-agent/skills/.usage.json (json)
[2026-07-23T13:55:41+02:00] [INFO] config:changed: Skipping validation (outside ADAM_V2_DIR): /home/aza/.hermes/hermes-agent/skills/.usage.json
[2026-07-23T13:55:53+02:00] [INFO] config:changed: config:changed — /home/aza/.hermes/hermes-agent/skills/.usage.json (json)
[2026-07-23T13:55:53+02:00] [INFO] config:changed: Skipping validation (outside ADAM_V2_DIR): /home/aza/.hermes/hermes-agent/skills/.usage.json
[2026-07-23T13:55:59+02:00] [INFO] config:changed: config:changed — /home/aza/.hermes/hermes-agent/skills/.usage.json (json)
[2026-07-23T13:55:59+02:00] [INFO] config:changed: Skipping validation (outside ADAM_V2_DIR): /home/aza/.hermes/hermes-agent/skills/.usage.json
[2026-07-23T13:56:27+02:00] [INFO] config:changed: config:changed — /home/aza/.hermes/channel_directory.json (json)
[2026-07-23T13:56:27+02:00] [INFO] config:changed: config:changed — /home/aza/.hermes/hermes-agent/skills/.usage.json (json)
[2026-07-23T13:56:27+02:00] [INFO] config:changed: Skipping validation (outside ADAM_V2_DIR): /home/aza/.hermes/channel_directory.json
[2026-07-23T13:56:27+02:00] [INFO] config:changed: Skipping validation (outside ADAM_V2_DIR): /home/aza/.hermes/hermes-agent/skills/.usage.json
[2026-07-23T13:56:37+02:00] [INFO] config:changed: config:changed — /home/aza/.hermes/hermes-agent/skills/.usage.json (json)
[2026-07-23T13:56:37+02:00] [INFO] config:changed: Skipping validation (outside ADAM_V2_DIR): /home/aza/.hermes/hermes-agent/skills/.usage.json
[2026-07-23T13:57:11+02:00] [INFO] config:changed: config:changed — /home/aza/.hermes/hermes-agent/skills/.usage.json (json)
[2026-07-23T13:57:11+02:00] [INFO] config:changed: Skipping validation (outside ADAM_V2_DIR): /home/aza/.hermes/hermes-agent/skills/.usage.json
[2026-07-23T13:57:23+02:00] [INFO] config:changed: config:changed — /home/aza/.hermes/hermes-agent/skills/.usage.json (json)
[2026-07-23T13:57:23+02:00] [INFO] config:changed: Skipping validation (outside ADAM_V2_DIR): /home/aza/.hermes/hermes-agent/skills/.usage.json
[2026-07-23T13:57:29+02:00] [INFO] config:changed: config:changed — /home/aza/.hermes/hermes-agent/skills/.usage.json (json)
[2026-07-23T13:57:29+02:00] [INFO] config:changed: Skipping validation (outside ADAM_V2_DIR): /home/aza/.hermes/hermes-agent/skills/.usage.json
[2026-07-23T13:58:05+02:00] [WARN] config:changed: config:changed payload missing 'path' field
[2026-07-23T13:59:35+02:00] [WARN] config:changed: config:changed payload missing 'path' field
[2026-07-23T14:01:29+02:00] [INFO] config:changed: config:changed — /home/aza/.hermes/channel_directory.json (json)
[2026-07-23T14:01:29+02:00] [INFO] config:changed: Skipping validation (outside ADAM_V2_DIR): /home/aza/.hermes/channel_directory.json
[2026-07-23T14:02:25+02:00] [WARN] config:changed: config:changed payload missing 'path' field
[2026-07-23T14:03:37+02:00] [INFO] config:changed: config:changed — /home/aza/.hermes/cache/openrouter_model_metadata.json (json)
[2026-07-23T14:03:37+02:00] [INFO] config:changed: Skipping validation (outside ADAM_V2_DIR): /home/aza/.hermes/cache/openrouter_model_metadata.json
[2026-07-23T14:03:57+02:00] [WARN] config:changed: config:changed payload missing 'path' field
[2026-07-23T14:06:31+02:00] [INFO] config:changed: config:changed — /home/aza/.hermes/channel_directory.json (json)
[2026-07-23T14:06:31+02:00] [INFO] config:changed: Skipping validation (outside ADAM_V2_DIR): /home/aza/.hermes/channel_directory.json
[2026-07-23T14:06:47+02:00] [WARN] config:changed: config:changed payload missing 'path' field
[2026-07-23T14:08:17+02:00] [WARN] config:changed: config:changed payload missing 'path' field
[2026-07-23T14:11:07+02:00] [WARN] config:changed: config:changed payload missing 'path' field
[2026-07-23T14:11:27+02:00] [INFO] config:changed: config:changed — /home/aza/.hermes/channel_directory.json (json)
[2026-07-23T14:11:27+02:00] [INFO] config:changed: Skipping validation (outside ADAM_V2_DIR): /home/aza/.hermes/channel_directory.json
[2026-07-23T14:12:39+02:00] [WARN] config:changed: config:changed payload missing 'path' field
[2026-07-23T14:15:29+02:00] [WARN] config:changed: config:changed payload missing 'path' field
[2026-07-23T14:16:30+02:00] [INFO] config:changed: config:changed — /home/aza/.hermes/channel_directory.json (json)
[2026-07-23T14:16:30+02:00] [INFO] config:changed: Skipping validation (outside ADAM_V2_DIR): /home/aza/.hermes/channel_directory.json
[2026-07-23T14:17:00+02:00] [WARN] config:changed: config:changed payload missing 'path' field
[2026-07-23T14:19:52+02:00] [WARN] config:changed: config:changed payload missing 'path' field
[2026-07-23T14:21:22+02:00] [WARN] config:changed: config:changed payload missing 'path' field
[2026-07-23T14:21:28+02:00] [INFO] config:changed: config:changed — /home/aza/.hermes/channel_directory.json (json)
[2026-07-23T14:21:28+02:00] [INFO] config:changed: Skipping validation (outside ADAM_V2_DIR): /home/aza/.hermes/channel_directory.json
[2026-07-23T14:24:12+02:00] [WARN] config:changed: config:changed payload missing 'path' field
[2026-07-23T14:25:42+02:00] [WARN] config:changed: config:changed payload missing 'path' field
[2026-07-23T14:26:30+02:00] [INFO] config:changed: config:changed — /home/aza/.hermes/channel_directory.json (json)
[2026-07-23T14:26:30+02:00] [INFO] config:changed: Skipping validation (outside ADAM_V2_DIR): /home/aza/.hermes/channel_directory.json
[2026-07-23T14:28:34+02:00] [WARN] config:changed: config:changed payload missing 'path' field
[2026-07-23T14:30:04+02:00] [WARN] config:changed: config:changed payload missing 'path' field
[2026-07-23T14:31:26+02:00] [INFO] config:changed: config:changed — /home/aza/.hermes/channel_directory.json (json)
[2026-07-23T14:31:26+02:00] [INFO] config:changed: Skipping validation (outside ADAM_V2_DIR): /home/aza/.hermes/channel_directory.json
[2026-07-23T14:32:54+02:00] [WARN] config:changed: config:changed payload missing 'path' field
[2026-07-23T14:34:08+02:00] [INFO] config:changed: config:changed — /home/aza/.hermes/processes.json (json)
[2026-07-23T14:34:08+02:00] [INFO] config:changed: Skipping validation (outside ADAM_V2_DIR): /home/aza/.hermes/processes.json
[2026-07-23T14:34:24+02:00] [WARN] config:changed: config:changed payload missing 'path' field
[2026-07-23T14:34:24+02:00] [INFO] config:changed: config:changed — /home/aza/.hermes/processes.json (json)
[2026-07-23T14:34:24+02:00] [INFO] config:changed: Skipping validation (outside ADAM_V2_DIR): /home/aza/.hermes/processes.json
[2026-07-23T14:34:48+02:00] [INFO] config:changed: config:changed — /home/aza/.hermes/processes.json (json)
[2026-07-23T14:34:48+02:00] [INFO] config:changed: Skipping validation (outside ADAM_V2_DIR): /home/aza/.hermes/processes.json
[2026-07-23T14:36:28+02:00] [INFO] config:changed: config:changed — /home/aza/.hermes/channel_directory.json (json)
[2026-07-23T14:36:28+02:00] [INFO] config:changed: Skipping validation (outside ADAM_V2_DIR): /home/aza/.hermes/channel_directory.json
[2026-07-23T14:37:16+02:00] [WARN] config:changed: config:changed payload missing 'path' field
[2026-07-23T14:38:46+02:00] [WARN] config:changed: config:changed payload missing 'path' field
[2026-07-23T14:40:00+02:00] [INFO] config:changed: config:changed — /home/aza/.hermes/state/rich_sent_index.json (json)
[2026-07-23T14:40:00+02:00] [INFO] config:changed: Skipping validation (outside ADAM_V2_DIR): /home/aza/.hermes/state/rich_sent_index.json
[2026-07-23T14:40:22+02:00] [INFO] config:changed: config:changed — /home/aza/.hermes/hermes-agent/skills/.usage.json (json)
[2026-07-23T14:40:22+02:00] [INFO] config:changed: Skipping validation (outside ADAM_V2_DIR): /home/aza/.hermes/hermes-agent/skills/.usage.json
[2026-07-23T14:40:40+02:00] [INFO] config:changed: config:changed — /home/aza/.hermes/hermes-agent/skills/.usage.json (json)
[2026-07-23T14:40:40+02:00] [INFO] config:changed: Skipping validation (outside ADAM_V2_DIR): /home/aza/.hermes/hermes-agent/skills/.usage.json
[2026-07-23T14:41:34+02:00] [INFO] config:changed: config:changed — /home/aza/.hermes/channel_directory.json (json)
[2026-07-23T14:41:34+02:00] [INFO] config:changed: Skipping validation (outside ADAM_V2_DIR): /home/aza/.hermes/channel_directory.json
[2026-07-23T14:41:36+02:00] [WARN] config:changed: config:changed payload missing 'path' field
[2026-07-23T14:41:46+02:00] [INFO] config:changed: config:changed — /home/aza/.hermes/hermes-agent/skills/.usage.json (json)
[2026-07-23T14:41:46+02:00] [INFO] config:changed: Skipping validation (outside ADAM_V2_DIR): /home/aza/.hermes/hermes-agent/skills/.usage.json
[2026-07-23T14:41:46+02:00] [INFO] config:changed: config:changed — /home/aza/.hermes/hermes-agent/skills/.usage.json (json)
[2026-07-23T14:41:46+02:00] [INFO] config:changed: Skipping validation (outside ADAM_V2_DIR): /home/aza/.hermes/hermes-agent/skills/.usage.json
[2026-07-23T14:41:56+02:00] [INFO] config:changed: config:changed — /home/aza/.hermes/hermes-agent/skills/.usage.json (json)
[2026-07-23T14:41:56+02:00] [INFO] config:changed: Skipping validation (outside ADAM_V2_DIR): /home/aza/.hermes/hermes-agent/skills/.usage.json
[2026-07-23T14:42:04+02:00] [INFO] config:changed: config:changed — /home/aza/.hermes/hermes-agent/skills/.usage.json (json)
[2026-07-23T14:42:04+02:00] [INFO] config:changed: Skipping validation (outside ADAM_V2_DIR): /home/aza/.hermes/hermes-agent/skills/.usage.json
[2026-07-23T14:42:26+02:00] [INFO] config:changed: config:changed — /home/aza/.hermes/hermes-agent/skills/.usage.json (json)
[2026-07-23T14:42:26+02:00] [INFO] config:changed: Skipping validation (outside ADAM_V2_DIR): /home/aza/.hermes/hermes-agent/skills/.usage.json
[2026-07-23T14:42:36+02:00] [INFO] config:changed: config:changed — /home/aza/.hermes/hermes-agent/skills/.usage.json (json)
[2026-07-23T14:42:36+02:00] [INFO] config:changed: Skipping validation (outside ADAM_V2_DIR): /home/aza/.hermes/hermes-agent/skills/.usage.json
[2026-07-23T14:43:00+02:00] [INFO] config:changed: config:changed — /home/aza/.hermes/hermes-agent/skills/.usage.json (json)
[2026-07-23T14:43:00+02:00] [INFO] config:changed: Skipping validation (outside ADAM_V2_DIR): /home/aza/.hermes/hermes-agent/skills/.usage.json
[2026-07-23T14:43:08+02:00] [WARN] config:changed: config:changed payload missing 'path' field
[2026-07-23T14:45:58+02:00] [WARN] config:changed: config:changed payload missing 'path' field
[2026-07-23T14:46:26+02:00] [INFO] config:changed: config:changed — /home/aza/.hermes/channel_directory.json (json)
[2026-07-23T14:46:26+02:00] [INFO] config:changed: Skipping validation (outside ADAM_V2_DIR): /home/aza/.hermes/channel_directory.json
[2026-07-23T14:47:28+02:00] [WARN] config:changed: config:changed payload missing 'path' field
[2026-07-23T14:50:18+02:00] [WARN] config:changed: config:changed payload missing 'path' field
[2026-07-23T14:51:28+02:00] [INFO] config:changed: config:changed — /home/aza/.hermes/channel_directory.json (json)
[2026-07-23T14:51:28+02:00] [INFO] config:changed: Skipping validation (outside ADAM_V2_DIR): /home/aza/.hermes/channel_directory.json
[2026-07-23T14:51:50+02:00] [WARN] config:changed: config:changed payload missing 'path' field
[2026-07-23T14:54:40+02:00] [WARN] config:changed: config:changed payload missing 'path' field
[2026-07-23T14:56:10+02:00] [WARN] config:changed: config:changed payload missing 'path' field
[2026-07-23T14:56:26+02:00] [INFO] config:changed: config:changed — /home/aza/.hermes/channel_directory.json (json)
[2026-07-23T14:56:26+02:00] [INFO] config:changed: Skipping validation (outside ADAM_V2_DIR): /home/aza/.hermes/channel_directory.json
[2026-07-23T14:59:01+02:00] [WARN] config:changed: config:changed payload missing 'path' field
[2026-07-23T15:00:33+02:00] [WARN] config:changed: config:changed payload missing 'path' field
[2026-07-23T15:01:29+02:00] [INFO] config:changed: config:changed — /home/aza/.hermes/channel_directory.json (json)
[2026-07-23T15:01:29+02:00] [INFO] config:changed: Skipping validation (outside ADAM_V2_DIR): /home/aza/.hermes/channel_directory.json
[2026-07-23T15:03:23+02:00] [WARN] config:changed: config:changed payload missing 'path' field
[2026-07-23T15:04:11+02:00] [INFO] config:changed: config:changed — /home/aza/.hermes/cache/openrouter_model_metadata.json (json)
[2026-07-23T15:04:11+02:00] [INFO] config:changed: Skipping validation (outside ADAM_V2_DIR): /home/aza/.hermes/cache/openrouter_model_metadata.json
[2026-07-23T15:04:53+02:00] [WARN] config:changed: config:changed payload missing 'path' field
[2026-07-23T15:06:13+02:00] [INFO] config:changed: config:changed — /home/aza/.hermes/state/rich_sent_index.json (json)
[2026-07-23T15:06:13+02:00] [INFO] config:changed: Skipping validation (outside ADAM_V2_DIR): /home/aza/.hermes/state/rich_sent_index.json
[2026-07-23T15:06:13+02:00] [INFO] config:changed: config:changed — /home/aza/.hermes/gateway_state.json (json)
[2026-07-23T15:06:13+02:00] [INFO] config:changed: Skipping validation (outside ADAM_V2_DIR): /home/aza/.hermes/gateway_state.json
[2026-07-23T15:06:13+02:00] [INFO] config:changed: config:changed — /home/aza/.hermes/sessions/sessions.json (json)
[2026-07-23T15:06:13+02:00] [INFO] config:changed: Skipping validation (outside ADAM_V2_DIR): /home/aza/.hermes/sessions/sessions.json
[2026-07-23T15:06:31+02:00] [INFO] config:changed: config:changed — /home/aza/.hermes/channel_directory.json (json)
[2026-07-23T15:06:31+02:00] [INFO] config:changed: Skipping validation (outside ADAM_V2_DIR): /home/aza/.hermes/channel_directory.json
[2026-07-23T15:07:45+02:00] [WARN] config:changed: config:changed payload missing 'path' field
[2026-07-23T15:07:51+02:00] [INFO] config:changed: config:changed — /home/aza/.hermes/hermes-agent/skills/.usage.json (json)
[2026-07-23T15:07:51+02:00] [INFO] config:changed: Skipping validation (outside ADAM_V2_DIR): /home/aza/.hermes/hermes-agent/skills/.usage.json
[2026-07-23T15:09:15+02:00] [WARN] config:changed: config:changed payload missing 'path' field
[2026-07-23T15:10:25+02:00] [INFO] config:changed: config:changed — /home/aza/.hermes/hermes-agent/skills/.usage.json (json)
[2026-07-23T15:10:25+02:00] [INFO] config:changed: Skipping validation (outside ADAM_V2_DIR): /home/aza/.hermes/hermes-agent/skills/.usage.json
[2026-07-23T15:10:37+02:00] [INFO] config:changed: config:changed — /home/aza/.hermes/hermes-agent/skills/.usage.json (json)
[2026-07-23T15:10:37+02:00] [INFO] config:changed: Skipping validation (outside ADAM_V2_DIR): /home/aza/.hermes/hermes-agent/skills/.usage.json
[2026-07-23T15:11:15+02:00] [INFO] config:changed: config:changed — /home/aza/.hermes/hermes-agent/skills/.usage.json (json)
[2026-07-23T15:11:15+02:00] [INFO] config:changed: Skipping validation (outside ADAM_V2_DIR): /home/aza/.hermes/hermes-agent/skills/.usage.json
[2026-07-23T15:11:27+02:00] [INFO] config:changed: config:changed — /home/aza/.hermes/channel_directory.json (json)
[2026-07-23T15:11:27+02:00] [INFO] config:changed: Skipping validation (outside ADAM_V2_DIR): /home/aza/.hermes/channel_directory.json
[2026-07-23T15:12:05+02:00] [WARN] config:changed: config:changed payload missing 'path' field
[2026-07-23T15:12:35+02:00] [INFO] config:changed: config:changed — /home/aza/.hermes/hermes-agent/skills/.usage.json (json)
[2026-07-23T15:12:35+02:00] [INFO] config:changed: Skipping validation (outside ADAM_V2_DIR): /home/aza/.hermes/hermes-agent/skills/.usage.json
[2026-07-23T15:13:35+02:00] [WARN] config:changed: config:changed payload missing 'path' field
[2026-07-23T15:16:27+02:00] [WARN] config:changed: config:changed payload missing 'path' field
[2026-07-23T15:16:29+02:00] [INFO] config:changed: config:changed — /home/aza/.hermes/channel_directory.json (json)
[2026-07-23T15:16:29+02:00] [INFO] config:changed: Skipping validation (outside ADAM_V2_DIR): /home/aza/.hermes/channel_directory.json
[2026-07-23T15:17:57+02:00] [WARN] config:changed: config:changed payload missing 'path' field
[2026-07-23T15:20:47+02:00] [WARN] config:changed: config:changed payload missing 'path' field
[2026-07-23T15:21:31+02:00] [INFO] config:changed: config:changed — /home/aza/.hermes/channel_directory.json (json)
[2026-07-23T15:21:31+02:00] [INFO] config:changed: Skipping validation (outside ADAM_V2_DIR): /home/aza/.hermes/channel_directory.json
[2026-07-23T15:22:19+02:00] [WARN] config:changed: config:changed payload missing 'path' field
[2026-07-23T15:22:49+02:00] [INFO] config:changed: config:changed — /home/aza/.hermes/state/rich_sent_index.json (json)
[2026-07-23T15:22:49+02:00] [INFO] config:changed: Skipping validation (outside ADAM_V2_DIR): /home/aza/.hermes/state/rich_sent_index.json
[2026-07-23T15:22:49+02:00] [INFO] config:changed: config:changed — /home/aza/.hermes/gateway_state.json (json)
[2026-07-23T15:22:49+02:00] [INFO] config:changed: config:changed — /home/aza/.hermes/sessions/sessions.json (json)
[2026-07-23T15:22:49+02:00] [INFO] config:changed: Skipping validation (outside ADAM_V2_DIR): /home/aza/.hermes/gateway_state.json
[2026-07-23T15:22:49+02:00] [INFO] config:changed: Skipping validation (outside ADAM_V2_DIR): /home/aza/.hermes/sessions/sessions.json
[2026-07-23T15:23:11+02:00] [INFO] config:changed: config:changed — /home/aza/.hermes/hermes-agent/skills/.usage.json (json)
[2026-07-23T15:23:11+02:00] [INFO] config:changed: Skipping validation (outside ADAM_V2_DIR): /home/aza/.hermes/hermes-agent/skills/.usage.json
[2026-07-23T15:23:51+02:00] [INFO] config:changed: config:changed — /home/aza/.hermes/hermes-agent/skills/.usage.json (json)
[2026-07-23T15:23:51+02:00] [INFO] config:changed: Skipping validation (outside ADAM_V2_DIR): /home/aza/.hermes/hermes-agent/skills/.usage.json
[2026-07-23T15:24:13+02:00] [INFO] config:changed: config:changed — /home/aza/.hermes/hermes-agent/skills/.usage.json (json)
[2026-07-23T15:24:13+02:00] [INFO] config:changed: Skipping validation (outside ADAM_V2_DIR): /home/aza/.hermes/hermes-agent/skills/.usage.json
[2026-07-23T15:24:25+02:00] [INFO] config:changed: config:changed — /home/aza/.hermes/hermes-agent/skills/.usage.json (json)
[2026-07-23T15:24:25+02:00] [INFO] config:changed: Skipping validation (outside ADAM_V2_DIR): /home/aza/.hermes/hermes-agent/skills/.usage.json
[2026-07-23T15:24:41+02:00] [INFO] config:changed: config:changed — /home/aza/.hermes/hermes-agent/skills/.usage.json (json)
[2026-07-23T15:24:41+02:00] [INFO] config:changed: Skipping validation (outside ADAM_V2_DIR): /home/aza/.hermes/hermes-agent/skills/.usage.json
[2026-07-23T15:25:09+02:00] [WARN] config:changed: config:changed payload missing 'path' field
[2026-07-23T15:25:09+02:00] [INFO] config:changed: config:changed — /home/aza/.hermes/hermes-agent/skills/.usage.json (json)
[2026-07-23T15:25:09+02:00] [INFO] config:changed: Skipping validation (outside ADAM_V2_DIR): /home/aza/.hermes/hermes-agent/skills/.usage.json
[2026-07-23T15:25:49+02:00] [INFO] config:changed: config:changed — /home/aza/.hermes/hermes-agent/skills/.usage.json (json)
[2026-07-23T15:25:49+02:00] [INFO] config:changed: Skipping validation (outside ADAM_V2_DIR): /home/aza/.hermes/hermes-agent/skills/.usage.json
[2026-07-23T15:25:59+02:00] [INFO] config:changed: config:changed — /home/aza/.hermes/hermes-agent/skills/.usage.json (json)
[2026-07-23T15:25:59+02:00] [INFO] config:changed: Skipping validation (outside ADAM_V2_DIR): /home/aza/.hermes/hermes-agent/skills/.usage.json
[2026-07-23T15:26:27+02:00] [INFO] config:changed: config:changed — /home/aza/.hermes/channel_directory.json (json)
[2026-07-23T15:26:27+02:00] [INFO] config:changed: Skipping validation (outside ADAM_V2_DIR): /home/aza/.hermes/channel_directory.json
[2026-07-23T15:26:39+02:00] [WARN] config:changed: config:changed payload missing 'path' field
[2026-07-23T15:29:29+02:00] [WARN] config:changed: config:changed payload missing 'path' field
[2026-07-23T15:31:01+02:00] [WARN] config:changed: config:changed payload missing 'path' field
[2026-07-23T15:31:29+02:00] [INFO] config:changed: config:changed — /home/aza/.hermes/channel_directory.json (json)
[2026-07-23T15:31:29+02:00] [INFO] config:changed: Skipping validation (outside ADAM_V2_DIR): /home/aza/.hermes/channel_directory.json
[2026-07-23T15:33:51+02:00] [WARN] config:changed: config:changed payload missing 'path' field
[2026-07-23T15:35:21+02:00] [WARN] config:changed: config:changed payload missing 'path' field
[2026-07-23T15:36:27+02:00] [INFO] config:changed: config:changed — /home/aza/.hermes/channel_directory.json (json)
[2026-07-23T15:36:27+02:00] [INFO] config:changed: Skipping validation (outside ADAM_V2_DIR): /home/aza/.hermes/channel_directory.json
[2026-07-23T15:38:11+02:00] [WARN] config:changed: config:changed payload missing 'path' field
[2026-07-23T15:39:44+02:00] [WARN] config:changed: config:changed payload missing 'path' field
[2026-07-23T15:41:30+02:00] [INFO] config:changed: config:changed — /home/aza/.hermes/channel_directory.json (json)
[2026-07-23T15:41:30+02:00] [INFO] config:changed: Skipping validation (outside ADAM_V2_DIR): /home/aza/.hermes/channel_directory.json
[2026-07-23T15:42:34+02:00] [WARN] config:changed: config:changed payload missing 'path' field
[2026-07-23T15:44:04+02:00] [WARN] config:changed: config:changed payload missing 'path' field
[2026-07-23T15:46:32+02:00] [INFO] config:changed: config:changed — /home/aza/.hermes/channel_directory.json (json)
[2026-07-23T15:46:32+02:00] [INFO] config:changed: Skipping validation (outside ADAM_V2_DIR): /home/aza/.hermes/channel_directory.json
[2026-07-23T15:46:54+02:00] [WARN] config:changed: config:changed payload missing 'path' field
[2026-07-23T15:48:26+02:00] [WARN] config:changed: config:changed payload missing 'path' field
[2026-07-23T15:51:16+02:00] [WARN] config:changed: config:changed payload missing 'path' field
[2026-07-23T15:51:28+02:00] [INFO] config:changed: config:changed — /home/aza/.hermes/channel_directory.json (json)
[2026-07-23T15:51:28+02:00] [INFO] config:changed: Skipping validation (outside ADAM_V2_DIR): /home/aza/.hermes/channel_directory.json
[2026-07-23T15:52:46+02:00] [WARN] config:changed: config:changed payload missing 'path' field
[2026-07-23T15:55:38+02:00] [WARN] config:changed: config:changed payload missing 'path' field
[2026-07-23T15:56:30+02:00] [INFO] config:changed: config:changed — /home/aza/.hermes/channel_directory.json (json)
[2026-07-23T15:56:30+02:00] [INFO] config:changed: Skipping validation (outside ADAM_V2_DIR): /home/aza/.hermes/channel_directory.json
[2026-07-23T15:57:08+02:00] [WARN] config:changed: config:changed payload missing 'path' field
[2026-07-23T15:59:58+02:00] [WARN] config:changed: config:changed payload missing 'path' field
[2026-07-23T16:01:26+02:00] [INFO] config:changed: config:changed — /home/aza/.hermes/channel_directory.json (json)
[2026-07-23T16:01:26+02:00] [INFO] config:changed: Skipping validation (outside ADAM_V2_DIR): /home/aza/.hermes/channel_directory.json
[2026-07-23T16:01:28+02:00] [WARN] config:changed: config:changed payload missing 'path' field
[2026-07-23T16:04:20+02:00] [WARN] config:changed: config:changed payload missing 'path' field
[2026-07-23T16:05:50+02:00] [WARN] config:changed: config:changed payload missing 'path' field
[2026-07-23T16:06:28+02:00] [INFO] config:changed: config:changed — /home/aza/.hermes/channel_directory.json (json)
[2026-07-23T16:06:28+02:00] [INFO] config:changed: Skipping validation (outside ADAM_V2_DIR): /home/aza/.hermes/channel_directory.json
[2026-07-23T16:08:40+02:00] [WARN] config:changed: config:changed payload missing 'path' field
[2026-07-23T16:10:12+02:00] [WARN] config:changed: config:changed payload missing 'path' field
[2026-07-23T16:11:30+02:00] [INFO] config:changed: config:changed — /home/aza/.hermes/channel_directory.json (json)
[2026-07-23T16:11:30+02:00] [INFO] config:changed: Skipping validation (outside ADAM_V2_DIR): /home/aza/.hermes/channel_directory.json
[2026-07-23T16:13:02+02:00] [WARN] config:changed: config:changed payload missing 'path' field
[2026-07-23T16:13:50+02:00] [INFO] config:changed: config:changed — /home/aza/.hermes/sessions/sessions.json (json)
[2026-07-23T16:13:50+02:00] [INFO] config:changed: Skipping validation (outside ADAM_V2_DIR): /home/aza/.hermes/sessions/sessions.json
[2026-07-23T16:13:50+02:00] [INFO] config:changed: config:changed — /home/aza/.hermes/gateway_state.json (json)
[2026-07-23T16:13:50+02:00] [INFO] config:changed: Skipping validation (outside ADAM_V2_DIR): /home/aza/.hermes/gateway_state.json
[2026-07-23T16:13:56+02:00] [INFO] config:changed: config:changed — /home/aza/.hermes/cache/openrouter_model_metadata.json (json)
[2026-07-23T16:13:56+02:00] [INFO] config:changed: Skipping validation (outside ADAM_V2_DIR): /home/aza/.hermes/cache/openrouter_model_metadata.json
[2026-07-23T16:14:32+02:00] [WARN] config:changed: config:changed payload missing 'path' field
[2026-07-23T16:14:52+02:00] [INFO] config:changed: config:changed — /home/aza/.hermes/gateway_state.json (json)
[2026-07-23T16:14:52+02:00] [INFO] config:changed: config:changed — /home/aza/.hermes/state/rich_sent_index.json (json)
[2026-07-23T16:14:52+02:00] [INFO] config:changed: config:changed — /home/aza/.hermes/sessions/sessions.json (json)
[2026-07-23T16:14:52+02:00] [INFO] config:changed: Skipping validation (outside ADAM_V2_DIR): /home/aza/.hermes/state/rich_sent_index.json
[2026-07-23T16:14:52+02:00] [INFO] config:changed: Skipping validation (outside ADAM_V2_DIR): /home/aza/.hermes/gateway_state.json
[2026-07-23T16:14:52+02:00] [INFO] config:changed: Skipping validation (outside ADAM_V2_DIR): /home/aza/.hermes/sessions/sessions.json
[2026-07-23T16:15:48+02:00] [INFO] config:changed: config:changed — /home/aza/.hermes/gateway_state.json (json)
[2026-07-23T16:15:48+02:00] [INFO] config:changed: config:changed — /home/aza/.hermes/sessions/sessions.json (json)
[2026-07-23T16:15:48+02:00] [INFO] config:changed: Skipping validation (outside ADAM_V2_DIR): /home/aza/.hermes/gateway_state.json
[2026-07-23T16:15:48+02:00] [INFO] config:changed: Skipping validation (outside ADAM_V2_DIR): /home/aza/.hermes/sessions/sessions.json
[2026-07-23T16:16:28+02:00] [INFO] config:changed: config:changed — /home/aza/.hermes/channel_directory.json (json)
[2026-07-23T16:16:28+02:00] [INFO] config:changed: Skipping validation (outside ADAM_V2_DIR): /home/aza/.hermes/channel_directory.json
[2026-07-23T16:17:06+02:00] [INFO] config:changed: config:changed — /home/aza/.hermes/state/rich_sent_index.json (json)
[2026-07-23T16:17:06+02:00] [INFO] config:changed: Skipping validation (outside ADAM_V2_DIR): /home/aza/.hermes/state/rich_sent_index.json
[2026-07-23T16:17:06+02:00] [INFO] config:changed: config:changed — /home/aza/.hermes/gateway_state.json (json)
[2026-07-23T16:17:06+02:00] [INFO] config:changed: Skipping validation (outside ADAM_V2_DIR): /home/aza/.hermes/gateway_state.json
[2026-07-23T16:17:06+02:00] [INFO] config:changed: config:changed — /home/aza/.hermes/sessions/sessions.json (json)
[2026-07-23T16:17:06+02:00] [INFO] config:changed: Skipping validation (outside ADAM_V2_DIR): /home/aza/.hermes/sessions/sessions.json
[2026-07-23T16:17:22+02:00] [WARN] config:changed: config:changed payload missing 'path' field
[2026-07-23T16:18:20+02:00] [INFO] config:changed: config:changed — /home/aza/.hermes/gateway_state.json (json)
[2026-07-23T16:18:20+02:00] [INFO] config:changed: Skipping validation (outside ADAM_V2_DIR): /home/aza/.hermes/gateway_state.json
[2026-07-23T16:18:20+02:00] [INFO] config:changed: config:changed — /home/aza/.hermes/sessions/sessions.json (json)
[2026-07-23T16:18:20+02:00] [INFO] config:changed: Skipping validation (outside ADAM_V2_DIR): /home/aza/.hermes/sessions/sessions.json
[2026-07-23T16:18:54+02:00] [WARN] config:changed: config:changed payload missing 'path' field
[2026-07-23T16:21:30+02:00] [INFO] config:changed: config:changed — /home/aza/.hermes/channel_directory.json (json)
[2026-07-23T16:21:30+02:00] [INFO] config:changed: Skipping validation (outside ADAM_V2_DIR): /home/aza/.hermes/channel_directory.json
[2026-07-23T16:21:44+02:00] [WARN] config:changed: config:changed payload missing 'path' field
[2026-07-23T16:23:14+02:00] [WARN] config:changed: config:changed payload missing 'path' field
[2026-07-23T16:26:05+02:00] [WARN] config:changed: config:changed payload missing 'path' field
[2026-07-23T16:26:27+02:00] [INFO] config:changed: config:changed — /home/aza/.hermes/channel_directory.json (json)
[2026-07-23T16:26:27+02:00] [INFO] config:changed: Skipping validation (outside ADAM_V2_DIR): /home/aza/.hermes/channel_directory.json
[2026-07-23T16:27:37+02:00] [WARN] config:changed: config:changed payload missing 'path' field
[2026-07-23T16:28:29+02:00] [INFO] config:changed: config:changed — /home/aza/.hermes/gateway_state.json (json)
[2026-07-23T16:28:29+02:00] [INFO] config:changed: Skipping validation (outside ADAM_V2_DIR): /home/aza/.hermes/gateway_state.json
[2026-07-23T16:28:29+02:00] [INFO] config:changed: config:changed — /home/aza/.hermes/sessions/sessions.json (json)
[2026-07-23T16:28:29+02:00] [INFO] config:changed: Skipping validation (outside ADAM_V2_DIR): /home/aza/.hermes/sessions/sessions.json
[2026-07-23T16:28:29+02:00] [INFO] config:changed: config:changed — /home/aza/.hermes/state/rich_sent_index.json (json)
[2026-07-23T16:28:29+02:00] [INFO] config:changed: Skipping validation (outside ADAM_V2_DIR): /home/aza/.hermes/state/rich_sent_index.json
[2026-07-23T16:28:53+02:00] [INFO] config:changed: config:changed — /home/aza/.hermes/hermes-agent/skills/.usage.json (json)
[2026-07-23T16:28:53+02:00] [INFO] config:changed: Skipping validation (outside ADAM_V2_DIR): /home/aza/.hermes/hermes-agent/skills/.usage.json
[2026-07-23T16:29:21+02:00] [INFO] config:changed: config:changed — /home/aza/.hermes/sessions/sessions.json (json)
[2026-07-23T16:29:21+02:00] [INFO] config:changed: Skipping validation (outside ADAM_V2_DIR): /home/aza/.hermes/sessions/sessions.json
[2026-07-23T16:29:21+02:00] [INFO] config:changed: config:changed — /home/aza/.hermes/gateway_state.json (json)
[2026-07-23T16:29:21+02:00] [INFO] config:changed: Skipping validation (outside ADAM_V2_DIR): /home/aza/.hermes/gateway_state.json
[2026-07-23T16:29:21+02:00] [INFO] config:changed: config:changed — /home/aza/.hermes/hermes-agent/skills/.usage.json (json)
[2026-07-23T16:29:21+02:00] [INFO] config:changed: Skipping validation (outside ADAM_V2_DIR): /home/aza/.hermes/hermes-agent/skills/.usage.json
[2026-07-23T16:29:31+02:00] [INFO] config:changed: config:changed — /home/aza/.hermes/hermes-agent/skills/.usage.json (json)
[2026-07-23T16:29:31+02:00] [INFO] config:changed: Skipping validation (outside ADAM_V2_DIR): /home/aza/.hermes/hermes-agent/skills/.usage.json
[2026-07-23T16:30:05+02:00] [INFO] config:changed: config:changed — /home/aza/.hermes/hermes-agent/skills/.usage.json (json)
[2026-07-23T16:30:05+02:00] [INFO] config:changed: Skipping validation (outside ADAM_V2_DIR): /home/aza/.hermes/hermes-agent/skills/.usage.json
[2026-07-23T16:30:27+02:00] [WARN] config:changed: config:changed payload missing 'path' field
[2026-07-23T16:30:41+02:00] [INFO] config:changed: config:changed — /home/aza/.hermes/hermes-agent/skills/.usage.json (json)
[2026-07-23T16:30:41+02:00] [INFO] config:changed: Skipping validation (outside ADAM_V2_DIR): /home/aza/.hermes/hermes-agent/skills/.usage.json
[2026-07-23T16:30:49+02:00] [INFO] config:changed: config:changed — /home/aza/.hermes/hermes-agent/skills/.usage.json (json)
[2026-07-23T16:30:49+02:00] [INFO] config:changed: Skipping validation (outside ADAM_V2_DIR): /home/aza/.hermes/hermes-agent/skills/.usage.json
[2026-07-23T16:31:29+02:00] [INFO] config:changed: config:changed — /home/aza/.hermes/channel_directory.json (json)
[2026-07-23T16:31:29+02:00] [INFO] config:changed: Skipping validation (outside ADAM_V2_DIR): /home/aza/.hermes/channel_directory.json
[2026-07-23T16:31:29+02:00] [INFO] config:changed: config:changed — /home/aza/.hermes/sessions/sessions.json (json)
[2026-07-23T16:31:29+02:00] [INFO] config:changed: Skipping validation (outside ADAM_V2_DIR): /home/aza/.hermes/sessions/sessions.json
[2026-07-23T16:31:29+02:00] [INFO] config:changed: config:changed — /home/aza/.hermes/gateway_state.json (json)
[2026-07-23T16:31:29+02:00] [INFO] config:changed: Skipping validation (outside ADAM_V2_DIR): /home/aza/.hermes/gateway_state.json
[2026-07-23T16:31:35+02:00] [INFO] config:changed: config:changed — /home/aza/.hermes/state/rich_sent_index.json (json)
[2026-07-23T16:31:35+02:00] [INFO] config:changed: Skipping validation (outside ADAM_V2_DIR): /home/aza/.hermes/state/rich_sent_index.json
[2026-07-23T16:31:57+02:00] [WARN] config:changed: config:changed payload missing 'path' field
[2026-07-23T16:34:47+02:00] [WARN] config:changed: config:changed payload missing 'path' field
[2026-07-23T16:36:19+02:00] [WARN] config:changed: config:changed payload missing 'path' field
[2026-07-23T16:36:31+02:00] [INFO] config:changed: config:changed — /home/aza/.hermes/channel_directory.json (json)
[2026-07-23T16:36:31+02:00] [INFO] config:changed: Skipping validation (outside ADAM_V2_DIR): /home/aza/.hermes/channel_directory.json
[2026-07-23T16:39:09+02:00] [WARN] config:changed: config:changed payload missing 'path' field
[2026-07-23T16:40:39+02:00] [WARN] config:changed: config:changed payload missing 'path' field
[2026-07-23T16:41:29+02:00] [INFO] config:changed: config:changed — /home/aza/.hermes/channel_directory.json (json)
[2026-07-23T16:41:29+02:00] [INFO] config:changed: Skipping validation (outside ADAM_V2_DIR): /home/aza/.hermes/channel_directory.json
[2026-07-23T16:43:31+02:00] [WARN] config:changed: config:changed payload missing 'path' field
[2026-07-23T16:45:01+02:00] [WARN] config:changed: config:changed payload missing 'path' field
[2026-07-23T16:46:31+02:00] [INFO] config:changed: config:changed — /home/aza/.hermes/channel_directory.json (json)
[2026-07-23T16:46:31+02:00] [INFO] config:changed: Skipping validation (outside ADAM_V2_DIR): /home/aza/.hermes/channel_directory.json
[2026-07-23T16:47:51+02:00] [WARN] config:changed: config:changed payload missing 'path' field
[2026-07-23T16:48:39+02:00] [INFO] config:changed: config:changed — /home/aza/.hermes/sessions/sessions.json (json)
[2026-07-23T16:48:39+02:00] [INFO] config:changed: Skipping validation (outside ADAM_V2_DIR): /home/aza/.hermes/sessions/sessions.json
[2026-07-23T16:48:39+02:00] [INFO] config:changed: config:changed — /home/aza/.hermes/gateway_state.json (json)
[2026-07-23T16:48:39+02:00] [INFO] config:changed: Skipping validation (outside ADAM_V2_DIR): /home/aza/.hermes/gateway_state.json
[2026-07-23T16:49:21+02:00] [WARN] config:changed: config:changed payload missing 'path' field
[2026-07-23T16:51:27+02:00] [INFO] config:changed: config:changed — /home/aza/.hermes/channel_directory.json (json)
[2026-07-23T16:51:27+02:00] [INFO] config:changed: Skipping validation (outside ADAM_V2_DIR): /home/aza/.hermes/channel_directory.json
[2026-07-23T16:52:13+02:00] [WARN] config:changed: config:changed payload missing 'path' field
[2026-07-23T16:53:43+02:00] [WARN] config:changed: config:changed payload missing 'path' field
[2026-07-23T16:56:33+02:00] [INFO] config:changed: config:changed — /home/aza/.hermes/channel_directory.json (json)
[2026-07-23T16:56:33+02:00] [WARN] config:changed: config:changed payload missing 'path' field
[2026-07-23T16:56:33+02:00] [INFO] config:changed: Skipping validation (outside ADAM_V2_DIR): /home/aza/.hermes/channel_directory.json
[2026-07-23T16:58:05+02:00] [WARN] config:changed: config:changed payload missing 'path' field
[2026-07-23T16:58:37+02:00] [INFO] config:changed: config:changed — /home/aza/.hermes/gateway_state.json (json)
[2026-07-23T16:58:37+02:00] [INFO] config:changed: config:changed — /home/aza/.hermes/sessions/sessions.json (json)
[2026-07-23T16:58:37+02:00] [INFO] config:changed: Skipping validation (outside ADAM_V2_DIR): /home/aza/.hermes/gateway_state.json
[2026-07-23T16:58:37+02:00] [INFO] config:changed: Skipping validation (outside ADAM_V2_DIR): /home/aza/.hermes/sessions/sessions.json
[2026-07-23T16:58:37+02:00] [INFO] config:changed: config:changed — /home/aza/.hermes/state/rich_sent_index.json (json)
[2026-07-23T16:58:37+02:00] [INFO] config:changed: Skipping validation (outside ADAM_V2_DIR): /home/aza/.hermes/state/rich_sent_index.json
[2026-07-23T16:59:23+02:00] [INFO] config:changed: config:changed — /home/aza/.hermes/hermes-agent/skills/.usage.json (json)
[2026-07-23T16:59:23+02:00] [INFO] config:changed: Skipping validation (outside ADAM_V2_DIR): /home/aza/.hermes/hermes-agent/skills/.usage.json
[2026-07-23T16:59:33+02:00] [INFO] config:changed: config:changed — /home/aza/.hermes/hermes-agent/skills/.usage.json (json)
[2026-07-23T16:59:33+02:00] [INFO] config:changed: Skipping validation (outside ADAM_V2_DIR): /home/aza/.hermes/hermes-agent/skills/.usage.json
[2026-07-23T16:59:45+02:00] [INFO] config:changed: config:changed — /home/aza/.hermes/hermes-agent/skills/.usage.json (json)
[2026-07-23T16:59:45+02:00] [INFO] config:changed: Skipping validation (outside ADAM_V2_DIR): /home/aza/.hermes/hermes-agent/skills/.usage.json
[2026-07-23T17:00:01+02:00] [INFO] config:changed: config:changed — /home/aza/.hermes/hermes-agent/skills/.usage.json (json)
[2026-07-23T17:00:01+02:00] [INFO] config:changed: Skipping validation (outside ADAM_V2_DIR): /home/aza/.hermes/hermes-agent/skills/.usage.json
[2026-07-23T17:00:25+02:00] [INFO] config:changed: config:changed — /home/aza/.hermes/hermes-agent/skills/.usage.json (json)
[2026-07-23T17:00:25+02:00] [INFO] config:changed: Skipping validation (outside ADAM_V2_DIR): /home/aza/.hermes/hermes-agent/skills/.usage.json
[2026-07-23T17:00:35+02:00] [INFO] config:changed: config:changed — /home/aza/.hermes/hermes-agent/skills/.usage.json (json)
[2026-07-23T17:00:35+02:00] [INFO] config:changed: Skipping validation (outside ADAM_V2_DIR): /home/aza/.hermes/hermes-agent/skills/.usage.json
[2026-07-23T17:00:41+02:00] [INFO] config:changed: config:changed — /home/aza/.hermes/hermes-agent/skills/.usage.json (json)
[2026-07-23T17:00:41+02:00] [INFO] config:changed: Skipping validation (outside ADAM_V2_DIR): /home/aza/.hermes/hermes-agent/skills/.usage.json
[2026-07-23T17:00:52+02:00] [INFO] config:changed: config:changed — /home/aza/.hermes/hermes-agent/skills/.usage.json (json)
[2026-07-23T17:00:52+02:00] [INFO] config:changed: Skipping validation (outside ADAM_V2_DIR): /home/aza/.hermes/hermes-agent/skills/.usage.json
[2026-07-23T17:00:58+02:00] [WARN] config:changed: config:changed payload missing 'path' field
[2026-07-23T17:01:26+02:00] [INFO] config:changed: config:changed — /home/aza/.hermes/channel_directory.json (json)
[2026-07-23T17:01:26+02:00] [INFO] config:changed: Skipping validation (outside ADAM_V2_DIR): /home/aza/.hermes/channel_directory.json
[2026-07-23T17:02:26+02:00] [WARN] config:changed: config:changed payload missing 'path' field
[2026-07-23T17:02:44+02:00] [INFO] config:changed: config:changed — /home/aza/.hermes/hermes-agent/skills/.usage.json (json)
[2026-07-23T17:02:44+02:00] [INFO] config:changed: Skipping validation (outside ADAM_V2_DIR): /home/aza/.hermes/hermes-agent/skills/.usage.json
[2026-07-23T17:03:46+02:00] [INFO] config:changed: config:changed — /home/aza/.hermes/hermes-agent/skills/.usage.json (json)
[2026-07-23T17:03:46+02:00] [INFO] config:changed: Skipping validation (outside ADAM_V2_DIR): /home/aza/.hermes/hermes-agent/skills/.usage.json
[2026-07-23T17:04:32+02:00] [INFO] config:changed: config:changed — /home/aza/.hermes/hermes-agent/skills/.usage.json (json)
[2026-07-23T17:04:32+02:00] [INFO] config:changed: Skipping validation (outside ADAM_V2_DIR): /home/aza/.hermes/hermes-agent/skills/.usage.json
[2026-07-23T17:05:16+02:00] [WARN] config:changed: config:changed payload missing 'path' field
[2026-07-23T17:06:28+02:00] [INFO] config:changed: config:changed — /home/aza/.hermes/channel_directory.json (json)
[2026-07-23T17:06:28+02:00] [INFO] config:changed: Skipping validation (outside ADAM_V2_DIR): /home/aza/.hermes/channel_directory.json
[2026-07-23T17:06:48+02:00] [WARN] config:changed: config:changed payload missing 'path' field
[2026-07-23T17:09:38+02:00] [WARN] config:changed: config:changed payload missing 'path' field
[2026-07-23T17:11:08+02:00] [WARN] config:changed: config:changed payload missing 'path' field
[2026-07-23T17:11:30+02:00] [INFO] config:changed: config:changed — /home/aza/.hermes/channel_directory.json (json)
[2026-07-23T17:11:30+02:00] [INFO] config:changed: Skipping validation (outside ADAM_V2_DIR): /home/aza/.hermes/channel_directory.json
[2026-07-23T17:12:54+02:00] [INFO] config:changed: config:changed — /home/aza/.hermes/gateway_state.json (json)
[2026-07-23T17:12:54+02:00] [INFO] config:changed: Skipping validation (outside ADAM_V2_DIR): /home/aza/.hermes/gateway_state.json
[2026-07-23T17:12:54+02:00] [INFO] config:changed: config:changed — /home/aza/.hermes/sessions/sessions.json (json)
[2026-07-23T17:12:54+02:00] [INFO] config:changed: Skipping validation (outside ADAM_V2_DIR): /home/aza/.hermes/sessions/sessions.json
[2026-07-23T17:13:58+02:00] [WARN] config:changed: config:changed payload missing 'path' field
[2026-07-23T17:14:24+02:00] [INFO] config:changed: config:changed — /home/aza/.hermes/cache/openrouter_model_metadata.json (json)
[2026-07-23T17:14:24+02:00] [INFO] config:changed: Skipping validation (outside ADAM_V2_DIR): /home/aza/.hermes/cache/openrouter_model_metadata.json
[2026-07-23T17:15:30+02:00] [WARN] config:changed: config:changed payload missing 'path' field
[2026-07-23T17:16:28+02:00] [INFO] config:changed: config:changed — /home/aza/.hermes/channel_directory.json (json)
[2026-07-23T17:16:28+02:00] [INFO] config:changed: Skipping validation (outside ADAM_V2_DIR): /home/aza/.hermes/channel_directory.json
[2026-07-23T17:17:06+02:00] [INFO] config:changed: config:changed — /home/aza/.hermes/processes.json (json)
[2026-07-23T17:17:06+02:00] [INFO] config:changed: Skipping validation (outside ADAM_V2_DIR): /home/aza/.hermes/processes.json
[2026-07-23T17:18:11+02:00] [WARN] config:changed: config:changed payload missing 'path' field
[2026-07-23T17:18:33+02:00] [INFO] config:changed: config:changed — /home/aza/.hermes/processes.json (json)
[2026-07-23T17:18:33+02:00] [INFO] config:changed: Skipping validation (outside ADAM_V2_DIR): /home/aza/.hermes/processes.json
[2026-07-23T17:18:37+02:00] [INFO] config:changed: config:changed — /home/aza/.hermes/processes.json (json)
[2026-07-23T17:18:37+02:00] [INFO] config:changed: Skipping validation (outside ADAM_V2_DIR): /home/aza/.hermes/processes.json
[2026-07-23T17:19:50+02:00] [WARN] config:changed: config:changed payload missing 'path' field
[2026-07-23T17:21:30+02:00] [INFO] config:changed: config:changed — /home/aza/.hermes/channel_directory.json (json)
[2026-07-23T17:21:30+02:00] [INFO] config:changed: Skipping validation (outside ADAM_V2_DIR): /home/aza/.hermes/channel_directory.json
[2026-07-23T17:21:58+02:00] [INFO] config:changed: config:changed — /home/aza/.hermes/processes.json (json)
[2026-07-23T17:21:58+02:00] [INFO] config:changed: Skipping validation (outside ADAM_V2_DIR): /home/aza/.hermes/processes.json
[2026-07-23T17:22:04+02:00] [INFO] config:changed: config:changed — /home/aza/.hermes/processes.json (json)
[2026-07-23T17:22:04+02:00] [INFO] config:changed: Skipping validation (outside ADAM_V2_DIR): /home/aza/.hermes/processes.json
[2026-07-23T17:22:42+02:00] [WARN] config:changed: config:changed payload missing 'path' field
[2026-07-23T17:24:06+02:00] [INFO] config:changed: config:changed — /home/aza/.hermes/processes.json (json)
[2026-07-23T17:24:06+02:00] [INFO] config:changed: Skipping validation (outside ADAM_V2_DIR): /home/aza/.hermes/processes.json
[2026-07-23T17:24:12+02:00] [INFO] config:changed: config:changed — /home/aza/.hermes/processes.json (json)
[2026-07-23T17:24:12+02:00] [INFO] config:changed: Skipping validation (outside ADAM_V2_DIR): /home/aza/.hermes/processes.json
[2026-07-23T17:24:12+02:00] [WARN] config:changed: config:changed payload missing 'path' field
[2026-07-23T17:26:26+02:00] [INFO] config:changed: config:changed — /home/aza/.hermes/channel_directory.json (json)
[2026-07-23T17:26:26+02:00] [INFO] config:changed: Skipping validation (outside ADAM_V2_DIR): /home/aza/.hermes/channel_directory.json
[2026-07-23T17:27:02+02:00] [WARN] config:changed: config:changed payload missing 'path' field
[2026-07-23T17:28:33+02:00] [WARN] config:changed: config:changed payload missing 'path' field
[2026-07-23T17:31:23+02:00] [WARN] config:changed: config:changed payload missing 'path' field
[2026-07-23T17:31:31+02:00] [INFO] config:changed: config:changed — /home/aza/.hermes/channel_directory.json (json)
[2026-07-23T17:31:31+02:00] [INFO] config:changed: Skipping validation (outside ADAM_V2_DIR): /home/aza/.hermes/channel_directory.json
[2026-07-23T17:32:55+02:00] [WARN] config:changed: config:changed payload missing 'path' field
[2026-07-23T17:33:09+02:00] [INFO] config:changed: config:changed — /home/aza/.hermes/processes.json (json)
[2026-07-23T17:33:09+02:00] [INFO] config:changed: Skipping validation (outside ADAM_V2_DIR): /home/aza/.hermes/processes.json
[2026-07-23T17:35:07+02:00] [INFO] config:changed: config:changed — /home/aza/.hermes/gateway_state.json (json)
[2026-07-23T17:35:07+02:00] [INFO] config:changed: Skipping validation (outside ADAM_V2_DIR): /home/aza/.hermes/gateway_state.json
[2026-07-23T17:35:07+02:00] [INFO] config:changed: config:changed — /home/aza/.hermes/sessions/sessions.json (json)
[2026-07-23T17:35:07+02:00] [INFO] config:changed: Skipping validation (outside ADAM_V2_DIR): /home/aza/.hermes/sessions/sessions.json
[2026-07-23T17:35:13+02:00] [INFO] config:changed: config:changed — /home/aza/.hermes/state/rich_sent_index.json (json)
[2026-07-23T17:35:13+02:00] [INFO] config:changed: Skipping validation (outside ADAM_V2_DIR): /home/aza/.hermes/state/rich_sent_index.json
[2026-07-23T17:35:45+02:00] [WARN] config:changed: config:changed payload missing 'path' field
[2026-07-23T17:35:45+02:00] [INFO] config:changed: config:changed — /home/aza/.hermes/hermes-agent/skills/.usage.json (json)
[2026-07-23T17:35:45+02:00] [INFO] config:changed: Skipping validation (outside ADAM_V2_DIR): /home/aza/.hermes/hermes-agent/skills/.usage.json
[2026-07-23T17:36:31+02:00] [INFO] config:changed: config:changed — /home/aza/.hermes/channel_directory.json (json)
[2026-07-23T17:36:31+02:00] [INFO] config:changed: Skipping validation (outside ADAM_V2_DIR): /home/aza/.hermes/channel_directory.json
[2026-07-23T17:36:36+02:00] [INFO] config:changed: config:changed — /home/aza/.hermes/hermes-agent/skills/.usage.json (json)
[2026-07-23T17:36:36+02:00] [INFO] config:changed: Skipping validation (outside ADAM_V2_DIR): /home/aza/.hermes/hermes-agent/skills/.usage.json
[2026-07-23T17:37:10+02:00] [INFO] config:changed: config:changed — /home/aza/.hermes/hermes-agent/skills/.usage.json (json)
[2026-07-23T17:37:10+02:00] [INFO] config:changed: Skipping validation (outside ADAM_V2_DIR): /home/aza/.hermes/hermes-agent/skills/.usage.json
[2026-07-23T17:37:16+02:00] [WARN] config:changed: config:changed payload missing 'path' field
[2026-07-23T17:37:38+02:00] [INFO] config:changed: config:changed — /home/aza/.hermes/gateway_state.json (json)
[2026-07-23T17:37:38+02:00] [INFO] config:changed: Skipping validation (outside ADAM_V2_DIR): /home/aza/.hermes/gateway_state.json
[2026-07-23T17:37:38+02:00] [INFO] config:changed: config:changed — /home/aza/.hermes/sessions/sessions.json (json)
[2026-07-23T17:37:38+02:00] [INFO] config:changed: Skipping validation (outside ADAM_V2_DIR): /home/aza/.hermes/sessions/sessions.json
[2026-07-23T17:38:00+02:00] [INFO] config:changed: config:changed — /home/aza/.hermes/hermes-agent/skills/.usage.json (json)
[2026-07-23T17:38:00+02:00] [INFO] config:changed: Skipping validation (outside ADAM_V2_DIR): /home/aza/.hermes/hermes-agent/skills/.usage.json
[2026-07-23T17:38:28+02:00] [INFO] config:changed: config:changed — /home/aza/.hermes/hermes-agent/skills/.usage.json (json)
[2026-07-23T17:38:28+02:00] [INFO] config:changed: Skipping validation (outside ADAM_V2_DIR): /home/aza/.hermes/hermes-agent/skills/.usage.json
[2026-07-23T17:38:40+02:00] [INFO] config:changed: config:changed — /home/aza/.hermes/hermes-agent/skills/.usage.json (json)
[2026-07-23T17:38:40+02:00] [INFO] config:changed: Skipping validation (outside ADAM_V2_DIR): /home/aza/.hermes/hermes-agent/skills/.usage.json
[2026-07-23T17:38:52+02:00] [INFO] config:changed: config:changed — /home/aza/.hermes/hermes-agent/skills/.usage.json (json)
[2026-07-23T17:38:52+02:00] [INFO] config:changed: Skipping validation (outside ADAM_V2_DIR): /home/aza/.hermes/hermes-agent/skills/.usage.json
[2026-07-23T17:40:06+02:00] [WARN] config:changed: config:changed payload missing 'path' field
[2026-07-23T17:40:38+02:00] [INFO] config:changed: config:changed — /home/aza/.hermes/hermes-agent/skills/.usage.json (json)
[2026-07-23T17:40:38+02:00] [INFO] config:changed: Skipping validation (outside ADAM_V2_DIR): /home/aza/.hermes/hermes-agent/skills/.usage.json
[2026-07-23T17:41:28+02:00] [INFO] config:changed: config:changed — /home/aza/.hermes/channel_directory.json (json)
[2026-07-23T17:41:28+02:00] [INFO] config:changed: Skipping validation (outside ADAM_V2_DIR): /home/aza/.hermes/channel_directory.json
[2026-07-23T17:41:32+02:00] [INFO] config:changed: config:changed — /home/aza/.hermes/sessions/sessions.json (json)
[2026-07-23T17:41:32+02:00] [INFO] config:changed: Skipping validation (outside ADAM_V2_DIR): /home/aza/.hermes/sessions/sessions.json
[2026-07-23T17:41:32+02:00] [INFO] config:changed: config:changed — /home/aza/.hermes/state/rich_sent_index.json (json)
[2026-07-23T17:41:32+02:00] [INFO] config:changed: config:changed — /home/aza/.hermes/gateway_state.json (json)
[2026-07-23T17:41:32+02:00] [INFO] config:changed: Skipping validation (outside ADAM_V2_DIR): /home/aza/.hermes/state/rich_sent_index.json
[2026-07-23T17:41:32+02:00] [INFO] config:changed: Skipping validation (outside ADAM_V2_DIR): /home/aza/.hermes/gateway_state.json
[2026-07-23T17:41:36+02:00] [WARN] config:changed: config:changed payload missing 'path' field
[2026-07-23T17:42:24+02:00] [INFO] config:changed: config:changed — /home/aza/.hermes/hermes-agent/skills/.usage.json (json)
[2026-07-23T17:42:24+02:00] [INFO] config:changed: Skipping validation (outside ADAM_V2_DIR): /home/aza/.hermes/hermes-agent/skills/.usage.json
[2026-07-23T17:43:20+02:00] [INFO] config:changed: config:changed — /home/aza/.hermes/sessions/sessions.json (json)
[2026-07-23T17:43:20+02:00] [INFO] config:changed: config:changed — /home/aza/.hermes/gateway_state.json (json)
[2026-07-23T17:43:20+02:00] [INFO] config:changed: Skipping validation (outside ADAM_V2_DIR): /home/aza/.hermes/sessions/sessions.json
[2026-07-23T17:43:20+02:00] [INFO] config:changed: Skipping validation (outside ADAM_V2_DIR): /home/aza/.hermes/gateway_state.json
[2026-07-23T17:43:48+02:00] [INFO] config:changed: config:changed — /home/aza/.hermes/hermes-agent/skills/.usage.json (json)
[2026-07-23T17:43:48+02:00] [INFO] config:changed: Skipping validation (outside ADAM_V2_DIR): /home/aza/.hermes/hermes-agent/skills/.usage.json
[2026-07-23T17:44:26+02:00] [WARN] config:changed: config:changed payload missing 'path' field
[2026-07-23T17:44:35+02:00] [INFO] config:changed: config:changed — /home/aza/.hermes/hermes-agent/skills/.usage.json (json)
[2026-07-23T17:44:35+02:00] [INFO] config:changed: Skipping validation (outside ADAM_V2_DIR): /home/aza/.hermes/hermes-agent/skills/.usage.json
[2026-07-23T17:48:40+02:00] [INFO] config:changed: config:changed — /home/aza/.hermes/hermes-agent/skills/.usage.json (json)
[2026-07-23T17:48:40+02:00] [INFO] config:changed: Skipping validation (outside ADAM_V2_DIR): /home/aza/.hermes/hermes-agent/skills/.usage.json
[2026-07-23T17:49:02+02:00] [INFO] config:changed: config:changed — /home/aza/.hermes/hermes-agent/skills/.usage.json (json)
[2026-07-23T17:49:02+02:00] [INFO] config:changed: Skipping validation (outside ADAM_V2_DIR): /home/aza/.hermes/hermes-agent/skills/.usage.json
[2026-07-23T17:51:43+02:00] [INFO] config:changed: config:changed — /home/aza/.hermes/channel_directory.json (json)
[2026-07-23T17:51:43+02:00] [INFO] config:changed: Skipping validation (outside ADAM_V2_DIR): /home/aza/.hermes/channel_directory.json
[2026-07-23T17:51:43+02:00] [WARN] config:changed: config:changed payload missing 'path' field
[2026-07-23T17:55:18+02:00] [INFO] config:changed: config:changed — /home/aza/.hermes/channel_directory.json (json)
[2026-07-23T17:55:18+02:00] [INFO] config:changed: Skipping validation (outside ADAM_V2_DIR): /home/aza/.hermes/channel_directory.json
[2026-07-23T17:55:18+02:00] [WARN] config:changed: config:changed payload missing 'path' field
[2026-07-23T17:55:34+02:00] [WARN] config:changed: config:changed payload missing 'path' field
[2026-07-23T17:56:32+02:00] [INFO] config:changed: config:changed — /home/aza/.hermes/channel_directory.json (json)
[2026-07-23T17:56:32+02:00] [INFO] config:changed: Skipping validation (outside ADAM_V2_DIR): /home/aza/.hermes/channel_directory.json
[2026-07-23T17:57:30+02:00] [WARN] config:changed: config:changed payload missing 'path' field
[2026-07-23T17:59:00+02:00] [WARN] config:changed: config:changed payload missing 'path' field
[2026-07-23T18:01:29+02:00] [INFO] config:changed: config:changed — /home/aza/.hermes/channel_directory.json (json)
[2026-07-23T18:01:29+02:00] [INFO] config:changed: Skipping validation (outside ADAM_V2_DIR): /home/aza/.hermes/channel_directory.json
[2026-07-23T18:01:53+02:00] [WARN] config:changed: config:changed payload missing 'path' field
[2026-07-23T18:02:13+02:00] [INFO] config:changed: config:changed — /home/aza/.hermes/sessions/sessions.json (json)
[2026-07-23T18:02:13+02:00] [INFO] config:changed: Skipping validation (outside ADAM_V2_DIR): /home/aza/.hermes/sessions/sessions.json
[2026-07-23T18:02:13+02:00] [INFO] config:changed: config:changed — /home/aza/.hermes/state/rich_sent_index.json (json)
[2026-07-23T18:02:13+02:00] [INFO] config:changed: Skipping validation (outside ADAM_V2_DIR): /home/aza/.hermes/state/rich_sent_index.json
[2026-07-23T18:02:13+02:00] [INFO] config:changed: config:changed — /home/aza/.hermes/gateway_state.json (json)
[2026-07-23T18:02:13+02:00] [INFO] config:changed: Skipping validation (outside ADAM_V2_DIR): /home/aza/.hermes/gateway_state.json
[2026-07-23T18:02:31+02:00] [INFO] config:changed: config:changed — /home/aza/.hermes/hermes-agent/skills/.usage.json (json)
[2026-07-23T18:02:31+02:00] [INFO] config:changed: Skipping validation (outside ADAM_V2_DIR): /home/aza/.hermes/hermes-agent/skills/.usage.json
[2026-07-23T18:02:41+02:00] [INFO] config:changed: config:changed — /home/aza/.hermes/hermes-agent/skills/.usage.json (json)
[2026-07-23T18:02:41+02:00] [INFO] config:changed: Skipping validation (outside ADAM_V2_DIR): /home/aza/.hermes/hermes-agent/skills/.usage.json
[2026-07-23T18:03:09+02:00] [INFO] config:changed: config:changed — /home/aza/.hermes/hermes-agent/skills/.usage.json (json)
[2026-07-23T18:03:09+02:00] [INFO] config:changed: Skipping validation (outside ADAM_V2_DIR): /home/aza/.hermes/hermes-agent/skills/.usage.json
[2026-07-23T18:03:23+02:00] [WARN] config:changed: config:changed payload missing 'path' field
[2026-07-23T18:03:27+02:00] [INFO] config:changed: config:changed — /home/aza/.hermes/hermes-agent/skills/.usage.json (json)
[2026-07-23T18:03:27+02:00] [INFO] config:changed: Skipping validation (outside ADAM_V2_DIR): /home/aza/.hermes/hermes-agent/skills/.usage.json
[2026-07-23T18:04:23+02:00] [INFO] config:changed: config:changed — /home/aza/.hermes/hermes-agent/skills/.usage.json (json)
[2026-07-23T18:04:23+02:00] [INFO] config:changed: Skipping validation (outside ADAM_V2_DIR): /home/aza/.hermes/hermes-agent/skills/.usage.json
[2026-07-23T18:04:27+02:00] [INFO] config:changed: config:changed — /home/aza/.hermes/hermes-agent/skills/.usage.json (json)
[2026-07-23T18:04:27+02:00] [INFO] config:changed: Skipping validation (outside ADAM_V2_DIR): /home/aza/.hermes/hermes-agent/skills/.usage.json
[2026-07-23T18:04:55+02:00] [INFO] config:changed: config:changed — /home/aza/.hermes/hermes-agent/skills/.usage.json (json)
[2026-07-23T18:04:55+02:00] [INFO] config:changed: Skipping validation (outside ADAM_V2_DIR): /home/aza/.hermes/hermes-agent/skills/.usage.json
[2026-07-23T18:05:01+02:00] [INFO] config:changed: config:changed — /home/aza/.hermes/hermes-agent/skills/.usage.json (json)
[2026-07-23T18:05:01+02:00] [INFO] config:changed: Skipping validation (outside ADAM_V2_DIR): /home/aza/.hermes/hermes-agent/skills/.usage.json
[2026-07-23T18:06:13+02:00] [WARN] config:changed: config:changed payload missing 'path' field
[2026-07-23T18:06:31+02:00] [INFO] config:changed: config:changed — /home/aza/.hermes/channel_directory.json (json)
[2026-07-23T18:06:31+02:00] [INFO] config:changed: Skipping validation (outside ADAM_V2_DIR): /home/aza/.hermes/channel_directory.json
[2026-07-23T18:06:43+02:00] [INFO] config:changed: config:changed — /home/aza/.hermes/hermes-agent/skills/.usage.json (json)
[2026-07-23T18:06:43+02:00] [INFO] config:changed: Skipping validation (outside ADAM_V2_DIR): /home/aza/.hermes/hermes-agent/skills/.usage.json
[2026-07-23T18:07:05+02:00] [INFO] config:changed: config:changed — /home/aza/.hermes/hermes-agent/skills/.usage.json (json)
[2026-07-23T18:07:06+02:00] [INFO] config:changed: Skipping validation (outside ADAM_V2_DIR): /home/aza/.hermes/hermes-agent/skills/.usage.json
[2026-07-23T18:07:44+02:00] [WARN] config:changed: config:changed payload missing 'path' field
[2026-07-23T18:10:34+02:00] [WARN] config:changed: config:changed payload missing 'path' field
[2026-07-23T18:11:28+02:00] [INFO] config:changed: config:changed — /home/aza/.hermes/channel_directory.json (json)
[2026-07-23T18:11:28+02:00] [INFO] config:changed: Skipping validation (outside ADAM_V2_DIR): /home/aza/.hermes/channel_directory.json
[2026-07-23T18:12:04+02:00] [WARN] config:changed: config:changed payload missing 'path' field
[2026-07-23T18:14:54+02:00] [WARN] config:changed: config:changed payload missing 'path' field
[2026-07-23T18:16:27+02:00] [WARN] config:changed: config:changed payload missing 'path' field
[2026-07-23T18:16:31+02:00] [INFO] config:changed: config:changed — /home/aza/.hermes/channel_directory.json (json)
[2026-07-23T18:16:31+02:00] [INFO] config:changed: Skipping validation (outside ADAM_V2_DIR): /home/aza/.hermes/channel_directory.json
[2026-07-23T18:19:03+02:00] [INFO] config:changed: config:changed — /home/aza/.hermes/cache/openrouter_model_metadata.json (json)
[2026-07-23T18:19:03+02:00] [INFO] config:changed: Skipping validation (outside ADAM_V2_DIR): /home/aza/.hermes/cache/openrouter_model_metadata.json
[2026-07-23T18:19:03+02:00] [INFO] config:changed: config:changed — /home/aza/.hermes/gateway_state.json (json)
[2026-07-23T18:19:03+02:00] [INFO] config:changed: config:changed — /home/aza/.hermes/sessions/sessions.json (json)
[2026-07-23T18:19:03+02:00] [INFO] config:changed: Skipping validation (outside ADAM_V2_DIR): /home/aza/.hermes/gateway_state.json
[2026-07-23T18:19:03+02:00] [INFO] config:changed: Skipping validation (outside ADAM_V2_DIR): /home/aza/.hermes/sessions/sessions.json
[2026-07-23T18:19:17+02:00] [WARN] config:changed: config:changed payload missing 'path' field
[2026-07-23T18:20:47+02:00] [WARN] config:changed: config:changed payload missing 'path' field
[2026-07-23T18:21:29+02:00] [INFO] config:changed: config:changed — /home/aza/.hermes/channel_directory.json (json)
[2026-07-23T18:21:29+02:00] [INFO] config:changed: Skipping validation (outside ADAM_V2_DIR): /home/aza/.hermes/channel_directory.json
[2026-07-23T18:22:04+02:00] [INFO] config:changed: config:changed — /home/aza/.hermes/state/rich_sent_index.json (json)
[2026-07-23T18:22:04+02:00] [INFO] config:changed: config:changed — /home/aza/.hermes/gateway_state.json (json)
[2026-07-23T18:22:04+02:00] [INFO] config:changed: Skipping validation (outside ADAM_V2_DIR): /home/aza/.hermes/state/rich_sent_index.json
[2026-07-23T18:22:04+02:00] [INFO] config:changed: Skipping validation (outside ADAM_V2_DIR): /home/aza/.hermes/gateway_state.json
[2026-07-23T18:22:04+02:00] [INFO] config:changed: config:changed — /home/aza/.hermes/sessions/sessions.json (json)
[2026-07-23T18:22:04+02:00] [INFO] config:changed: Skipping validation (outside ADAM_V2_DIR): /home/aza/.hermes/sessions/sessions.json
[2026-07-23T18:22:32+02:00] [INFO] config:changed: config:changed — /home/aza/.hermes/gateway_state.json (json)
[2026-07-23T18:22:32+02:00] [INFO] config:changed: Skipping validation (outside ADAM_V2_DIR): /home/aza/.hermes/gateway_state.json
[2026-07-23T18:22:32+02:00] [INFO] config:changed: config:changed — /home/aza/.hermes/sessions/sessions.json (json)
[2026-07-23T18:22:32+02:00] [INFO] config:changed: Skipping validation (outside ADAM_V2_DIR): /home/aza/.hermes/sessions/sessions.json
[2026-07-23T18:22:48+02:00] [INFO] config:changed: config:changed — /home/aza/.hermes/sessions/sessions.json (json)
[2026-07-23T18:22:48+02:00] [INFO] config:changed: config:changed — /home/aza/.hermes/gateway_state.json (json)
[2026-07-23T18:22:48+02:00] [INFO] config:changed: Skipping validation (outside ADAM_V2_DIR): /home/aza/.hermes/sessions/sessions.json
[2026-07-23T18:22:48+02:00] [INFO] config:changed: Skipping validation (outside ADAM_V2_DIR): /home/aza/.hermes/gateway_state.json
[2026-07-23T18:23:28+02:00] [INFO] config:changed: config:changed — /home/aza/.hermes/sessions/sessions.json (json)
[2026-07-23T18:23:28+02:00] [INFO] config:changed: Skipping validation (outside ADAM_V2_DIR): /home/aza/.hermes/sessions/sessions.json
[2026-07-23T18:23:28+02:00] [INFO] config:changed: config:changed — /home/aza/.hermes/gateway_state.json (json)
[2026-07-23T18:23:28+02:00] [INFO] config:changed: Skipping validation (outside ADAM_V2_DIR): /home/aza/.hermes/gateway_state.json
[2026-07-23T18:23:42+02:00] [WARN] config:changed: config:changed payload missing 'path' field
[2026-07-23T18:23:54+02:00] [INFO] config:changed: config:changed — /home/aza/.hermes/gateway_state.json (json)
[2026-07-23T18:23:54+02:00] [INFO] config:changed: Skipping validation (outside ADAM_V2_DIR): /home/aza/.hermes/gateway_state.json
[2026-07-23T18:23:54+02:00] [INFO] config:changed: config:changed — /home/aza/.hermes/sessions/sessions.json (json)
[2026-07-23T18:23:54+02:00] [INFO] config:changed: Skipping validation (outside ADAM_V2_DIR): /home/aza/.hermes/sessions/sessions.json
[2026-07-23T18:24:00+02:00] [INFO] config:changed: config:changed — /home/aza/.hermes/state/rich_sent_index.json (json)
[2026-07-23T18:24:00+02:00] [INFO] config:changed: Skipping validation (outside ADAM_V2_DIR): /home/aza/.hermes/state/rich_sent_index.json
[2026-07-23T18:25:08+02:00] [WARN] config:changed: config:changed payload missing 'path' field
[2026-07-23T18:26:26+02:00] [INFO] config:changed: config:changed — /home/aza/.hermes/sessions/sessions.json (json)
[2026-07-23T18:26:26+02:00] [INFO] config:changed: config:changed — /home/aza/.hermes/channel_directory.json (json)
[2026-07-23T18:26:26+02:00] [INFO] config:changed: Skipping validation (outside ADAM_V2_DIR): /home/aza/.hermes/sessions/sessions.json
[2026-07-23T18:26:26+02:00] [INFO] config:changed: Skipping validation (outside ADAM_V2_DIR): /home/aza/.hermes/channel_directory.json
[2026-07-23T18:26:26+02:00] [INFO] config:changed: config:changed — /home/aza/.hermes/gateway_state.json (json)
[2026-07-23T18:26:26+02:00] [INFO] config:changed: Skipping validation (outside ADAM_V2_DIR): /home/aza/.hermes/gateway_state.json
[2026-07-23T18:27:06+02:00] [INFO] config:changed: config:changed — /home/aza/.hermes/gateway_state.json (json)
[2026-07-23T18:27:06+02:00] [INFO] config:changed: Skipping validation (outside ADAM_V2_DIR): /home/aza/.hermes/gateway_state.json
[2026-07-23T18:27:06+02:00] [INFO] config:changed: config:changed — /home/aza/.hermes/state/rich_sent_index.json (json)
[2026-07-23T18:27:06+02:00] [INFO] config:changed: Skipping validation (outside ADAM_V2_DIR): /home/aza/.hermes/state/rich_sent_index.json
[2026-07-23T18:27:06+02:00] [INFO] config:changed: config:changed — /home/aza/.hermes/sessions/sessions.json (json)
[2026-07-23T18:27:06+02:00] [INFO] config:changed: Skipping validation (outside ADAM_V2_DIR): /home/aza/.hermes/sessions/sessions.json
[2026-07-23T18:27:58+02:00] [WARN] config:changed: config:changed payload missing 'path' field
[2026-07-23T18:28:06+02:00] [INFO] config:changed: config:changed — /home/aza/.hermes/sessions/sessions.json (json)
[2026-07-23T18:28:06+02:00] [INFO] config:changed: Skipping validation (outside ADAM_V2_DIR): /home/aza/.hermes/sessions/sessions.json
[2026-07-23T18:28:06+02:00] [INFO] config:changed: config:changed — /home/aza/.hermes/gateway_state.json (json)
[2026-07-23T18:28:06+02:00] [INFO] config:changed: Skipping validation (outside ADAM_V2_DIR): /home/aza/.hermes/gateway_state.json
[2026-07-23T18:29:29+02:00] [WARN] config:changed: config:changed payload missing 'path' field
[2026-07-23T18:29:55+02:00] [INFO] config:changed: config:changed — /home/aza/.hermes/gateway_state.json (json)
[2026-07-23T18:29:55+02:00] [INFO] config:changed: Skipping validation (outside ADAM_V2_DIR): /home/aza/.hermes/gateway_state.json
[2026-07-23T18:29:55+02:00] [INFO] config:changed: config:changed — /home/aza/.hermes/sessions/sessions.json (json)
[2026-07-23T18:29:55+02:00] [INFO] config:changed: Skipping validation (outside ADAM_V2_DIR): /home/aza/.hermes/sessions/sessions.json
[2026-07-23T18:29:55+02:00] [INFO] config:changed: config:changed — /home/aza/.hermes/state/rich_sent_index.json (json)
[2026-07-23T18:29:55+02:00] [INFO] config:changed: Skipping validation (outside ADAM_V2_DIR): /home/aza/.hermes/state/rich_sent_index.json
[2026-07-23T18:30:23+02:00] [INFO] config:changed: config:changed — /home/aza/.hermes/gateway_state.json (json)
[2026-07-23T18:30:23+02:00] [INFO] config:changed: Skipping validation (outside ADAM_V2_DIR): /home/aza/.hermes/gateway_state.json
[2026-07-23T18:30:23+02:00] [INFO] config:changed: config:changed — /home/aza/.hermes/sessions/sessions.json (json)
[2026-07-23T18:30:23+02:00] [INFO] config:changed: Skipping validation (outside ADAM_V2_DIR): /home/aza/.hermes/sessions/sessions.json
[2026-07-23T18:31:29+02:00] [INFO] config:changed: config:changed — /home/aza/.hermes/channel_directory.json (json)
[2026-07-23T18:31:29+02:00] [INFO] config:changed: Skipping validation (outside ADAM_V2_DIR): /home/aza/.hermes/channel_directory.json
[2026-07-23T18:32:19+02:00] [WARN] config:changed: config:changed payload missing 'path' field
[2026-07-23T18:33:51+02:00] [WARN] config:changed: config:changed payload missing 'path' field
[2026-07-23T18:36:26+02:00] [INFO] config:changed: config:changed — /home/aza/.hermes/channel_directory.json (json)
[2026-07-23T18:36:26+02:00] [INFO] config:changed: Skipping validation (outside ADAM_V2_DIR): /home/aza/.hermes/channel_directory.json
[2026-07-23T18:36:42+02:00] [WARN] config:changed: config:changed payload missing 'path' field
[2026-07-23T18:38:12+02:00] [WARN] config:changed: config:changed payload missing 'path' field
[2026-07-23T18:41:02+02:00] [WARN] config:changed: config:changed payload missing 'path' field
[2026-07-23T18:41:31+02:00] [INFO] config:changed: config:changed — /home/aza/.hermes/channel_directory.json (json)
[2026-07-23T18:41:31+02:00] [INFO] config:changed: Skipping validation (outside ADAM_V2_DIR): /home/aza/.hermes/channel_directory.json
[2026-07-23T18:42:33+02:00] [WARN] config:changed: config:changed payload missing 'path' field
[2026-07-23T18:45:23+02:00] [WARN] config:changed: config:changed payload missing 'path' field
[2026-07-23T18:46:27+02:00] [INFO] config:changed: config:changed — /home/aza/.hermes/channel_directory.json (json)
[2026-07-23T18:46:27+02:00] [INFO] config:changed: Skipping validation (outside ADAM_V2_DIR): /home/aza/.hermes/channel_directory.json
[2026-07-23T18:46:55+02:00] [WARN] config:changed: config:changed payload missing 'path' field
[2026-07-23T18:51:16+02:00] [WARN] config:changed: config:changed payload missing 'path' field
[2026-07-23T18:51:30+02:00] [INFO] config:changed: config:changed — /home/aza/.hermes/channel_directory.json (json)
[2026-07-23T18:51:30+02:00] [INFO] config:changed: Skipping validation (outside ADAM_V2_DIR): /home/aza/.hermes/channel_directory.json
[2026-07-23T18:54:09+02:00] [WARN] config:changed: config:changed payload missing 'path' field
[2026-07-23T18:55:15+02:00] [INFO] config:changed: config:changed — /home/aza/.hermes/processes.json (json)
[2026-07-23T18:55:15+02:00] [INFO] config:changed: Skipping validation (outside ADAM_V2_DIR): /home/aza/.hermes/processes.json
[2026-07-23T18:55:19+02:00] [INFO] config:changed: config:changed — /home/aza/.hermes/processes.json (json)
[2026-07-23T18:55:19+02:00] [INFO] config:changed: Skipping validation (outside ADAM_V2_DIR): /home/aza/.hermes/processes.json
[2026-07-23T18:55:37+02:00] [WARN] config:changed: config:changed payload missing 'path' field
[2026-07-23T18:56:28+02:00] [INFO] config:changed: config:changed — /home/aza/.hermes/channel_directory.json (json)
[2026-07-23T18:56:28+02:00] [INFO] config:changed: Skipping validation (outside ADAM_V2_DIR): /home/aza/.hermes/channel_directory.json
[2026-07-23T18:58:28+02:00] [WARN] config:changed: config:changed payload missing 'path' field
[2026-07-23T18:59:58+02:00] [WARN] config:changed: config:changed payload missing 'path' field
[2026-07-23T19:01:31+02:00] [INFO] config:changed: config:changed — /home/aza/.hermes/channel_directory.json (json)
[2026-07-23T19:01:31+02:00] [INFO] config:changed: Skipping validation (outside ADAM_V2_DIR): /home/aza/.hermes/channel_directory.json
[2026-07-23T19:02:49+02:00] [WARN] config:changed: config:changed payload missing 'path' field
[2026-07-23T19:04:19+02:00] [WARN] config:changed: config:changed payload missing 'path' field
[2026-07-23T19:05:31+02:00] [INFO] config:changed: config:changed — /home/aza/.hermes/state/rich_sent_index.json (json)
[2026-07-23T19:05:31+02:00] [INFO] config:changed: Skipping validation (outside ADAM_V2_DIR): /home/aza/.hermes/state/rich_sent_index.json
[2026-07-23T19:06:17+02:00] [INFO] config:changed: config:changed — /home/aza/.hermes/hermes-agent/skills/.usage.json (json)
[2026-07-23T19:06:17+02:00] [INFO] config:changed: Skipping validation (outside ADAM_V2_DIR): /home/aza/.hermes/hermes-agent/skills/.usage.json
[2026-07-23T19:06:27+02:00] [INFO] config:changed: config:changed — /home/aza/.hermes/channel_directory.json (json)
[2026-07-23T19:06:27+02:00] [INFO] config:changed: Skipping validation (outside ADAM_V2_DIR): /home/aza/.hermes/channel_directory.json
[2026-07-23T19:06:39+02:00] [INFO] config:changed: config:changed — /home/aza/.hermes/hermes-agent/skills/.usage.json (json)
[2026-07-23T19:06:39+02:00] [INFO] config:changed: Skipping validation (outside ADAM_V2_DIR): /home/aza/.hermes/hermes-agent/skills/.usage.json
[2026-07-23T19:06:50+02:00] [INFO] config:changed: config:changed — /home/aza/.hermes/hermes-agent/skills/.usage.json (json)
[2026-07-23T19:06:50+02:00] [INFO] config:changed: Skipping validation (outside ADAM_V2_DIR): /home/aza/.hermes/hermes-agent/skills/.usage.json
[2026-07-23T19:07:10+02:00] [WARN] config:changed: config:changed payload missing 'path' field
[2026-07-23T19:07:52+02:00] [INFO] config:changed: config:changed — /home/aza/.hermes/hermes-agent/skills/.usage.json (json)
[2026-07-23T19:07:52+02:00] [INFO] config:changed: Skipping validation (outside ADAM_V2_DIR): /home/aza/.hermes/hermes-agent/skills/.usage.json
[2026-07-23T19:08:04+02:00] [INFO] config:changed: config:changed — /home/aza/.hermes/hermes-agent/skills/.usage.json (json)
[2026-07-23T19:08:04+02:00] [INFO] config:changed: Skipping validation (outside ADAM_V2_DIR): /home/aza/.hermes/hermes-agent/skills/.usage.json
[2026-07-23T19:08:08+02:00] [INFO] config:changed: config:changed — /home/aza/.hermes/hermes-agent/skills/.usage.json (json)
[2026-07-23T19:08:08+02:00] [INFO] config:changed: Skipping validation (outside ADAM_V2_DIR): /home/aza/.hermes/hermes-agent/skills/.usage.json
[2026-07-23T19:08:14+02:00] [INFO] config:changed: config:changed — /home/aza/.hermes/hermes-agent/skills/.usage.json (json)
[2026-07-23T19:08:14+02:00] [INFO] config:changed: Skipping validation (outside ADAM_V2_DIR): /home/aza/.hermes/hermes-agent/skills/.usage.json
[2026-07-23T19:08:32+02:00] [INFO] config:changed: config:changed — /home/aza/.hermes/hermes-agent/skills/.usage.json (json)
[2026-07-23T19:08:32+02:00] [INFO] config:changed: Skipping validation (outside ADAM_V2_DIR): /home/aza/.hermes/hermes-agent/skills/.usage.json
[2026-07-23T19:08:40+02:00] [WARN] config:changed: config:changed payload missing 'path' field
[2026-07-23T19:09:10+02:00] [INFO] config:changed: config:changed — /home/aza/.hermes/hermes-agent/skills/.usage.json (json)
[2026-07-23T19:09:10+02:00] [INFO] config:changed: Skipping validation (outside ADAM_V2_DIR): /home/aza/.hermes/hermes-agent/skills/.usage.json
[2026-07-23T19:10:06+02:00] [INFO] config:changed: config:changed — /home/aza/.hermes/hermes-agent/skills/.usage.json (json)
[2026-07-23T19:10:06+02:00] [INFO] config:changed: Skipping validation (outside ADAM_V2_DIR): /home/aza/.hermes/hermes-agent/skills/.usage.json
[2026-07-23T19:11:08+02:00] [INFO] config:changed: config:changed — /home/aza/.hermes/gateway_state.json (json)
[2026-07-23T19:11:08+02:00] [INFO] config:changed: Skipping validation (outside ADAM_V2_DIR): /home/aza/.hermes/gateway_state.json
[2026-07-23T19:11:14+02:00] [INFO] config:changed: config:changed — /home/aza/.hermes/gateway_state.json (json)
[2026-07-23T19:11:14+02:00] [INFO] config:changed: Skipping validation (outside ADAM_V2_DIR): /home/aza/.hermes/gateway_state.json
[2026-07-23T19:11:30+02:00] [WARN] config:changed: config:changed payload missing 'path' field
[2026-07-23T19:11:30+02:00] [INFO] config:changed: config:changed — /home/aza/.hermes/channel_directory.json (json)
[2026-07-23T19:11:30+02:00] [INFO] config:changed: Skipping validation (outside ADAM_V2_DIR): /home/aza/.hermes/channel_directory.json
[2026-07-23T19:11:47+02:00] [INFO] config:changed: config:changed — /home/aza/.hermes/sessions/sessions.json (json)
[2026-07-23T19:11:47+02:00] [INFO] config:changed: config:changed — /home/aza/.hermes/gateway_state.json (json)
[2026-07-23T19:11:47+02:00] [INFO] config:changed: Skipping validation (outside ADAM_V2_DIR): /home/aza/.hermes/sessions/sessions.json
[2026-07-23T19:11:47+02:00] [INFO] config:changed: Skipping validation (outside ADAM_V2_DIR): /home/aza/.hermes/gateway_state.json
[2026-07-23T19:13:01+02:00] [WARN] config:changed: config:changed payload missing 'path' field
[2026-07-23T19:15:51+02:00] [WARN] config:changed: config:changed payload missing 'path' field
[2026-07-23T19:16:27+02:00] [INFO] config:changed: config:changed — /home/aza/.hermes/channel_directory.json (json)
[2026-07-23T19:16:27+02:00] [INFO] config:changed: Skipping validation (outside ADAM_V2_DIR): /home/aza/.hermes/channel_directory.json
[2026-07-23T19:17:24+02:00] [WARN] config:changed: config:changed payload missing 'path' field
[2026-07-23T19:19:04+02:00] [INFO] config:changed: config:changed — /home/aza/.hermes/cache/openrouter_model_metadata.json (json)
[2026-07-23T19:19:04+02:00] [INFO] config:changed: Skipping validation (outside ADAM_V2_DIR): /home/aza/.hermes/cache/openrouter_model_metadata.json
[2026-07-23T19:20:14+02:00] [WARN] config:changed: config:changed payload missing 'path' field
[2026-07-23T19:21:30+02:00] [INFO] config:changed: config:changed — /home/aza/.hermes/channel_directory.json (json)
[2026-07-23T19:21:30+02:00] [INFO] config:changed: Skipping validation (outside ADAM_V2_DIR): /home/aza/.hermes/channel_directory.json
[2026-07-23T19:21:44+02:00] [WARN] config:changed: config:changed payload missing 'path' field
[2026-07-23T19:23:57+02:00] [INFO] config:changed: config:changed — /home/aza/.hermes/gateway_state.json (json)
[2026-07-23T19:23:57+02:00] [INFO] config:changed: config:changed — /home/aza/.hermes/sessions/sessions.json (json)
[2026-07-23T19:23:57+02:00] [INFO] config:changed: Skipping validation (outside ADAM_V2_DIR): /home/aza/.hermes/gateway_state.json
[2026-07-23T19:23:57+02:00] [INFO] config:changed: Skipping validation (outside ADAM_V2_DIR): /home/aza/.hermes/sessions/sessions.json
[2026-07-23T19:23:57+02:00] [INFO] config:changed: config:changed — /home/aza/.hermes/state/rich_sent_index.json (json)
[2026-07-23T19:23:57+02:00] [INFO] config:changed: Skipping validation (outside ADAM_V2_DIR): /home/aza/.hermes/state/rich_sent_index.json
[2026-07-23T19:24:35+02:00] [WARN] config:changed: config:changed payload missing 'path' field
[2026-07-23T19:25:05+02:00] [INFO] config:changed: config:changed — /home/aza/.hermes/hermes-agent/skills/.usage.json (json)
[2026-07-23T19:25:05+02:00] [INFO] config:changed: Skipping validation (outside ADAM_V2_DIR): /home/aza/.hermes/hermes-agent/skills/.usage.json
[2026-07-23T19:26:05+02:00] [WARN] config:changed: config:changed payload missing 'path' field
[2026-07-23T19:26:29+02:00] [INFO] config:changed: config:changed — /home/aza/.hermes/channel_directory.json (json)
[2026-07-23T19:26:29+02:00] [INFO] config:changed: Skipping validation (outside ADAM_V2_DIR): /home/aza/.hermes/channel_directory.json
[2026-07-23T19:27:07+02:00] [INFO] config:changed: config:changed — /home/aza/.hermes/sessions/sessions.json (json)
[2026-07-23T19:27:07+02:00] [INFO] config:changed: Skipping validation (outside ADAM_V2_DIR): /home/aza/.hermes/sessions/sessions.json
[2026-07-23T19:27:07+02:00] [INFO] config:changed: config:changed — /home/aza/.hermes/gateway_state.json (json)
[2026-07-23T19:27:07+02:00] [INFO] config:changed: Skipping validation (outside ADAM_V2_DIR): /home/aza/.hermes/gateway_state.json
[2026-07-23T19:28:55+02:00] [WARN] config:changed: config:changed payload missing 'path' field
[2026-07-23T19:30:26+02:00] [WARN] config:changed: config:changed payload missing 'path' field
[2026-07-23T19:31:32+02:00] [INFO] config:changed: config:changed — /home/aza/.hermes/channel_directory.json (json)
[2026-07-23T19:31:32+02:00] [INFO] config:changed: Skipping validation (outside ADAM_V2_DIR): /home/aza/.hermes/channel_directory.json
[2026-07-23T19:32:28+02:00] [INFO] config:changed: config:changed — /home/aza/.hermes/hermes-agent/skills/.usage.json (json)
[2026-07-23T19:32:28+02:00] [INFO] config:changed: Skipping validation (outside ADAM_V2_DIR): /home/aza/.hermes/hermes-agent/skills/.usage.json
[2026-07-23T19:33:16+02:00] [WARN] config:changed: config:changed payload missing 'path' field
[2026-07-23T19:34:48+02:00] [WARN] config:changed: config:changed payload missing 'path' field
[2026-07-23T19:35:04+02:00] [INFO] config:changed: config:changed — /home/aza/.hermes/hermes-agent/skills/.usage.json (json)
[2026-07-23T19:35:04+02:00] [INFO] config:changed: Skipping validation (outside ADAM_V2_DIR): /home/aza/.hermes/hermes-agent/skills/.usage.json
[2026-07-23T19:35:10+02:00] [INFO] config:changed: config:changed — /home/aza/.hermes/state/rich_sent_index.json (json)
[2026-07-23T19:35:10+02:00] [INFO] config:changed: Skipping validation (outside ADAM_V2_DIR): /home/aza/.hermes/state/rich_sent_index.json
[2026-07-23T19:36:17+02:00] [INFO] config:changed: config:changed — /home/aza/.hermes/hermes-agent/skills/.usage.json (json)
[2026-07-23T19:36:17+02:00] [INFO] config:changed: Skipping validation (outside ADAM_V2_DIR): /home/aza/.hermes/hermes-agent/skills/.usage.json
[2026-07-23T19:36:29+02:00] [INFO] config:changed: config:changed — /home/aza/.hermes/channel_directory.json (json)
[2026-07-23T19:36:29+02:00] [INFO] config:changed: Skipping validation (outside ADAM_V2_DIR): /home/aza/.hermes/channel_directory.json
[2026-07-23T19:37:19+02:00] [INFO] config:changed: config:changed — /home/aza/.hermes/hermes-agent/skills/.usage.json (json)
[2026-07-23T19:37:19+02:00] [INFO] config:changed: Skipping validation (outside ADAM_V2_DIR): /home/aza/.hermes/hermes-agent/skills/.usage.json
[2026-07-23T19:37:35+02:00] [INFO] config:changed: config:changed — /home/aza/.hermes/hermes-agent/skills/.usage.json (json)
[2026-07-23T19:37:35+02:00] [INFO] config:changed: Skipping validation (outside ADAM_V2_DIR): /home/aza/.hermes/hermes-agent/skills/.usage.json
[2026-07-23T19:37:41+02:00] [WARN] config:changed: config:changed payload missing 'path' field
[2026-07-23T19:39:09+02:00] [WARN] config:changed: config:changed payload missing 'path' field
[2026-07-23T19:39:11+02:00] [INFO] config:changed: config:changed — /home/aza/.hermes/gateway_state.json (json)
[2026-07-23T19:39:11+02:00] [INFO] config:changed: Skipping validation (outside ADAM_V2_DIR): /home/aza/.hermes/gateway_state.json
[2026-07-23T19:39:11+02:00] [INFO] config:changed: config:changed — /home/aza/.hermes/sessions/sessions.json (json)
[2026-07-23T19:39:11+02:00] [INFO] config:changed: config:changed — /home/aza/.hermes/state/rich_sent_index.json (json)
[2026-07-23T19:39:11+02:00] [INFO] config:changed: Skipping validation (outside ADAM_V2_DIR): /home/aza/.hermes/state/rich_sent_index.json
[2026-07-23T19:39:11+02:00] [INFO] config:changed: Skipping validation (outside ADAM_V2_DIR): /home/aza/.hermes/sessions/sessions.json
[2026-07-23T19:41:31+02:00] [INFO] config:changed: config:changed — /home/aza/.hermes/channel_directory.json (json)
[2026-07-23T19:41:32+02:00] [INFO] config:changed: Skipping validation (outside ADAM_V2_DIR): /home/aza/.hermes/channel_directory.json
[2026-07-23T19:42:34+02:00] [INFO] config:changed: config:changed — /home/aza/.hermes/sessions/sessions.json (json)
[2026-07-23T19:42:34+02:00] [INFO] config:changed: config:changed — /home/aza/.hermes/gateway_state.json (json)
[2026-07-23T19:42:34+02:00] [INFO] config:changed: Skipping validation (outside ADAM_V2_DIR): /home/aza/.hermes/sessions/sessions.json
[2026-07-23T19:42:34+02:00] [INFO] config:changed: Skipping validation (outside ADAM_V2_DIR): /home/aza/.hermes/gateway_state.json
[2026-07-23T19:43:30+02:00] [WARN] config:changed: config:changed payload missing 'path' field
[2026-07-23T19:46:20+02:00] [WARN] config:changed: config:changed payload missing 'path' field
[2026-07-23T19:46:30+02:00] [INFO] config:changed: config:changed — /home/aza/.hermes/channel_directory.json (json)
[2026-07-23T19:46:30+02:00] [INFO] config:changed: Skipping validation (outside ADAM_V2_DIR): /home/aza/.hermes/channel_directory.json
[2026-07-23T19:47:51+02:00] [WARN] config:changed: config:changed payload missing 'path' field
[2026-07-23T19:47:53+02:00] [INFO] config:changed: config:changed — /home/aza/.hermes/processes.json (json)
[2026-07-23T19:47:53+02:00] [INFO] config:changed: Skipping validation (outside ADAM_V2_DIR): /home/aza/.hermes/processes.json
[2026-07-23T19:48:11+02:00] [INFO] config:changed: config:changed — /home/aza/.hermes/processes.json (json)
[2026-07-23T19:48:11+02:00] [INFO] config:changed: Skipping validation (outside ADAM_V2_DIR): /home/aza/.hermes/processes.json
[2026-07-23T19:50:41+02:00] [WARN] config:changed: config:changed payload missing 'path' field
[2026-07-23T19:51:27+02:00] [INFO] config:changed: config:changed — /home/aza/.hermes/channel_directory.json (json)
[2026-07-23T19:51:27+02:00] [INFO] config:changed: Skipping validation (outside ADAM_V2_DIR): /home/aza/.hermes/channel_directory.json
[2026-07-23T19:52:11+02:00] [WARN] config:changed: config:changed payload missing 'path' field
[2026-07-23T19:55:02+02:00] [WARN] config:changed: config:changed payload missing 'path' field
[2026-07-23T19:56:14+02:00] [INFO] config:changed: config:changed — /home/aza/.hermes/processes.json (json)
[2026-07-23T19:56:14+02:00] [INFO] config:changed: Skipping validation (outside ADAM_V2_DIR): /home/aza/.hermes/processes.json
[2026-07-23T19:56:30+02:00] [INFO] config:changed: config:changed — /home/aza/.hermes/channel_directory.json (json)
[2026-07-23T19:56:30+02:00] [INFO] config:changed: Skipping validation (outside ADAM_V2_DIR): /home/aza/.hermes/channel_directory.json
[2026-07-23T19:56:34+02:00] [WARN] config:changed: config:changed payload missing 'path' field
[2026-07-23T19:58:29+02:00] [INFO] config:changed: config:changed — /home/aza/.hermes/hermes-agent/skills/.usage.json (json)
[2026-07-23T19:58:29+02:00] [INFO] config:changed: Skipping validation (outside ADAM_V2_DIR): /home/aza/.hermes/hermes-agent/skills/.usage.json
[2026-07-23T19:58:57+02:00] [INFO] config:changed: config:changed — /home/aza/.hermes/hermes-agent/skills/.usage.json (json)
[2026-07-23T19:58:57+02:00] [INFO] config:changed: Skipping validation (outside ADAM_V2_DIR): /home/aza/.hermes/hermes-agent/skills/.usage.json
[2026-07-23T19:59:03+02:00] [INFO] config:changed: config:changed — /home/aza/.hermes/hermes-agent/skills/.usage.json (json)
[2026-07-23T19:59:03+02:00] [INFO] config:changed: Skipping validation (outside ADAM_V2_DIR): /home/aza/.hermes/hermes-agent/skills/.usage.json
[2026-07-23T19:59:25+02:00] [WARN] config:changed: config:changed payload missing 'path' field
[2026-07-23T19:59:25+02:00] [INFO] config:changed: config:changed — /home/aza/.hermes/hermes-agent/skills/.usage.json (json)
[2026-07-23T19:59:25+02:00] [INFO] config:changed: Skipping validation (outside ADAM_V2_DIR): /home/aza/.hermes/hermes-agent/skills/.usage.json
[2026-07-23T19:59:37+02:00] [INFO] config:changed: config:changed — /home/aza/.hermes/hermes-agent/skills/.usage.json (json)
[2026-07-23T19:59:37+02:00] [INFO] config:changed: Skipping validation (outside ADAM_V2_DIR): /home/aza/.hermes/hermes-agent/skills/.usage.json
[2026-07-23T19:59:53+02:00] [INFO] config:changed: config:changed — /home/aza/.hermes/hermes-agent/skills/.usage.json (json)
[2026-07-23T19:59:53+02:00] [INFO] config:changed: Skipping validation (outside ADAM_V2_DIR): /home/aza/.hermes/hermes-agent/skills/.usage.json
[2026-07-23T20:00:05+02:00] [INFO] config:changed: config:changed — /home/aza/.hermes/hermes-agent/skills/.usage.json (json)
[2026-07-23T20:00:05+02:00] [INFO] config:changed: Skipping validation (outside ADAM_V2_DIR): /home/aza/.hermes/hermes-agent/skills/.usage.json
[2026-07-23T20:00:15+02:00] [INFO] config:changed: config:changed — /home/aza/.hermes/hermes-agent/skills/.usage.json (json)
[2026-07-23T20:00:15+02:00] [INFO] config:changed: Skipping validation (outside ADAM_V2_DIR): /home/aza/.hermes/hermes-agent/skills/.usage.json
[2026-07-23T20:00:55+02:00] [WARN] config:changed: config:changed payload missing 'path' field
[2026-07-23T20:01:27+02:00] [INFO] config:changed: config:changed — /home/aza/.hermes/channel_directory.json (json)
[2026-07-23T20:01:27+02:00] [INFO] config:changed: Skipping validation (outside ADAM_V2_DIR): /home/aza/.hermes/channel_directory.json
[2026-07-23T20:01:51+02:00] [INFO] config:changed: config:changed — /home/aza/.hermes/hermes-agent/skills/.usage.json (json)
[2026-07-23T20:01:51+02:00] [INFO] config:changed: Skipping validation (outside ADAM_V2_DIR): /home/aza/.hermes/hermes-agent/skills/.usage.json
[2026-07-23T20:02:19+02:00] [INFO] config:changed: config:changed — /home/aza/.hermes/hermes-agent/skills/.usage.json (json)
[2026-07-23T20:02:19+02:00] [INFO] config:changed: Skipping validation (outside ADAM_V2_DIR): /home/aza/.hermes/hermes-agent/skills/.usage.json
[2026-07-23T20:02:48+02:00] [INFO] config:changed: config:changed — /home/aza/.hermes/.skills_prompt_snapshot.json (json)
[2026-07-23T20:02:48+02:00] [INFO] config:changed: Skipping validation (outside ADAM_V2_DIR): /home/aza/.hermes/.skills_prompt_snapshot.json
[2026-07-23T20:02:48+02:00] [INFO] config:changed: config:changed — /home/aza/.hermes/hermes-agent/skills/.usage.json (json)
[2026-07-23T20:02:48+02:00] [INFO] config:changed: Skipping validation (outside ADAM_V2_DIR): /home/aza/.hermes/hermes-agent/skills/.usage.json
[2026-07-23T20:03:10+02:00] [INFO] config:changed: config:changed — /home/aza/.hermes/hermes-agent/skills/.usage.json (json)
[2026-07-23T20:03:10+02:00] [INFO] config:changed: Skipping validation (outside ADAM_V2_DIR): /home/aza/.hermes/hermes-agent/skills/.usage.json
[2026-07-23T20:03:46+02:00] [WARN] config:changed: config:changed payload missing 'path' field
[2026-07-23T20:05:16+02:00] [WARN] config:changed: config:changed payload missing 'path' field
[2026-07-23T20:06:30+02:00] [INFO] config:changed: config:changed — /home/aza/.hermes/channel_directory.json (json)
[2026-07-23T20:06:30+02:00] [INFO] config:changed: Skipping validation (outside ADAM_V2_DIR): /home/aza/.hermes/channel_directory.json
[2026-07-23T20:08:07+02:00] [WARN] config:changed: config:changed payload missing 'path' field
[2026-07-23T20:09:37+02:00] [WARN] config:changed: config:changed payload missing 'path' field
[2026-07-23T20:11:27+02:00] [INFO] config:changed: config:changed — /home/aza/.hermes/channel_directory.json (json)
[2026-07-23T20:11:27+02:00] [INFO] config:changed: Skipping validation (outside ADAM_V2_DIR): /home/aza/.hermes/channel_directory.json
[2026-07-23T20:12:27+02:00] [WARN] config:changed: config:changed payload missing 'path' field
[2026-07-23T20:13:58+02:00] [WARN] config:changed: config:changed payload missing 'path' field
[2026-07-23T20:16:30+02:00] [INFO] config:changed: config:changed — /home/aza/.hermes/channel_directory.json (json)
[2026-07-23T20:16:30+02:00] [INFO] config:changed: Skipping validation (outside ADAM_V2_DIR): /home/aza/.hermes/channel_directory.json
[2026-07-23T20:16:48+02:00] [WARN] config:changed: config:changed payload missing 'path' field
[2026-07-23T20:18:19+02:00] [WARN] config:changed: config:changed payload missing 'path' field
[2026-07-23T20:19:13+02:00] [INFO] config:changed: config:changed — /home/aza/.hermes/cache/openrouter_model_metadata.json (json)
[2026-07-23T20:19:13+02:00] [INFO] config:changed: Skipping validation (outside ADAM_V2_DIR): /home/aza/.hermes/cache/openrouter_model_metadata.json
[2026-07-23T20:21:09+02:00] [WARN] config:changed: config:changed payload missing 'path' field
[2026-07-23T20:21:29+02:00] [INFO] config:changed: config:changed — /home/aza/.hermes/channel_directory.json (json)
[2026-07-23T20:21:29+02:00] [INFO] config:changed: Skipping validation (outside ADAM_V2_DIR): /home/aza/.hermes/channel_directory.json
[2026-07-23T20:22:42+02:00] [WARN] config:changed: config:changed payload missing 'path' field
[2026-07-23T20:25:32+02:00] [WARN] config:changed: config:changed payload missing 'path' field
[2026-07-23T20:26:30+02:00] [INFO] config:changed: config:changed — /home/aza/.hermes/channel_directory.json (json)
[2026-07-23T20:26:30+02:00] [INFO] config:changed: Skipping validation (outside ADAM_V2_DIR): /home/aza/.hermes/channel_directory.json
[2026-07-23T20:27:03+02:00] [WARN] config:changed: config:changed payload missing 'path' field
[2026-07-23T20:29:53+02:00] [WARN] config:changed: config:changed payload missing 'path' field
[2026-07-23T20:31:23+02:00] [WARN] config:changed: config:changed payload missing 'path' field
[2026-07-23T20:31:29+02:00] [INFO] config:changed: config:changed — /home/aza/.hermes/channel_directory.json (json)
[2026-07-23T20:31:29+02:00] [INFO] config:changed: Skipping validation (outside ADAM_V2_DIR): /home/aza/.hermes/channel_directory.json
[2026-07-23T20:34:00+02:00] [INFO] config:changed: config:changed — /home/aza/.hermes/processes.json (json)
[2026-07-23T20:34:00+02:00] [INFO] config:changed: Skipping validation (outside ADAM_V2_DIR): /home/aza/.hermes/processes.json
[2026-07-23T20:34:14+02:00] [WARN] config:changed: config:changed payload missing 'path' field
[2026-07-23T20:35:44+02:00] [WARN] config:changed: config:changed payload missing 'path' field
[2026-07-23T20:36:31+02:00] [INFO] config:changed: config:changed — /home/aza/.hermes/channel_directory.json (json)
[2026-07-23T20:36:31+02:00] [INFO] config:changed: Skipping validation (outside ADAM_V2_DIR): /home/aza/.hermes/channel_directory.json
[2026-07-23T20:36:43+02:00] [INFO] config:changed: config:changed — /home/aza/.hermes/hermes-agent/skills/.usage.json (json)
[2026-07-23T20:36:43+02:00] [INFO] config:changed: Skipping validation (outside ADAM_V2_DIR): /home/aza/.hermes/hermes-agent/skills/.usage.json
[2026-07-23T20:36:49+02:00] [INFO] config:changed: config:changed — /home/aza/.hermes/hermes-agent/skills/.usage.json (json)
[2026-07-23T20:36:49+02:00] [INFO] config:changed: Skipping validation (outside ADAM_V2_DIR): /home/aza/.hermes/hermes-agent/skills/.usage.json
[2026-07-23T20:36:59+02:00] [INFO] config:changed: config:changed — /home/aza/.hermes/hermes-agent/skills/.usage.json (json)
[2026-07-23T20:36:59+02:00] [INFO] config:changed: Skipping validation (outside ADAM_V2_DIR): /home/aza/.hermes/hermes-agent/skills/.usage.json
[2026-07-23T20:37:27+02:00] [INFO] config:changed: config:changed — /home/aza/.hermes/hermes-agent/skills/.usage.json (json)
[2026-07-23T20:37:27+02:00] [INFO] config:changed: Skipping validation (outside ADAM_V2_DIR): /home/aza/.hermes/hermes-agent/skills/.usage.json
[2026-07-23T20:37:39+02:00] [INFO] config:changed: config:changed — /home/aza/.hermes/hermes-agent/skills/.usage.json (json)
[2026-07-23T20:37:39+02:00] [INFO] config:changed: Skipping validation (outside ADAM_V2_DIR): /home/aza/.hermes/hermes-agent/skills/.usage.json
[2026-07-23T20:37:55+02:00] [INFO] config:changed: config:changed — /home/aza/.hermes/hermes-agent/skills/.usage.json (json)
[2026-07-23T20:37:55+02:00] [INFO] config:changed: Skipping validation (outside ADAM_V2_DIR): /home/aza/.hermes/hermes-agent/skills/.usage.json
[2026-07-23T20:38:07+02:00] [INFO] config:changed: config:changed — /home/aza/.hermes/hermes-agent/skills/.usage.json (json)
[2026-07-23T20:38:07+02:00] [INFO] config:changed: Skipping validation (outside ADAM_V2_DIR): /home/aza/.hermes/hermes-agent/skills/.usage.json
[2026-07-23T20:38:13+02:00] [INFO] config:changed: config:changed — /home/aza/.hermes/hermes-agent/skills/.usage.json (json)
[2026-07-23T20:38:13+02:00] [INFO] config:changed: Skipping validation (outside ADAM_V2_DIR): /home/aza/.hermes/hermes-agent/skills/.usage.json
[2026-07-23T20:38:35+02:00] [WARN] config:changed: config:changed payload missing 'path' field
[2026-07-23T20:38:43+02:00] [INFO] config:changed: config:changed — /home/aza/.hermes/hermes-agent/skills/.usage.json (json)
[2026-07-23T20:38:43+02:00] [INFO] config:changed: Skipping validation (outside ADAM_V2_DIR): /home/aza/.hermes/hermes-agent/skills/.usage.json
[2026-07-23T20:39:25+02:00] [INFO] config:changed: config:changed — /home/aza/.hermes/hermes-agent/skills/.usage.json (json)
[2026-07-23T20:39:25+02:00] [INFO] config:changed: Skipping validation (outside ADAM_V2_DIR): /home/aza/.hermes/hermes-agent/skills/.usage.json
[2026-07-23T20:40:05+02:00] [WARN] config:changed: config:changed payload missing 'path' field
[2026-07-23T20:41:30+02:00] [INFO] config:changed: config:changed — /home/aza/.hermes/channel_directory.json (json)
[2026-07-23T20:41:30+02:00] [INFO] config:changed: Skipping validation (outside ADAM_V2_DIR): /home/aza/.hermes/channel_directory.json
[2026-07-23T20:42:56+02:00] [WARN] config:changed: config:changed payload missing 'path' field
[2026-07-23T20:43:48+02:00] [INFO] config:changed: config:changed — /home/aza/.hermes/processes.json (json)
[2026-07-23T20:43:48+02:00] [INFO] config:changed: Skipping validation (outside ADAM_V2_DIR): /home/aza/.hermes/processes.json
[2026-07-23T20:44:26+02:00] [WARN] config:changed: config:changed payload missing 'path' field
[2026-07-23T20:44:38+02:00] [INFO] config:changed: config:changed — /home/aza/.hermes/sessions/sessions.json (json)
[2026-07-23T20:44:38+02:00] [INFO] config:changed: config:changed — /home/aza/.hermes/gateway_state.json (json)
[2026-07-23T20:44:38+02:00] [INFO] config:changed: config:changed — /home/aza/.hermes/state/rich_sent_index.json (json)
[2026-07-23T20:44:38+02:00] [INFO] config:changed: Skipping validation (outside ADAM_V2_DIR): /home/aza/.hermes/sessions/sessions.json
[2026-07-23T20:44:38+02:00] [INFO] config:changed: Skipping validation (outside ADAM_V2_DIR): /home/aza/.hermes/state/rich_sent_index.json
[2026-07-23T20:44:38+02:00] [INFO] config:changed: Skipping validation (outside ADAM_V2_DIR): /home/aza/.hermes/gateway_state.json
[2026-07-23T20:44:44+02:00] [INFO] config:changed: config:changed — /home/aza/.hermes/sessions/sessions.json (json)
[2026-07-23T20:44:44+02:00] [INFO] config:changed: Skipping validation (outside ADAM_V2_DIR): /home/aza/.hermes/sessions/sessions.json
[2026-07-23T20:44:44+02:00] [INFO] config:changed: config:changed — /home/aza/.hermes/gateway_state.json (json)
[2026-07-23T20:44:44+02:00] [INFO] config:changed: Skipping validation (outside ADAM_V2_DIR): /home/aza/.hermes/gateway_state.json
[2026-07-23T20:46:31+02:00] [INFO] config:changed: config:changed — /home/aza/.hermes/channel_directory.json (json)
[2026-07-23T20:46:31+02:00] [INFO] config:changed: Skipping validation (outside ADAM_V2_DIR): /home/aza/.hermes/channel_directory.json
[2026-07-23T20:47:17+02:00] [WARN] config:changed: config:changed payload missing 'path' field
[2026-07-23T20:48:47+02:00] [WARN] config:changed: config:changed payload missing 'path' field
[2026-07-23T20:51:32+02:00] [INFO] config:changed: config:changed — /home/aza/.hermes/channel_directory.json (json)
[2026-07-23T20:51:32+02:00] [INFO] config:changed: Skipping validation (outside ADAM_V2_DIR): /home/aza/.hermes/channel_directory.json
[2026-07-23T20:51:38+02:00] [WARN] config:changed: config:changed payload missing 'path' field
[2026-07-23T20:53:08+02:00] [WARN] config:changed: config:changed payload missing 'path' field
[2026-07-23T20:55:59+02:00] [WARN] config:changed: config:changed payload missing 'path' field
[2026-07-23T20:56:31+02:00] [INFO] config:changed: config:changed — /home/aza/.hermes/channel_directory.json (json)
[2026-07-23T20:56:31+02:00] [INFO] config:changed: Skipping validation (outside ADAM_V2_DIR): /home/aza/.hermes/channel_directory.json
[2026-07-23T20:57:31+02:00] [WARN] config:changed: config:changed payload missing 'path' field
[2026-07-23T21:00:22+02:00] [WARN] config:changed: config:changed payload missing 'path' field
[2026-07-23T21:01:28+02:00] [INFO] config:changed: config:changed — /home/aza/.hermes/channel_directory.json (json)
[2026-07-23T21:01:28+02:00] [INFO] config:changed: Skipping validation (outside ADAM_V2_DIR): /home/aza/.hermes/channel_directory.json
[2026-07-23T21:01:52+02:00] [WARN] config:changed: config:changed payload missing 'path' field
[2026-07-23T21:04:43+02:00] [WARN] config:changed: config:changed payload missing 'path' field
[2026-07-23T21:05:57+02:00] [INFO] config:changed: config:changed — /home/aza/.hermes/state/rich_sent_index.json (json)
[2026-07-23T21:05:57+02:00] [INFO] config:changed: Skipping validation (outside ADAM_V2_DIR): /home/aza/.hermes/state/rich_sent_index.json
[2026-07-23T21:06:13+02:00] [WARN] config:changed: config:changed payload missing 'path' field
[2026-07-23T21:06:31+02:00] [INFO] config:changed: config:changed — /home/aza/.hermes/channel_directory.json (json)
[2026-07-23T21:06:31+02:00] [INFO] config:changed: Skipping validation (outside ADAM_V2_DIR): /home/aza/.hermes/channel_directory.json
[2026-07-23T21:06:37+02:00] [INFO] config:changed: config:changed — /home/aza/.hermes/hermes-agent/skills/.usage.json (json)
[2026-07-23T21:06:37+02:00] [INFO] config:changed: Skipping validation (outside ADAM_V2_DIR): /home/aza/.hermes/hermes-agent/skills/.usage.json
[2026-07-23T21:06:49+02:00] [INFO] config:changed: config:changed — /home/aza/.hermes/hermes-agent/skills/.usage.json (json)
[2026-07-23T21:06:49+02:00] [INFO] config:changed: Skipping validation (outside ADAM_V2_DIR): /home/aza/.hermes/hermes-agent/skills/.usage.json
[2026-07-23T21:06:53+02:00] [INFO] config:changed: config:changed — /home/aza/.hermes/hermes-agent/skills/.usage.json (json)
[2026-07-23T21:06:53+02:00] [INFO] config:changed: Skipping validation (outside ADAM_V2_DIR): /home/aza/.hermes/hermes-agent/skills/.usage.json
[2026-07-23T21:09:04+02:00] [WARN] config:changed: config:changed payload missing 'path' field
[2026-07-23T21:09:16+02:00] [INFO] config:changed: config:changed — /home/aza/.hermes/hermes-agent/skills/.usage.json (json)
[2026-07-23T21:09:16+02:00] [INFO] config:changed: Skipping validation (outside ADAM_V2_DIR): /home/aza/.hermes/hermes-agent/skills/.usage.json
[2026-07-23T21:10:10+02:00] [INFO] config:changed: config:changed — /home/aza/.hermes/hermes-agent/skills/.usage.json (json)
[2026-07-23T21:10:10+02:00] [INFO] config:changed: Skipping validation (outside ADAM_V2_DIR): /home/aza/.hermes/hermes-agent/skills/.usage.json
[2026-07-23T21:10:34+02:00] [WARN] config:changed: config:changed payload missing 'path' field
[2026-07-23T21:10:50+02:00] [INFO] config:changed: config:changed — /home/aza/.hermes/hermes-agent/skills/.usage.json (json)
[2026-07-23T21:10:50+02:00] [INFO] config:changed: Skipping validation (outside ADAM_V2_DIR): /home/aza/.hermes/hermes-agent/skills/.usage.json
[2026-07-23T21:11:28+02:00] [INFO] config:changed: config:changed — /home/aza/.hermes/channel_directory.json (json)
[2026-07-23T21:11:28+02:00] [INFO] config:changed: Skipping validation (outside ADAM_V2_DIR): /home/aza/.hermes/channel_directory.json
[2026-07-23T21:13:25+02:00] [WARN] config:changed: config:changed payload missing 'path' field
[2026-07-23T21:14:55+02:00] [WARN] config:changed: config:changed payload missing 'path' field
[2026-07-23T21:16:32+02:00] [INFO] config:changed: config:changed — /home/aza/.hermes/channel_directory.json (json)
[2026-07-23T21:16:32+02:00] [INFO] config:changed: Skipping validation (outside ADAM_V2_DIR): /home/aza/.hermes/channel_directory.json
[2026-07-23T21:17:46+02:00] [WARN] config:changed: config:changed payload missing 'path' field
[2026-07-23T21:19:16+02:00] [WARN] config:changed: config:changed payload missing 'path' field
[2026-07-23T21:19:26+02:00] [INFO] config:changed: config:changed — /home/aza/.hermes/cache/openrouter_model_metadata.json (json)
[2026-07-23T21:19:26+02:00] [INFO] config:changed: Skipping validation (outside ADAM_V2_DIR): /home/aza/.hermes/cache/openrouter_model_metadata.json
[2026-07-23T21:21:29+02:00] [INFO] config:changed: config:changed — /home/aza/.hermes/channel_directory.json (json)
[2026-07-23T21:21:29+02:00] [INFO] config:changed: Skipping validation (outside ADAM_V2_DIR): /home/aza/.hermes/channel_directory.json
[2026-07-23T21:22:07+02:00] [WARN] config:changed: config:changed payload missing 'path' field
[2026-07-23T21:23:37+02:00] [WARN] config:changed: config:changed payload missing 'path' field
[2026-07-23T21:26:28+02:00] [WARN] config:changed: config:changed payload missing 'path' field
[2026-07-23T21:26:36+02:00] [INFO] config:changed: config:changed — /home/aza/.hermes/channel_directory.json (json)
[2026-07-23T21:26:36+02:00] [INFO] config:changed: Skipping validation (outside ADAM_V2_DIR): /home/aza/.hermes/channel_directory.json
[2026-07-23T21:27:58+02:00] [WARN] config:changed: config:changed payload missing 'path' field
[2026-07-23T21:30:49+02:00] [WARN] config:changed: config:changed payload missing 'path' field
[2026-07-23T21:31:29+02:00] [INFO] config:changed: config:changed — /home/aza/.hermes/channel_directory.json (json)
[2026-07-23T21:31:29+02:00] [INFO] config:changed: Skipping validation (outside ADAM_V2_DIR): /home/aza/.hermes/channel_directory.json
[2026-07-23T21:32:19+02:00] [WARN] config:changed: config:changed payload missing 'path' field
[2026-07-23T21:35:10+02:00] [WARN] config:changed: config:changed payload missing 'path' field
[2026-07-23T21:36:32+02:00] [INFO] config:changed: config:changed — /home/aza/.hermes/channel_directory.json (json)
[2026-07-23T21:36:32+02:00] [INFO] config:changed: Skipping validation (outside ADAM_V2_DIR): /home/aza/.hermes/channel_directory.json
[2026-07-23T21:36:42+02:00] [WARN] config:changed: config:changed payload missing 'path' field
[2026-07-23T21:39:31+02:00] [WARN] config:changed: config:changed payload missing 'path' field
[2026-07-23T21:41:03+02:00] [WARN] config:changed: config:changed payload missing 'path' field
[2026-07-23T21:41:29+02:00] [INFO] config:changed: config:changed — /home/aza/.hermes/channel_directory.json (json)
[2026-07-23T21:41:29+02:00] [INFO] config:changed: Skipping validation (outside ADAM_V2_DIR): /home/aza/.hermes/channel_directory.json
[2026-07-23T21:43:54+02:00] [WARN] config:changed: config:changed payload missing 'path' field
[2026-07-23T21:44:46+02:00] [INFO] config:changed: config:changed — /home/aza/.hermes/gateway_state.json (json)
[2026-07-23T21:44:46+02:00] [INFO] config:changed: Skipping validation (outside ADAM_V2_DIR): /home/aza/.hermes/gateway_state.json
[2026-07-23T21:45:24+02:00] [WARN] config:changed: config:changed payload missing 'path' field
[2026-07-23T21:46:32+02:00] [INFO] config:changed: config:changed — /home/aza/.hermes/channel_directory.json (json)
[2026-07-23T21:46:32+02:00] [INFO] config:changed: Skipping validation (outside ADAM_V2_DIR): /home/aza/.hermes/channel_directory.json
[2026-07-23T21:48:15+02:00] [WARN] config:changed: config:changed payload missing 'path' field
[2026-07-23T21:48:17+02:00] [INFO] config:changed: config:changed — /home/aza/.hermes/gateway_state.json (json)
[2026-07-23T21:48:17+02:00] [INFO] config:changed: Skipping validation (outside ADAM_V2_DIR): /home/aza/.hermes/gateway_state.json
[2026-07-23T21:48:19+02:00] [INFO] config:changed: config:changed — /home/aza/.hermes/sessions/sessions.json (json)
[2026-07-23T21:48:19+02:00] [INFO] config:changed: Skipping validation (outside ADAM_V2_DIR): /home/aza/.hermes/sessions/sessions.json
[2026-07-23T21:49:45+02:00] [WARN] config:changed: config:changed payload missing 'path' field
[2026-07-23T21:50:17+02:00] [INFO] config:changed: config:changed — /home/aza/.hermes/state/rich_sent_index.json (json)
[2026-07-23T21:50:17+02:00] [INFO] config:changed: Skipping validation (outside ADAM_V2_DIR): /home/aza/.hermes/state/rich_sent_index.json
[2026-07-23T21:51:29+02:00] [INFO] config:changed: config:changed — /home/aza/.hermes/channel_directory.json (json)
[2026-07-23T21:51:29+02:00] [INFO] config:changed: Skipping validation (outside ADAM_V2_DIR): /home/aza/.hermes/channel_directory.json
[2026-07-23T21:52:35+02:00] [WARN] config:changed: config:changed payload missing 'path' field
[2026-07-23T21:54:06+02:00] [WARN] config:changed: config:changed payload missing 'path' field
[2026-07-23T21:55:58+02:00] [INFO] config:changed: config:changed — /home/aza/.hermes/processes.json (json)
[2026-07-23T21:55:58+02:00] [INFO] config:changed: Skipping validation (outside ADAM_V2_DIR): /home/aza/.hermes/processes.json
[2026-07-23T21:56:26+02:00] [INFO] config:changed: config:changed — /home/aza/.hermes/processes.json (json)
[2026-07-23T21:56:26+02:00] [INFO] config:changed: Skipping validation (outside ADAM_V2_DIR): /home/aza/.hermes/processes.json
[2026-07-23T21:56:32+02:00] [INFO] config:changed: config:changed — /home/aza/.hermes/channel_directory.json (json)
[2026-07-23T21:56:32+02:00] [INFO] config:changed: Skipping validation (outside ADAM_V2_DIR): /home/aza/.hermes/channel_directory.json
[2026-07-23T21:56:56+02:00] [WARN] config:changed: config:changed payload missing 'path' field
[2026-07-23T21:58:27+02:00] [WARN] config:changed: config:changed payload missing 'path' field
[2026-07-23T22:01:17+02:00] [WARN] config:changed: config:changed payload missing 'path' field
[2026-07-23T22:01:30+02:00] [INFO] config:changed: config:changed — /home/aza/.hermes/channel_directory.json (json)
[2026-07-23T22:01:30+02:00] [INFO] config:changed: Skipping validation (outside ADAM_V2_DIR): /home/aza/.hermes/channel_directory.json
[2026-07-23T22:02:48+02:00] [WARN] config:changed: config:changed payload missing 'path' field
[2026-07-23T22:03:50+02:00] [INFO] config:changed: config:changed — /home/aza/.hermes/state/rich_sent_index.json (json)
[2026-07-23T22:03:50+02:00] [INFO] config:changed: Skipping validation (outside ADAM_V2_DIR): /home/aza/.hermes/state/rich_sent_index.json
[2026-07-23T22:03:50+02:00] [INFO] config:changed: config:changed — /home/aza/.hermes/gateway_state.json (json)
[2026-07-23T22:03:50+02:00] [INFO] config:changed: Skipping validation (outside ADAM_V2_DIR): /home/aza/.hermes/gateway_state.json
[2026-07-23T22:03:50+02:00] [INFO] config:changed: config:changed — /home/aza/.hermes/sessions/sessions.json (json)
[2026-07-23T22:03:50+02:00] [INFO] config:changed: Skipping validation (outside ADAM_V2_DIR): /home/aza/.hermes/sessions/sessions.json
[2026-07-23T22:04:06+02:00] [INFO] config:changed: config:changed — /home/aza/.hermes/hermes-agent/skills/.usage.json (json)
[2026-07-23T22:04:06+02:00] [INFO] config:changed: Skipping validation (outside ADAM_V2_DIR): /home/aza/.hermes/hermes-agent/skills/.usage.json
[2026-07-23T22:04:12+02:00] [INFO] config:changed: config:changed — /home/aza/.hermes/hermes-agent/skills/.usage.json (json)
[2026-07-23T22:04:12+02:00] [INFO] config:changed: Skipping validation (outside ADAM_V2_DIR): /home/aza/.hermes/hermes-agent/skills/.usage.json
[2026-07-23T22:04:24+02:00] [INFO] config:changed: config:changed — /home/aza/.hermes/hermes-agent/skills/.usage.json (json)
[2026-07-23T22:04:24+02:00] [INFO] config:changed: Skipping validation (outside ADAM_V2_DIR): /home/aza/.hermes/hermes-agent/skills/.usage.json
[2026-07-23T22:04:40+02:00] [INFO] config:changed: config:changed — /home/aza/.hermes/hermes-agent/skills/.usage.json (json)
[2026-07-23T22:04:40+02:00] [INFO] config:changed: Skipping validation (outside ADAM_V2_DIR): /home/aza/.hermes/hermes-agent/skills/.usage.json
[2026-07-23T22:05:08+02:00] [INFO] config:changed: config:changed — /home/aza/.hermes/.skills_prompt_snapshot.json (json)
[2026-07-23T22:05:08+02:00] [INFO] config:changed: Skipping validation (outside ADAM_V2_DIR): /home/aza/.hermes/.skills_prompt_snapshot.json
[2026-07-23T22:05:08+02:00] [INFO] config:changed: config:changed — /home/aza/.hermes/hermes-agent/skills/.usage.json (json)
[2026-07-23T22:05:08+02:00] [INFO] config:changed: Skipping validation (outside ADAM_V2_DIR): /home/aza/.hermes/hermes-agent/skills/.usage.json
[2026-07-23T22:05:39+02:00] [WARN] config:changed: config:changed payload missing 'path' field
[2026-07-23T22:05:39+02:00] [INFO] config:changed: config:changed — /home/aza/.hermes/hermes-agent/skills/.usage.json (json)
[2026-07-23T22:05:39+02:00] [INFO] config:changed: Skipping validation (outside ADAM_V2_DIR): /home/aza/.hermes/hermes-agent/skills/.usage.json
[2026-07-23T22:06:33+02:00] [INFO] config:changed: config:changed — /home/aza/.hermes/channel_directory.json (json)
[2026-07-23T22:06:33+02:00] [INFO] config:changed: Skipping validation (outside ADAM_V2_DIR): /home/aza/.hermes/channel_directory.json
[2026-07-23T22:07:09+02:00] [WARN] config:changed: config:changed payload missing 'path' field
[2026-07-23T22:10:00+02:00] [WARN] config:changed: config:changed payload missing 'path' field
[2026-07-23T22:11:30+02:00] [WARN] config:changed: config:changed payload missing 'path' field
[2026-07-23T22:11:30+02:00] [INFO] config:changed: config:changed — /home/aza/.hermes/channel_directory.json (json)
[2026-07-23T22:11:30+02:00] [INFO] config:changed: Skipping validation (outside ADAM_V2_DIR): /home/aza/.hermes/channel_directory.json
[2026-07-23T22:14:21+02:00] [WARN] config:changed: config:changed payload missing 'path' field
[2026-07-23T22:15:51+02:00] [WARN] config:changed: config:changed payload missing 'path' field
[2026-07-23T22:16:05+02:00] [INFO] config:changed: config:changed — /home/aza/.hermes/gateway_state.json (json)
[2026-07-23T22:16:05+02:00] [INFO] config:changed: Skipping validation (outside ADAM_V2_DIR): /home/aza/.hermes/gateway_state.json
[2026-07-23T22:16:05+02:00] [INFO] config:changed: config:changed — /home/aza/.hermes/sessions/sessions.json (json)
[2026-07-23T22:16:05+02:00] [INFO] config:changed: Skipping validation (outside ADAM_V2_DIR): /home/aza/.hermes/sessions/sessions.json
[2026-07-23T22:16:33+02:00] [INFO] config:changed: config:changed — /home/aza/.hermes/channel_directory.json (json)
[2026-07-23T22:16:33+02:00] [INFO] config:changed: Skipping validation (outside ADAM_V2_DIR): /home/aza/.hermes/channel_directory.json
[2026-07-23T22:18:42+02:00] [WARN] config:changed: config:changed payload missing 'path' field
[2026-07-23T22:18:54+02:00] [INFO] config:changed: config:changed — /home/aza/.hermes/gateway_state.json (json)
[2026-07-23T22:18:54+02:00] [INFO] config:changed: config:changed — /home/aza/.hermes/state/rich_sent_index.json (json)
[2026-07-23T22:18:54+02:00] [INFO] config:changed: Skipping validation (outside ADAM_V2_DIR): /home/aza/.hermes/gateway_state.json
[2026-07-23T22:18:54+02:00] [INFO] config:changed: Skipping validation (outside ADAM_V2_DIR): /home/aza/.hermes/state/rich_sent_index.json
[2026-07-23T22:18:56+02:00] [INFO] config:changed: config:changed — /home/aza/.hermes/sessions/sessions.json (json)
[2026-07-23T22:18:56+02:00] [INFO] config:changed: Skipping validation (outside ADAM_V2_DIR): /home/aza/.hermes/sessions/sessions.json
[2026-07-23T22:20:14+02:00] [WARN] config:changed: config:changed payload missing 'path' field
[2026-07-23T22:21:30+02:00] [INFO] config:changed: config:changed — /home/aza/.hermes/channel_directory.json (json)
[2026-07-23T22:21:30+02:00] [INFO] config:changed: Skipping validation (outside ADAM_V2_DIR): /home/aza/.hermes/channel_directory.json
[2026-07-23T22:23:03+02:00] [WARN] config:changed: config:changed payload missing 'path' field
[2026-07-23T22:24:35+02:00] [WARN] config:changed: config:changed payload missing 'path' field
[2026-07-23T22:25:31+02:00] [INFO] config:changed: config:changed — /home/aza/.hermes/gateway_state.json (json)
[2026-07-23T22:25:31+02:00] [INFO] config:changed: config:changed — /home/aza/.hermes/sessions/sessions.json (json)
[2026-07-23T22:25:31+02:00] [INFO] config:changed: Skipping validation (outside ADAM_V2_DIR): /home/aza/.hermes/gateway_state.json
[2026-07-23T22:25:31+02:00] [INFO] config:changed: Skipping validation (outside ADAM_V2_DIR): /home/aza/.hermes/sessions/sessions.json
[2026-07-23T22:25:47+02:00] [INFO] config:changed: config:changed — /home/aza/.hermes/cache/openrouter_model_metadata.json (json)
[2026-07-23T22:25:47+02:00] [INFO] config:changed: Skipping validation (outside ADAM_V2_DIR): /home/aza/.hermes/cache/openrouter_model_metadata.json
[2026-07-23T22:26:32+02:00] [INFO] config:changed: config:changed — /home/aza/.hermes/channel_directory.json (json)
[2026-07-23T22:26:32+02:00] [INFO] config:changed: Skipping validation (outside ADAM_V2_DIR): /home/aza/.hermes/channel_directory.json
[2026-07-23T22:27:26+02:00] [WARN] config:changed: config:changed payload missing 'path' field
[2026-07-23T22:28:02+02:00] [INFO] config:changed: config:changed — /home/aza/.hermes/state/rich_sent_index.json (json)
[2026-07-23T22:28:02+02:00] [INFO] config:changed: Skipping validation (outside ADAM_V2_DIR): /home/aza/.hermes/state/rich_sent_index.json
[2026-07-23T22:28:56+02:00] [WARN] config:changed: config:changed payload missing 'path' field
[2026-07-23T22:29:10+02:00] [INFO] config:changed: config:changed — /home/aza/.hermes/processes.json (json)
[2026-07-23T22:29:10+02:00] [INFO] config:changed: Skipping validation (outside ADAM_V2_DIR): /home/aza/.hermes/processes.json
[2026-07-23T22:29:18+02:00] [INFO] config:changed: config:changed — /home/aza/.hermes/processes.json (json)
[2026-07-23T22:29:18+02:00] [INFO] config:changed: Skipping validation (outside ADAM_V2_DIR): /home/aza/.hermes/processes.json
[2026-07-23T22:29:54+02:00] [INFO] config:changed: config:changed — /home/aza/.hermes/hermes-agent/skills/.usage.json (json)
[2026-07-23T22:29:54+02:00] [INFO] config:changed: Skipping validation (outside ADAM_V2_DIR): /home/aza/.hermes/hermes-agent/skills/.usage.json
[2026-07-23T22:31:29+02:00] [INFO] config:changed: config:changed — /home/aza/.hermes/channel_directory.json (json)
[2026-07-23T22:31:29+02:00] [INFO] config:changed: Skipping validation (outside ADAM_V2_DIR): /home/aza/.hermes/channel_directory.json
[2026-07-23T22:31:47+02:00] [WARN] config:changed: config:changed payload missing 'path' field
[2026-07-23T22:33:17+02:00] [WARN] config:changed: config:changed payload missing 'path' field
[2026-07-23T22:34:36+02:00] [INFO] config:changed: config:changed — /home/aza/.hermes/hermes-agent/skills/.usage.json (json)
[2026-07-23T22:34:36+02:00] [INFO] config:changed: Skipping validation (outside ADAM_V2_DIR): /home/aza/.hermes/hermes-agent/skills/.usage.json
[2026-07-23T22:34:46+02:00] [INFO] config:changed: config:changed — /home/aza/.hermes/hermes-agent/skills/.usage.json (json)
[2026-07-23T22:34:46+02:00] [INFO] config:changed: Skipping validation (outside ADAM_V2_DIR): /home/aza/.hermes/hermes-agent/skills/.usage.json
[2026-07-23T22:35:04+02:00] [INFO] config:changed: config:changed — /home/aza/.hermes/processes.json (json)
[2026-07-23T22:35:04+02:00] [INFO] config:changed: Skipping validation (outside ADAM_V2_DIR): /home/aza/.hermes/processes.json
[2026-07-23T22:35:04+02:00] [INFO] config:changed: config:changed — /home/aza/.hermes/hermes-agent/skills/.usage.json (json)
[2026-07-23T22:35:04+02:00] [INFO] config:changed: Skipping validation (outside ADAM_V2_DIR): /home/aza/.hermes/hermes-agent/skills/.usage.json
[2026-07-23T22:35:08+02:00] [INFO] config:changed: config:changed — /home/aza/.hermes/processes.json (json)
[2026-07-23T22:35:08+02:00] [INFO] config:changed: Skipping validation (outside ADAM_V2_DIR): /home/aza/.hermes/processes.json
[2026-07-23T22:35:26+02:00] [INFO] config:changed: config:changed — /home/aza/.hermes/hermes-agent/skills/.usage.json (json)
[2026-07-23T22:35:26+02:00] [INFO] config:changed: Skipping validation (outside ADAM_V2_DIR): /home/aza/.hermes/hermes-agent/skills/.usage.json
[2026-07-23T22:35:42+02:00] [INFO] config:changed: config:changed — /home/aza/.hermes/hermes-agent/skills/.usage.json (json)
[2026-07-23T22:35:42+02:00] [INFO] config:changed: Skipping validation (outside ADAM_V2_DIR): /home/aza/.hermes/hermes-agent/skills/.usage.json
[2026-07-23T22:35:54+02:00] [INFO] config:changed: config:changed — /home/aza/.hermes/hermes-agent/skills/.usage.json (json)
[2026-07-23T22:35:54+02:00] [INFO] config:changed: Skipping validation (outside ADAM_V2_DIR): /home/aza/.hermes/hermes-agent/skills/.usage.json
[2026-07-23T22:36:10+02:00] [INFO] config:changed: config:changed — /home/aza/.hermes/hermes-agent/skills/.usage.json (json)
[2026-07-23T22:36:10+02:00] [WARN] config:changed: config:changed payload missing 'path' field
[2026-07-23T22:36:10+02:00] [INFO] config:changed: Skipping validation (outside ADAM_V2_DIR): /home/aza/.hermes/hermes-agent/skills/.usage.json
[2026-07-23T22:36:22+02:00] [INFO] config:changed: config:changed — /home/aza/.hermes/hermes-agent/skills/.usage.json (json)
[2026-07-23T22:36:22+02:00] [INFO] config:changed: Skipping validation (outside ADAM_V2_DIR): /home/aza/.hermes/hermes-agent/skills/.usage.json
[2026-07-23T22:36:28+02:00] [INFO] config:changed: config:changed — /home/aza/.hermes/channel_directory.json (json)
[2026-07-23T22:36:28+02:00] [INFO] config:changed: Skipping validation (outside ADAM_V2_DIR): /home/aza/.hermes/channel_directory.json
[2026-07-23T22:36:30+02:00] [INFO] config:changed: config:changed — /home/aza/.hermes/hermes-agent/skills/.usage.json (json)
[2026-07-23T22:36:30+02:00] [INFO] config:changed: Skipping validation (outside ADAM_V2_DIR): /home/aza/.hermes/hermes-agent/skills/.usage.json
[2026-07-23T22:36:44+02:00] [INFO] config:changed: config:changed — /home/aza/.hermes/hermes-agent/skills/.usage.json (json)
[2026-07-23T22:36:44+02:00] [INFO] config:changed: Skipping validation (outside ADAM_V2_DIR): /home/aza/.hermes/hermes-agent/skills/.usage.json
