[2026-07-23T17:19:56.789729+00:00] [INFO] ============================================================
[2026-07-23T17:19:56.789848+00:00] [INFO] ADAM-RED — Défi escalade root Nothing Phone 2
[2026-07-23T17:19:56.789875+00:00] [INFO] Serial : 2f109ecc | Phase : recon
[2026-07-23T17:19:56.789893+00:00] [INFO] ============================================================
[2026-07-23T17:19:56.789910+00:00] [INFO] === PHASE 1 : RECON — Énumération du device ===
[2026-07-23T17:19:57.675082+00:00] [INFO] Device : Nothing A065 (Android 16, patch 2026-04-01)
[2026-07-23T17:19:57.675190+00:00] [INFO] SELinux : Enforcing | Bootloader : 1 | Root : OUI
[2026-07-23T17:19:57.675235+00:00] [INFO] ============================================================
[2026-07-23T17:19:57.675271+00:00] [INFO] Device : Nothing A065 Android 16
[2026-07-23T17:19:57.675305+00:00] [INFO] Patch : 2026-04-01 | SELinux : Enforcing
[2026-07-23T17:19:57.675337+00:00] [INFO] ============================================================
[2026-07-23T17:20:07.440384+00:00] [INFO] ============================================================
[2026-07-23T17:20:07.440480+00:00] [INFO] ADAM-RED — Défi escalade root Nothing Phone 2
[2026-07-23T17:20:07.440507+00:00] [INFO] Serial : 2f109ecc | Phase : all
[2026-07-23T17:20:07.440526+00:00] [INFO] ============================================================
[2026-07-23T17:20:07.440545+00:00] [INFO] === PHASE 1 : RECON — Énumération du device ===
[2026-07-23T17:20:08.536185+00:00] [INFO] Device : Nothing A065 (Android 16, patch 2026-04-01)
[2026-07-23T17:20:08.536312+00:00] [INFO] SELinux : Enforcing | Bootloader : 1 | Root : OUI
[2026-07-23T17:20:08.536370+00:00] [INFO] === PHASE 2 : FINGERPRINT — Identification CVE ===
[2026-07-23T17:20:08.536421+00:00] [INFO] Niveau de patch sécurité : 2026-04-01
[2026-07-23T17:20:08.536467+00:00] [INFO] Version Android : 16
[2026-07-23T17:20:08.536522+00:00] [INFO]   [OK] Aucune CVE connue applicable — device à jour
[2026-07-23T17:20:08.536570+00:00] [INFO]   [*] Cible identifiée : Nothing Phone 2 (CAPE-QRD)
[2026-07-23T17:20:08.536614+00:00] [INFO]   [*] SoC : Snapdragon 8+ Gen 1 (SM8475)
[2026-07-23T17:20:08.536669+00:00] [INFO]   [*] Vérifier : exploit kernel spécifique Qualcomm, fastboot unlock, magisk
[2026-07-23T17:20:08.536717+00:00] [INFO] === PHASE 3 : ENUM — Surface d'attaque ===
[2026-07-23T17:20:08.623140+00:00] [INFO]   [!] Package root/dangereux trouvé : com.android.shell
[2026-07-23T17:20:08.623229+00:00] [INFO]   [!] Package root/dangereux trouvé : com.termux
[2026-07-23T17:20:08.787031+00:00] [INFO]   [*] 305 services exposés
[2026-07-23T17:20:08.838561+00:00] [INFO]   [*] Ports ouverts : [45960, 48828]
[2026-07-23T17:20:09.076281+00:00] [INFO] === PHASE 4 : ESCALATION — Test des vecteurs root ===
[2026-07-23T17:20:09.076381+00:00] [INFO]   [*] Test : su binaire présent
[2026-07-23T17:20:09.101444+00:00] [INFO]   [-] su refusé
[2026-07-23T17:20:09.166173+00:00] [INFO]   [*] Kernel potentiellement vulnérable à Dirty Pipe (CVE-2022-0847)
[2026-07-23T17:20:09.166283+00:00] [INFO]   [-] Aucun vecteur d'escalade réussi — device durci
[2026-07-23T17:20:09.166340+00:00] [INFO] === PHASE 5 : REPORT — Génération du rapport ===
[2026-07-23T17:20:09.166685+00:00] [INFO] Rapport sauvegardé : /home/aza/eva-adam-v2/reports/red-team/nothing-phone-2_20260723_172009.md
[2026-07-23T17:20:09.172669+00:00] [INFO] Event publié sur canal 'security:alert'
[2026-07-23T17:20:09.172776+00:00] [INFO] ============================================================
[2026-07-23T17:20:09.172830+00:00] [INFO] Device : Nothing A065 Android 16
[2026-07-23T17:20:09.172873+00:00] [INFO] Patch : 2026-04-01 | SELinux : Enforcing
[2026-07-23T17:20:09.172913+00:00] [INFO] 🟢 Root NON obtenu — device résistant
[2026-07-23T17:20:09.172955+00:00] [INFO] ============================================================
[2026-07-23T19:07:08.294330+00:00] [INFO] ============================================================
[2026-07-23T19:07:08.294423+00:00] [INFO] ADAM-RED — Défi escalade root Nothing Phone 2
[2026-07-23T19:07:08.294462+00:00] [INFO] Serial : 2f109ecc | Phase : all
[2026-07-23T19:07:08.294481+00:00] [INFO] ============================================================
[2026-07-23T19:07:08.294499+00:00] [INFO] === PHASE 1 : RECON — Énumération du device ===
[2026-07-23T19:07:09.138251+00:00] [INFO] Device : Nothing A065 (Android 16, patch 2026-04-01)
[2026-07-23T19:07:09.138382+00:00] [INFO] SELinux : Enforcing | Bootloader : 1 | Root : OUI
[2026-07-23T19:07:09.138437+00:00] [INFO] === PHASE 2 : FINGERPRINT — Identification CVE ===
[2026-07-23T19:07:09.138485+00:00] [INFO] Niveau de patch sécurité : 2026-04-01
[2026-07-23T19:07:09.138533+00:00] [INFO] Version Android : 16
[2026-07-23T19:07:09.138589+00:00] [INFO]   [OK] Aucune CVE connue applicable — device à jour
[2026-07-23T19:07:09.138638+00:00] [INFO]   [*] Cible identifiée : Nothing Phone 2 (CAPE-QRD)
[2026-07-23T19:07:09.138694+00:00] [INFO]   [*] SoC : Snapdragon 8+ Gen 1 (SM8475)
[2026-07-23T19:07:09.138740+00:00] [INFO]   [*] Vérifier : exploit kernel spécifique Qualcomm, fastboot unlock, magisk
[2026-07-23T19:07:09.138787+00:00] [INFO] === PHASE 3 : ENUM — Surface d'attaque ===
[2026-07-23T19:07:09.200229+00:00] [INFO]   [!] Package root/dangereux trouvé : com.android.shell
[2026-07-23T19:07:09.200418+00:00] [INFO]   [!] Package root/dangereux trouvé : com.termux
[2026-07-23T19:07:09.326250+00:00] [INFO]   [*] 306 services exposés
[2026-07-23T19:07:09.375943+00:00] [INFO]   [*] Ports ouverts : [37116, 37126, 39148]
[2026-07-23T19:07:09.537369+00:00] [INFO] === PHASE 4 : ESCALATION — Test des vecteurs root ===
[2026-07-23T19:07:09.537504+00:00] [INFO]   [*] Test : su binaire présent
[2026-07-23T19:07:09.559756+00:00] [INFO]   [-] su refusé
[2026-07-23T19:07:09.627739+00:00] [INFO]   [*] Kernel potentiellement vulnérable à Dirty Pipe (CVE-2022-0847)
[2026-07-23T19:07:09.627856+00:00] [INFO]   [-] Aucun vecteur d'escalade réussi — device durci
[2026-07-23T19:07:09.627912+00:00] [INFO] === PHASE 5 : REPORT — Génération du rapport ===
[2026-07-23T19:07:09.628269+00:00] [INFO] Rapport sauvegardé : /home/aza/eva-adam-v2/reports/red-team/nothing-phone-2_20260723_190709.md
[2026-07-23T19:07:09.633997+00:00] [INFO] Event publié sur canal 'security:alert'
[2026-07-23T19:07:09.634106+00:00] [INFO] ============================================================
[2026-07-23T19:07:09.634160+00:00] [INFO] Device : Nothing A065 Android 16
[2026-07-23T19:07:09.634202+00:00] [INFO] Patch : 2026-04-01 | SELinux : Enforcing
[2026-07-23T19:07:09.634250+00:00] [INFO] 🟢 Root NON obtenu — device résistant
[2026-07-23T19:07:09.634291+00:00] [INFO] ============================================================
[2026-07-23T19:09:42.505864+00:00] [INFO] ============================================================
[2026-07-23T19:09:42.505958+00:00] [INFO] ADAM-RED — Défi escalade root Nothing Phone 2
[2026-07-23T19:09:42.505987+00:00] [INFO] Serial : 2f109ecc | Phase : all
[2026-07-23T19:09:42.506009+00:00] [INFO] ============================================================
[2026-07-23T19:09:42.506030+00:00] [INFO] === PHASE 1 : RECON — Énumération du device ===
[2026-07-23T19:09:43.577674+00:00] [INFO] Device : Nothing A065 (Android 16, patch 2026-04-01)
[2026-07-23T19:09:43.577827+00:00] [INFO] SELinux : Enforcing | Bootloader : 1 | Root : OUI
[2026-07-23T19:09:43.577900+00:00] [INFO] === PHASE 2 : FINGERPRINT — Identification CVE ===
[2026-07-23T19:09:43.577963+00:00] [INFO] Niveau de patch sécurité : 2026-04-01
[2026-07-23T19:09:43.578023+00:00] [INFO] Version Android : 16
[2026-07-23T19:09:43.578087+00:00] [INFO]   [OK] Aucune CVE connue applicable — device à jour
[2026-07-23T19:09:43.578139+00:00] [INFO]   [*] Cible identifiée : Nothing Phone 2 (CAPE-QRD)
[2026-07-23T19:09:43.578187+00:00] [INFO]   [*] SoC : Snapdragon 8+ Gen 1 (SM8475)
[2026-07-23T19:09:43.578233+00:00] [INFO]   [*] Vérifier : exploit kernel spécifique Qualcomm, fastboot unlock, magisk
[2026-07-23T19:09:43.578286+00:00] [INFO] === PHASE 3 : ENUM — Surface d'attaque ===
[2026-07-23T19:09:43.628707+00:00] [INFO]   [!] Package root/dangereux trouvé : com.android.shell
[2026-07-23T19:09:43.628855+00:00] [INFO]   [!] Package root/dangereux trouvé : com.termux
[2026-07-23T19:09:43.738406+00:00] [INFO]   [*] 306 services exposés
[2026-07-23T19:09:43.775393+00:00] [INFO]   [*] Ports ouverts : [49520]
[2026-07-23T19:09:43.900857+00:00] [INFO] === PHASE 4 : ESCALATION — Test des vecteurs root ===
[2026-07-23T19:09:43.900989+00:00] [INFO]   [*] Test : su binaire présent
[2026-07-23T19:09:43.943376+00:00] [INFO]   [-] su refusé
[2026-07-23T19:09:44.001649+00:00] [INFO]   [*] Kernel potentiellement vulnérable à Dirty Pipe (CVE-2022-0847)
[2026-07-23T19:09:44.001770+00:00] [INFO]   [-] Aucun vecteur d'escalade réussi — device durci
[2026-07-23T19:09:44.001834+00:00] [INFO] === PHASE 5 : REPORT — Génération du rapport ===
[2026-07-23T19:09:44.002197+00:00] [INFO] Rapport sauvegardé : /home/aza/eva-adam-v2/reports/red-team/nothing-phone-2_20260723_190944.md
[2026-07-23T19:09:44.007575+00:00] [INFO] Event publié sur canal 'security:alert'
[2026-07-23T19:09:44.007692+00:00] [INFO] ============================================================
[2026-07-23T19:09:44.007759+00:00] [INFO] Device : Nothing A065 Android 16
[2026-07-23T19:09:44.007811+00:00] [INFO] Patch : 2026-04-01 | SELinux : Enforcing
[2026-07-23T19:09:44.007857+00:00] [INFO] 🟢 Root NON obtenu — device résistant
[2026-07-23T19:09:44.007902+00:00] [INFO] ============================================================
[2026-07-23T19:14:03.512854+00:00] [INFO] ============================================================
[2026-07-23T19:14:03.512952+00:00] [INFO] ADAM-RED — Défi escalade root Nothing Phone 2
[2026-07-23T19:14:03.512981+00:00] [INFO] Serial : 2f109ecc | Phase : all
[2026-07-23T19:14:03.513002+00:00] [INFO] ============================================================
[2026-07-23T19:14:03.513023+00:00] [INFO] === PHASE 1 : RECON — Énumération du device ===
[2026-07-23T19:14:04.593664+00:00] [INFO] Device : Nothing A065 (Android 16, patch 2026-04-01)
[2026-07-23T19:14:04.593776+00:00] [INFO] SELinux : Enforcing | Bootloader : 1 | Root : OUI
[2026-07-23T19:14:04.593826+00:00] [INFO] === PHASE 2 : FINGERPRINT — Identification CVE ===
[2026-07-23T19:14:04.593868+00:00] [INFO] Niveau de patch sécurité : 2026-04-01
[2026-07-23T19:14:04.593906+00:00] [INFO] Version Android : 16
[2026-07-23T19:14:04.593953+00:00] [INFO]   [OK] Aucune CVE connue applicable — device à jour
[2026-07-23T19:14:04.593992+00:00] [INFO]   [*] Cible identifiée : Nothing Phone 2 (CAPE-QRD)
[2026-07-23T19:14:04.594023+00:00] [INFO]   [*] SoC : Snapdragon 8+ Gen 1 (SM8475)
[2026-07-23T19:14:04.594062+00:00] [INFO]   [*] Vérifier : exploit kernel spécifique Qualcomm, fastboot unlock, magisk
[2026-07-23T19:14:04.594093+00:00] [INFO] === PHASE 3 : ENUM — Surface d'attaque ===
[2026-07-23T19:14:04.702159+00:00] [INFO]   [!] Package root/dangereux trouvé : com.android.shell
[2026-07-23T19:14:04.702247+00:00] [INFO]   [!] Package root/dangereux trouvé : com.termux
[2026-07-23T19:14:04.795940+00:00] [INFO]   [*] 306 services exposés
[2026-07-23T19:14:04.834561+00:00] [INFO]   [*] Ports ouverts : [46692, 48822]
[2026-07-23T19:14:04.959232+00:00] [INFO] === PHASE 4 : ESCALATION — Test des vecteurs root ===
[2026-07-23T19:14:04.959362+00:00] [INFO]   [*] Test : su binaire présent
[2026-07-23T19:14:05.000424+00:00] [INFO]   [-] su refusé
[2026-07-23T19:14:05.058860+00:00] [INFO]   [*] Kernel potentiellement vulnérable à Dirty Pipe (CVE-2022-0847)
[2026-07-23T19:14:05.058978+00:00] [INFO]   [-] Aucun vecteur d'escalade réussi — device durci
[2026-07-23T19:14:05.059041+00:00] [INFO] === PHASE 5 : REPORT — Génération du rapport ===
[2026-07-23T19:14:05.059399+00:00] [INFO] Rapport sauvegardé : /home/aza/eva-adam-v2/reports/red-team/nothing-phone-2_20260723_191405.md
[2026-07-23T19:14:05.064847+00:00] [INFO] Event publié sur canal 'security:alert'
[2026-07-23T19:14:05.064957+00:00] [INFO] ============================================================
[2026-07-23T19:14:05.065026+00:00] [INFO] Device : Nothing A065 Android 16
[2026-07-23T19:14:05.065071+00:00] [INFO] Patch : 2026-04-01 | SELinux : Enforcing
[2026-07-23T19:14:05.065112+00:00] [INFO] 🟢 Root NON obtenu — device résistant
[2026-07-23T19:14:05.065153+00:00] [INFO] ============================================================
[2026-07-23T19:18:24.514083+00:00] [INFO] ============================================================
[2026-07-23T19:18:24.514179+00:00] [INFO] ADAM-RED — Défi escalade root Nothing Phone 2
[2026-07-23T19:18:24.514208+00:00] [INFO] Serial : 2f109ecc | Phase : all
[2026-07-23T19:18:24.514230+00:00] [INFO] ============================================================
[2026-07-23T19:18:24.514251+00:00] [INFO] === PHASE 1 : RECON — Énumération du device ===
[2026-07-23T19:18:25.554607+00:00] [INFO] Device : Nothing A065 (Android 16, patch 2026-04-01)
[2026-07-23T19:18:25.554748+00:00] [INFO] SELinux : Enforcing | Bootloader : 1 | Root : OUI
[2026-07-23T19:18:25.554811+00:00] [INFO] === PHASE 2 : FINGERPRINT — Identification CVE ===
[2026-07-23T19:18:25.554867+00:00] [INFO] Niveau de patch sécurité : 2026-04-01
[2026-07-23T19:18:25.554917+00:00] [INFO] Version Android : 16
[2026-07-23T19:18:25.554974+00:00] [INFO]   [OK] Aucune CVE connue applicable — device à jour
[2026-07-23T19:18:25.555025+00:00] [INFO]   [*] Cible identifiée : Nothing Phone 2 (CAPE-QRD)
[2026-07-23T19:18:25.555073+00:00] [INFO]   [*] SoC : Snapdragon 8+ Gen 1 (SM8475)
[2026-07-23T19:18:25.555120+00:00] [INFO]   [*] Vérifier : exploit kernel spécifique Qualcomm, fastboot unlock, magisk
[2026-07-23T19:18:25.555172+00:00] [INFO] === PHASE 3 : ENUM — Surface d'attaque ===
[2026-07-23T19:18:25.657059+00:00] [INFO]   [!] Package root/dangereux trouvé : com.android.shell
[2026-07-23T19:18:25.657199+00:00] [INFO]   [!] Package root/dangereux trouvé : com.termux
[2026-07-23T19:18:25.762950+00:00] [INFO]   [*] 305 services exposés
[2026-07-23T19:18:25.796567+00:00] [INFO]   [*] Ports ouverts : []
[2026-07-23T19:18:25.920058+00:00] [INFO] === PHASE 4 : ESCALATION — Test des vecteurs root ===
[2026-07-23T19:18:25.920190+00:00] [INFO]   [*] Test : su binaire présent
[2026-07-23T19:18:25.959929+00:00] [INFO]   [-] su refusé
[2026-07-23T19:18:26.035705+00:00] [INFO]   [*] Kernel potentiellement vulnérable à Dirty Pipe (CVE-2022-0847)
[2026-07-23T19:18:26.035822+00:00] [INFO]   [-] Aucun vecteur d'escalade réussi — device durci
[2026-07-23T19:18:26.035887+00:00] [INFO] === PHASE 5 : REPORT — Génération du rapport ===
[2026-07-23T19:18:26.036248+00:00] [INFO] Rapport sauvegardé : /home/aza/eva-adam-v2/reports/red-team/nothing-phone-2_20260723_191826.md
[2026-07-23T19:18:26.041883+00:00] [INFO] Event publié sur canal 'security:alert'
[2026-07-23T19:18:26.041990+00:00] [INFO] ============================================================
[2026-07-23T19:18:26.042050+00:00] [INFO] Device : Nothing A065 Android 16
[2026-07-23T19:18:26.042097+00:00] [INFO] Patch : 2026-04-01 | SELinux : Enforcing
[2026-07-23T19:18:26.042141+00:00] [INFO] 🟢 Root NON obtenu — device résistant
[2026-07-23T19:18:26.042186+00:00] [INFO] ============================================================
[2026-07-23T19:22:45.485899+00:00] [INFO] ============================================================
[2026-07-23T19:22:45.486002+00:00] [INFO] ADAM-RED — Défi escalade root Nothing Phone 2
[2026-07-23T19:22:45.486031+00:00] [INFO] Serial : 2f109ecc | Phase : all
[2026-07-23T19:22:45.486052+00:00] [INFO] ============================================================
[2026-07-23T19:22:45.486073+00:00] [INFO] === PHASE 1 : RECON — Énumération du device ===
[2026-07-23T19:22:46.482713+00:00] [INFO] Device : Nothing A065 (Android 16, patch 2026-04-01)
[2026-07-23T19:22:46.482856+00:00] [INFO] SELinux : Enforcing | Bootloader : 1 | Root : OUI
[2026-07-23T19:22:46.482917+00:00] [INFO] === PHASE 2 : FINGERPRINT — Identification CVE ===
[2026-07-23T19:22:46.482972+00:00] [INFO] Niveau de patch sécurité : 2026-04-01
[2026-07-23T19:22:46.483048+00:00] [INFO] Version Android : 16
[2026-07-23T19:22:46.483116+00:00] [INFO]   [!] CVE-2024-0582 (CVSS 7.0) — applicable (patch 2026-04-01 < 2026-06-01)
[2026-07-23T19:22:46.483165+00:00] [INFO]   [*] Cible identifiée : Nothing Phone 2 (CAPE-QRD)
[2026-07-23T19:22:46.483209+00:00] [INFO]   [*] SoC : Snapdragon 8+ Gen 1 (SM8475)
[2026-07-23T19:22:46.483251+00:00] [INFO]   [*] Vérifier : exploit kernel spécifique Qualcomm, fastboot unlock, magisk
[2026-07-23T19:22:46.483297+00:00] [INFO] === PHASE 3 : ENUM — Surface d'attaque ===
[2026-07-23T19:22:46.543640+00:00] [INFO]   [!] Package root/dangereux trouvé : com.android.shell
[2026-07-23T19:22:46.543711+00:00] [INFO]   [!] Package root/dangereux trouvé : com.termux
[2026-07-23T19:22:46.675172+00:00] [INFO]   [*] 305 services exposés
[2026-07-23T19:22:46.731236+00:00] [INFO]   [*] Ports ouverts : []
[2026-07-23T19:22:46.857166+00:00] [INFO] === PHASE 4 : ESCALATION — Test des vecteurs root ===
[2026-07-23T19:22:46.857290+00:00] [INFO]   [*] Test : su binaire présent
[2026-07-23T19:22:46.896458+00:00] [INFO]   [-] su refusé
[2026-07-23T19:22:46.954510+00:00] [INFO]   [*] Kernel potentiellement vulnérable à Dirty Pipe (CVE-2022-0847)
[2026-07-23T19:22:46.954598+00:00] [INFO]   [-] Aucun vecteur d'escalade réussi — device durci
[2026-07-23T19:22:46.954633+00:00] [INFO] === PHASE 5 : REPORT — Génération du rapport ===
[2026-07-23T19:22:46.954887+00:00] [INFO] Rapport sauvegardé : /home/aza/eva-adam-v2/reports/red-team/nothing-phone-2_20260723_192246.md
[2026-07-23T19:22:46.959054+00:00] [INFO] Event publié sur canal 'security:alert'
[2026-07-23T19:22:46.959123+00:00] [INFO] ============================================================
[2026-07-23T19:22:46.959158+00:00] [INFO] Device : Nothing A065 Android 16
[2026-07-23T19:22:46.959186+00:00] [INFO] Patch : 2026-04-01 | SELinux : Enforcing
[2026-07-23T19:22:46.959211+00:00] [INFO] 🟢 Root NON obtenu — device résistant
[2026-07-23T19:22:46.959238+00:00] [INFO] ============================================================
[2026-07-23T19:27:06.340260+00:00] [INFO] ============================================================
[2026-07-23T19:27:06.340359+00:00] [INFO] ADAM-RED — Défi escalade root Nothing Phone 2
[2026-07-23T19:27:06.340387+00:00] [INFO] Serial : 2f109ecc | Phase : all
[2026-07-23T19:27:06.340409+00:00] [INFO] ============================================================
[2026-07-23T19:27:06.340430+00:00] [INFO] === PHASE 1 : RECON — Énumération du device ===
[2026-07-23T19:27:07.436046+00:00] [INFO] Device : Nothing A065 (Android 16, patch 2026-04-01)
[2026-07-23T19:27:07.436178+00:00] [INFO] SELinux : Enforcing | Bootloader : 1 | Root : OUI
[2026-07-23T19:27:07.436241+00:00] [INFO] === PHASE 2 : FINGERPRINT — Identification CVE ===
[2026-07-23T19:27:07.436296+00:00] [INFO] Niveau de patch sécurité : 2026-04-01
[2026-07-23T19:27:07.436345+00:00] [INFO] Version Android : 16
[2026-07-23T19:27:07.436412+00:00] [INFO]   [!] CVE-2024-0582 (CVSS 7.0) — applicable (patch 2026-04-01 < 2026-06-01)
[2026-07-23T19:27:07.436465+00:00] [INFO]   [*] Cible identifiée : Nothing Phone 2 (CAPE-QRD)
[2026-07-23T19:27:07.436515+00:00] [INFO]   [*] SoC : Snapdragon 8+ Gen 1 (SM8475)
[2026-07-23T19:27:07.436562+00:00] [INFO]   [*] Vérifier : exploit kernel spécifique Qualcomm, fastboot unlock, magisk
[2026-07-23T19:27:07.436614+00:00] [INFO] === PHASE 3 : ENUM — Surface d'attaque ===
[2026-07-23T19:27:07.520926+00:00] [INFO]   [!] Package root/dangereux trouvé : com.android.shell
[2026-07-23T19:27:07.521068+00:00] [INFO]   [!] Package root/dangereux trouvé : com.termux
[2026-07-23T19:27:07.605282+00:00] [INFO]   [*] 305 services exposés
[2026-07-23T19:27:07.626697+00:00] [INFO]   [*] Ports ouverts : []
[2026-07-23T19:27:07.709169+00:00] [INFO] === PHASE 4 : ESCALATION — Test des vecteurs root ===
[2026-07-23T19:27:07.709279+00:00] [INFO]   [*] Test : su binaire présent
[2026-07-23T19:27:07.735124+00:00] [INFO]   [-] su refusé
[2026-07-23T19:27:07.785632+00:00] [INFO]   [*] Kernel potentiellement vulnérable à Dirty Pipe (CVE-2022-0847)
[2026-07-23T19:27:07.785777+00:00] [INFO]   [-] Aucun vecteur d'escalade réussi — device durci
[2026-07-23T19:27:07.785837+00:00] [INFO] === PHASE 5 : REPORT — Génération du rapport ===
[2026-07-23T19:27:07.786210+00:00] [INFO] Rapport sauvegardé : /home/aza/eva-adam-v2/reports/red-team/nothing-phone-2_20260723_192707.md
[2026-07-23T19:27:07.791798+00:00] [INFO] Event publié sur canal 'security:alert'
[2026-07-23T19:27:07.791904+00:00] [INFO] ============================================================
[2026-07-23T19:27:07.791958+00:00] [INFO] Device : Nothing A065 Android 16
[2026-07-23T19:27:07.792000+00:00] [INFO] Patch : 2026-04-01 | SELinux : Enforcing
[2026-07-23T19:27:07.792040+00:00] [INFO] 🟢 Root NON obtenu — device résistant
[2026-07-23T19:27:07.792080+00:00] [INFO] ============================================================
[2026-07-23T19:31:27.322701+00:00] [INFO] ============================================================
[2026-07-23T19:31:27.322804+00:00] [INFO] ADAM-RED — Défi escalade root Nothing Phone 2
[2026-07-23T19:31:27.322833+00:00] [INFO] Serial : 2f109ecc | Phase : all
[2026-07-23T19:31:27.322855+00:00] [INFO] ============================================================
[2026-07-23T19:31:27.322876+00:00] [INFO] === PHASE 1 : RECON — Énumération du device ===
[2026-07-23T19:31:28.392624+00:00] [INFO] Device : Nothing A065 (Android 16, patch 2026-04-01)
[2026-07-23T19:31:28.392721+00:00] [INFO] SELinux : Enforcing | Bootloader : 1 | Root : OUI
[2026-07-23T19:31:28.392760+00:00] [INFO] === PHASE 2 : FINGERPRINT — Identification CVE ===
[2026-07-23T19:31:28.392793+00:00] [INFO] Niveau de patch sécurité : 2026-04-01
[2026-07-23T19:31:28.392823+00:00] [INFO] Version Android : 16
[2026-07-23T19:31:28.392866+00:00] [INFO]   [!] CVE-2024-0582 (CVSS 7.0) — applicable (patch 2026-04-01 < 2026-06-01)
[2026-07-23T19:31:28.392911+00:00] [INFO]   [*] Cible identifiée : Nothing Phone 2 (CAPE-QRD)
[2026-07-23T19:31:28.392942+00:00] [INFO]   [*] SoC : Snapdragon 8+ Gen 1 (SM8475)
[2026-07-23T19:31:28.392971+00:00] [INFO]   [*] Vérifier : exploit kernel spécifique Qualcomm, fastboot unlock, magisk
[2026-07-23T19:31:28.393003+00:00] [INFO] === PHASE 3 : ENUM — Surface d'attaque ===
[2026-07-23T19:31:28.457699+00:00] [INFO]   [!] Package root/dangereux trouvé : com.android.shell
[2026-07-23T19:31:28.457842+00:00] [INFO]   [!] Package root/dangereux trouvé : com.termux
[2026-07-23T19:31:28.545940+00:00] [INFO]   [*] 305 services exposés
[2026-07-23T19:31:28.582181+00:00] [INFO]   [*] Ports ouverts : [37474]
[2026-07-23T19:31:28.703211+00:00] [INFO] === PHASE 4 : ESCALATION — Test des vecteurs root ===
[2026-07-23T19:31:28.703324+00:00] [INFO]   [*] Test : su binaire présent
[2026-07-23T19:31:28.743549+00:00] [INFO]   [-] su refusé
[2026-07-23T19:31:28.790938+00:00] [INFO]   [*] Kernel potentiellement vulnérable à Dirty Pipe (CVE-2022-0847)
[2026-07-23T19:31:28.791056+00:00] [INFO]   [-] Aucun vecteur d'escalade réussi — device durci
[2026-07-23T19:31:28.791120+00:00] [INFO] === PHASE 5 : REPORT — Génération du rapport ===
[2026-07-23T19:31:28.791487+00:00] [INFO] Rapport sauvegardé : /home/aza/eva-adam-v2/reports/red-team/nothing-phone-2_20260723_193128.md
[2026-07-23T19:31:28.797087+00:00] [INFO] Event publié sur canal 'security:alert'
[2026-07-23T19:31:28.797200+00:00] [INFO] ============================================================
[2026-07-23T19:31:28.797259+00:00] [INFO] Device : Nothing A065 Android 16
[2026-07-23T19:31:28.797306+00:00] [INFO] Patch : 2026-04-01 | SELinux : Enforcing
[2026-07-23T19:31:28.797351+00:00] [INFO] 🟢 Root NON obtenu — device résistant
[2026-07-23T19:31:28.797396+00:00] [INFO] ============================================================
[2026-07-23T19:35:48.319529+00:00] [INFO] ============================================================
[2026-07-23T19:35:48.319624+00:00] [INFO] ADAM-RED — Défi escalade root Nothing Phone 2
[2026-07-23T19:35:48.319664+00:00] [INFO] Serial : 2f109ecc | Phase : all
[2026-07-23T19:35:48.319686+00:00] [INFO] ============================================================
[2026-07-23T19:35:48.319705+00:00] [INFO] === PHASE 1 : RECON — Énumération du device ===
[2026-07-23T19:35:49.317993+00:00] [INFO] Device : Nothing A065 (Android 16, patch 2026-04-01)
[2026-07-23T19:35:49.318124+00:00] [INFO] SELinux : Enforcing | Bootloader : 1 | Root : OUI
[2026-07-23T19:35:49.318187+00:00] [INFO] === PHASE 2 : FINGERPRINT — Identification CVE ===
[2026-07-23T19:35:49.318240+00:00] [INFO] Niveau de patch sécurité : 2026-04-01
[2026-07-23T19:35:49.318289+00:00] [INFO] Version Android : 16
[2026-07-23T19:35:49.318358+00:00] [INFO]   [!] CVE-2024-0582 (CVSS 7.0) — applicable (patch 2026-04-01 < 2026-06-01)
[2026-07-23T19:35:49.318410+00:00] [INFO]   [*] Cible identifiée : Nothing Phone 2 (CAPE-QRD)
[2026-07-23T19:35:49.318457+00:00] [INFO]   [*] SoC : Snapdragon 8+ Gen 1 (SM8475)
[2026-07-23T19:35:49.318502+00:00] [INFO]   [*] Vérifier : exploit kernel spécifique Qualcomm, fastboot unlock, magisk
[2026-07-23T19:35:49.318554+00:00] [INFO] === PHASE 3 : ENUM — Surface d'attaque ===
[2026-07-23T19:35:49.411207+00:00] [INFO]   [!] Package root/dangereux trouvé : com.android.shell
[2026-07-23T19:35:49.411310+00:00] [INFO]   [!] Package root/dangereux trouvé : com.termux
[2026-07-23T19:35:49.508074+00:00] [INFO]   [*] 305 services exposés
[2026-07-23T19:35:49.558855+00:00] [INFO]   [*] Ports ouverts : [48946, 48956]
[2026-07-23T19:35:49.685328+00:00] [INFO] === PHASE 4 : ESCALATION — Test des vecteurs root ===
[2026-07-23T19:35:49.685434+00:00] [INFO]   [*] Test : su binaire présent
[2026-07-23T19:35:49.713552+00:00] [INFO]   [-] su refusé
[2026-07-23T19:35:49.767700+00:00] [INFO]   [*] Kernel potentiellement vulnérable à Dirty Pipe (CVE-2022-0847)
[2026-07-23T19:35:49.767850+00:00] [INFO]   [-] Aucun vecteur d'escalade réussi — device durci
[2026-07-23T19:35:49.767911+00:00] [INFO] === PHASE 4b : DEEP RECON — Surface kernel avancée ===
[2026-07-23T19:35:49.881326+00:00] [INFO]   [?] io_uring sysctl absent — syscall à tester
[2026-07-23T19:35:49.923198+00:00] [INFO]   [+] /dev/ashmem trouvé : crw-rw-rw- 1 root root 10, 127 1970-06-14 06:53 /dev/ashmem
[2026-07-23T19:35:49.966134+00:00] [INFO]   [+] /dev/vhost-vsock trouvé : crw-rw-rw- 1 root root 10, 241 1970-06-14 06:53 /dev/vhost-vsock
[2026-07-23T19:35:50.067102+00:00] [INFO]   [*] GPU devices : crw-rw-rw- 1 root   graphics 226,   0 1970-06-14 06:53 /dev/dri/card0
crw-rw-rw- 1 system system   507,   0 1970-06-14 06:53 /dev/kgsl-3d0
[2026-07-23T19:35:50.316220+00:00] [INFO]   [*] perf_event_paranoid = -1
[2026-07-23T19:35:50.316354+00:00] [INFO]   [+] perf_event accessible !
[2026-07-23T19:35:50.356372+00:00] [INFO]   [*] unprivileged_bpf_disabled = 0
[2026-07-23T19:35:50.414960+00:00] [INFO]   [+] /proc/slabinfo lisible !
[2026-07-23T19:35:50.481773+00:00] [INFO]   [*] Seccomp:	0
Seccomp_filters:	0
[2026-07-23T19:35:50.541007+00:00] [INFO]   [*] CapInh:	0000000000000000
CapPrm:	0000000000000000
CapEff:	0000000000000000
CapBn
[2026-07-23T19:35:50.541123+00:00] [INFO]   === Accessible : ['io_uring_syscall', 'ashmem', 'vhost-vsock', 'perf_event', 'slabinfo']
[2026-07-23T19:35:50.541186+00:00] [INFO]   === Bloqués : ['tracefs', 'kaslr', 'user_ns']
[2026-07-23T19:35:50.541244+00:00] [INFO] === PHASE 5 : WRITE EXPLOIT — Génération code C ===
[2026-07-23T19:35:50.541614+00:00] [INFO]   [+] Exploit écrit : /home/aza/adam-red-exploit/ioring_uaf.c (7173 octets)
[2026-07-23T19:35:50.541688+00:00] [INFO] === PHASE 6 : COMPILE & DEPLOY — Compilation + exécution ===
[2026-07-23T19:35:50.541811+00:00] [INFO]   [*] Compilation : /home/aza/android-ndk-r27c/toolchains/llvm/prebuilt/linux-x86_64/bin/aarch64-linux-android35-clang -O2 -D__NR_io_uring_setup=425 -D__NR_io_uring_enter=426 -D__NR_io_uring_register=427 -o /home/aza/adam-red-exploit/ioring_uaf /home/aza/adam-red-exploit/ioring_uaf.c -lpthread
[2026-07-23T19:35:50.613942+00:00] [ERROR]   [ERR] Compilation échouée (rc=1)
[2026-07-23T19:35:50.614119+00:00] [ERROR]   stderr : ld.lld: error: unable to find library -lpthread
clang: error: linker command failed with exit code 1 (use -v to see invocation)

[2026-07-23T19:35:50.614184+00:00] [INFO] === PHASE 5 : REPORT — Génération du rapport ===
[2026-07-23T19:35:50.614560+00:00] [INFO] Rapport sauvegardé : /home/aza/eva-adam-v2/reports/red-team/nothing-phone-2_20260723_193550.md
[2026-07-23T19:35:50.620592+00:00] [INFO] Event publié sur canal 'security:alert'
[2026-07-23T19:35:50.620706+00:00] [INFO] ============================================================
[2026-07-23T19:35:50.620766+00:00] [INFO] Device : Nothing A065 Android 16
[2026-07-23T19:35:50.620813+00:00] [INFO] Patch : 2026-04-01 | SELinux : Enforcing
[2026-07-23T19:35:50.620857+00:00] [INFO] 🟢 Root NON obtenu — device résistant
[2026-07-23T19:35:50.620901+00:00] [INFO] ============================================================
[2026-07-23T19:40:09.328668+00:00] [INFO] ============================================================
[2026-07-23T19:40:09.328764+00:00] [INFO] ADAM-RED — Défi escalade root Nothing Phone 2
[2026-07-23T19:40:09.328793+00:00] [INFO] Serial : 2f109ecc | Phase : all
[2026-07-23T19:40:09.328815+00:00] [INFO] ============================================================
[2026-07-23T19:40:09.328836+00:00] [INFO] === PHASE 1 : RECON — Énumération du device ===
[2026-07-23T19:40:10.422724+00:00] [INFO] Device : Nothing A065 (Android 16, patch 2026-04-01)
[2026-07-23T19:40:10.422829+00:00] [INFO] SELinux : Enforcing | Bootloader : 1 | Root : OUI
[2026-07-23T19:40:10.422868+00:00] [INFO] === PHASE 2 : FINGERPRINT — Identification CVE ===
[2026-07-23T19:40:10.422900+00:00] [INFO] Niveau de patch sécurité : 2026-04-01
[2026-07-23T19:40:10.422929+00:00] [INFO] Version Android : 16
[2026-07-23T19:40:10.422972+00:00] [INFO]   [!] CVE-2024-0582 (CVSS 7.0) — applicable (patch 2026-04-01 < 2026-06-01)
[2026-07-23T19:40:10.423003+00:00] [INFO]   [*] Cible identifiée : Nothing Phone 2 (CAPE-QRD)
[2026-07-23T19:40:10.423031+00:00] [INFO]   [*] SoC : Snapdragon 8+ Gen 1 (SM8475)
[2026-07-23T19:40:10.423059+00:00] [INFO]   [*] Vérifier : exploit kernel spécifique Qualcomm, fastboot unlock, magisk
[2026-07-23T19:40:10.423090+00:00] [INFO] === PHASE 3 : ENUM — Surface d'attaque ===
[2026-07-23T19:40:10.527345+00:00] [INFO]   [!] Package root/dangereux trouvé : com.android.shell
[2026-07-23T19:40:10.527490+00:00] [INFO]   [!] Package root/dangereux trouvé : com.termux
[2026-07-23T19:40:10.628687+00:00] [INFO]   [*] 305 services exposés
[2026-07-23T19:40:10.685774+00:00] [INFO]   [*] Ports ouverts : [38060]
[2026-07-23T19:40:10.802745+00:00] [INFO] === PHASE 4 : ESCALATION — Test des vecteurs root ===
[2026-07-23T19:40:10.802866+00:00] [INFO]   [*] Test : su binaire présent
[2026-07-23T19:40:10.842929+00:00] [INFO]   [-] su refusé
[2026-07-23T19:40:10.901260+00:00] [INFO]   [*] Kernel potentiellement vulnérable à Dirty Pipe (CVE-2022-0847)
[2026-07-23T19:40:10.901330+00:00] [INFO]   [-] Aucun vecteur d'escalade réussi — device durci
[2026-07-23T19:40:10.901371+00:00] [INFO] === PHASE 4b : DEEP RECON — Surface kernel avancée ===
[2026-07-23T19:40:11.012748+00:00] [INFO]   [?] io_uring sysctl absent — syscall à tester
[2026-07-23T19:40:11.052323+00:00] [INFO]   [+] /dev/ashmem trouvé : crw-rw-rw- 1 root root 10, 127 1970-06-14 06:53 /dev/ashmem
[2026-07-23T19:40:11.082660+00:00] [INFO]   [+] /dev/vhost-vsock trouvé : crw-rw-rw- 1 root root 10, 241 1970-06-14 06:53 /dev/vhost-vsock
[2026-07-23T19:40:11.140731+00:00] [INFO]   [*] GPU devices : crw-rw-rw- 1 root   graphics 226,   0 1970-06-14 06:53 /dev/dri/card0
crw-rw-rw- 1 system system   507,   0 1970-06-14 06:53 /dev/kgsl-3d0
[2026-07-23T19:40:11.361122+00:00] [INFO]   [*] perf_event_paranoid = -1
[2026-07-23T19:40:11.361241+00:00] [INFO]   [+] perf_event accessible !
[2026-07-23T19:40:11.401733+00:00] [INFO]   [*] unprivileged_bpf_disabled = 0
[2026-07-23T19:40:11.437278+00:00] [INFO]   [+] /proc/slabinfo lisible !
[2026-07-23T19:40:11.485364+00:00] [INFO]   [*] Seccomp:	0
Seccomp_filters:	0
[2026-07-23T19:40:11.523777+00:00] [INFO]   [*] CapInh:	0000000000000000
CapPrm:	0000000000000000
CapEff:	0000000000000000
CapBn
[2026-07-23T19:40:11.523854+00:00] [INFO]   === Accessible : ['io_uring_syscall', 'ashmem', 'vhost-vsock', 'perf_event', 'slabinfo']
[2026-07-23T19:40:11.523889+00:00] [INFO]   === Bloqués : ['tracefs', 'kaslr', 'user_ns']
[2026-07-23T19:40:11.523922+00:00] [INFO] === PHASE 5 : WRITE EXPLOIT — Génération code C ===
[2026-07-23T19:40:11.524186+00:00] [INFO]   [+] Exploit écrit : /home/aza/adam-red-exploit/ioring_uaf.c (7173 octets)
[2026-07-23T19:40:11.524229+00:00] [INFO] === PHASE 6 : COMPILE & DEPLOY — Compilation + exécution ===
[2026-07-23T19:40:11.524307+00:00] [INFO]   [*] Compilation : /home/aza/android-ndk-r27c/toolchains/llvm/prebuilt/linux-x86_64/bin/aarch64-linux-android35-clang -O2 -D__NR_io_uring_setup=425 -D__NR_io_uring_enter=426 -D__NR_io_uring_register=427 -o /home/aza/adam-red-exploit/ioring_uaf /home/aza/adam-red-exploit/ioring_uaf.c -lpthread
[2026-07-23T19:40:11.594704+00:00] [ERROR]   [ERR] Compilation échouée (rc=1)
[2026-07-23T19:40:11.594862+00:00] [ERROR]   stderr : ld.lld: error: unable to find library -lpthread
clang: error: linker command failed with exit code 1 (use -v to see invocation)

[2026-07-23T19:40:11.594924+00:00] [INFO] === PHASE 5 : REPORT — Génération du rapport ===
[2026-07-23T19:40:11.595306+00:00] [INFO] Rapport sauvegardé : /home/aza/eva-adam-v2/reports/red-team/nothing-phone-2_20260723_194011.md
[2026-07-23T19:40:11.600659+00:00] [INFO] Event publié sur canal 'security:alert'
[2026-07-23T19:40:11.600772+00:00] [INFO] ============================================================
[2026-07-23T19:40:11.600830+00:00] [INFO] Device : Nothing A065 Android 16
[2026-07-23T19:40:11.600879+00:00] [INFO] Patch : 2026-04-01 | SELinux : Enforcing
[2026-07-23T19:40:11.600922+00:00] [INFO] 🟢 Root NON obtenu — device résistant
[2026-07-23T19:40:11.600967+00:00] [INFO] ============================================================
[2026-07-23T19:43:01.897596+00:00] [INFO] ============================================================
[2026-07-23T19:43:01.897694+00:00] [INFO] ADAM-RED — Défi escalade root Nothing Phone 2
[2026-07-23T19:43:01.897723+00:00] [INFO] Serial : 2f109ecc | Phase : all
[2026-07-23T19:43:01.897745+00:00] [INFO] ============================================================
[2026-07-23T19:43:01.897766+00:00] [INFO] === PHASE 1 : RECON — Énumération du device ===
[2026-07-23T19:43:02.757066+00:00] [INFO] Device : Nothing A065 (Android 16, patch 2026-04-01)
[2026-07-23T19:43:02.757199+00:00] [INFO] SELinux : Enforcing | Bootloader : 1 | Root : OUI
[2026-07-23T19:43:02.757263+00:00] [INFO] === PHASE 2 : FINGERPRINT — Identification CVE ===
[2026-07-23T19:43:02.757318+00:00] [INFO] Niveau de patch sécurité : 2026-04-01
[2026-07-23T19:43:02.757367+00:00] [INFO] Version Android : 16
[2026-07-23T19:43:02.757431+00:00] [INFO]   [!] CVE-2024-0582 (CVSS 7.0) — applicable (patch 2026-04-01 < 2026-06-01)
[2026-07-23T19:43:02.757485+00:00] [INFO]   [*] Cible identifiée : Nothing Phone 2 (CAPE-QRD)
[2026-07-23T19:43:02.757549+00:00] [INFO]   [*] SoC : Snapdragon 8+ Gen 1 (SM8475)
[2026-07-23T19:43:02.757604+00:00] [INFO]   [*] Vérifier : exploit kernel spécifique Qualcomm, fastboot unlock, magisk
[2026-07-23T19:43:02.757655+00:00] [INFO] === PHASE 3 : ENUM — Surface d'attaque ===
[2026-07-23T19:43:02.827637+00:00] [INFO]   [!] Package root/dangereux trouvé : com.android.shell
[2026-07-23T19:43:02.827782+00:00] [INFO]   [!] Package root/dangereux trouvé : com.termux
[2026-07-23T19:43:02.915566+00:00] [INFO]   [*] 305 services exposés
[2026-07-23T19:43:02.950524+00:00] [INFO]   [*] Ports ouverts : [37890, 40924]
[2026-07-23T19:43:03.071579+00:00] [INFO] === PHASE 4 : ESCALATION — Test des vecteurs root ===
[2026-07-23T19:43:03.071690+00:00] [INFO]   [*] Test : su binaire présent
[2026-07-23T19:43:03.114477+00:00] [INFO]   [-] su refusé
[2026-07-23T19:43:03.174243+00:00] [INFO]   [*] Kernel potentiellement vulnérable à Dirty Pipe (CVE-2022-0847)
[2026-07-23T19:43:03.174353+00:00] [INFO]   [-] Aucun vecteur d'escalade réussi — device durci
[2026-07-23T19:43:03.174388+00:00] [INFO] === PHASE 4b : DEEP RECON — Surface kernel avancée ===
[2026-07-23T19:43:03.278407+00:00] [INFO]   [?] io_uring sysctl absent — syscall à tester
[2026-07-23T19:43:03.323253+00:00] [INFO]   [+] /dev/ashmem trouvé : crw-rw-rw- 1 root root 10, 127 1970-06-14 06:53 /dev/ashmem
[2026-07-23T19:43:03.377385+00:00] [INFO]   [+] /dev/vhost-vsock trouvé : crw-rw-rw- 1 root root 10, 241 1970-06-14 06:53 /dev/vhost-vsock
[2026-07-23T19:43:03.474125+00:00] [INFO]   [*] GPU devices : crw-rw-rw- 1 root   graphics 226,   0 1970-06-14 06:53 /dev/dri/card0
crw-rw-rw- 1 system system   507,   0 1970-06-14 06:53 /dev/kgsl-3d0
[2026-07-23T19:43:03.660129+00:00] [INFO]   [*] perf_event_paranoid = -1
[2026-07-23T19:43:03.660237+00:00] [INFO]   [+] perf_event accessible !
[2026-07-23T19:43:03.701594+00:00] [INFO]   [*] unprivileged_bpf_disabled = 0
[2026-07-23T19:43:03.759973+00:00] [INFO]   [+] /proc/slabinfo lisible !
[2026-07-23T19:43:03.820000+00:00] [INFO]   [*] Seccomp:	0
Seccomp_filters:	0
[2026-07-23T19:43:03.851987+00:00] [INFO]   [*] CapInh:	0000000000000000
CapPrm:	0000000000000000
CapEff:	0000000000000000
CapBn
[2026-07-23T19:43:03.852128+00:00] [INFO]   === Accessible : ['io_uring_syscall', 'ashmem', 'vhost-vsock', 'perf_event', 'slabinfo']
[2026-07-23T19:43:03.852187+00:00] [INFO]   === Bloqués : ['tracefs', 'kaslr', 'user_ns']
[2026-07-23T19:43:03.852243+00:00] [INFO] === PHASE 5 : WRITE EXPLOIT — Génération code C ===
[2026-07-23T19:43:03.852633+00:00] [INFO]   [+] Exploit écrit : /home/aza/adam-red-exploit/ioring_uaf.c (7173 octets)
[2026-07-23T19:43:03.852705+00:00] [INFO] === PHASE 6 : COMPILE & DEPLOY — Compilation + exécution ===
[2026-07-23T19:43:03.852825+00:00] [INFO]   [*] Compilation : /home/aza/android-ndk-r27c/toolchains/llvm/prebuilt/linux-x86_64/bin/aarch64-linux-android35-clang -O2 -D__NR_io_uring_setup=425 -D__NR_io_uring_enter=426 -D__NR_io_uring_register=427 -o /home/aza/adam-red-exploit/ioring_uaf /home/aza/adam-red-exploit/ioring_uaf.c -lpthread
[2026-07-23T19:43:03.921764+00:00] [ERROR]   [ERR] Compilation échouée (rc=1)
[2026-07-23T19:43:03.921940+00:00] [ERROR]   stderr : ld.lld: error: unable to find library -lpthread
clang: error: linker command failed with exit code 1 (use -v to see invocation)

[2026-07-23T19:43:03.922002+00:00] [INFO] === PHASE 5 : REPORT — Génération du rapport ===
[2026-07-23T19:43:03.922386+00:00] [INFO] Rapport sauvegardé : /home/aza/eva-adam-v2/reports/red-team/nothing-phone-2_20260723_194303.md
[2026-07-23T19:43:03.927851+00:00] [INFO] Event publié sur canal 'security:alert'
[2026-07-23T19:43:03.927963+00:00] [INFO] ============================================================
[2026-07-23T19:43:03.928022+00:00] [INFO] Device : Nothing A065 Android 16
[2026-07-23T19:43:03.928071+00:00] [INFO] Patch : 2026-04-01 | SELinux : Enforcing
[2026-07-23T19:43:03.928114+00:00] [INFO] 🟢 Root NON obtenu — device résistant
[2026-07-23T19:43:03.928159+00:00] [INFO] ============================================================
[2026-07-23T19:44:00.134297+00:00] [INFO] ============================================================
[2026-07-23T19:44:00.134390+00:00] [INFO] ADAM-RED — Défi escalade root Nothing Phone 2
[2026-07-23T19:44:00.134419+00:00] [INFO] Serial : 2f109ecc | Phase : all
[2026-07-23T19:44:00.134441+00:00] [INFO] ============================================================
[2026-07-23T19:44:00.134462+00:00] [INFO] === PHASE 1 : RECON — Énumération du device ===
[2026-07-23T19:44:01.145571+00:00] [INFO] Device : Nothing A065 (Android 16, patch 2026-04-01)
[2026-07-23T19:44:01.145675+00:00] [INFO] SELinux : Enforcing | Bootloader : 1 | Root : OUI
[2026-07-23T19:44:01.145714+00:00] [INFO] === PHASE 2 : FINGERPRINT — Identification CVE ===
[2026-07-23T19:44:01.145746+00:00] [INFO] Niveau de patch sécurité : 2026-04-01
[2026-07-23T19:44:01.145788+00:00] [INFO] Version Android : 16
[2026-07-23T19:44:01.145829+00:00] [INFO]   [!] CVE-2024-0582 (CVSS 7.0) — applicable (patch 2026-04-01 < 2026-06-01)
[2026-07-23T19:44:01.145859+00:00] [INFO]   [*] Cible identifiée : Nothing Phone 2 (CAPE-QRD)
[2026-07-23T19:44:01.145885+00:00] [INFO]   [*] SoC : Snapdragon 8+ Gen 1 (SM8475)
[2026-07-23T19:44:01.145909+00:00] [INFO]   [*] Vérifier : exploit kernel spécifique Qualcomm, fastboot unlock, magisk
[2026-07-23T19:44:01.145938+00:00] [INFO] === PHASE 3 : ENUM — Surface d'attaque ===
[2026-07-23T19:44:01.245718+00:00] [INFO]   [!] Package root/dangereux trouvé : com.android.shell
[2026-07-23T19:44:01.245817+00:00] [INFO]   [!] Package root/dangereux trouvé : com.termux
[2026-07-23T19:44:01.334013+00:00] [INFO]   [*] 305 services exposés
[2026-07-23T19:44:01.369070+00:00] [INFO]   [*] Ports ouverts : [37890, 46676, 49332]
[2026-07-23T19:44:01.506460+00:00] [INFO] === PHASE 4 : ESCALATION — Test des vecteurs root ===
[2026-07-23T19:44:01.506570+00:00] [INFO]   [*] Test : su binaire présent
[2026-07-23T19:44:01.551134+00:00] [INFO]   [-] su refusé
[2026-07-23T19:44:01.626415+00:00] [INFO]   [*] Kernel potentiellement vulnérable à Dirty Pipe (CVE-2022-0847)
[2026-07-23T19:44:01.626552+00:00] [INFO]   [-] Aucun vecteur d'escalade réussi — device durci
[2026-07-23T19:44:01.626616+00:00] [INFO] === PHASE 4b : DEEP RECON — Surface kernel avancée ===
[2026-07-23T19:44:01.726515+00:00] [INFO]   [?] io_uring sysctl absent — syscall à tester
[2026-07-23T19:44:01.763313+00:00] [INFO]   [+] /dev/ashmem trouvé : crw-rw-rw- 1 root root 10, 127 1970-06-14 06:53 /dev/ashmem
[2026-07-23T19:44:01.804899+00:00] [INFO]   [+] /dev/vhost-vsock trouvé : crw-rw-rw- 1 root root 10, 241 1970-06-14 06:53 /dev/vhost-vsock
[2026-07-23T19:44:01.891938+00:00] [INFO]   [*] GPU devices : crw-rw-rw- 1 root   graphics 226,   0 1970-06-14 06:53 /dev/dri/card0
crw-rw-rw- 1 system system   507,   0 1970-06-14 06:53 /dev/kgsl-3d0
[2026-07-23T19:44:02.098604+00:00] [INFO]   [*] perf_event_paranoid = -1
[2026-07-23T19:44:02.098679+00:00] [INFO]   [+] perf_event accessible !
[2026-07-23T19:44:02.160846+00:00] [INFO]   [*] unprivileged_bpf_disabled = 0
[2026-07-23T19:44:02.225898+00:00] [INFO]   [+] /proc/slabinfo lisible !
[2026-07-23T19:44:02.287118+00:00] [INFO]   [*] Seccomp:	0
Seccomp_filters:	0
[2026-07-23T19:44:02.330451+00:00] [INFO]   [*] CapInh:	0000000000000000
CapPrm:	0000000000000000
CapEff:	0000000000000000
CapBn
[2026-07-23T19:44:02.330584+00:00] [INFO]   === Accessible : ['io_uring_syscall', 'ashmem', 'vhost-vsock', 'perf_event', 'slabinfo']
[2026-07-23T19:44:02.330646+00:00] [INFO]   === Bloqués : ['tracefs', 'kaslr', 'user_ns']
[2026-07-23T19:44:02.330705+00:00] [INFO] === PHASE 5 : WRITE EXPLOIT — Génération code C ===
[2026-07-23T19:44:02.331102+00:00] [INFO]   [+] Exploit écrit : /home/aza/adam-red-exploit/ioring_uaf.c (7173 octets)
[2026-07-23T19:44:02.331178+00:00] [INFO] === PHASE 6 : COMPILE & DEPLOY — Compilation + exécution ===
[2026-07-23T19:44:02.331303+00:00] [INFO]   [*] Compilation : /home/aza/android-ndk-r27c/toolchains/llvm/prebuilt/linux-x86_64/bin/aarch64-linux-android35-clang -O2 -D__NR_io_uring_setup=425 -D__NR_io_uring_enter=426 -D__NR_io_uring_register=427 -o /home/aza/adam-red-exploit/ioring_uaf /home/aza/adam-red-exploit/ioring_uaf.c -lpthread
[2026-07-23T19:44:02.401922+00:00] [ERROR]   [ERR] Compilation échouée (rc=1)
[2026-07-23T19:44:02.402070+00:00] [ERROR]   stderr : ld.lld: error: unable to find library -lpthread
clang: error: linker command failed with exit code 1 (use -v to see invocation)

[2026-07-23T19:44:02.402124+00:00] [INFO] === PHASE 5 : REPORT — Génération du rapport ===
[2026-07-23T19:44:02.402390+00:00] [INFO] Rapport sauvegardé : /home/aza/eva-adam-v2/reports/red-team/nothing-phone-2_20260723_194402.md
[2026-07-23T19:44:02.406864+00:00] [INFO] Event publié sur canal 'security:alert'
[2026-07-23T19:44:02.406933+00:00] [INFO] ============================================================
[2026-07-23T19:44:02.406979+00:00] [INFO] Device : Nothing A065 Android 16
[2026-07-23T19:44:02.407009+00:00] [INFO] Patch : 2026-04-01 | SELinux : Enforcing
[2026-07-23T19:44:02.407035+00:00] [INFO] 🟢 Root NON obtenu — device résistant
[2026-07-23T19:44:02.407061+00:00] [INFO] ============================================================
[2026-07-23T19:44:32.226556+00:00] [INFO] ============================================================
[2026-07-23T19:44:32.226650+00:00] [INFO] ADAM-RED — Défi escalade root Nothing Phone 2
[2026-07-23T19:44:32.226679+00:00] [INFO] Serial : 2f109ecc | Phase : all
[2026-07-23T19:44:32.226701+00:00] [INFO] ============================================================
[2026-07-23T19:44:32.226723+00:00] [INFO] === PHASE 1 : RECON — Énumération du device ===
[2026-07-23T19:44:33.214866+00:00] [INFO] Device : Nothing A065 (Android 16, patch 2026-04-01)
[2026-07-23T19:44:33.214950+00:00] [INFO] SELinux : Enforcing | Bootloader : 1 | Root : OUI
[2026-07-23T19:44:33.214981+00:00] [INFO] === PHASE 2 : FINGERPRINT — Identification CVE ===
[2026-07-23T19:44:33.215006+00:00] [INFO] Niveau de patch sécurité : 2026-04-01
[2026-07-23T19:44:33.215028+00:00] [INFO] Version Android : 16
[2026-07-23T19:44:33.215061+00:00] [INFO]   [!] CVE-2024-0582 (CVSS 7.0) — applicable (patch 2026-04-01 < 2026-06-01)
[2026-07-23T19:44:33.215085+00:00] [INFO]   [*] Cible identifiée : Nothing Phone 2 (CAPE-QRD)
[2026-07-23T19:44:33.215107+00:00] [INFO]   [*] SoC : Snapdragon 8+ Gen 1 (SM8475)
[2026-07-23T19:44:33.215128+00:00] [INFO]   [*] Vérifier : exploit kernel spécifique Qualcomm, fastboot unlock, magisk
[2026-07-23T19:44:33.215152+00:00] [INFO] === PHASE 3 : ENUM — Surface d'attaque ===
[2026-07-23T19:44:33.275634+00:00] [INFO]   [!] Package root/dangereux trouvé : com.android.shell
[2026-07-23T19:44:33.275781+00:00] [INFO]   [!] Package root/dangereux trouvé : com.termux
[2026-07-23T19:44:33.373654+00:00] [INFO]   [*] 305 services exposés
[2026-07-23T19:44:33.402136+00:00] [INFO]   [*] Ports ouverts : [40756, 46676, 49332]
[2026-07-23T19:44:33.524429+00:00] [INFO] === PHASE 4 : ESCALATION — Test des vecteurs root ===
[2026-07-23T19:44:33.524536+00:00] [INFO]   [*] Test : su binaire présent
[2026-07-23T19:44:33.564551+00:00] [INFO]   [-] su refusé
[2026-07-23T19:44:33.623642+00:00] [INFO]   [*] Kernel potentiellement vulnérable à Dirty Pipe (CVE-2022-0847)
[2026-07-23T19:44:33.623792+00:00] [INFO]   [-] Aucun vecteur d'escalade réussi — device durci
[2026-07-23T19:44:33.623857+00:00] [INFO] === PHASE 4b : DEEP RECON — Surface kernel avancée ===
[2026-07-23T19:44:33.743039+00:00] [INFO]   [?] io_uring sysctl absent — syscall à tester
[2026-07-23T19:44:33.786169+00:00] [INFO]   [+] /dev/ashmem trouvé : crw-rw-rw- 1 root root 10, 127 1970-06-14 06:53 /dev/ashmem
[2026-07-23T19:44:33.841316+00:00] [INFO]   [+] /dev/vhost-vsock trouvé : crw-rw-rw- 1 root root 10, 241 1970-06-14 06:53 /dev/vhost-vsock
[2026-07-23T19:44:33.937877+00:00] [INFO]   [*] GPU devices : crw-rw-rw- 1 root   graphics 226,   0 1970-06-14 06:53 /dev/dri/card0
crw-rw-rw- 1 system system   507,   0 1970-06-14 06:53 /dev/kgsl-3d0
[2026-07-23T19:44:34.165158+00:00] [INFO]   [*] perf_event_paranoid = -1
[2026-07-23T19:44:34.165255+00:00] [INFO]   [+] perf_event accessible !
[2026-07-23T19:44:34.222124+00:00] [INFO]   [*] unprivileged_bpf_disabled = 0
[2026-07-23T19:44:34.267509+00:00] [INFO]   [+] /proc/slabinfo lisible !
[2026-07-23T19:44:34.310431+00:00] [INFO]   [*] Seccomp:	0
Seccomp_filters:	0
[2026-07-23T19:44:34.367740+00:00] [INFO]   [*] CapInh:	0000000000000000
CapPrm:	0000000000000000
CapEff:	0000000000000000
CapBn
[2026-07-23T19:44:34.367862+00:00] [INFO]   === Accessible : ['io_uring_syscall', 'ashmem', 'vhost-vsock', 'perf_event', 'slabinfo']
[2026-07-23T19:44:34.367923+00:00] [INFO]   === Bloqués : ['tracefs', 'kaslr', 'user_ns']
[2026-07-23T19:44:34.367980+00:00] [INFO] === PHASE 5 : WRITE EXPLOIT — Génération code C ===
[2026-07-23T19:44:34.368376+00:00] [INFO]   [+] Exploit écrit : /home/aza/adam-red-exploit/ioring_uaf.c (7173 octets)
[2026-07-23T19:44:34.368463+00:00] [INFO] === PHASE 6 : COMPILE & DEPLOY — Compilation + exécution ===
[2026-07-23T19:44:34.368585+00:00] [INFO]   [*] Compilation : /home/aza/android-ndk-r27c/toolchains/llvm/prebuilt/linux-x86_64/bin/aarch64-linux-android35-clang -O2 -D__NR_io_uring_setup=425 -D__NR_io_uring_enter=426 -D__NR_io_uring_register=427 -o /home/aza/adam-red-exploit/ioring_uaf /home/aza/adam-red-exploit/ioring_uaf.c -lpthread
[2026-07-23T19:44:34.438124+00:00] [ERROR]   [ERR] Compilation échouée (rc=1)
[2026-07-23T19:44:34.438291+00:00] [ERROR]   stderr : ld.lld: error: unable to find library -lpthread
clang: error: linker command failed with exit code 1 (use -v to see invocation)

[2026-07-23T19:44:34.438352+00:00] [INFO] === PHASE 5 : REPORT — Génération du rapport ===
[2026-07-23T19:44:34.438738+00:00] [INFO] Rapport sauvegardé : /home/aza/eva-adam-v2/reports/red-team/nothing-phone-2_20260723_194434.md
[2026-07-23T19:44:34.444181+00:00] [INFO] Event publié sur canal 'security:alert'
[2026-07-23T19:44:34.444297+00:00] [INFO] ============================================================
[2026-07-23T19:44:34.444355+00:00] [INFO] Device : Nothing A065 Android 16
[2026-07-23T19:44:34.444403+00:00] [INFO] Patch : 2026-04-01 | SELinux : Enforcing
[2026-07-23T19:44:34.444447+00:00] [INFO] 🟢 Root NON obtenu — device résistant
[2026-07-23T19:44:34.444492+00:00] [INFO] ============================================================
[2026-07-23T19:48:53.219862+00:00] [INFO] ============================================================
[2026-07-23T19:48:53.219955+00:00] [INFO] ADAM-RED — Défi escalade root Nothing Phone 2
[2026-07-23T19:48:53.219984+00:00] [INFO] Serial : 2f109ecc | Phase : all
[2026-07-23T19:48:53.220006+00:00] [INFO] ============================================================
[2026-07-23T19:48:53.220027+00:00] [INFO] === PHASE 1 : RECON — Énumération du device ===
[2026-07-23T19:48:54.238212+00:00] [INFO] Device : Nothing A065 (Android 16, patch 2026-04-01)
[2026-07-23T19:48:54.238370+00:00] [INFO] SELinux : Enforcing | Bootloader : 1 | Root : OUI
[2026-07-23T19:48:54.238436+00:00] [INFO] === PHASE 2 : FINGERPRINT — Identification CVE ===
[2026-07-23T19:48:54.238493+00:00] [INFO] Niveau de patch sécurité : 2026-04-01
[2026-07-23T19:48:54.238542+00:00] [INFO] Version Android : 16
[2026-07-23T19:48:54.238614+00:00] [INFO]   [!] CVE-2024-0582 (CVSS 7.0) — applicable (patch 2026-04-01 < 2026-06-01)
[2026-07-23T19:48:54.238672+00:00] [INFO]   [*] Cible identifiée : Nothing Phone 2 (CAPE-QRD)
[2026-07-23T19:48:54.238728+00:00] [INFO]   [*] SoC : Snapdragon 8+ Gen 1 (SM8475)
[2026-07-23T19:48:54.238782+00:00] [INFO]   [*] Vérifier : exploit kernel spécifique Qualcomm, fastboot unlock, magisk
[2026-07-23T19:48:54.238842+00:00] [INFO] === PHASE 3 : ENUM — Surface d'attaque ===
[2026-07-23T19:48:54.326411+00:00] [INFO]   [!] Package root/dangereux trouvé : com.android.shell
[2026-07-23T19:48:54.326551+00:00] [INFO]   [!] Package root/dangereux trouvé : com.termux
[2026-07-23T19:48:54.430814+00:00] [INFO]   [*] 305 services exposés
[2026-07-23T19:48:54.482018+00:00] [INFO]   [*] Ports ouverts : []
[2026-07-23T19:48:54.603940+00:00] [INFO] === PHASE 4 : ESCALATION — Test des vecteurs root ===
[2026-07-23T19:48:54.604035+00:00] [INFO]   [*] Test : su binaire présent
[2026-07-23T19:48:54.644337+00:00] [INFO]   [-] su refusé
[2026-07-23T19:48:54.704995+00:00] [INFO]   [*] Kernel potentiellement vulnérable à Dirty Pipe (CVE-2022-0847)
[2026-07-23T19:48:54.705136+00:00] [INFO]   [-] Aucun vecteur d'escalade réussi — device durci
[2026-07-23T19:48:54.705205+00:00] [INFO] === PHASE 4b : DEEP RECON — Surface kernel avancée ===
[2026-07-23T19:48:54.819718+00:00] [INFO]   [?] io_uring sysctl absent — syscall à tester
[2026-07-23T19:48:54.862633+00:00] [INFO]   [+] /dev/ashmem trouvé : crw-rw-rw- 1 root root 10, 127 1970-06-14 06:53 /dev/ashmem
[2026-07-23T19:48:54.905127+00:00] [INFO]   [+] /dev/vhost-vsock trouvé : crw-rw-rw- 1 root root 10, 241 1970-06-14 06:53 /dev/vhost-vsock
[2026-07-23T19:48:54.996056+00:00] [INFO]   [*] GPU devices : crw-rw-rw- 1 root   graphics 226,   0 1970-06-14 06:53 /dev/dri/card0
crw-rw-rw- 1 system system   507,   0 1970-06-14 06:53 /dev/kgsl-3d0
[2026-07-23T19:48:55.212479+00:00] [INFO]   [*] perf_event_paranoid = -1
[2026-07-23T19:48:55.212594+00:00] [INFO]   [+] perf_event accessible !
[2026-07-23T19:48:55.271517+00:00] [INFO]   [*] unprivileged_bpf_disabled = 0
[2026-07-23T19:48:55.316105+00:00] [INFO]   [+] /proc/slabinfo lisible !
[2026-07-23T19:48:55.374766+00:00] [INFO]   [*] Seccomp:	0
Seccomp_filters:	0
[2026-07-23T19:48:55.432149+00:00] [INFO]   [*] CapInh:	0000000000000000
CapPrm:	0000000000000000
CapEff:	0000000000000000
CapBn
[2026-07-23T19:48:55.432277+00:00] [INFO]   === Accessible : ['io_uring_syscall', 'ashmem', 'vhost-vsock', 'perf_event', 'slabinfo']
[2026-07-23T19:48:55.432335+00:00] [INFO]   === Bloqués : ['tracefs', 'kaslr', 'user_ns']
[2026-07-23T19:48:55.432388+00:00] [INFO] === PHASE 5 : WRITE EXPLOIT — Génération code C ===
[2026-07-23T19:48:55.432813+00:00] [INFO]   [+] Exploit écrit : /home/aza/adam-red-exploit/ioring_uaf.c (7173 octets)
[2026-07-23T19:48:55.432889+00:00] [INFO] === PHASE 6 : COMPILE & DEPLOY — Compilation + exécution ===
[2026-07-23T19:48:55.433012+00:00] [INFO]   [*] Compilation : /home/aza/android-ndk-r27c/toolchains/llvm/prebuilt/linux-x86_64/bin/aarch64-linux-android35-clang -O2 -D__NR_io_uring_setup=425 -D__NR_io_uring_enter=426 -D__NR_io_uring_register=427 -o /home/aza/adam-red-exploit/ioring_uaf /home/aza/adam-red-exploit/ioring_uaf.c -lpthread
[2026-07-23T19:48:55.503872+00:00] [ERROR]   [ERR] Compilation échouée (rc=1)
[2026-07-23T19:48:55.504033+00:00] [ERROR]   stderr : ld.lld: error: unable to find library -lpthread
clang: error: linker command failed with exit code 1 (use -v to see invocation)

[2026-07-23T19:48:55.504096+00:00] [INFO] === PHASE 5 : REPORT — Génération du rapport ===
[2026-07-23T19:48:55.504485+00:00] [INFO] Rapport sauvegardé : /home/aza/eva-adam-v2/reports/red-team/nothing-phone-2_20260723_194855.md
[2026-07-23T19:48:55.510117+00:00] [INFO] Event publié sur canal 'security:alert'
[2026-07-23T19:48:55.510224+00:00] [INFO] ============================================================
[2026-07-23T19:48:55.510281+00:00] [INFO] Device : Nothing A065 Android 16
[2026-07-23T19:48:55.510327+00:00] [INFO] Patch : 2026-04-01 | SELinux : Enforcing
[2026-07-23T19:48:55.510370+00:00] [INFO] 🟢 Root NON obtenu — device résistant
[2026-07-23T19:48:55.510415+00:00] [INFO] ============================================================
[2026-07-23T19:53:14.050984+00:00] [INFO] ============================================================
[2026-07-23T19:53:14.051081+00:00] [INFO] ADAM-RED — Défi escalade root Nothing Phone 2
[2026-07-23T19:53:14.051109+00:00] [INFO] Serial : 2f109ecc | Phase : all
[2026-07-23T19:53:14.051131+00:00] [INFO] ============================================================
[2026-07-23T19:53:14.051152+00:00] [INFO] === PHASE 1 : RECON — Énumération du device ===
[2026-07-23T19:53:15.141098+00:00] [INFO] Device : Nothing A065 (Android 16, patch 2026-04-01)
[2026-07-23T19:53:15.141234+00:00] [INFO] SELinux : Enforcing | Bootloader : 1 | Root : OUI
[2026-07-23T19:53:15.141298+00:00] [INFO] === PHASE 2 : FINGERPRINT — Identification CVE ===
[2026-07-23T19:53:15.141354+00:00] [INFO] Niveau de patch sécurité : 2026-04-01
[2026-07-23T19:53:15.141403+00:00] [INFO] Version Android : 16
[2026-07-23T19:53:15.141470+00:00] [INFO]   [!] CVE-2024-0582 (CVSS 7.0) — applicable (patch 2026-04-01 < 2026-06-01)
[2026-07-23T19:53:15.141571+00:00] [INFO]   [*] Cible identifiée : Nothing Phone 2 (CAPE-QRD)
[2026-07-23T19:53:15.141634+00:00] [INFO]   [*] SoC : Snapdragon 8+ Gen 1 (SM8475)
[2026-07-23T19:53:15.141681+00:00] [INFO]   [*] Vérifier : exploit kernel spécifique Qualcomm, fastboot unlock, magisk
[2026-07-23T19:53:15.141732+00:00] [INFO] === PHASE 3 : ENUM — Surface d'attaque ===
[2026-07-23T19:53:15.207212+00:00] [INFO]   [!] Package root/dangereux trouvé : com.android.shell
[2026-07-23T19:53:15.207339+00:00] [INFO]   [!] Package root/dangereux trouvé : com.termux
[2026-07-23T19:53:15.311713+00:00] [INFO]   [*] 305 services exposés
[2026-07-23T19:53:15.364029+00:00] [INFO]   [*] Ports ouverts : [37404]
[2026-07-23T19:53:15.501067+00:00] [INFO] === PHASE 4 : ESCALATION — Test des vecteurs root ===
[2026-07-23T19:53:15.501173+00:00] [INFO]   [*] Test : su binaire présent
[2026-07-23T19:53:15.542103+00:00] [INFO]   [-] su refusé
[2026-07-23T19:53:15.600817+00:00] [INFO]   [*] Kernel potentiellement vulnérable à Dirty Pipe (CVE-2022-0847)
[2026-07-23T19:53:15.600934+00:00] [INFO]   [-] Aucun vecteur d'escalade réussi — device durci
[2026-07-23T19:53:15.600996+00:00] [INFO] === PHASE 4b : DEEP RECON — Surface kernel avancée ===
[2026-07-23T19:53:15.701149+00:00] [INFO]   [?] io_uring sysctl absent — syscall à tester
[2026-07-23T19:53:15.743113+00:00] [INFO]   [+] /dev/ashmem trouvé : crw-rw-rw- 1 root root 10, 127 1970-06-14 06:53 /dev/ashmem
[2026-07-23T19:53:15.783458+00:00] [INFO]   [+] /dev/vhost-vsock trouvé : crw-rw-rw- 1 root root 10, 241 1970-06-14 06:53 /dev/vhost-vsock
[2026-07-23T19:53:15.866187+00:00] [INFO]   [*] GPU devices : crw-rw-rw- 1 root   graphics 226,   0 1970-06-14 06:53 /dev/dri/card0
crw-rw-rw- 1 system system   507,   0 1970-06-14 06:53 /dev/kgsl-3d0
[2026-07-23T19:53:16.086786+00:00] [INFO]   [*] perf_event_paranoid = -1
[2026-07-23T19:53:16.086869+00:00] [INFO]   [+] perf_event accessible !
[2026-07-23T19:53:16.126930+00:00] [INFO]   [*] unprivileged_bpf_disabled = 0
[2026-07-23T19:53:16.188759+00:00] [INFO]   [+] /proc/slabinfo lisible !
[2026-07-23T19:53:16.249944+00:00] [INFO]   [*] Seccomp:	0
Seccomp_filters:	0
[2026-07-23T19:53:16.290367+00:00] [INFO]   [*] CapInh:	0000000000000000
CapPrm:	0000000000000000
CapEff:	0000000000000000
CapBn
[2026-07-23T19:53:16.290512+00:00] [INFO]   === Accessible : ['io_uring_syscall', 'ashmem', 'vhost-vsock', 'perf_event', 'slabinfo']
[2026-07-23T19:53:16.290571+00:00] [INFO]   === Bloqués : ['tracefs', 'kaslr', 'user_ns']
[2026-07-23T19:53:16.290624+00:00] [INFO] === PHASE 5 : WRITE EXPLOIT — Génération code C ===
[2026-07-23T19:53:16.291022+00:00] [INFO]   [+] Exploit écrit : /home/aza/adam-red-exploit/ioring_uaf.c (7173 octets)
[2026-07-23T19:53:16.291096+00:00] [INFO] === PHASE 6 : COMPILE & DEPLOY — Compilation + exécution ===
[2026-07-23T19:53:16.291219+00:00] [INFO]   [*] Compilation : /home/aza/android-ndk-r27c/toolchains/llvm/prebuilt/linux-x86_64/bin/aarch64-linux-android35-clang -O2 -D__NR_io_uring_setup=425 -D__NR_io_uring_enter=426 -D__NR_io_uring_register=427 -o /home/aza/adam-red-exploit/ioring_uaf /home/aza/adam-red-exploit/ioring_uaf.c -lpthread
[2026-07-23T19:53:16.358350+00:00] [ERROR]   [ERR] Compilation échouée (rc=1)
[2026-07-23T19:53:16.358509+00:00] [ERROR]   stderr : ld.lld: error: unable to find library -lpthread
clang: error: linker command failed with exit code 1 (use -v to see invocation)

[2026-07-23T19:53:16.358571+00:00] [INFO] === PHASE 5 : REPORT — Génération du rapport ===
[2026-07-23T19:53:16.358958+00:00] [INFO] Rapport sauvegardé : /home/aza/eva-adam-v2/reports/red-team/nothing-phone-2_20260723_195316.md
[2026-07-23T19:53:16.364348+00:00] [INFO] Event publié sur canal 'security:alert'
[2026-07-23T19:53:16.364462+00:00] [INFO] ============================================================
[2026-07-23T19:53:16.364521+00:00] [INFO] Device : Nothing A065 Android 16
[2026-07-23T19:53:16.364569+00:00] [INFO] Patch : 2026-04-01 | SELinux : Enforcing
[2026-07-23T19:53:16.364613+00:00] [INFO] 🟢 Root NON obtenu — device résistant
[2026-07-23T19:53:16.364658+00:00] [INFO] ============================================================
[2026-07-23T20:01:56.114471+00:00] [INFO] ============================================================
[2026-07-23T20:01:56.114568+00:00] [INFO] ADAM-RED — Défi escalade root Nothing Phone 2
[2026-07-23T20:01:56.114597+00:00] [INFO] Serial : 2f109ecc | Phase : all
[2026-07-23T20:01:56.114631+00:00] [INFO] ============================================================
[2026-07-23T20:01:56.114651+00:00] [INFO] === PHASE 1 : RECON — Énumération du device ===
[2026-07-23T20:01:57.059917+00:00] [INFO] Device : Nothing A065 (Android 16, patch 2026-04-01)
[2026-07-23T20:01:57.060021+00:00] [INFO] SELinux : Enforcing | Bootloader : 1 | Root : OUI
[2026-07-23T20:01:57.060069+00:00] [INFO] === PHASE 2 : FINGERPRINT — Identification CVE ===
[2026-07-23T20:01:57.060105+00:00] [INFO] Niveau de patch sécurité : 2026-04-01
[2026-07-23T20:01:57.060132+00:00] [INFO] Version Android : 16
[2026-07-23T20:01:57.060171+00:00] [INFO]   [!] CVE-2024-0582 (CVSS 7.0) — applicable (patch 2026-04-01 < 2026-06-01)
[2026-07-23T20:01:57.060201+00:00] [INFO]   [*] Cible identifiée : Nothing Phone 2 (CAPE-QRD)
[2026-07-23T20:01:57.060227+00:00] [INFO]   [*] SoC : Snapdragon 8+ Gen 1 (SM8475)
[2026-07-23T20:01:57.060253+00:00] [INFO]   [*] Vérifier : exploit kernel spécifique Qualcomm, fastboot unlock, magisk
[2026-07-23T20:01:57.060282+00:00] [INFO] === PHASE 3 : ENUM — Surface d'attaque ===
[2026-07-23T20:01:57.161853+00:00] [INFO]   [!] Package root/dangereux trouvé : com.android.shell
[2026-07-23T20:01:57.161983+00:00] [INFO]   [!] Package root/dangereux trouvé : com.termux
[2026-07-23T20:01:57.265971+00:00] [INFO]   [*] 305 services exposés
[2026-07-23T20:01:57.322237+00:00] [INFO]   [*] Ports ouverts : [37168, 39582, 47588, 47592]
[2026-07-23T20:01:57.440919+00:00] [INFO] === PHASE 4 : ESCALATION — Test des vecteurs root ===
[2026-07-23T20:01:57.441014+00:00] [INFO]   [*] Test : su binaire présent
[2026-07-23T20:01:57.474616+00:00] [INFO]   [-] su refusé
[2026-07-23T20:01:57.537643+00:00] [INFO]   [*] Kernel potentiellement vulnérable à Dirty Pipe (CVE-2022-0847)
[2026-07-23T20:01:57.537752+00:00] [INFO]   [-] Aucun vecteur d'escalade réussi — device durci
[2026-07-23T20:01:57.537815+00:00] [INFO] === PHASE 4b : DEEP RECON — Surface kernel avancée ===
[2026-07-23T20:01:57.659582+00:00] [INFO]   [?] io_uring sysctl absent — syscall à tester
[2026-07-23T20:01:57.703191+00:00] [INFO]   [+] /dev/ashmem trouvé : crw-rw-rw- 1 root root 10, 127 1970-06-14 06:53 /dev/ashmem
[2026-07-23T20:01:57.746266+00:00] [INFO]   [+] /dev/vhost-vsock trouvé : crw-rw-rw- 1 root root 10, 241 1970-06-14 06:53 /dev/vhost-vsock
[2026-07-23T20:01:57.848253+00:00] [INFO]   [*] GPU devices : crw-rw-rw- 1 root   graphics 226,   0 1970-06-14 06:53 /dev/dri/card0
crw-rw-rw- 1 system system   507,   0 1970-06-14 06:53 /dev/kgsl-3d0
[2026-07-23T20:01:58.081872+00:00] [INFO]   [*] perf_event_paranoid = -1
[2026-07-23T20:01:58.082019+00:00] [INFO]   [+] perf_event accessible !
[2026-07-23T20:01:58.139992+00:00] [INFO]   [*] unprivileged_bpf_disabled = 0
[2026-07-23T20:01:58.198225+00:00] [INFO]   [+] /proc/slabinfo lisible !
[2026-07-23T20:01:58.231962+00:00] [INFO]   [*] Seccomp:	0
Seccomp_filters:	0
[2026-07-23T20:01:58.267299+00:00] [INFO]   [*] CapInh:	0000000000000000
CapPrm:	0000000000000000
CapEff:	0000000000000000
CapBn
[2026-07-23T20:01:58.267436+00:00] [INFO]   === Accessible : ['io_uring_syscall', 'ashmem', 'vhost-vsock', 'perf_event', 'slabinfo']
[2026-07-23T20:01:58.267495+00:00] [INFO]   === Bloqués : ['tracefs', 'kaslr', 'user_ns']
[2026-07-23T20:01:58.267548+00:00] [INFO] === PHASE 5 : WRITE EXPLOIT — Génération code C ===
[2026-07-23T20:01:58.267969+00:00] [INFO]   [+] Exploit écrit : /home/aza/adam-red-exploit/ioring_uaf.c (7173 octets)
[2026-07-23T20:01:58.268042+00:00] [INFO] === PHASE 6 : COMPILE & DEPLOY — Compilation + exécution ===
[2026-07-23T20:01:58.268179+00:00] [INFO]   [*] Compilation : /home/aza/android-ndk-r27c/toolchains/llvm/prebuilt/linux-x86_64/bin/aarch64-linux-android35-clang -O2 -D__NR_io_uring_setup=425 -D__NR_io_uring_enter=426 -D__NR_io_uring_register=427 -o /home/aza/adam-red-exploit/ioring_uaf /home/aza/adam-red-exploit/ioring_uaf.c -lpthread
[2026-07-23T20:01:58.337271+00:00] [ERROR]   [ERR] Compilation échouée (rc=1)
[2026-07-23T20:01:58.337450+00:00] [ERROR]   stderr : ld.lld: error: unable to find library -lpthread
clang: error: linker command failed with exit code 1 (use -v to see invocation)

[2026-07-23T20:01:58.337515+00:00] [INFO] === PHASE 5 : REPORT — Génération du rapport ===
[2026-07-23T20:01:58.337949+00:00] [INFO] Rapport sauvegardé : /home/aza/eva-adam-v2/reports/red-team/nothing-phone-2_20260723_200158.md
[2026-07-23T20:01:58.343529+00:00] [INFO] Event publié sur canal 'security:alert'
[2026-07-23T20:01:58.343649+00:00] [INFO] ============================================================
[2026-07-23T20:01:58.343714+00:00] [INFO] Device : Nothing A065 Android 16
[2026-07-23T20:01:58.343767+00:00] [INFO] Patch : 2026-04-01 | SELinux : Enforcing
[2026-07-23T20:01:58.343816+00:00] [INFO] 🟢 Root NON obtenu — device résistant
[2026-07-23T20:01:58.343865+00:00] [INFO] ============================================================
[2026-07-23T20:06:17.186820+00:00] [INFO] ============================================================
[2026-07-23T20:06:17.186921+00:00] [INFO] ADAM-RED — Défi escalade root Nothing Phone 2
[2026-07-23T20:06:17.186951+00:00] [INFO] Serial : 2f109ecc | Phase : all
[2026-07-23T20:06:17.186972+00:00] [INFO] ============================================================
[2026-07-23T20:06:17.186993+00:00] [INFO] === PHASE 1 : RECON — Énumération du device ===
[2026-07-23T20:06:18.243285+00:00] [INFO] Device : Nothing A065 (Android 16, patch 2026-04-01)
[2026-07-23T20:06:18.243435+00:00] [INFO] SELinux : Enforcing | Bootloader : 1 | Root : OUI
[2026-07-23T20:06:18.243507+00:00] [INFO] === PHASE 2 : FINGERPRINT — Identification CVE ===
[2026-07-23T20:06:18.243565+00:00] [INFO] Niveau de patch sécurité : 2026-04-01
[2026-07-23T20:06:18.243614+00:00] [INFO] Version Android : 16
[2026-07-23T20:06:18.243682+00:00] [INFO]   [!] CVE-2024-0582 (CVSS 7.0) — applicable (patch 2026-04-01 < 2026-06-01)
[2026-07-23T20:06:18.243736+00:00] [INFO]   [*] Cible identifiée : Nothing Phone 2 (CAPE-QRD)
[2026-07-23T20:06:18.243786+00:00] [INFO]   [*] SoC : Snapdragon 8+ Gen 1 (SM8475)
[2026-07-23T20:06:18.243833+00:00] [INFO]   [*] Vérifier : exploit kernel spécifique Qualcomm, fastboot unlock, magisk
[2026-07-23T20:06:18.243884+00:00] [INFO] === PHASE 3 : ENUM — Surface d'attaque ===
[2026-07-23T20:06:18.327128+00:00] [INFO]   [!] Package root/dangereux trouvé : com.android.shell
[2026-07-23T20:06:18.327269+00:00] [INFO]   [!] Package root/dangereux trouvé : com.termux
[2026-07-23T20:06:18.432553+00:00] [INFO]   [*] 305 services exposés
[2026-07-23T20:06:18.480621+00:00] [INFO]   [*] Ports ouverts : [39432, 39438]
[2026-07-23T20:06:18.591467+00:00] [INFO] === PHASE 4 : ESCALATION — Test des vecteurs root ===
[2026-07-23T20:06:18.591565+00:00] [INFO]   [*] Test : su binaire présent
[2026-07-23T20:06:18.633311+00:00] [INFO]   [-] su refusé
[2026-07-23T20:06:18.710925+00:00] [INFO]   [*] Kernel potentiellement vulnérable à Dirty Pipe (CVE-2022-0847)
[2026-07-23T20:06:18.711067+00:00] [INFO]   [-] Aucun vecteur d'escalade réussi — device durci
[2026-07-23T20:06:18.711132+00:00] [INFO] === PHASE 4b : DEEP RECON — Surface kernel avancée ===
[2026-07-23T20:06:18.825518+00:00] [INFO]   [?] io_uring sysctl absent — syscall à tester
[2026-07-23T20:06:18.865802+00:00] [INFO]   [+] /dev/ashmem trouvé : crw-rw-rw- 1 root root 10, 127 1970-06-14 06:53 /dev/ashmem
[2026-07-23T20:06:18.910250+00:00] [INFO]   [+] /dev/vhost-vsock trouvé : crw-rw-rw- 1 root root 10, 241 1970-06-14 06:53 /dev/vhost-vsock
[2026-07-23T20:06:19.006920+00:00] [INFO]   [*] GPU devices : crw-rw-rw- 1 root   graphics 226,   0 1970-06-14 06:53 /dev/dri/card0
crw-rw-rw- 1 system system   507,   0 1970-06-14 06:53 /dev/kgsl-3d0
[2026-07-23T20:06:19.254064+00:00] [INFO]   [*] perf_event_paranoid = -1
[2026-07-23T20:06:19.254170+00:00] [INFO]   [+] perf_event accessible !
[2026-07-23T20:06:19.294993+00:00] [INFO]   [*] unprivileged_bpf_disabled = 0
[2026-07-23T20:06:19.348745+00:00] [INFO]   [+] /proc/slabinfo lisible !
[2026-07-23T20:06:19.403197+00:00] [INFO]   [*] Seccomp:	0
Seccomp_filters:	0
[2026-07-23T20:06:19.437613+00:00] [INFO]   [*] CapInh:	0000000000000000
CapPrm:	0000000000000000
CapEff:	0000000000000000
CapBn
[2026-07-23T20:06:19.437738+00:00] [INFO]   === Accessible : ['io_uring_syscall', 'ashmem', 'vhost-vsock', 'perf_event', 'slabinfo']
[2026-07-23T20:06:19.437795+00:00] [INFO]   === Bloqués : ['tracefs', 'kaslr', 'user_ns']
[2026-07-23T20:06:19.437849+00:00] [INFO] === PHASE 5 : WRITE EXPLOIT — Génération code C ===
[2026-07-23T20:06:19.438247+00:00] [INFO]   [+] Exploit écrit : /home/aza/adam-red-exploit/ioring_uaf.c (7173 octets)
[2026-07-23T20:06:19.438322+00:00] [INFO] === PHASE 6 : COMPILE & DEPLOY — Compilation + exécution ===
[2026-07-23T20:06:19.438443+00:00] [INFO]   [*] Compilation : /home/aza/android-ndk-r27c/toolchains/llvm/prebuilt/linux-x86_64/bin/aarch64-linux-android35-clang -O2 -D__NR_io_uring_setup=425 -D__NR_io_uring_enter=426 -D__NR_io_uring_register=427 -o /home/aza/adam-red-exploit/ioring_uaf /home/aza/adam-red-exploit/ioring_uaf.c -lpthread
[2026-07-23T20:06:19.509303+00:00] [ERROR]   [ERR] Compilation échouée (rc=1)
[2026-07-23T20:06:19.509458+00:00] [ERROR]   stderr : ld.lld: error: unable to find library -lpthread
clang: error: linker command failed with exit code 1 (use -v to see invocation)

[2026-07-23T20:06:19.509535+00:00] [INFO] === PHASE 5 : REPORT — Génération du rapport ===
[2026-07-23T20:06:19.509928+00:00] [INFO] Rapport sauvegardé : /home/aza/eva-adam-v2/reports/red-team/nothing-phone-2_20260723_200619.md
[2026-07-23T20:06:19.515715+00:00] [INFO] Event publié sur canal 'security:alert'
[2026-07-23T20:06:19.515827+00:00] [INFO] ============================================================
[2026-07-23T20:06:19.515887+00:00] [INFO] Device : Nothing A065 Android 16
[2026-07-23T20:06:19.515934+00:00] [INFO] Patch : 2026-04-01 | SELinux : Enforcing
[2026-07-23T20:06:19.515978+00:00] [INFO] 🟢 Root NON obtenu — device résistant
[2026-07-23T20:06:19.516023+00:00] [INFO] ============================================================
[2026-07-23T20:10:38.230081+00:00] [INFO] ============================================================
[2026-07-23T20:10:38.230181+00:00] [INFO] ADAM-RED — Défi escalade root Nothing Phone 2
[2026-07-23T20:10:38.230210+00:00] [INFO] Serial : 2f109ecc | Phase : all
[2026-07-23T20:10:38.230232+00:00] [INFO] ============================================================
[2026-07-23T20:10:38.230253+00:00] [INFO] === PHASE 1 : RECON — Énumération du device ===
[2026-07-23T20:10:39.253493+00:00] [INFO] Device : Nothing A065 (Android 16, patch 2026-04-01)
[2026-07-23T20:10:39.253652+00:00] [INFO] SELinux : Enforcing | Bootloader : 1 | Root : OUI
[2026-07-23T20:10:39.253699+00:00] [INFO] === PHASE 2 : FINGERPRINT — Identification CVE ===
[2026-07-23T20:10:39.253738+00:00] [INFO] Niveau de patch sécurité : 2026-04-01
[2026-07-23T20:10:39.253772+00:00] [INFO] Version Android : 16
[2026-07-23T20:10:39.253824+00:00] [INFO]   [!] CVE-2024-0582 (CVSS 7.0) — applicable (patch 2026-04-01 < 2026-06-01)
[2026-07-23T20:10:39.253862+00:00] [INFO]   [*] Cible identifiée : Nothing Phone 2 (CAPE-QRD)
[2026-07-23T20:10:39.253895+00:00] [INFO]   [*] SoC : Snapdragon 8+ Gen 1 (SM8475)
[2026-07-23T20:10:39.253926+00:00] [INFO]   [*] Vérifier : exploit kernel spécifique Qualcomm, fastboot unlock, magisk
[2026-07-23T20:10:39.253964+00:00] [INFO] === PHASE 3 : ENUM — Surface d'attaque ===
[2026-07-23T20:10:39.340077+00:00] [INFO]   [!] Package root/dangereux trouvé : com.android.shell
[2026-07-23T20:10:39.340171+00:00] [INFO]   [!] Package root/dangereux trouvé : com.termux
[2026-07-23T20:10:39.437410+00:00] [INFO]   [*] 305 services exposés
[2026-07-23T20:10:39.494020+00:00] [INFO]   [*] Ports ouverts : []
[2026-07-23T20:10:39.617318+00:00] [INFO] === PHASE 4 : ESCALATION — Test des vecteurs root ===
[2026-07-23T20:10:39.617427+00:00] [INFO]   [*] Test : su binaire présent
[2026-07-23T20:10:39.658771+00:00] [INFO]   [-] su refusé
[2026-07-23T20:10:39.718565+00:00] [INFO]   [*] Kernel potentiellement vulnérable à Dirty Pipe (CVE-2022-0847)
[2026-07-23T20:10:39.718721+00:00] [INFO]   [-] Aucun vecteur d'escalade réussi — device durci
[2026-07-23T20:10:39.718794+00:00] [INFO] === PHASE 4b : DEEP RECON — Surface kernel avancée ===
[2026-07-23T20:10:39.832821+00:00] [INFO]   [?] io_uring sysctl absent — syscall à tester
[2026-07-23T20:10:39.873393+00:00] [INFO]   [+] /dev/ashmem trouvé : crw-rw-rw- 1 root root 10, 127 1970-06-14 06:53 /dev/ashmem
[2026-07-23T20:10:39.931166+00:00] [INFO]   [+] /dev/vhost-vsock trouvé : crw-rw-rw- 1 root root 10, 241 1970-06-14 06:53 /dev/vhost-vsock
[2026-07-23T20:10:40.019464+00:00] [INFO]   [*] GPU devices : crw-rw-rw- 1 root   graphics 226,   0 1970-06-14 06:53 /dev/dri/card0
crw-rw-rw- 1 system system   507,   0 1970-06-14 06:53 /dev/kgsl-3d0
[2026-07-23T20:10:40.250728+00:00] [INFO]   [*] perf_event_paranoid = -1
[2026-07-23T20:10:40.250848+00:00] [INFO]   [+] perf_event accessible !
[2026-07-23T20:10:40.299183+00:00] [INFO]   [*] unprivileged_bpf_disabled = 0
[2026-07-23T20:10:40.363177+00:00] [INFO]   [+] /proc/slabinfo lisible !
[2026-07-23T20:10:40.397793+00:00] [INFO]   [*] Seccomp:	0
Seccomp_filters:	0
[2026-07-23T20:10:40.459738+00:00] [INFO]   [*] CapInh:	0000000000000000
CapPrm:	0000000000000000
CapEff:	0000000000000000
CapBn
[2026-07-23T20:10:40.459858+00:00] [INFO]   === Accessible : ['io_uring_syscall', 'ashmem', 'vhost-vsock', 'perf_event', 'slabinfo']
[2026-07-23T20:10:40.459915+00:00] [INFO]   === Bloqués : ['tracefs', 'kaslr', 'user_ns']
[2026-07-23T20:10:40.459969+00:00] [INFO] === PHASE 5 : WRITE EXPLOIT — Génération code C ===
[2026-07-23T20:10:40.460360+00:00] [INFO]   [+] Exploit écrit : /home/aza/adam-red-exploit/ioring_uaf.c (7173 octets)
[2026-07-23T20:10:40.460431+00:00] [INFO] === PHASE 6 : COMPILE & DEPLOY — Compilation + exécution ===
[2026-07-23T20:10:40.460552+00:00] [INFO]   [*] Compilation : /home/aza/android-ndk-r27c/toolchains/llvm/prebuilt/linux-x86_64/bin/aarch64-linux-android35-clang -O2 -D__NR_io_uring_setup=425 -D__NR_io_uring_enter=426 -D__NR_io_uring_register=427 -o /home/aza/adam-red-exploit/ioring_uaf /home/aza/adam-red-exploit/ioring_uaf.c -lpthread
[2026-07-23T20:10:40.530587+00:00] [ERROR]   [ERR] Compilation échouée (rc=1)
[2026-07-23T20:10:40.530753+00:00] [ERROR]   stderr : ld.lld: error: unable to find library -lpthread
clang: error: linker command failed with exit code 1 (use -v to see invocation)

[2026-07-23T20:10:40.530815+00:00] [INFO] === PHASE 5 : REPORT — Génération du rapport ===
[2026-07-23T20:10:40.531207+00:00] [INFO] Rapport sauvegardé : /home/aza/eva-adam-v2/reports/red-team/nothing-phone-2_20260723_201040.md
[2026-07-23T20:10:40.536942+00:00] [INFO] Event publié sur canal 'security:alert'
[2026-07-23T20:10:40.537056+00:00] [INFO] ============================================================
[2026-07-23T20:10:40.537115+00:00] [INFO] Device : Nothing A065 Android 16
[2026-07-23T20:10:40.537163+00:00] [INFO] Patch : 2026-04-01 | SELinux : Enforcing
[2026-07-23T20:10:40.537207+00:00] [INFO] 🟢 Root NON obtenu — device résistant
[2026-07-23T20:10:40.537252+00:00] [INFO] ============================================================
[2026-07-23T20:14:59.275587+00:00] [INFO] ============================================================
[2026-07-23T20:14:59.275685+00:00] [INFO] ADAM-RED — Défi escalade root Nothing Phone 2
[2026-07-23T20:14:59.275714+00:00] [INFO] Serial : 2f109ecc | Phase : all
[2026-07-23T20:14:59.275735+00:00] [INFO] ============================================================
[2026-07-23T20:14:59.275757+00:00] [INFO] === PHASE 1 : RECON — Énumération du device ===
[2026-07-23T20:15:00.326113+00:00] [INFO] Device : Nothing A065 (Android 16, patch 2026-04-01)
[2026-07-23T20:15:00.326248+00:00] [INFO] SELinux : Enforcing | Bootloader : 1 | Root : OUI
[2026-07-23T20:15:00.326313+00:00] [INFO] === PHASE 2 : FINGERPRINT — Identification CVE ===
[2026-07-23T20:15:00.326367+00:00] [INFO] Niveau de patch sécurité : 2026-04-01
[2026-07-23T20:15:00.326446+00:00] [INFO] Version Android : 16
[2026-07-23T20:15:00.326520+00:00] [INFO]   [!] CVE-2024-0582 (CVSS 7.0) — applicable (patch 2026-04-01 < 2026-06-01)
[2026-07-23T20:15:00.326570+00:00] [INFO]   [*] Cible identifiée : Nothing Phone 2 (CAPE-QRD)
[2026-07-23T20:15:00.326615+00:00] [INFO]   [*] SoC : Snapdragon 8+ Gen 1 (SM8475)
[2026-07-23T20:15:00.326657+00:00] [INFO]   [*] Vérifier : exploit kernel spécifique Qualcomm, fastboot unlock, magisk
[2026-07-23T20:15:00.326703+00:00] [INFO] === PHASE 3 : ENUM — Surface d'attaque ===
[2026-07-23T20:15:00.428682+00:00] [INFO]   [!] Package root/dangereux trouvé : com.android.shell
[2026-07-23T20:15:00.428808+00:00] [INFO]   [!] Package root/dangereux trouvé : com.termux
[2026-07-23T20:15:00.534133+00:00] [INFO]   [*] 305 services exposés
[2026-07-23T20:15:00.567652+00:00] [INFO]   [*] Ports ouverts : []
[2026-07-23T20:15:00.706227+00:00] [INFO] === PHASE 4 : ESCALATION — Test des vecteurs root ===
[2026-07-23T20:15:00.706356+00:00] [INFO]   [*] Test : su binaire présent
[2026-07-23T20:15:00.746571+00:00] [INFO]   [-] su refusé
[2026-07-23T20:15:00.824884+00:00] [INFO]   [*] Kernel potentiellement vulnérable à Dirty Pipe (CVE-2022-0847)
[2026-07-23T20:15:00.825005+00:00] [INFO]   [-] Aucun vecteur d'escalade réussi — device durci
[2026-07-23T20:15:00.825073+00:00] [INFO] === PHASE 4b : DEEP RECON — Surface kernel avancée ===
[2026-07-23T20:15:00.925217+00:00] [INFO]   [?] io_uring sysctl absent — syscall à tester
[2026-07-23T20:15:00.963817+00:00] [INFO]   [+] /dev/ashmem trouvé : crw-rw-rw- 1 root root 10, 127 1970-06-14 06:53 /dev/ashmem
[2026-07-23T20:15:01.022819+00:00] [INFO]   [+] /dev/vhost-vsock trouvé : crw-rw-rw- 1 root root 10, 241 1970-06-14 06:53 /dev/vhost-vsock
[2026-07-23T20:15:01.114547+00:00] [INFO]   [*] GPU devices : crw-rw-rw- 1 root   graphics 226,   0 1970-06-14 06:53 /dev/dri/card0
crw-rw-rw- 1 system system   507,   0 1970-06-14 06:53 /dev/kgsl-3d0
[2026-07-23T20:15:01.323728+00:00] [INFO]   [*] perf_event_paranoid = -1
[2026-07-23T20:15:01.323834+00:00] [INFO]   [+] perf_event accessible !
[2026-07-23T20:15:01.368387+00:00] [INFO]   [*] unprivileged_bpf_disabled = 0
[2026-07-23T20:15:01.404941+00:00] [INFO]   [+] /proc/slabinfo lisible !
[2026-07-23T20:15:01.455394+00:00] [INFO]   [*] Seccomp:	0
Seccomp_filters:	0
[2026-07-23T20:15:01.503920+00:00] [INFO]   [*] CapInh:	0000000000000000
CapPrm:	0000000000000000
CapEff:	0000000000000000
CapBn
[2026-07-23T20:15:01.504038+00:00] [INFO]   === Accessible : ['io_uring_syscall', 'ashmem', 'vhost-vsock', 'perf_event', 'slabinfo']
[2026-07-23T20:15:01.504096+00:00] [INFO]   === Bloqués : ['tracefs', 'kaslr', 'user_ns']
[2026-07-23T20:15:01.504150+00:00] [INFO] === PHASE 5 : WRITE EXPLOIT — Génération code C ===
[2026-07-23T20:15:01.504544+00:00] [INFO]   [+] Exploit écrit : /home/aza/adam-red-exploit/ioring_uaf.c (7173 octets)
[2026-07-23T20:15:01.504616+00:00] [INFO] === PHASE 6 : COMPILE & DEPLOY — Compilation + exécution ===
[2026-07-23T20:15:01.504740+00:00] [INFO]   [*] Compilation : /home/aza/android-ndk-r27c/toolchains/llvm/prebuilt/linux-x86_64/bin/aarch64-linux-android35-clang -O2 -D__NR_io_uring_setup=425 -D__NR_io_uring_enter=426 -D__NR_io_uring_register=427 -o /home/aza/adam-red-exploit/ioring_uaf /home/aza/adam-red-exploit/ioring_uaf.c -lpthread
[2026-07-23T20:15:01.573858+00:00] [ERROR]   [ERR] Compilation échouée (rc=1)
[2026-07-23T20:15:01.574021+00:00] [ERROR]   stderr : ld.lld: error: unable to find library -lpthread
clang: error: linker command failed with exit code 1 (use -v to see invocation)

[2026-07-23T20:15:01.574082+00:00] [INFO] === PHASE 5 : REPORT — Génération du rapport ===
[2026-07-23T20:15:01.574470+00:00] [INFO] Rapport sauvegardé : /home/aza/eva-adam-v2/reports/red-team/nothing-phone-2_20260723_201501.md
[2026-07-23T20:15:01.579796+00:00] [INFO] Event publié sur canal 'security:alert'
[2026-07-23T20:15:01.579910+00:00] [INFO] ============================================================
[2026-07-23T20:15:01.579970+00:00] [INFO] Device : Nothing A065 Android 16
[2026-07-23T20:15:01.580029+00:00] [INFO] Patch : 2026-04-01 | SELinux : Enforcing
[2026-07-23T20:15:01.580075+00:00] [INFO] 🟢 Root NON obtenu — device résistant
[2026-07-23T20:15:01.580121+00:00] [INFO] ============================================================
[2026-07-23T20:19:20.338117+00:00] [INFO] ============================================================
[2026-07-23T20:19:20.338216+00:00] [INFO] ADAM-RED — Défi escalade root Nothing Phone 2
[2026-07-23T20:19:20.338246+00:00] [INFO] Serial : 2f109ecc | Phase : all
[2026-07-23T20:19:20.338268+00:00] [INFO] ============================================================
[2026-07-23T20:19:20.338289+00:00] [INFO] === PHASE 1 : RECON — Énumération du device ===
[2026-07-23T20:19:21.361324+00:00] [INFO] Device : Nothing A065 (Android 16, patch 2026-04-01)
[2026-07-23T20:19:21.361475+00:00] [INFO] SELinux : Enforcing | Bootloader : 1 | Root : OUI
[2026-07-23T20:19:21.361577+00:00] [INFO] === PHASE 2 : FINGERPRINT — Identification CVE ===
[2026-07-23T20:19:21.361642+00:00] [INFO] Niveau de patch sécurité : 2026-04-01
[2026-07-23T20:19:21.361695+00:00] [INFO] Version Android : 16
[2026-07-23T20:19:21.361764+00:00] [INFO]   [!] CVE-2024-0582 (CVSS 7.0) — applicable (patch 2026-04-01 < 2026-06-01)
[2026-07-23T20:19:21.361821+00:00] [INFO]   [*] Cible identifiée : Nothing Phone 2 (CAPE-QRD)
[2026-07-23T20:19:21.361873+00:00] [INFO]   [*] SoC : Snapdragon 8+ Gen 1 (SM8475)
[2026-07-23T20:19:21.361921+00:00] [INFO]   [*] Vérifier : exploit kernel spécifique Qualcomm, fastboot unlock, magisk
[2026-07-23T20:19:21.361975+00:00] [INFO] === PHASE 3 : ENUM — Surface d'attaque ===
[2026-07-23T20:19:21.420388+00:00] [INFO]   [!] Package root/dangereux trouvé : com.android.shell
[2026-07-23T20:19:21.420527+00:00] [INFO]   [!] Package root/dangereux trouvé : com.termux
[2026-07-23T20:19:21.511633+00:00] [INFO]   [*] 305 services exposés
[2026-07-23T20:19:21.537103+00:00] [INFO]   [*] Ports ouverts : [37438, 45326]
[2026-07-23T20:19:21.659235+00:00] [INFO] === PHASE 4 : ESCALATION — Test des vecteurs root ===
[2026-07-23T20:19:21.659347+00:00] [INFO]   [*] Test : su binaire présent
[2026-07-23T20:19:21.699517+00:00] [INFO]   [-] su refusé
[2026-07-23T20:19:21.757038+00:00] [INFO]   [*] Kernel potentiellement vulnérable à Dirty Pipe (CVE-2022-0847)
[2026-07-23T20:19:21.757137+00:00] [INFO]   [-] Aucun vecteur d'escalade réussi — device durci
[2026-07-23T20:19:21.757195+00:00] [INFO] === PHASE 4b : DEEP RECON — Surface kernel avancée ===
[2026-07-23T20:19:21.846622+00:00] [INFO]   [?] io_uring sysctl absent — syscall à tester
[2026-07-23T20:19:21.885752+00:00] [INFO]   [+] /dev/ashmem trouvé : crw-rw-rw- 1 root root 10, 127 1970-06-14 06:53 /dev/ashmem
[2026-07-23T20:19:21.924885+00:00] [INFO]   [+] /dev/vhost-vsock trouvé : crw-rw-rw- 1 root root 10, 241 1970-06-14 06:53 /dev/vhost-vsock
[2026-07-23T20:19:21.998277+00:00] [INFO]   [*] GPU devices : crw-rw-rw- 1 root   graphics 226,   0 1970-06-14 06:53 /dev/dri/card0
crw-rw-rw- 1 system system   507,   0 1970-06-14 06:53 /dev/kgsl-3d0
[2026-07-23T20:19:22.218721+00:00] [INFO]   [*] perf_event_paranoid = -1
[2026-07-23T20:19:22.218838+00:00] [INFO]   [+] perf_event accessible !
[2026-07-23T20:19:22.260399+00:00] [INFO]   [*] unprivileged_bpf_disabled = 0
[2026-07-23T20:19:22.305010+00:00] [INFO]   [+] /proc/slabinfo lisible !
[2026-07-23T20:19:22.360850+00:00] [INFO]   [*] Seccomp:	0
Seccomp_filters:	0
[2026-07-23T20:19:22.422761+00:00] [INFO]   [*] CapInh:	0000000000000000
CapPrm:	0000000000000000
CapEff:	0000000000000000
CapBn
[2026-07-23T20:19:22.422915+00:00] [INFO]   === Accessible : ['io_uring_syscall', 'ashmem', 'vhost-vsock', 'perf_event', 'slabinfo']
[2026-07-23T20:19:22.422976+00:00] [INFO]   === Bloqués : ['tracefs', 'kaslr', 'user_ns']
[2026-07-23T20:19:22.423034+00:00] [INFO] === PHASE 5 : WRITE EXPLOIT — Génération code C ===
[2026-07-23T20:19:22.423448+00:00] [INFO]   [+] Exploit écrit : /home/aza/adam-red-exploit/ioring_uaf.c (7173 octets)
[2026-07-23T20:19:22.423536+00:00] [INFO] === PHASE 6 : COMPILE & DEPLOY — Compilation + exécution ===
[2026-07-23T20:19:22.423662+00:00] [INFO]   [*] Compilation : /home/aza/android-ndk-r27c/toolchains/llvm/prebuilt/linux-x86_64/bin/aarch64-linux-android35-clang -O2 -D__NR_io_uring_setup=425 -D__NR_io_uring_enter=426 -D__NR_io_uring_register=427 -o /home/aza/adam-red-exploit/ioring_uaf /home/aza/adam-red-exploit/ioring_uaf.c -lpthread
[2026-07-23T20:19:22.492585+00:00] [ERROR]   [ERR] Compilation échouée (rc=1)
[2026-07-23T20:19:22.492741+00:00] [ERROR]   stderr : ld.lld: error: unable to find library -lpthread
clang: error: linker command failed with exit code 1 (use -v to see invocation)

[2026-07-23T20:19:22.492804+00:00] [INFO] === PHASE 5 : REPORT — Génération du rapport ===
[2026-07-23T20:19:22.493197+00:00] [INFO] Rapport sauvegardé : /home/aza/eva-adam-v2/reports/red-team/nothing-phone-2_20260723_201922.md
[2026-07-23T20:19:22.498739+00:00] [INFO] Event publié sur canal 'security:alert'
[2026-07-23T20:19:22.498852+00:00] [INFO] ============================================================
[2026-07-23T20:19:22.498910+00:00] [INFO] Device : Nothing A065 Android 16
[2026-07-23T20:19:22.498958+00:00] [INFO] Patch : 2026-04-01 | SELinux : Enforcing
[2026-07-23T20:19:22.499001+00:00] [INFO] 🟢 Root NON obtenu — device résistant
[2026-07-23T20:19:22.499047+00:00] [INFO] ============================================================
[2026-07-23T20:23:41.363567+00:00] [INFO] ============================================================
[2026-07-23T20:23:41.363665+00:00] [INFO] ADAM-RED — Défi escalade root Nothing Phone 2
[2026-07-23T20:23:41.363694+00:00] [INFO] Serial : 2f109ecc | Phase : all
[2026-07-23T20:23:41.363716+00:00] [INFO] ============================================================
[2026-07-23T20:23:41.363737+00:00] [INFO] === PHASE 1 : RECON — Énumération du device ===
[2026-07-23T20:23:42.396317+00:00] [INFO] Device : Nothing A065 (Android 16, patch 2026-04-01)
[2026-07-23T20:23:42.396450+00:00] [INFO] SELinux : Enforcing | Bootloader : 1 | Root : OUI
[2026-07-23T20:23:42.396512+00:00] [INFO] === PHASE 2 : FINGERPRINT — Identification CVE ===
[2026-07-23T20:23:42.396570+00:00] [INFO] Niveau de patch sécurité : 2026-04-01
[2026-07-23T20:23:42.396621+00:00] [INFO] Version Android : 16
[2026-07-23T20:23:42.396689+00:00] [INFO]   [!] CVE-2024-0582 (CVSS 7.0) — applicable (patch 2026-04-01 < 2026-06-01)
[2026-07-23T20:23:42.396744+00:00] [INFO]   [*] Cible identifiée : Nothing Phone 2 (CAPE-QRD)
[2026-07-23T20:23:42.396795+00:00] [INFO]   [*] SoC : Snapdragon 8+ Gen 1 (SM8475)
[2026-07-23T20:23:42.396843+00:00] [INFO]   [*] Vérifier : exploit kernel spécifique Qualcomm, fastboot unlock, magisk
[2026-07-23T20:23:42.396895+00:00] [INFO] === PHASE 3 : ENUM — Surface d'attaque ===
[2026-07-23T20:23:42.482082+00:00] [INFO]   [!] Package root/dangereux trouvé : com.android.shell
[2026-07-23T20:23:42.482219+00:00] [INFO]   [!] Package root/dangereux trouvé : com.termux
[2026-07-23T20:23:42.588992+00:00] [INFO]   [*] 305 services exposés
[2026-07-23T20:23:42.639685+00:00] [INFO]   [*] Ports ouverts : [39962]
[2026-07-23T20:23:42.738199+00:00] [INFO] === PHASE 4 : ESCALATION — Test des vecteurs root ===
[2026-07-23T20:23:42.738332+00:00] [INFO]   [*] Test : su binaire présent
[2026-07-23T20:23:42.768427+00:00] [INFO]   [-] su refusé
[2026-07-23T20:23:42.829059+00:00] [INFO]   [*] Kernel potentiellement vulnérable à Dirty Pipe (CVE-2022-0847)
[2026-07-23T20:23:42.829133+00:00] [INFO]   [-] Aucun vecteur d'escalade réussi — device durci
[2026-07-23T20:23:42.829174+00:00] [INFO] === PHASE 4b : DEEP RECON — Surface kernel avancée ===
[2026-07-23T20:23:42.948145+00:00] [INFO]   [?] io_uring sysctl absent — syscall à tester
[2026-07-23T20:23:42.987109+00:00] [INFO]   [+] /dev/ashmem trouvé : crw-rw-rw- 1 root root 10, 127 1970-06-14 06:53 /dev/ashmem
[2026-07-23T20:23:43.045650+00:00] [INFO]   [+] /dev/vhost-vsock trouvé : crw-rw-rw- 1 root root 10, 241 1970-06-14 06:53 /dev/vhost-vsock
[2026-07-23T20:23:43.143077+00:00] [INFO]   [*] GPU devices : crw-rw-rw- 1 root   graphics 226,   0 1970-06-14 06:53 /dev/dri/card0
crw-rw-rw- 1 system system   507,   0 1970-06-14 06:53 /dev/kgsl-3d0
[2026-07-23T20:23:43.340858+00:00] [INFO]   [*] perf_event_paranoid = -1
[2026-07-23T20:23:43.340966+00:00] [INFO]   [+] perf_event accessible !
[2026-07-23T20:23:43.381758+00:00] [INFO]   [*] unprivileged_bpf_disabled = 0
[2026-07-23T20:23:43.442069+00:00] [INFO]   [+] /proc/slabinfo lisible !
[2026-07-23T20:23:43.478746+00:00] [INFO]   [*] Seccomp:	0
Seccomp_filters:	0
[2026-07-23T20:23:43.540003+00:00] [INFO]   [*] CapInh:	0000000000000000
CapPrm:	0000000000000000
CapEff:	0000000000000000
CapBn
[2026-07-23T20:23:43.540113+00:00] [INFO]   === Accessible : ['io_uring_syscall', 'ashmem', 'vhost-vsock', 'perf_event', 'slabinfo']
[2026-07-23T20:23:43.540167+00:00] [INFO]   === Bloqués : ['tracefs', 'kaslr', 'user_ns']
[2026-07-23T20:23:43.540217+00:00] [INFO] === PHASE 5 : WRITE EXPLOIT — Génération code C ===
[2026-07-23T20:23:43.540603+00:00] [INFO]   [+] Exploit écrit : /home/aza/adam-red-exploit/ioring_uaf.c (7173 octets)
[2026-07-23T20:23:43.540676+00:00] [INFO] === PHASE 6 : COMPILE & DEPLOY — Compilation + exécution ===
[2026-07-23T20:23:43.540801+00:00] [INFO]   [*] Compilation : /home/aza/android-ndk-r27c/toolchains/llvm/prebuilt/linux-x86_64/bin/aarch64-linux-android35-clang -O2 -D__NR_io_uring_setup=425 -D__NR_io_uring_enter=426 -D__NR_io_uring_register=427 -o /home/aza/adam-red-exploit/ioring_uaf /home/aza/adam-red-exploit/ioring_uaf.c -lpthread
[2026-07-23T20:23:43.609859+00:00] [ERROR]   [ERR] Compilation échouée (rc=1)
[2026-07-23T20:23:43.610017+00:00] [ERROR]   stderr : ld.lld: error: unable to find library -lpthread
clang: error: linker command failed with exit code 1 (use -v to see invocation)

[2026-07-23T20:23:43.610078+00:00] [INFO] === PHASE 5 : REPORT — Génération du rapport ===
[2026-07-23T20:23:43.610474+00:00] [INFO] Rapport sauvegardé : /home/aza/eva-adam-v2/reports/red-team/nothing-phone-2_20260723_202343.md
[2026-07-23T20:23:43.616160+00:00] [INFO] Event publié sur canal 'security:alert'
[2026-07-23T20:23:43.616275+00:00] [INFO] ============================================================
[2026-07-23T20:23:43.616335+00:00] [INFO] Device : Nothing A065 Android 16
[2026-07-23T20:23:43.616382+00:00] [INFO] Patch : 2026-04-01 | SELinux : Enforcing
[2026-07-23T20:23:43.616426+00:00] [INFO] 🟢 Root NON obtenu — device résistant
[2026-07-23T20:23:43.616472+00:00] [INFO] ============================================================
[2026-07-23T20:28:04.448181+00:00] [INFO] ============================================================
[2026-07-23T20:28:04.448280+00:00] [INFO] ADAM-RED — Défi escalade root Nothing Phone 2
[2026-07-23T20:28:04.448308+00:00] [INFO] Serial : 2f109ecc | Phase : all
[2026-07-23T20:28:04.448330+00:00] [INFO] ============================================================
[2026-07-23T20:28:04.448351+00:00] [INFO] === PHASE 1 : RECON — Énumération du device ===
[2026-07-23T20:28:05.488530+00:00] [INFO] Device : Nothing A065 (Android 16, patch 2026-04-01)
[2026-07-23T20:28:05.488644+00:00] [INFO] SELinux : Enforcing | Bootloader : 1 | Root : OUI
[2026-07-23T20:28:05.488702+00:00] [INFO] === PHASE 2 : FINGERPRINT — Identification CVE ===
[2026-07-23T20:28:05.488759+00:00] [INFO] Niveau de patch sécurité : 2026-04-01
[2026-07-23T20:28:05.488813+00:00] [INFO] Version Android : 16
[2026-07-23T20:28:05.488881+00:00] [INFO]   [!] CVE-2024-0582 (CVSS 7.0) — applicable (patch 2026-04-01 < 2026-06-01)
[2026-07-23T20:28:05.488941+00:00] [INFO]   [*] Cible identifiée : Nothing Phone 2 (CAPE-QRD)
[2026-07-23T20:28:05.488994+00:00] [INFO]   [*] SoC : Snapdragon 8+ Gen 1 (SM8475)
[2026-07-23T20:28:05.489045+00:00] [INFO]   [*] Vérifier : exploit kernel spécifique Qualcomm, fastboot unlock, magisk
[2026-07-23T20:28:05.489100+00:00] [INFO] === PHASE 3 : ENUM — Surface d'attaque ===
[2026-07-23T20:28:05.573257+00:00] [INFO]   [!] Package root/dangereux trouvé : com.android.shell
[2026-07-23T20:28:05.573404+00:00] [INFO]   [!] Package root/dangereux trouvé : com.termux
[2026-07-23T20:28:05.656259+00:00] [INFO]   [*] 305 services exposés
[2026-07-23T20:28:05.683253+00:00] [INFO]   [*] Ports ouverts : [37072, 48956, 48972]
[2026-07-23T20:28:05.814379+00:00] [INFO] === PHASE 4 : ESCALATION — Test des vecteurs root ===
[2026-07-23T20:28:05.814502+00:00] [INFO]   [*] Test : su binaire présent
[2026-07-23T20:28:05.847058+00:00] [INFO]   [-] su refusé
[2026-07-23T20:28:05.898470+00:00] [INFO]   [*] Kernel potentiellement vulnérable à Dirty Pipe (CVE-2022-0847)
[2026-07-23T20:28:05.898606+00:00] [INFO]   [-] Aucun vecteur d'escalade réussi — device durci
[2026-07-23T20:28:05.898671+00:00] [INFO] === PHASE 4b : DEEP RECON — Surface kernel avancée ===
[2026-07-23T20:28:05.972339+00:00] [INFO]   [?] io_uring sysctl absent — syscall à tester
[2026-07-23T20:28:06.023209+00:00] [INFO]   [+] /dev/ashmem trouvé : crw-rw-rw- 1 root root 10, 127 1970-06-14 06:53 /dev/ashmem
[2026-07-23T20:28:06.061974+00:00] [INFO]   [+] /dev/vhost-vsock trouvé : crw-rw-rw- 1 root root 10, 241 1970-06-14 06:53 /dev/vhost-vsock
[2026-07-23T20:28:06.167131+00:00] [INFO]   [*] GPU devices : crw-rw-rw- 1 root   graphics 226,   0 1970-06-14 06:53 /dev/dri/card0
crw-rw-rw- 1 system system   507,   0 1970-06-14 06:53 /dev/kgsl-3d0
[2026-07-23T20:28:06.383006+00:00] [INFO]   [*] perf_event_paranoid = -1
[2026-07-23T20:28:06.383118+00:00] [INFO]   [+] perf_event accessible !
[2026-07-23T20:28:06.424820+00:00] [INFO]   [*] unprivileged_bpf_disabled = 0
[2026-07-23T20:28:06.486064+00:00] [INFO]   [+] /proc/slabinfo lisible !
[2026-07-23T20:28:06.520085+00:00] [INFO]   [*] Seccomp:	0
Seccomp_filters:	0
[2026-07-23T20:28:06.584405+00:00] [INFO]   [*] CapInh:	0000000000000000
CapPrm:	0000000000000000
CapEff:	0000000000000000
CapBn
[2026-07-23T20:28:06.584505+00:00] [INFO]   === Accessible : ['io_uring_syscall', 'ashmem', 'vhost-vsock', 'perf_event', 'slabinfo']
[2026-07-23T20:28:06.584554+00:00] [INFO]   === Bloqués : ['tracefs', 'kaslr', 'user_ns']
[2026-07-23T20:28:06.584599+00:00] [INFO] === PHASE 5 : WRITE EXPLOIT — Génération code C ===
[2026-07-23T20:28:06.584955+00:00] [INFO]   [+] Exploit écrit : /home/aza/adam-red-exploit/ioring_uaf.c (7173 octets)
[2026-07-23T20:28:06.585002+00:00] [INFO] === PHASE 6 : COMPILE & DEPLOY — Compilation + exécution ===
[2026-07-23T20:28:06.585083+00:00] [INFO]   [*] Compilation : /home/aza/android-ndk-r27c/toolchains/llvm/prebuilt/linux-x86_64/bin/aarch64-linux-android35-clang -O2 -D__NR_io_uring_setup=425 -D__NR_io_uring_enter=426 -D__NR_io_uring_register=427 -o /home/aza/adam-red-exploit/ioring_uaf /home/aza/adam-red-exploit/ioring_uaf.c -lpthread
[2026-07-23T20:28:06.653721+00:00] [ERROR]   [ERR] Compilation échouée (rc=1)
[2026-07-23T20:28:06.653883+00:00] [ERROR]   stderr : ld.lld: error: unable to find library -lpthread
clang: error: linker command failed with exit code 1 (use -v to see invocation)

[2026-07-23T20:28:06.653948+00:00] [INFO] === PHASE 5 : REPORT — Génération du rapport ===
[2026-07-23T20:28:06.654358+00:00] [INFO] Rapport sauvegardé : /home/aza/eva-adam-v2/reports/red-team/nothing-phone-2_20260723_202806.md
[2026-07-23T20:28:06.660090+00:00] [INFO] Event publié sur canal 'security:alert'
[2026-07-23T20:28:06.660206+00:00] [INFO] ============================================================
[2026-07-23T20:28:06.660268+00:00] [INFO] Device : Nothing A065 Android 16
[2026-07-23T20:28:06.660319+00:00] [INFO] Patch : 2026-04-01 | SELinux : Enforcing
[2026-07-23T20:28:06.660367+00:00] [INFO] 🟢 Root NON obtenu — device résistant
[2026-07-23T20:28:06.660415+00:00] [INFO] ============================================================
[2026-07-23T20:32:25.576489+00:00] [INFO] ============================================================
[2026-07-23T20:32:25.576591+00:00] [INFO] ADAM-RED — Défi escalade root Nothing Phone 2
[2026-07-23T20:32:25.576620+00:00] [INFO] Serial : 2f109ecc | Phase : all
[2026-07-23T20:32:25.576653+00:00] [INFO] ============================================================
[2026-07-23T20:32:25.576674+00:00] [INFO] === PHASE 1 : RECON — Énumération du device ===
[2026-07-23T20:32:26.624719+00:00] [INFO] Device : Nothing A065 (Android 16, patch 2026-04-01)
[2026-07-23T20:32:26.624859+00:00] [INFO] SELinux : Enforcing | Bootloader : 1 | Root : OUI
[2026-07-23T20:32:26.624919+00:00] [INFO] === PHASE 2 : FINGERPRINT — Identification CVE ===
[2026-07-23T20:32:26.624971+00:00] [INFO] Niveau de patch sécurité : 2026-04-01
[2026-07-23T20:32:26.625018+00:00] [INFO] Version Android : 16
[2026-07-23T20:32:26.625082+00:00] [INFO]   [!] CVE-2024-0582 (CVSS 7.0) — applicable (patch 2026-04-01 < 2026-06-01)
[2026-07-23T20:32:26.625129+00:00] [INFO]   [*] Cible identifiée : Nothing Phone 2 (CAPE-QRD)
[2026-07-23T20:32:26.625171+00:00] [INFO]   [*] SoC : Snapdragon 8+ Gen 1 (SM8475)
[2026-07-23T20:32:26.625210+00:00] [INFO]   [*] Vérifier : exploit kernel spécifique Qualcomm, fastboot unlock, magisk
[2026-07-23T20:32:26.625254+00:00] [INFO] === PHASE 3 : ENUM — Surface d'attaque ===
[2026-07-23T20:32:26.719178+00:00] [INFO]   [!] Package root/dangereux trouvé : com.android.shell
[2026-07-23T20:32:26.719326+00:00] [INFO]   [!] Package root/dangereux trouvé : com.termux
[2026-07-23T20:32:26.812427+00:00] [INFO]   [*] 305 services exposés
[2026-07-23T20:32:26.849323+00:00] [INFO]   [*] Ports ouverts : [48950]
[2026-07-23T20:32:26.987589+00:00] [INFO] === PHASE 4 : ESCALATION — Test des vecteurs root ===
[2026-07-23T20:32:26.987711+00:00] [INFO]   [*] Test : su binaire présent
[2026-07-23T20:32:27.028022+00:00] [INFO]   [-] su refusé
[2026-07-23T20:32:27.087577+00:00] [INFO]   [*] Kernel potentiellement vulnérable à Dirty Pipe (CVE-2022-0847)
[2026-07-23T20:32:27.087642+00:00] [INFO]   [-] Aucun vecteur d'escalade réussi — device durci
[2026-07-23T20:32:27.087679+00:00] [INFO] === PHASE 4b : DEEP RECON — Surface kernel avancée ===
[2026-07-23T20:32:27.184103+00:00] [INFO]   [?] io_uring sysctl absent — syscall à tester
[2026-07-23T20:32:27.241726+00:00] [INFO]   [+] /dev/ashmem trouvé : crw-rw-rw- 1 root root 10, 127 1970-06-14 06:53 /dev/ashmem
[2026-07-23T20:32:27.286124+00:00] [INFO]   [+] /dev/vhost-vsock trouvé : crw-rw-rw- 1 root root 10, 241 1970-06-14 06:53 /dev/vhost-vsock
[2026-07-23T20:32:27.383536+00:00] [INFO]   [*] GPU devices : crw-rw-rw- 1 root   graphics 226,   0 1970-06-14 06:53 /dev/dri/card0
crw-rw-rw- 1 system system   507,   0 1970-06-14 06:53 /dev/kgsl-3d0
[2026-07-23T20:32:27.585640+00:00] [INFO]   [*] perf_event_paranoid = -1
[2026-07-23T20:32:27.585748+00:00] [INFO]   [+] perf_event accessible !
[2026-07-23T20:32:27.628148+00:00] [INFO]   [*] unprivileged_bpf_disabled = 0
[2026-07-23T20:32:27.690935+00:00] [INFO]   [+] /proc/slabinfo lisible !
[2026-07-23T20:32:27.749888+00:00] [INFO]   [*] Seccomp:	0
Seccomp_filters:	0
[2026-07-23T20:32:27.784468+00:00] [INFO]   [*] CapInh:	0000000000000000
CapPrm:	0000000000000000
CapEff:	0000000000000000
CapBn
[2026-07-23T20:32:27.784611+00:00] [INFO]   === Accessible : ['io_uring_syscall', 'ashmem', 'vhost-vsock', 'perf_event', 'slabinfo']
[2026-07-23T20:32:27.784669+00:00] [INFO]   === Bloqués : ['tracefs', 'kaslr', 'user_ns']
[2026-07-23T20:32:27.784724+00:00] [INFO] === PHASE 5 : WRITE EXPLOIT — Génération code C ===
[2026-07-23T20:32:27.785126+00:00] [INFO]   [+] Exploit écrit : /home/aza/adam-red-exploit/ioring_uaf.c (7173 octets)
[2026-07-23T20:32:27.785199+00:00] [INFO] === PHASE 6 : COMPILE & DEPLOY — Compilation + exécution ===
[2026-07-23T20:32:27.785323+00:00] [INFO]   [*] Compilation : /home/aza/android-ndk-r27c/toolchains/llvm/prebuilt/linux-x86_64/bin/aarch64-linux-android35-clang -O2 -D__NR_io_uring_setup=425 -D__NR_io_uring_enter=426 -D__NR_io_uring_register=427 -o /home/aza/adam-red-exploit/ioring_uaf /home/aza/adam-red-exploit/ioring_uaf.c -lpthread
[2026-07-23T20:32:27.857023+00:00] [ERROR]   [ERR] Compilation échouée (rc=1)
[2026-07-23T20:32:27.857184+00:00] [ERROR]   stderr : ld.lld: error: unable to find library -lpthread
clang: error: linker command failed with exit code 1 (use -v to see invocation)

[2026-07-23T20:32:27.857264+00:00] [INFO] === PHASE 5 : REPORT — Génération du rapport ===
[2026-07-23T20:32:27.857674+00:00] [INFO] Rapport sauvegardé : /home/aza/eva-adam-v2/reports/red-team/nothing-phone-2_20260723_203227.md
[2026-07-23T20:32:27.863334+00:00] [INFO] Event publié sur canal 'security:alert'
[2026-07-23T20:32:27.863446+00:00] [INFO] ============================================================
[2026-07-23T20:32:27.863504+00:00] [INFO] Device : Nothing A065 Android 16
[2026-07-23T20:32:27.863552+00:00] [INFO] Patch : 2026-04-01 | SELinux : Enforcing
[2026-07-23T20:32:27.863597+00:00] [INFO] 🟢 Root NON obtenu — device résistant
[2026-07-23T20:32:27.863641+00:00] [INFO] ============================================================
[2026-07-23T20:36:46.711236+00:00] [INFO] ============================================================
[2026-07-23T20:36:46.711332+00:00] [INFO] ADAM-RED — Défi escalade root Nothing Phone 2
[2026-07-23T20:36:46.711362+00:00] [INFO] Serial : 2f109ecc | Phase : all
[2026-07-23T20:36:46.711386+00:00] [INFO] ============================================================
[2026-07-23T20:36:46.711409+00:00] [INFO] === PHASE 1 : RECON — Énumération du device ===
[2026-07-23T20:36:47.713083+00:00] [INFO] Device : Nothing A065 (Android 16, patch 2026-04-01)
[2026-07-23T20:36:47.713188+00:00] [INFO] SELinux : Enforcing | Bootloader : 1 | Root : OUI
[2026-07-23T20:36:47.713230+00:00] [INFO] === PHASE 2 : FINGERPRINT — Identification CVE ===
[2026-07-23T20:36:47.713269+00:00] [INFO] Niveau de patch sécurité : 2026-04-01
[2026-07-23T20:36:47.713307+00:00] [INFO] Version Android : 16
[2026-07-23T20:36:47.713359+00:00] [INFO]   [!] CVE-2024-0582 (CVSS 7.0) — applicable (patch 2026-04-01 < 2026-06-01)
[2026-07-23T20:36:47.713401+00:00] [INFO]   [*] Cible identifiée : Nothing Phone 2 (CAPE-QRD)
[2026-07-23T20:36:47.713439+00:00] [INFO]   [*] SoC : Snapdragon 8+ Gen 1 (SM8475)
[2026-07-23T20:36:47.713474+00:00] [INFO]   [*] Vérifier : exploit kernel spécifique Qualcomm, fastboot unlock, magisk
[2026-07-23T20:36:47.713514+00:00] [INFO] === PHASE 3 : ENUM — Surface d'attaque ===
[2026-07-23T20:36:47.806395+00:00] [INFO]   [!] Package root/dangereux trouvé : com.android.shell
[2026-07-23T20:36:47.806549+00:00] [INFO]   [!] Package root/dangereux trouvé : com.termux
[2026-07-23T20:36:47.901077+00:00] [INFO]   [*] 305 services exposés
[2026-07-23T20:36:47.942614+00:00] [INFO]   [*] Ports ouverts : [40866]
[2026-07-23T20:36:48.060567+00:00] [INFO] === PHASE 4 : ESCALATION — Test des vecteurs root ===
[2026-07-23T20:36:48.060710+00:00] [INFO]   [*] Test : su binaire présent
[2026-07-23T20:36:48.100656+00:00] [INFO]   [-] su refusé
[2026-07-23T20:36:48.159610+00:00] [INFO]   [*] Kernel potentiellement vulnérable à Dirty Pipe (CVE-2022-0847)
[2026-07-23T20:36:48.159712+00:00] [INFO]   [-] Aucun vecteur d'escalade réussi — device durci
[2026-07-23T20:36:48.159752+00:00] [INFO] === PHASE 4b : DEEP RECON — Surface kernel avancée ===
[2026-07-23T20:36:48.259680+00:00] [INFO]   [?] io_uring sysctl absent — syscall à tester
[2026-07-23T20:36:48.303639+00:00] [INFO]   [+] /dev/ashmem trouvé : crw-rw-rw- 1 root root 10, 127 1970-06-14 06:53 /dev/ashmem
[2026-07-23T20:36:48.347109+00:00] [INFO]   [+] /dev/vhost-vsock trouvé : crw-rw-rw- 1 root root 10, 241 1970-06-14 06:53 /dev/vhost-vsock
[2026-07-23T20:36:48.448172+00:00] [INFO]   [*] GPU devices : crw-rw-rw- 1 root   graphics 226,   0 1970-06-14 06:53 /dev/dri/card0
crw-rw-rw- 1 system system   507,   0 1970-06-14 06:53 /dev/kgsl-3d0
[2026-07-23T20:36:48.695938+00:00] [INFO]   [*] perf_event_paranoid = -1
[2026-07-23T20:36:48.696070+00:00] [INFO]   [+] perf_event accessible !
[2026-07-23T20:36:48.741646+00:00] [INFO]   [*] unprivileged_bpf_disabled = 0
[2026-07-23T20:36:48.788394+00:00] [INFO]   [+] /proc/slabinfo lisible !
[2026-07-23T20:36:48.842304+00:00] [INFO]   [*] Seccomp:	0
Seccomp_filters:	0
[2026-07-23T20:36:48.901978+00:00] [INFO]   [*] CapInh:	0000000000000000
CapPrm:	0000000000000000
CapEff:	0000000000000000
CapBn
[2026-07-23T20:36:48.902052+00:00] [INFO]   === Accessible : ['io_uring_syscall', 'ashmem', 'vhost-vsock', 'perf_event', 'slabinfo']
[2026-07-23T20:36:48.902087+00:00] [INFO]   === Bloqués : ['tracefs', 'kaslr', 'user_ns']
[2026-07-23T20:36:48.902121+00:00] [INFO] === PHASE 5 : WRITE EXPLOIT — Génération code C ===
[2026-07-23T20:36:48.902405+00:00] [INFO]   [+] Exploit écrit : /home/aza/adam-red-exploit/ioring_uaf.c (7173 octets)
[2026-07-23T20:36:48.902448+00:00] [INFO] === PHASE 6 : COMPILE & DEPLOY — Compilation + exécution ===
[2026-07-23T20:36:48.902522+00:00] [INFO]   [*] Compilation : /home/aza/android-ndk-r27c/toolchains/llvm/prebuilt/linux-x86_64/bin/aarch64-linux-android35-clang -O2 -D__NR_io_uring_setup=425 -D__NR_io_uring_enter=426 -D__NR_io_uring_register=427 -o /home/aza/adam-red-exploit/ioring_uaf /home/aza/adam-red-exploit/ioring_uaf.c -lpthread
[2026-07-23T20:36:48.966896+00:00] [ERROR]   [ERR] Compilation échouée (rc=1)
[2026-07-23T20:36:48.967065+00:00] [ERROR]   stderr : ld.lld: error: unable to find library -lpthread
clang: error: linker command failed with exit code 1 (use -v to see invocation)

[2026-07-23T20:36:48.967131+00:00] [INFO] === PHASE 5 : REPORT — Génération du rapport ===
[2026-07-23T20:36:48.967509+00:00] [INFO] Rapport sauvegardé : /home/aza/eva-adam-v2/reports/red-team/nothing-phone-2_20260723_203648.md
[2026-07-23T20:36:48.973065+00:00] [INFO] Event publié sur canal 'security:alert'
[2026-07-23T20:36:48.973137+00:00] [INFO] ============================================================
[2026-07-23T20:36:48.973172+00:00] [INFO] Device : Nothing A065 Android 16
[2026-07-23T20:36:48.973200+00:00] [INFO] Patch : 2026-04-01 | SELinux : Enforcing
[2026-07-23T20:36:48.973226+00:00] [INFO] 🟢 Root NON obtenu — device résistant
[2026-07-23T20:36:48.973252+00:00] [INFO] ============================================================
