[2026-07-23T16:26:13+02:00] [INFO] [content:request] Processing event: source=handler payload={"type": "docs", "title": "Guide ADAM v2", "topic": "Architecture multi-agent event-driven"}
[2026-07-23T16:26:13+02:00] [INFO] [content:request] content:request — type=docs title=Guide ADAM v2 topic=Architecture multi-agent event-driven
[2026-07-23T16:26:13+02:00] [INFO] [content:request] Document généré: /home/aza/eva-adam-v2/docs/guide_adam_v2.md
[2026-07-23T16:26:13+02:00] [INFO] [content:request] Notification publiée sur content:ready
[2026-07-23T16:26:15+02:00] [INFO] [architecture:proposal] Processing event: source=adam-architect payload={"agent": "adam-architect", "request_type": "api", "description": "API REST pour monitoring", "analysis": {"files": 2807, "lines": 1130587}, "recommendations": ["Modulariser en packages avec __init__.py", "Ajouter pyproject.toml pour packaging", "Dockerfile multi-stage pour reproductibilité", "Tests unitaires avec pytest + coverage"], "status": "proposed", "timestamp": "2026-07-23T16:26:10+02:00"}
[2026-07-23T16:26:15+02:00] [INFO] [architecture:proposal] architecture:proposal — type=api status=proposed
[2026-07-23T16:26:15+02:00] [INFO] [architecture:proposal] Proposition archivée: /home/aza/eva-adam-v2/docs/architecture/proposal-20260723-162615.md
[2026-07-23T16:29:21+02:00] [INFO] [skill:updated] Processing event: source=watcher-skills payload={"path": "/home/aza/.hermes/skills/agents/adam-v2-infrastructure/SKILL.md", "action": "modified", "extension": ".md", "size": 33384, "skill_name": "agents", "is_skill": true}
[2026-07-23T16:29:21+02:00] [INFO] [skill:updated] skill:updated — 
[2026-07-23T16:29:21+02:00] [INFO] [skill:updated] Index des skills mis à jour: /home/aza/eva-adam-v2/docs/skills-index.md
[2026-07-23T16:29:31+02:00] [INFO] [skill:updated] Processing event: source=watcher-skills payload={"path": "/home/aza/.hermes/skills/agents/adam-v2-infrastructure/SKILL.md", "action": "modified", "extension": ".md", "size": 34275, "skill_name": "agents", "is_skill": true}
[2026-07-23T16:29:31+02:00] [INFO] [skill:updated] skill:updated — 
[2026-07-23T16:29:31+02:00] [INFO] [skill:updated] Index des skills mis à jour: /home/aza/eva-adam-v2/docs/skills-index.md
[2026-07-23T16:30:05+02:00] [INFO] [skill:updated] Processing event: source=watcher-skills payload={"path": "/home/aza/.hermes/skills/agents/adam-v2-infrastructure/SKILL.md", "action": "modified", "extension": ".md", "size": 39372, "skill_name": "agents", "is_skill": true}
[2026-07-23T16:30:05+02:00] [INFO] [skill:updated] skill:updated — 
[2026-07-23T16:30:05+02:00] [INFO] [skill:updated] Index des skills mis à jour: /home/aza/eva-adam-v2/docs/skills-index.md
[2026-07-23T16:30:43+02:00] [INFO] [architecture:proposal] Processing event: source=adam-architect payload={"agent": "adam-architect", "skill": "", "structure": {"references": "no", "templates": "no", "scripts": "no"}, "status": "reviewed", "timestamp": "2026-07-23T16:30:39+02:00"}
[2026-07-23T16:30:43+02:00] [INFO] [architecture:proposal] architecture:proposal — type= status=reviewed
[2026-07-23T16:30:43+02:00] [INFO] [architecture:proposal] Proposition archivée: /home/aza/eva-adam-v2/docs/architecture/proposal-20260723-163043.md
[2026-07-23T16:30:49+02:00] [INFO] [skill:updated] Processing event: source=watcher-skills payload={"path": "/home/aza/.hermes/skills/agents/adam-v2-infrastructure/SKILL.md", "action": "modified", "extension": ".md", "size": 39636, "skill_name": "agents", "is_skill": true}
[2026-07-23T16:30:49+02:00] [INFO] [skill:updated] skill:updated — 
[2026-07-23T16:30:49+02:00] [INFO] [skill:updated] Index des skills mis à jour: /home/aza/eva-adam-v2/docs/skills-index.md
[2026-07-23T17:03:54+02:00] [INFO] [architecture:proposal] Processing event: source=adam-architect payload={"agent": "adam-architect", "skill": "", "structure": {"references": "no", "templates": "no", "scripts": "no"}, "status": "reviewed", "timestamp": "2026-07-23T17:03:52+02:00"}
[2026-07-23T17:03:54+02:00] [INFO] [architecture:proposal] architecture:proposal — type= status=reviewed
[2026-07-23T17:03:54+02:00] [INFO] [architecture:proposal] Proposition archivée: /home/aza/eva-adam-v2/docs/architecture/proposal-20260723-170354.md
[2026-07-23T17:04:32+02:00] [INFO] [architecture:proposal] Processing event: source=adam-architect payload={"agent": "adam-architect", "skill": "", "structure": {"references": "no", "templates": "no", "scripts": "no"}, "status": "reviewed", "timestamp": "2026-07-23T17:04:30+02:00"}
[2026-07-23T17:04:32+02:00] [INFO] [architecture:proposal] architecture:proposal — type= status=reviewed
[2026-07-23T17:04:32+02:00] [INFO] [architecture:proposal] Proposition archivée: /home/aza/eva-adam-v2/docs/architecture/proposal-20260723-170432.md
[2026-07-23T17:38:02+02:00] [INFO] [architecture:proposal] Processing event: source=adam-architect payload={"agent": "adam-architect", "skill": "", "structure": {"references": "no", "templates": "no", "scripts": "no"}, "status": "reviewed", "timestamp": "2026-07-23T17:38:00+02:00"}
[2026-07-23T17:38:02+02:00] [INFO] [architecture:proposal] architecture:proposal — type= status=reviewed
[2026-07-23T17:38:02+02:00] [INFO] [architecture:proposal] Proposition archivée: /home/aza/eva-adam-v2/docs/architecture/proposal-20260723-173802.md
[2026-07-23T17:38:28+02:00] [INFO] [skill:updated] Processing event: source=watcher-skills payload={"path": "/home/aza/.hermes/skills/agents/adam-v2-infrastructure/SKILL.md", "action": "modified", "extension": ".md", "size": 39636, "skill_name": "agents", "is_skill": true}
[2026-07-23T17:38:28+02:00] [INFO] [skill:updated] skill:updated — 
[2026-07-23T17:38:28+02:00] [INFO] [skill:updated] Index des skills mis à jour: /home/aza/eva-adam-v2/docs/skills-index.md
[2026-07-23T17:38:40+02:00] [INFO] [skill:updated] Processing event: source=watcher-skills payload={"path": "/home/aza/.hermes/skills/agents/adam-v2-infrastructure/SKILL.md", "action": "modified", "extension": ".md", "size": 39684, "skill_name": "agents", "is_skill": true}
[2026-07-23T17:38:40+02:00] [INFO] [skill:updated] skill:updated — 
[2026-07-23T17:38:40+02:00] [INFO] [skill:updated] Index des skills mis à jour: /home/aza/eva-adam-v2/docs/skills-index.md
[2026-07-23T17:40:36+02:00] [INFO] [skill:updated] Processing event: source=watcher-skills payload={"path": "/home/aza/.hermes/skills/agents/adam-v2-infrastructure/SKILL.md", "action": "modified", "extension": ".md", "size": 41810, "skill_name": "agents", "is_skill": true}
[2026-07-23T17:40:36+02:00] [INFO] [skill:updated] skill:updated — 
[2026-07-23T17:40:36+02:00] [INFO] [skill:updated] Index des skills mis à jour: /home/aza/eva-adam-v2/docs/skills-index.md
[2026-07-23T17:44:34+02:00] [INFO] [skill:updated] Processing event: source=watcher-skills payload={"path": "/home/aza/.hermes/skills/agents/adam-v2-infrastructure/SKILL.md", "action": "modified", "extension": ".md", "size": 44905, "skill_name": "agents", "is_skill": true}
[2026-07-23T17:44:34+02:00] [INFO] [skill:updated] skill:updated — 
[2026-07-23T17:44:34+02:00] [INFO] [skill:updated] Index des skills mis à jour: /home/aza/eva-adam-v2/docs/skills-index.md
[2026-07-23T17:48:00+02:00] [INFO] [architecture:proposal] Processing event: source=adam-architect payload={"agent": "adam-architect", "skill": "", "structure": {"references": "yes", "templates": "no", "scripts": "yes"}, "status": "reviewed", "timestamp": "2026-07-23T17:44:42+02:00"}
[2026-07-23T17:48:00+02:00] [INFO] [architecture:proposal] Processing event: source=adam-architect payload={"agent": "adam-architect", "skill": "", "structure": {"references": "yes", "templates": "no", "scripts": "yes"}, "status": "reviewed", "timestamp": "2026-07-23T17:44:42+02:00"}
[2026-07-23T17:48:00+02:00] [INFO] [architecture:proposal] architecture:proposal — type= status=reviewed
[2026-07-23T17:48:00+02:00] [INFO] [architecture:proposal] architecture:proposal — type= status=reviewed
[2026-07-23T17:48:00+02:00] [INFO] [architecture:proposal] Proposition archivée: /home/aza/eva-adam-v2/docs/architecture/proposal-20260723-174800.md
[2026-07-23T17:48:00+02:00] [INFO] [architecture:proposal] Proposition archivée: /home/aza/eva-adam-v2/docs/architecture/proposal-20260723-174800.md
[2026-07-23T17:48:04+02:00] [INFO] [architecture:proposal] Processing event: source=adam-architect payload={"agent": "adam-architect", "skill": "", "structure": {"references": "no", "templates": "no", "scripts": "no"}, "status": "reviewed", "timestamp": "2026-07-23T17:44:45+02:00"}
[2026-07-23T17:48:04+02:00] [INFO] [architecture:proposal] Processing event: source=adam-architect payload={"agent": "adam-architect", "skill": "", "structure": {"references": "no", "templates": "no", "scripts": "no"}, "status": "reviewed", "timestamp": "2026-07-23T17:44:47+02:00"}
[2026-07-23T17:48:04+02:00] [INFO] [architecture:proposal] architecture:proposal — type= status=reviewed
[2026-07-23T17:48:04+02:00] [INFO] [architecture:proposal] architecture:proposal — type= status=reviewed
[2026-07-23T17:48:04+02:00] [INFO] [architecture:proposal] Proposition archivée: /home/aza/eva-adam-v2/docs/architecture/proposal-20260723-174804.md
[2026-07-23T17:48:04+02:00] [INFO] [architecture:proposal] Proposition archivée: /home/aza/eva-adam-v2/docs/architecture/proposal-20260723-174804.md
[2026-07-23T17:48:08+02:00] [INFO] [architecture:proposal] Processing event: source=adam-architect payload={"agent": "adam-architect", "skill": "", "structure": {"references": "no", "templates": "no", "scripts": "no"}, "status": "reviewed", "timestamp": "2026-07-23T17:44:47+02:00"}
[2026-07-23T17:48:08+02:00] [INFO] [architecture:proposal] Processing event: source=adam-architect payload={"agent": "adam-architect", "skill": "", "structure": {"references": "yes", "templates": "no", "scripts": "yes"}, "status": "reviewed", "timestamp": "2026-07-23T17:44:49+02:00"}
[2026-07-23T17:48:08+02:00] [INFO] [architecture:proposal] architecture:proposal — type= status=reviewed
[2026-07-23T17:48:08+02:00] [INFO] [architecture:proposal] architecture:proposal — type= status=reviewed
[2026-07-23T17:48:08+02:00] [INFO] [architecture:proposal] Proposition archivée: /home/aza/eva-adam-v2/docs/architecture/proposal-20260723-174808.md
[2026-07-23T17:48:08+02:00] [INFO] [architecture:proposal] Proposition archivée: /home/aza/eva-adam-v2/docs/architecture/proposal-20260723-174808.md
[2026-07-23T17:48:12+02:00] [INFO] [architecture:proposal] Processing event: source=adam-architect payload={"agent": "adam-architect", "skill": "", "structure": {"references": "no", "templates": "no", "scripts": "no"}, "status": "reviewed", "timestamp": "2026-07-23T17:44:49+02:00"}
[2026-07-23T17:48:12+02:00] [INFO] [architecture:proposal] Processing event: source=adam-architect payload={"agent": "adam-architect", "skill": "", "structure": {"references": "no", "templates": "no", "scripts": "no"}, "status": "reviewed", "timestamp": "2026-07-23T17:44:51+02:00"}
[2026-07-23T17:48:12+02:00] [INFO] [architecture:proposal] architecture:proposal — type= status=reviewed
[2026-07-23T17:48:12+02:00] [INFO] [architecture:proposal] architecture:proposal — type= status=reviewed
[2026-07-23T17:48:12+02:00] [INFO] [architecture:proposal] Proposition archivée: /home/aza/eva-adam-v2/docs/architecture/proposal-20260723-174812.md
[2026-07-23T17:48:12+02:00] [INFO] [architecture:proposal] Proposition archivée: /home/aza/eva-adam-v2/docs/architecture/proposal-20260723-174812.md
[2026-07-23T17:48:16+02:00] [INFO] [architecture:proposal] Processing event: source=adam-architect payload={"agent": "adam-architect", "skill": "", "structure": {"references": "no", "templates": "no", "scripts": "no"}, "status": "reviewed", "timestamp": "2026-07-23T17:44:51+02:00"}
[2026-07-23T17:48:16+02:00] [INFO] [architecture:proposal] Processing event: source=adam-architect payload={"agent": "adam-architect", "skill": "", "structure": {"references": "yes", "templates": "no", "scripts": "yes"}, "status": "reviewed", "timestamp": "2026-07-23T17:44:53+02:00"}
[2026-07-23T17:48:16+02:00] [INFO] [architecture:proposal] architecture:proposal — type= status=reviewed
[2026-07-23T17:48:16+02:00] [INFO] [architecture:proposal] architecture:proposal — type= status=reviewed
[2026-07-23T17:48:16+02:00] [INFO] [architecture:proposal] Proposition archivée: /home/aza/eva-adam-v2/docs/architecture/proposal-20260723-174816.md
[2026-07-23T17:48:16+02:00] [INFO] [architecture:proposal] Proposition archivée: /home/aza/eva-adam-v2/docs/architecture/proposal-20260723-174816.md
[2026-07-23T17:48:20+02:00] [INFO] [architecture:proposal] Processing event: source=adam-architect payload={"agent": "adam-architect", "skill": "", "structure": {"references": "no", "templates": "no", "scripts": "no"}, "status": "reviewed", "timestamp": "2026-07-23T17:44:53+02:00"}
[2026-07-23T17:48:20+02:00] [INFO] [architecture:proposal] Processing event: source=adam-architect payload={"agent": "adam-architect", "skill": "", "structure": {"references": "no", "templates": "no", "scripts": "no"}, "status": "reviewed", "timestamp": "2026-07-23T17:44:55+02:00"}
[2026-07-23T17:48:20+02:00] [INFO] [architecture:proposal] architecture:proposal — type= status=reviewed
[2026-07-23T17:48:20+02:00] [INFO] [architecture:proposal] architecture:proposal — type= status=reviewed
[2026-07-23T17:48:20+02:00] [INFO] [architecture:proposal] Proposition archivée: /home/aza/eva-adam-v2/docs/architecture/proposal-20260723-174820.md
[2026-07-23T17:48:20+02:00] [INFO] [architecture:proposal] Proposition archivée: /home/aza/eva-adam-v2/docs/architecture/proposal-20260723-174820.md
[2026-07-23T17:48:28+02:00] [INFO] [architecture:proposal] Processing event: source=adam-architect payload={"agent": "adam-architect", "skill": "", "structure": {"references": "no", "templates": "no", "scripts": "no"}, "status": "reviewed", "timestamp": "2026-07-23T17:44:55+02:00"}
[2026-07-23T17:48:28+02:00] [INFO] [architecture:proposal] Processing event: source=adam-architect payload={"agent": "adam-architect", "skill": "", "structure": {"references": "yes", "templates": "no", "scripts": "no"}, "status": "reviewed", "timestamp": "2026-07-23T17:44:57+02:00"}
[2026-07-23T17:48:28+02:00] [INFO] [architecture:proposal] architecture:proposal — type= status=reviewed
[2026-07-23T17:48:28+02:00] [INFO] [architecture:proposal] architecture:proposal — type= status=reviewed
[2026-07-23T17:48:28+02:00] [INFO] [architecture:proposal] Proposition archivée: /home/aza/eva-adam-v2/docs/architecture/proposal-20260723-174828.md
[2026-07-23T17:48:28+02:00] [INFO] [architecture:proposal] Proposition archivée: /home/aza/eva-adam-v2/docs/architecture/proposal-20260723-174828.md
[2026-07-23T17:48:32+02:00] [INFO] [architecture:proposal] Processing event: source=adam-architect payload={"agent": "adam-architect", "skill": "", "structure": {"references": "yes", "templates": "no", "scripts": "yes"}, "status": "reviewed", "timestamp": "2026-07-23T17:44:59+02:00"}
[2026-07-23T17:48:32+02:00] [INFO] [architecture:proposal] Processing event: source=adam-architect payload={"agent": "adam-architect", "skill": "", "structure": {"references": "no", "templates": "no", "scripts": "no"}, "status": "reviewed", "timestamp": "2026-07-23T17:44:57+02:00"}
[2026-07-23T17:48:32+02:00] [INFO] [architecture:proposal] architecture:proposal — type= status=reviewed
[2026-07-23T17:48:32+02:00] [INFO] [architecture:proposal] Proposition archivée: /home/aza/eva-adam-v2/docs/architecture/proposal-20260723-174832.md
[2026-07-23T17:48:32+02:00] [INFO] [architecture:proposal] architecture:proposal — type= status=reviewed
[2026-07-23T17:48:32+02:00] [INFO] [architecture:proposal] Proposition archivée: /home/aza/eva-adam-v2/docs/architecture/proposal-20260723-174832.md
[2026-07-23T17:48:36+02:00] [INFO] [architecture:proposal] Processing event: source=adam-architect payload={"agent": "adam-architect", "skill": "", "structure": {"references": "no", "templates": "no", "scripts": "no"}, "status": "reviewed", "timestamp": "2026-07-23T17:44:59+02:00"}
[2026-07-23T17:48:36+02:00] [INFO] [architecture:proposal] Processing event: source=adam-architect payload={"agent": "adam-architect", "skill": "", "structure": {"references": "no", "templates": "no", "scripts": "no"}, "status": "reviewed", "timestamp": "2026-07-23T17:45:01+02:00"}
[2026-07-23T17:48:36+02:00] [INFO] [architecture:proposal] architecture:proposal — type= status=reviewed
[2026-07-23T17:48:36+02:00] [INFO] [architecture:proposal] architecture:proposal — type= status=reviewed
[2026-07-23T17:48:36+02:00] [INFO] [architecture:proposal] Proposition archivée: /home/aza/eva-adam-v2/docs/architecture/proposal-20260723-174836.md
[2026-07-23T17:48:36+02:00] [INFO] [architecture:proposal] Proposition archivée: /home/aza/eva-adam-v2/docs/architecture/proposal-20260723-174836.md
[2026-07-23T17:48:42+02:00] [INFO] [architecture:proposal] Processing event: source=adam-architect payload={"agent": "adam-architect", "skill": "", "structure": {"references": "no", "templates": "no", "scripts": "no"}, "status": "reviewed", "timestamp": "2026-07-23T17:45:01+02:00"}
[2026-07-23T17:48:42+02:00] [INFO] [architecture:proposal] Processing event: source=adam-architect payload={"agent": "adam-architect", "skill": "", "structure": {"references": "no", "templates": "no", "scripts": "no"}, "status": "reviewed", "timestamp": "2026-07-23T17:45:03+02:00"}
[2026-07-23T17:48:42+02:00] [INFO] [architecture:proposal] architecture:proposal — type= status=reviewed
[2026-07-23T17:48:42+02:00] [INFO] [architecture:proposal] architecture:proposal — type= status=reviewed
[2026-07-23T17:48:42+02:00] [INFO] [architecture:proposal] Proposition archivée: /home/aza/eva-adam-v2/docs/architecture/proposal-20260723-174842.md
[2026-07-23T17:48:42+02:00] [INFO] [architecture:proposal] Proposition archivée: /home/aza/eva-adam-v2/docs/architecture/proposal-20260723-174842.md
[2026-07-23T17:48:46+02:00] [INFO] [architecture:proposal] Processing event: source=adam-architect payload={"agent": "adam-architect", "skill": "", "structure": {"references": "no", "templates": "no", "scripts": "no"}, "status": "reviewed", "timestamp": "2026-07-23T17:45:03+02:00"}
[2026-07-23T17:48:46+02:00] [INFO] [architecture:proposal] Processing event: source=adam-architect payload={"agent": "adam-architect", "skill": "", "structure": {"references": "no", "templates": "no", "scripts": "no"}, "status": "reviewed", "timestamp": "2026-07-23T17:45:05+02:00"}
[2026-07-23T17:48:46+02:00] [INFO] [architecture:proposal] architecture:proposal — type= status=reviewed
[2026-07-23T17:48:46+02:00] [INFO] [architecture:proposal] Proposition archivée: /home/aza/eva-adam-v2/docs/architecture/proposal-20260723-174846.md
[2026-07-23T17:48:46+02:00] [INFO] [architecture:proposal] architecture:proposal — type= status=reviewed
[2026-07-23T17:48:46+02:00] [INFO] [architecture:proposal] Proposition archivée: /home/aza/eva-adam-v2/docs/architecture/proposal-20260723-174846.md
[2026-07-23T17:48:50+02:00] [INFO] [architecture:proposal] Processing event: source=adam-architect payload={"agent": "adam-architect", "skill": "", "structure": {"references": "no", "templates": "no", "scripts": "no"}, "status": "reviewed", "timestamp": "2026-07-23T17:45:05+02:00"}
[2026-07-23T17:48:50+02:00] [INFO] [architecture:proposal] architecture:proposal — type= status=reviewed
[2026-07-23T17:48:50+02:00] [INFO] [architecture:proposal] Proposition archivée: /home/aza/eva-adam-v2/docs/architecture/proposal-20260723-174850.md
[2026-07-23T17:48:54+02:00] [INFO] [architecture:proposal] Processing event: source=adam-architect payload={"agent": "adam-architect", "skill": "", "structure": {"references": "yes", "templates": "no", "scripts": "yes"}, "status": "reviewed", "timestamp": "2026-07-23T17:45:07+02:00"}
[2026-07-23T17:48:54+02:00] [INFO] [architecture:proposal] Processing event: source=adam-architect payload={"agent": "adam-architect", "skill": "", "structure": {"references": "yes", "templates": "no", "scripts": "yes"}, "status": "reviewed", "timestamp": "2026-07-23T17:45:07+02:00"}
[2026-07-23T17:48:54+02:00] [INFO] [architecture:proposal] architecture:proposal — type= status=reviewed
[2026-07-23T17:48:54+02:00] [INFO] [architecture:proposal] architecture:proposal — type= status=reviewed
[2026-07-23T17:48:54+02:00] [INFO] [architecture:proposal] Proposition archivée: /home/aza/eva-adam-v2/docs/architecture/proposal-20260723-174854.md
[2026-07-23T17:48:54+02:00] [INFO] [architecture:proposal] Proposition archivée: /home/aza/eva-adam-v2/docs/architecture/proposal-20260723-174854.md
[2026-07-23T17:48:58+02:00] [INFO] [architecture:proposal] Processing event: source=adam-architect payload={"agent": "adam-architect", "skill": "", "structure": {"references": "no", "templates": "no", "scripts": "no"}, "status": "reviewed", "timestamp": "2026-07-23T17:45:09+02:00"}
[2026-07-23T17:48:58+02:00] [INFO] [architecture:proposal] Processing event: source=adam-architect payload={"agent": "adam-architect", "skill": "", "structure": {"references": "no", "templates": "no", "scripts": "no"}, "status": "reviewed", "timestamp": "2026-07-23T17:45:09+02:00"}
[2026-07-23T17:48:58+02:00] [INFO] [architecture:proposal] architecture:proposal — type= status=reviewed
[2026-07-23T17:48:58+02:00] [INFO] [architecture:proposal] architecture:proposal — type= status=reviewed
[2026-07-23T17:48:58+02:00] [INFO] [architecture:proposal] Proposition archivée: /home/aza/eva-adam-v2/docs/architecture/proposal-20260723-174858.md
[2026-07-23T17:48:58+02:00] [INFO] [architecture:proposal] Proposition archivée: /home/aza/eva-adam-v2/docs/architecture/proposal-20260723-174858.md
[2026-07-23T17:49:02+02:00] [INFO] [skill:updated] Processing event: source=watcher-skills payload={"path": "/home/aza/.hermes/skills/agents/adam-v2-infrastructure/SKILL.md", "action": "modified", "extension": ".md", "size": 45081, "skill_name": "agents", "is_skill": true}
[2026-07-23T17:49:02+02:00] [INFO] [skill:updated] skill:updated — 
[2026-07-23T17:49:02+02:00] [INFO] [skill:updated] Index des skills mis à jour: /home/aza/eva-adam-v2/docs/skills-index.md
[2026-07-23T17:49:04+02:00] [INFO] [architecture:proposal] Processing event: source=adam-architect payload={"agent": "adam-architect", "skill": "", "structure": {"references": "no", "templates": "no", "scripts": "no"}, "status": "reviewed", "timestamp": "2026-07-23T17:45:11+02:00"}
[2026-07-23T17:49:04+02:00] [INFO] [architecture:proposal] Processing event: source=adam-architect payload={"agent": "adam-architect", "skill": "", "structure": {"references": "no", "templates": "no", "scripts": "no"}, "status": "reviewed", "timestamp": "2026-07-23T17:45:11+02:00"}
[2026-07-23T17:49:04+02:00] [INFO] [architecture:proposal] architecture:proposal — type= status=reviewed
[2026-07-23T17:49:04+02:00] [INFO] [architecture:proposal] architecture:proposal — type= status=reviewed
[2026-07-23T17:49:04+02:00] [INFO] [architecture:proposal] Proposition archivée: /home/aza/eva-adam-v2/docs/architecture/proposal-20260723-174904.md
[2026-07-23T17:49:04+02:00] [INFO] [architecture:proposal] Proposition archivée: /home/aza/eva-adam-v2/docs/architecture/proposal-20260723-174904.md
[2026-07-23T17:49:08+02:00] [INFO] [architecture:proposal] Processing event: source=adam-architect payload={"agent": "adam-architect", "skill": "", "structure": {"references": "yes", "templates": "no", "scripts": "yes"}, "status": "reviewed", "timestamp": "2026-07-23T17:45:13+02:00"}
[2026-07-23T17:49:08+02:00] [INFO] [architecture:proposal] Processing event: source=adam-architect payload={"agent": "adam-architect", "skill": "", "structure": {"references": "no", "templates": "no", "scripts": "no"}, "status": "reviewed", "timestamp": "2026-07-23T17:45:13+02:00"}
[2026-07-23T17:49:08+02:00] [INFO] [architecture:proposal] architecture:proposal — type= status=reviewed
[2026-07-23T17:49:08+02:00] [INFO] [architecture:proposal] architecture:proposal — type= status=reviewed
[2026-07-23T17:49:08+02:00] [INFO] [architecture:proposal] Proposition archivée: /home/aza/eva-adam-v2/docs/architecture/proposal-20260723-174908.md
[2026-07-23T17:49:08+02:00] [INFO] [architecture:proposal] Proposition archivée: /home/aza/eva-adam-v2/docs/architecture/proposal-20260723-174908.md
[2026-07-23T17:49:12+02:00] [INFO] [architecture:proposal] Processing event: source=adam-architect payload={"agent": "adam-architect", "skill": "", "structure": {"references": "no", "templates": "no", "scripts": "no"}, "status": "reviewed", "timestamp": "2026-07-23T17:45:15+02:00"}
[2026-07-23T17:49:12+02:00] [INFO] [architecture:proposal] Processing event: source=adam-architect payload={"agent": "adam-architect", "skill": "", "structure": {"references": "no", "templates": "no", "scripts": "no"}, "status": "reviewed", "timestamp": "2026-07-23T17:45:15+02:00"}
[2026-07-23T17:49:12+02:00] [INFO] [architecture:proposal] architecture:proposal — type= status=reviewed
[2026-07-23T17:49:12+02:00] [INFO] [architecture:proposal] architecture:proposal — type= status=reviewed
[2026-07-23T17:49:12+02:00] [INFO] [architecture:proposal] Proposition archivée: /home/aza/eva-adam-v2/docs/architecture/proposal-20260723-174912.md
[2026-07-23T17:49:12+02:00] [INFO] [architecture:proposal] Proposition archivée: /home/aza/eva-adam-v2/docs/architecture/proposal-20260723-174912.md
[2026-07-23T17:49:16+02:00] [INFO] [architecture:proposal] Processing event: source=adam-architect payload={"agent": "adam-architect", "skill": "", "structure": {"references": "no", "templates": "no", "scripts": "no"}, "status": "reviewed", "timestamp": "2026-07-23T17:45:17+02:00"}
[2026-07-23T17:49:16+02:00] [INFO] [architecture:proposal] Processing event: source=adam-architect payload={"agent": "adam-architect", "skill": "", "structure": {"references": "yes", "templates": "no", "scripts": "yes"}, "status": "reviewed", "timestamp": "2026-07-23T17:45:17+02:00"}
[2026-07-23T17:49:16+02:00] [INFO] [architecture:proposal] architecture:proposal — type= status=reviewed
[2026-07-23T17:49:16+02:00] [INFO] [architecture:proposal] architecture:proposal — type= status=reviewed
[2026-07-23T17:49:16+02:00] [INFO] [architecture:proposal] Proposition archivée: /home/aza/eva-adam-v2/docs/architecture/proposal-20260723-174916.md
[2026-07-23T17:49:16+02:00] [INFO] [architecture:proposal] Proposition archivée: /home/aza/eva-adam-v2/docs/architecture/proposal-20260723-174916.md
[2026-07-23T17:49:20+02:00] [INFO] [architecture:proposal] Processing event: source=adam-architect payload={"agent": "adam-architect", "skill": "", "structure": {"references": "no", "templates": "no", "scripts": "no"}, "status": "reviewed", "timestamp": "2026-07-23T17:45:19+02:00"}
[2026-07-23T17:49:20+02:00] [INFO] [architecture:proposal] Processing event: source=adam-architect payload={"agent": "adam-architect", "skill": "", "structure": {"references": "no", "templates": "no", "scripts": "no"}, "status": "reviewed", "timestamp": "2026-07-23T17:45:19+02:00"}
[2026-07-23T17:49:20+02:00] [INFO] [architecture:proposal] architecture:proposal — type= status=reviewed
[2026-07-23T17:49:20+02:00] [INFO] [architecture:proposal] Proposition archivée: /home/aza/eva-adam-v2/docs/architecture/proposal-20260723-174920.md
[2026-07-23T17:49:20+02:00] [INFO] [architecture:proposal] architecture:proposal — type= status=reviewed
[2026-07-23T17:49:20+02:00] [INFO] [architecture:proposal] Proposition archivée: /home/aza/eva-adam-v2/docs/architecture/proposal-20260723-174920.md
[2026-07-23T17:49:24+02:00] [INFO] [architecture:proposal] Processing event: source=adam-architect payload={"agent": "adam-architect", "skill": "", "structure": {"references": "no", "templates": "no", "scripts": "no"}, "status": "reviewed", "timestamp": "2026-07-23T17:45:21+02:00"}
[2026-07-23T17:49:24+02:00] [INFO] [architecture:proposal] Processing event: source=adam-architect payload={"agent": "adam-architect", "skill": "", "structure": {"references": "yes", "templates": "no", "scripts": "yes"}, "status": "reviewed", "timestamp": "2026-07-23T17:45:21+02:00"}
[2026-07-23T17:49:24+02:00] [INFO] [architecture:proposal] architecture:proposal — type= status=reviewed
[2026-07-23T17:49:24+02:00] [INFO] [architecture:proposal] architecture:proposal — type= status=reviewed
[2026-07-23T17:49:24+02:00] [INFO] [architecture:proposal] Proposition archivée: /home/aza/eva-adam-v2/docs/architecture/proposal-20260723-174924.md
[2026-07-23T17:49:24+02:00] [INFO] [architecture:proposal] Proposition archivée: /home/aza/eva-adam-v2/docs/architecture/proposal-20260723-174924.md
[2026-07-23T17:49:28+02:00] [INFO] [architecture:proposal] Processing event: source=adam-architect payload={"agent": "adam-architect", "skill": "", "structure": {"references": "no", "templates": "no", "scripts": "no"}, "status": "reviewed", "timestamp": "2026-07-23T17:45:23+02:00"}
[2026-07-23T17:49:28+02:00] [INFO] [architecture:proposal] Processing event: source=adam-architect payload={"agent": "adam-architect", "skill": "", "structure": {"references": "no", "templates": "no", "scripts": "no"}, "status": "reviewed", "timestamp": "2026-07-23T17:45:23+02:00"}
[2026-07-23T17:49:28+02:00] [INFO] [architecture:proposal] architecture:proposal — type= status=reviewed
[2026-07-23T17:49:28+02:00] [INFO] [architecture:proposal] architecture:proposal — type= status=reviewed
[2026-07-23T17:49:28+02:00] [INFO] [architecture:proposal] Proposition archivée: /home/aza/eva-adam-v2/docs/architecture/proposal-20260723-174928.md
[2026-07-23T17:49:28+02:00] [INFO] [architecture:proposal] Proposition archivée: /home/aza/eva-adam-v2/docs/architecture/proposal-20260723-174928.md
[2026-07-23T17:49:32+02:00] [INFO] [architecture:proposal] Processing event: source=adam-architect payload={"agent": "adam-architect", "skill": "", "structure": {"references": "no", "templates": "no", "scripts": "no"}, "status": "reviewed", "timestamp": "2026-07-23T17:45:25+02:00"}
[2026-07-23T17:49:32+02:00] [INFO] [architecture:proposal] Processing event: source=adam-architect payload={"agent": "adam-architect", "skill": "", "structure": {"references": "yes", "templates": "no", "scripts": "yes"}, "status": "reviewed", "timestamp": "2026-07-23T17:45:25+02:00"}
[2026-07-23T17:49:32+02:00] [INFO] [architecture:proposal] architecture:proposal — type= status=reviewed
[2026-07-23T17:49:32+02:00] [INFO] [architecture:proposal] architecture:proposal — type= status=reviewed
[2026-07-23T17:49:32+02:00] [INFO] [architecture:proposal] Proposition archivée: /home/aza/eva-adam-v2/docs/architecture/proposal-20260723-174932.md
[2026-07-23T17:49:32+02:00] [INFO] [architecture:proposal] Proposition archivée: /home/aza/eva-adam-v2/docs/architecture/proposal-20260723-174932.md
[2026-07-23T17:49:36+02:00] [INFO] [architecture:proposal] Processing event: source=adam-architect payload={"agent": "adam-architect", "skill": "", "structure": {"references": "no", "templates": "no", "scripts": "no"}, "status": "reviewed", "timestamp": "2026-07-23T17:45:27+02:00"}
[2026-07-23T17:49:36+02:00] [INFO] [architecture:proposal] Processing event: source=adam-architect payload={"agent": "adam-architect", "skill": "", "structure": {"references": "no", "templates": "no", "scripts": "no"}, "status": "reviewed", "timestamp": "2026-07-23T17:45:27+02:00"}
[2026-07-23T17:49:36+02:00] [INFO] [architecture:proposal] architecture:proposal — type= status=reviewed
[2026-07-23T17:49:36+02:00] [INFO] [architecture:proposal] architecture:proposal — type= status=reviewed
[2026-07-23T17:49:36+02:00] [INFO] [architecture:proposal] Proposition archivée: /home/aza/eva-adam-v2/docs/architecture/proposal-20260723-174936.md
[2026-07-23T17:49:36+02:00] [INFO] [architecture:proposal] Proposition archivée: /home/aza/eva-adam-v2/docs/architecture/proposal-20260723-174936.md
[2026-07-23T17:49:40+02:00] [INFO] [architecture:proposal] Processing event: source=adam-architect payload={"agent": "adam-architect", "skill": "", "structure": {"references": "no", "templates": "no", "scripts": "no"}, "status": "reviewed", "timestamp": "2026-07-23T17:45:29+02:00"}
[2026-07-23T17:49:40+02:00] [INFO] [architecture:proposal] Processing event: source=adam-architect payload={"agent": "adam-architect", "skill": "", "structure": {"references": "yes", "templates": "no", "scripts": "yes"}, "status": "reviewed", "timestamp": "2026-07-23T17:45:29+02:00"}
[2026-07-23T17:49:40+02:00] [INFO] [architecture:proposal] architecture:proposal — type= status=reviewed
[2026-07-23T17:49:40+02:00] [INFO] [architecture:proposal] architecture:proposal — type= status=reviewed
[2026-07-23T17:49:40+02:00] [INFO] [architecture:proposal] Proposition archivée: /home/aza/eva-adam-v2/docs/architecture/proposal-20260723-174940.md
[2026-07-23T17:49:40+02:00] [INFO] [architecture:proposal] Proposition archivée: /home/aza/eva-adam-v2/docs/architecture/proposal-20260723-174940.md
[2026-07-23T17:49:44+02:00] [INFO] [architecture:proposal] Processing event: source=adam-architect payload={"agent": "adam-architect", "skill": "", "structure": {"references": "no", "templates": "no", "scripts": "no"}, "status": "reviewed", "timestamp": "2026-07-23T17:45:31+02:00"}
[2026-07-23T17:49:44+02:00] [INFO] [architecture:proposal] Processing event: source=adam-architect payload={"agent": "adam-architect", "skill": "", "structure": {"references": "no", "templates": "no", "scripts": "no"}, "status": "reviewed", "timestamp": "2026-07-23T17:45:31+02:00"}
[2026-07-23T17:49:44+02:00] [INFO] [architecture:proposal] architecture:proposal — type= status=reviewed
[2026-07-23T17:49:44+02:00] [INFO] [architecture:proposal] architecture:proposal — type= status=reviewed
[2026-07-23T17:49:44+02:00] [INFO] [architecture:proposal] Proposition archivée: /home/aza/eva-adam-v2/docs/architecture/proposal-20260723-174944.md
[2026-07-23T17:49:44+02:00] [INFO] [architecture:proposal] Proposition archivée: /home/aza/eva-adam-v2/docs/architecture/proposal-20260723-174944.md
[2026-07-23T17:49:48+02:00] [INFO] [architecture:proposal] Processing event: source=adam-architect payload={"agent": "adam-architect", "skill": "", "structure": {"references": "no", "templates": "no", "scripts": "no"}, "status": "reviewed", "timestamp": "2026-07-23T17:45:33+02:00"}
[2026-07-23T17:49:48+02:00] [INFO] [architecture:proposal] Processing event: source=adam-architect payload={"agent": "adam-architect", "skill": "", "structure": {"references": "yes", "templates": "no", "scripts": "yes"}, "status": "reviewed", "timestamp": "2026-07-23T17:45:33+02:00"}
[2026-07-23T17:49:48+02:00] [INFO] [architecture:proposal] architecture:proposal — type= status=reviewed
[2026-07-23T17:49:48+02:00] [INFO] [architecture:proposal] architecture:proposal — type= status=reviewed
[2026-07-23T17:49:48+02:00] [INFO] [architecture:proposal] Proposition archivée: /home/aza/eva-adam-v2/docs/architecture/proposal-20260723-174948.md
[2026-07-23T17:49:48+02:00] [INFO] [architecture:proposal] Proposition archivée: /home/aza/eva-adam-v2/docs/architecture/proposal-20260723-174948.md
[2026-07-23T17:49:52+02:00] [INFO] [architecture:proposal] Processing event: source=adam-architect payload={"agent": "adam-architect", "skill": "", "structure": {"references": "yes", "templates": "no", "scripts": "yes"}, "status": "reviewed", "timestamp": "2026-07-23T17:45:35+02:00"}
[2026-07-23T17:49:52+02:00] [INFO] [architecture:proposal] Processing event: source=adam-architect payload={"agent": "adam-architect", "skill": "", "structure": {"references": "no", "templates": "no", "scripts": "no"}, "status": "reviewed", "timestamp": "2026-07-23T17:45:35+02:00"}
[2026-07-23T17:49:52+02:00] [INFO] [architecture:proposal] architecture:proposal — type= status=reviewed
[2026-07-23T17:49:52+02:00] [INFO] [architecture:proposal] architecture:proposal — type= status=reviewed
[2026-07-23T17:49:52+02:00] [INFO] [architecture:proposal] Proposition archivée: /home/aza/eva-adam-v2/docs/architecture/proposal-20260723-174952.md
[2026-07-23T17:49:52+02:00] [INFO] [architecture:proposal] Proposition archivée: /home/aza/eva-adam-v2/docs/architecture/proposal-20260723-174952.md
[2026-07-23T17:49:56+02:00] [INFO] [architecture:proposal] Processing event: source=adam-architect payload={"agent": "adam-architect", "skill": "", "structure": {"references": "no", "templates": "no", "scripts": "no"}, "status": "reviewed", "timestamp": "2026-07-23T17:45:37+02:00"}
[2026-07-23T17:49:56+02:00] [INFO] [architecture:proposal] Processing event: source=adam-architect payload={"agent": "adam-architect", "skill": "", "structure": {"references": "no", "templates": "no", "scripts": "no"}, "status": "reviewed", "timestamp": "2026-07-23T17:45:37+02:00"}
[2026-07-23T17:49:56+02:00] [INFO] [architecture:proposal] architecture:proposal — type= status=reviewed
[2026-07-23T17:49:56+02:00] [INFO] [architecture:proposal] architecture:proposal — type= status=reviewed
[2026-07-23T17:49:56+02:00] [INFO] [architecture:proposal] Proposition archivée: /home/aza/eva-adam-v2/docs/architecture/proposal-20260723-174956.md
[2026-07-23T17:49:56+02:00] [INFO] [architecture:proposal] Proposition archivée: /home/aza/eva-adam-v2/docs/architecture/proposal-20260723-174956.md
[2026-07-23T17:50:00+02:00] [INFO] [architecture:proposal] Processing event: source=adam-architect payload={"agent": "adam-architect", "skill": "", "structure": {"references": "no", "templates": "no", "scripts": "no"}, "status": "reviewed", "timestamp": "2026-07-23T17:45:39+02:00"}
[2026-07-23T17:50:00+02:00] [INFO] [architecture:proposal] Processing event: source=adam-architect payload={"agent": "adam-architect", "skill": "", "structure": {"references": "no", "templates": "no", "scripts": "no"}, "status": "reviewed", "timestamp": "2026-07-23T17:45:39+02:00"}
[2026-07-23T17:50:00+02:00] [INFO] [architecture:proposal] architecture:proposal — type= status=reviewed
[2026-07-23T17:50:00+02:00] [INFO] [architecture:proposal] Proposition archivée: /home/aza/eva-adam-v2/docs/architecture/proposal-20260723-175000.md
[2026-07-23T17:50:00+02:00] [INFO] [architecture:proposal] architecture:proposal — type= status=reviewed
[2026-07-23T17:50:00+02:00] [INFO] [architecture:proposal] Proposition archivée: /home/aza/eva-adam-v2/docs/architecture/proposal-20260723-175000.md
[2026-07-23T17:50:04+02:00] [INFO] [architecture:proposal] Processing event: source=adam-architect payload={"agent": "adam-architect", "skill": "", "structure": {"references": "yes", "templates": "no", "scripts": "yes"}, "status": "reviewed", "timestamp": "2026-07-23T17:45:41+02:00"}
[2026-07-23T17:50:04+02:00] [INFO] [architecture:proposal] Processing event: source=adam-architect payload={"agent": "adam-architect", "skill": "", "structure": {"references": "no", "templates": "no", "scripts": "no"}, "status": "reviewed", "timestamp": "2026-07-23T17:45:41+02:00"}
[2026-07-23T17:50:04+02:00] [INFO] [architecture:proposal] architecture:proposal — type= status=reviewed
[2026-07-23T17:50:04+02:00] [INFO] [architecture:proposal] architecture:proposal — type= status=reviewed
[2026-07-23T17:50:04+02:00] [INFO] [architecture:proposal] Proposition archivée: /home/aza/eva-adam-v2/docs/architecture/proposal-20260723-175004.md
[2026-07-23T17:50:04+02:00] [INFO] [architecture:proposal] Proposition archivée: /home/aza/eva-adam-v2/docs/architecture/proposal-20260723-175004.md
[2026-07-23T17:50:08+02:00] [INFO] [architecture:proposal] Processing event: source=adam-architect payload={"agent": "adam-architect", "skill": "", "structure": {"references": "no", "templates": "no", "scripts": "no"}, "status": "reviewed", "timestamp": "2026-07-23T17:45:43+02:00"}
[2026-07-23T17:50:08+02:00] [INFO] [architecture:proposal] Processing event: source=adam-architect payload={"agent": "adam-architect", "skill": "", "structure": {"references": "no", "templates": "no", "scripts": "no"}, "status": "reviewed", "timestamp": "2026-07-23T17:45:43+02:00"}
[2026-07-23T17:50:08+02:00] [INFO] [architecture:proposal] architecture:proposal — type= status=reviewed
[2026-07-23T17:50:08+02:00] [INFO] [architecture:proposal] architecture:proposal — type= status=reviewed
[2026-07-23T17:50:08+02:00] [INFO] [architecture:proposal] Proposition archivée: /home/aza/eva-adam-v2/docs/architecture/proposal-20260723-175008.md
[2026-07-23T17:50:08+02:00] [INFO] [architecture:proposal] Proposition archivée: /home/aza/eva-adam-v2/docs/architecture/proposal-20260723-175008.md
[2026-07-23T17:50:12+02:00] [INFO] [architecture:proposal] Processing event: source=adam-architect payload={"agent": "adam-architect", "skill": "", "structure": {"references": "yes", "templates": "no", "scripts": "yes"}, "status": "reviewed", "timestamp": "2026-07-23T17:45:45+02:00"}
[2026-07-23T17:50:12+02:00] [INFO] [architecture:proposal] Processing event: source=adam-architect payload={"agent": "adam-architect", "skill": "", "structure": {"references": "no", "templates": "no", "scripts": "no"}, "status": "reviewed", "timestamp": "2026-07-23T17:45:45+02:00"}
[2026-07-23T17:50:12+02:00] [INFO] [architecture:proposal] architecture:proposal — type= status=reviewed
[2026-07-23T17:50:12+02:00] [INFO] [architecture:proposal] architecture:proposal — type= status=reviewed
[2026-07-23T17:50:12+02:00] [INFO] [architecture:proposal] Proposition archivée: /home/aza/eva-adam-v2/docs/architecture/proposal-20260723-175012.md
[2026-07-23T17:50:12+02:00] [INFO] [architecture:proposal] Proposition archivée: /home/aza/eva-adam-v2/docs/architecture/proposal-20260723-175012.md
[2026-07-23T17:50:16+02:00] [INFO] [architecture:proposal] Processing event: source=adam-architect payload={"agent": "adam-architect", "skill": "", "structure": {"references": "yes", "templates": "no", "scripts": "yes"}, "status": "reviewed", "timestamp": "2026-07-23T17:45:47+02:00"}
[2026-07-23T17:50:16+02:00] [INFO] [architecture:proposal] Processing event: source=adam-architect payload={"agent": "adam-architect", "skill": "", "structure": {"references": "no", "templates": "no", "scripts": "no"}, "status": "reviewed", "timestamp": "2026-07-23T17:45:47+02:00"}
[2026-07-23T17:50:16+02:00] [INFO] [architecture:proposal] architecture:proposal — type= status=reviewed
[2026-07-23T17:50:16+02:00] [INFO] [architecture:proposal] architecture:proposal — type= status=reviewed
[2026-07-23T17:50:16+02:00] [INFO] [architecture:proposal] Proposition archivée: /home/aza/eva-adam-v2/docs/architecture/proposal-20260723-175016.md
[2026-07-23T17:50:16+02:00] [INFO] [architecture:proposal] Proposition archivée: /home/aza/eva-adam-v2/docs/architecture/proposal-20260723-175016.md
[2026-07-23T17:50:20+02:00] [INFO] [architecture:proposal] Processing event: source=adam-architect payload={"agent": "adam-architect", "skill": "", "structure": {"references": "no", "templates": "no", "scripts": "no"}, "status": "reviewed", "timestamp": "2026-07-23T17:45:49+02:00"}
[2026-07-23T17:50:20+02:00] [INFO] [architecture:proposal] Processing event: source=adam-architect payload={"agent": "adam-architect", "skill": "", "structure": {"references": "no", "templates": "no", "scripts": "no"}, "status": "reviewed", "timestamp": "2026-07-23T17:45:49+02:00"}
[2026-07-23T17:50:20+02:00] [INFO] [architecture:proposal] architecture:proposal — type= status=reviewed
[2026-07-23T17:50:20+02:00] [INFO] [architecture:proposal] architecture:proposal — type= status=reviewed
[2026-07-23T17:50:20+02:00] [INFO] [architecture:proposal] Proposition archivée: /home/aza/eva-adam-v2/docs/architecture/proposal-20260723-175020.md
[2026-07-23T17:50:20+02:00] [INFO] [architecture:proposal] Proposition archivée: /home/aza/eva-adam-v2/docs/architecture/proposal-20260723-175020.md
[2026-07-23T17:50:24+02:00] [INFO] [architecture:proposal] Processing event: source=adam-architect payload={"agent": "adam-architect", "skill": "", "structure": {"references": "no", "templates": "no", "scripts": "no"}, "status": "reviewed", "timestamp": "2026-07-23T17:45:51+02:00"}
[2026-07-23T17:50:24+02:00] [INFO] [architecture:proposal] Processing event: source=adam-architect payload={"agent": "adam-architect", "skill": "", "structure": {"references": "yes", "templates": "no", "scripts": "no"}, "status": "reviewed", "timestamp": "2026-07-23T17:45:51+02:00"}
[2026-07-23T17:50:24+02:00] [INFO] [architecture:proposal] architecture:proposal — type= status=reviewed
[2026-07-23T17:50:24+02:00] [INFO] [architecture:proposal] Proposition archivée: /home/aza/eva-adam-v2/docs/architecture/proposal-20260723-175024.md
[2026-07-23T17:50:24+02:00] [INFO] [architecture:proposal] architecture:proposal — type= status=reviewed
[2026-07-23T17:50:24+02:00] [INFO] [architecture:proposal] Proposition archivée: /home/aza/eva-adam-v2/docs/architecture/proposal-20260723-175024.md
[2026-07-23T17:50:28+02:00] [INFO] [architecture:proposal] Processing event: source=adam-architect payload={"agent": "adam-architect", "skill": "", "structure": {"references": "yes", "templates": "no", "scripts": "yes"}, "status": "reviewed", "timestamp": "2026-07-23T17:45:53+02:00"}
[2026-07-23T17:50:28+02:00] [INFO] [architecture:proposal] Processing event: source=adam-architect payload={"agent": "adam-architect", "skill": "", "structure": {"references": "yes", "templates": "no", "scripts": "yes"}, "status": "reviewed", "timestamp": "2026-07-23T17:45:53+02:00"}
[2026-07-23T17:50:28+02:00] [INFO] [architecture:proposal] architecture:proposal — type= status=reviewed
[2026-07-23T17:50:28+02:00] [INFO] [architecture:proposal] Proposition archivée: /home/aza/eva-adam-v2/docs/architecture/proposal-20260723-175028.md
[2026-07-23T17:50:28+02:00] [INFO] [architecture:proposal] architecture:proposal — type= status=reviewed
[2026-07-23T17:50:28+02:00] [INFO] [architecture:proposal] Proposition archivée: /home/aza/eva-adam-v2/docs/architecture/proposal-20260723-175028.md
[2026-07-23T17:50:34+02:00] [INFO] [architecture:proposal] Processing event: source=adam-architect payload={"agent": "adam-architect", "skill": "", "structure": {"references": "no", "templates": "no", "scripts": "no"}, "status": "reviewed", "timestamp": "2026-07-23T17:45:55+02:00"}
[2026-07-23T17:50:34+02:00] [INFO] [architecture:proposal] Processing event: source=adam-architect payload={"agent": "adam-architect", "skill": "", "structure": {"references": "no", "templates": "no", "scripts": "no"}, "status": "reviewed", "timestamp": "2026-07-23T17:45:55+02:00"}
[2026-07-23T17:50:34+02:00] [INFO] [architecture:proposal] architecture:proposal — type= status=reviewed
[2026-07-23T17:50:34+02:00] [INFO] [architecture:proposal] architecture:proposal — type= status=reviewed
[2026-07-23T17:50:34+02:00] [INFO] [architecture:proposal] Proposition archivée: /home/aza/eva-adam-v2/docs/architecture/proposal-20260723-175034.md
[2026-07-23T17:50:34+02:00] [INFO] [architecture:proposal] Proposition archivée: /home/aza/eva-adam-v2/docs/architecture/proposal-20260723-175034.md
[2026-07-23T17:50:38+02:00] [INFO] [architecture:proposal] Processing event: source=adam-architect payload={"agent": "adam-architect", "skill": "", "structure": {"references": "yes", "templates": "no", "scripts": "yes"}, "status": "reviewed", "timestamp": "2026-07-23T17:45:57+02:00"}
[2026-07-23T17:50:38+02:00] [INFO] [architecture:proposal] Processing event: source=adam-architect payload={"agent": "adam-architect", "skill": "", "structure": {"references": "no", "templates": "no", "scripts": "no"}, "status": "reviewed", "timestamp": "2026-07-23T17:45:57+02:00"}
[2026-07-23T17:50:38+02:00] [INFO] [architecture:proposal] architecture:proposal — type= status=reviewed
[2026-07-23T17:50:38+02:00] [INFO] [architecture:proposal] architecture:proposal — type= status=reviewed
[2026-07-23T17:50:38+02:00] [INFO] [architecture:proposal] Proposition archivée: /home/aza/eva-adam-v2/docs/architecture/proposal-20260723-175038.md
[2026-07-23T17:50:38+02:00] [INFO] [architecture:proposal] Proposition archivée: /home/aza/eva-adam-v2/docs/architecture/proposal-20260723-175038.md
[2026-07-23T17:50:42+02:00] [INFO] [architecture:proposal] Processing event: source=adam-architect payload={"agent": "adam-architect", "skill": "", "structure": {"references": "no", "templates": "no", "scripts": "no"}, "status": "reviewed", "timestamp": "2026-07-23T17:45:59+02:00"}
[2026-07-23T17:50:42+02:00] [INFO] [architecture:proposal] Processing event: source=adam-architect payload={"agent": "adam-architect", "skill": "", "structure": {"references": "no", "templates": "no", "scripts": "no"}, "status": "reviewed", "timestamp": "2026-07-23T17:45:59+02:00"}
[2026-07-23T17:50:42+02:00] [INFO] [architecture:proposal] architecture:proposal — type= status=reviewed
[2026-07-23T17:50:42+02:00] [INFO] [architecture:proposal] Proposition archivée: /home/aza/eva-adam-v2/docs/architecture/proposal-20260723-175042.md
[2026-07-23T17:50:42+02:00] [INFO] [architecture:proposal] architecture:proposal — type= status=reviewed
[2026-07-23T17:50:42+02:00] [INFO] [architecture:proposal] Proposition archivée: /home/aza/eva-adam-v2/docs/architecture/proposal-20260723-175042.md
[2026-07-23T17:50:46+02:00] [INFO] [architecture:proposal] Processing event: source=adam-architect payload={"agent": "adam-architect", "skill": "", "structure": {"references": "yes", "templates": "no", "scripts": "no"}, "status": "reviewed", "timestamp": "2026-07-23T17:46:01+02:00"}
[2026-07-23T17:50:46+02:00] [INFO] [architecture:proposal] Processing event: source=adam-architect payload={"agent": "adam-architect", "skill": "", "structure": {"references": "yes", "templates": "no", "scripts": "no"}, "status": "reviewed", "timestamp": "2026-07-23T17:46:01+02:00"}
[2026-07-23T17:50:46+02:00] [INFO] [architecture:proposal] architecture:proposal — type= status=reviewed
[2026-07-23T17:50:46+02:00] [INFO] [architecture:proposal] architecture:proposal — type= status=reviewed
[2026-07-23T17:50:46+02:00] [INFO] [architecture:proposal] Proposition archivée: /home/aza/eva-adam-v2/docs/architecture/proposal-20260723-175046.md
[2026-07-23T17:50:46+02:00] [INFO] [architecture:proposal] Proposition archivée: /home/aza/eva-adam-v2/docs/architecture/proposal-20260723-175046.md
[2026-07-23T17:50:50+02:00] [INFO] [architecture:proposal] Processing event: source=adam-architect payload={"agent": "adam-architect", "skill": "", "structure": {"references": "no", "templates": "no", "scripts": "no"}, "status": "reviewed", "timestamp": "2026-07-23T17:46:03+02:00"}
[2026-07-23T17:50:50+02:00] [INFO] [architecture:proposal] Processing event: source=adam-architect payload={"agent": "adam-architect", "skill": "", "structure": {"references": "no", "templates": "no", "scripts": "no"}, "status": "reviewed", "timestamp": "2026-07-23T17:46:03+02:00"}
[2026-07-23T17:50:50+02:00] [INFO] [architecture:proposal] architecture:proposal — type= status=reviewed
[2026-07-23T17:50:50+02:00] [INFO] [architecture:proposal] architecture:proposal — type= status=reviewed
[2026-07-23T17:50:50+02:00] [INFO] [architecture:proposal] Proposition archivée: /home/aza/eva-adam-v2/docs/architecture/proposal-20260723-175050.md
[2026-07-23T17:50:50+02:00] [INFO] [architecture:proposal] Proposition archivée: /home/aza/eva-adam-v2/docs/architecture/proposal-20260723-175050.md
[2026-07-23T17:50:54+02:00] [INFO] [architecture:proposal] Processing event: source=adam-architect payload={"agent": "adam-architect", "skill": "", "structure": {"references": "no", "templates": "no", "scripts": "no"}, "status": "reviewed", "timestamp": "2026-07-23T17:46:05+02:00"}
[2026-07-23T17:50:54+02:00] [INFO] [architecture:proposal] Processing event: source=adam-architect payload={"agent": "adam-architect", "skill": "", "structure": {"references": "yes", "templates": "no", "scripts": "yes"}, "status": "reviewed", "timestamp": "2026-07-23T17:46:05+02:00"}
[2026-07-23T17:50:54+02:00] [INFO] [architecture:proposal] architecture:proposal — type= status=reviewed
[2026-07-23T17:50:54+02:00] [INFO] [architecture:proposal] architecture:proposal — type= status=reviewed
[2026-07-23T17:50:54+02:00] [INFO] [architecture:proposal] Proposition archivée: /home/aza/eva-adam-v2/docs/architecture/proposal-20260723-175054.md
[2026-07-23T17:50:54+02:00] [INFO] [architecture:proposal] Proposition archivée: /home/aza/eva-adam-v2/docs/architecture/proposal-20260723-175054.md
[2026-07-23T17:50:58+02:00] [INFO] [architecture:proposal] Processing event: source=adam-architect payload={"agent": "adam-architect", "skill": "", "structure": {"references": "no", "templates": "no", "scripts": "no"}, "status": "reviewed", "timestamp": "2026-07-23T17:46:07+02:00"}
[2026-07-23T17:50:58+02:00] [INFO] [architecture:proposal] Processing event: source=adam-architect payload={"agent": "adam-architect", "skill": "", "structure": {"references": "no", "templates": "no", "scripts": "no"}, "status": "reviewed", "timestamp": "2026-07-23T17:46:07+02:00"}
[2026-07-23T17:50:58+02:00] [INFO] [architecture:proposal] architecture:proposal — type= status=reviewed
[2026-07-23T17:50:58+02:00] [INFO] [architecture:proposal] architecture:proposal — type= status=reviewed
[2026-07-23T17:50:58+02:00] [INFO] [architecture:proposal] Proposition archivée: /home/aza/eva-adam-v2/docs/architecture/proposal-20260723-175059.md
[2026-07-23T17:50:58+02:00] [INFO] [architecture:proposal] Proposition archivée: /home/aza/eva-adam-v2/docs/architecture/proposal-20260723-175059.md
[2026-07-23T17:51:02+02:00] [INFO] [architecture:proposal] Processing event: source=adam-architect payload={"agent": "adam-architect", "skill": "", "structure": {"references": "no", "templates": "no", "scripts": "no"}, "status": "reviewed", "timestamp": "2026-07-23T17:46:09+02:00"}
[2026-07-23T17:51:02+02:00] [INFO] [architecture:proposal] Processing event: source=adam-architect payload={"agent": "adam-architect", "skill": "", "structure": {"references": "no", "templates": "no", "scripts": "no"}, "status": "reviewed", "timestamp": "2026-07-23T17:46:09+02:00"}
[2026-07-23T17:51:02+02:00] [INFO] [architecture:proposal] architecture:proposal — type= status=reviewed
[2026-07-23T17:51:02+02:00] [INFO] [architecture:proposal] Proposition archivée: /home/aza/eva-adam-v2/docs/architecture/proposal-20260723-175103.md
[2026-07-23T17:51:02+02:00] [INFO] [architecture:proposal] architecture:proposal — type= status=reviewed
[2026-07-23T17:51:02+02:00] [INFO] [architecture:proposal] Proposition archivée: /home/aza/eva-adam-v2/docs/architecture/proposal-20260723-175103.md
[2026-07-23T17:51:07+02:00] [INFO] [architecture:proposal] Processing event: source=adam-architect payload={"agent": "adam-architect", "skill": "", "structure": {"references": "no", "templates": "no", "scripts": "no"}, "status": "reviewed", "timestamp": "2026-07-23T17:46:11+02:00"}
[2026-07-23T17:51:07+02:00] [INFO] [architecture:proposal] Processing event: source=adam-architect payload={"agent": "adam-architect", "skill": "", "structure": {"references": "no", "templates": "no", "scripts": "no"}, "status": "reviewed", "timestamp": "2026-07-23T17:46:11+02:00"}
[2026-07-23T17:51:07+02:00] [INFO] [architecture:proposal] architecture:proposal — type= status=reviewed
[2026-07-23T17:51:07+02:00] [INFO] [architecture:proposal] architecture:proposal — type= status=reviewed
[2026-07-23T17:51:07+02:00] [INFO] [architecture:proposal] Proposition archivée: /home/aza/eva-adam-v2/docs/architecture/proposal-20260723-175107.md
[2026-07-23T17:51:07+02:00] [INFO] [architecture:proposal] Proposition archivée: /home/aza/eva-adam-v2/docs/architecture/proposal-20260723-175107.md
[2026-07-23T17:51:11+02:00] [INFO] [architecture:proposal] Processing event: source=adam-architect payload={"agent": "adam-architect", "skill": "", "structure": {"references": "yes", "templates": "no", "scripts": "yes"}, "status": "reviewed", "timestamp": "2026-07-23T17:46:13+02:00"}
[2026-07-23T17:51:11+02:00] [INFO] [architecture:proposal] Processing event: source=adam-architect payload={"agent": "adam-architect", "skill": "", "structure": {"references": "no", "templates": "no", "scripts": "no"}, "status": "reviewed", "timestamp": "2026-07-23T17:46:13+02:00"}
[2026-07-23T17:51:11+02:00] [INFO] [architecture:proposal] architecture:proposal — type= status=reviewed
[2026-07-23T17:51:11+02:00] [INFO] [architecture:proposal] Proposition archivée: /home/aza/eva-adam-v2/docs/architecture/proposal-20260723-175111.md
[2026-07-23T17:51:11+02:00] [INFO] [architecture:proposal] architecture:proposal — type= status=reviewed
[2026-07-23T17:51:11+02:00] [INFO] [architecture:proposal] Proposition archivée: /home/aza/eva-adam-v2/docs/architecture/proposal-20260723-175111.md
[2026-07-23T17:51:15+02:00] [INFO] [architecture:proposal] Processing event: source=adam-architect payload={"agent": "adam-architect", "skill": "", "structure": {"references": "no", "templates": "no", "scripts": "no"}, "status": "reviewed", "timestamp": "2026-07-23T17:46:15+02:00"}
[2026-07-23T17:51:15+02:00] [INFO] [architecture:proposal] Processing event: source=adam-architect payload={"agent": "adam-architect", "skill": "", "structure": {"references": "no", "templates": "no", "scripts": "no"}, "status": "reviewed", "timestamp": "2026-07-23T17:46:15+02:00"}
[2026-07-23T17:51:15+02:00] [INFO] [architecture:proposal] architecture:proposal — type= status=reviewed
[2026-07-23T17:51:15+02:00] [INFO] [architecture:proposal] Proposition archivée: /home/aza/eva-adam-v2/docs/architecture/proposal-20260723-175115.md
[2026-07-23T17:51:15+02:00] [INFO] [architecture:proposal] architecture:proposal — type= status=reviewed
[2026-07-23T17:51:15+02:00] [INFO] [architecture:proposal] Proposition archivée: /home/aza/eva-adam-v2/docs/architecture/proposal-20260723-175115.md
[2026-07-23T17:51:19+02:00] [INFO] [architecture:proposal] Processing event: source=adam-architect payload={"agent": "adam-architect", "skill": "", "structure": {"references": "no", "templates": "no", "scripts": "no"}, "status": "reviewed", "timestamp": "2026-07-23T17:46:17+02:00"}
[2026-07-23T17:51:19+02:00] [INFO] [architecture:proposal] Processing event: source=adam-architect payload={"agent": "adam-architect", "skill": "", "structure": {"references": "yes", "templates": "no", "scripts": "yes"}, "status": "reviewed", "timestamp": "2026-07-23T17:46:17+02:00"}
[2026-07-23T17:51:19+02:00] [INFO] [architecture:proposal] architecture:proposal — type= status=reviewed
[2026-07-23T17:51:19+02:00] [INFO] [architecture:proposal] architecture:proposal — type= status=reviewed
[2026-07-23T17:51:19+02:00] [INFO] [architecture:proposal] Proposition archivée: /home/aza/eva-adam-v2/docs/architecture/proposal-20260723-175119.md
[2026-07-23T17:51:19+02:00] [INFO] [architecture:proposal] Proposition archivée: /home/aza/eva-adam-v2/docs/architecture/proposal-20260723-175119.md
[2026-07-23T17:51:23+02:00] [INFO] [architecture:proposal] Processing event: source=adam-architect payload={"agent": "adam-architect", "skill": "", "structure": {"references": "no", "templates": "no", "scripts": "no"}, "status": "reviewed", "timestamp": "2026-07-23T17:46:19+02:00"}
[2026-07-23T17:51:23+02:00] [INFO] [architecture:proposal] Processing event: source=adam-architect payload={"agent": "adam-architect", "skill": "", "structure": {"references": "no", "templates": "no", "scripts": "no"}, "status": "reviewed", "timestamp": "2026-07-23T17:46:19+02:00"}
[2026-07-23T17:51:23+02:00] [INFO] [architecture:proposal] architecture:proposal — type= status=reviewed
[2026-07-23T17:51:23+02:00] [INFO] [architecture:proposal] Proposition archivée: /home/aza/eva-adam-v2/docs/architecture/proposal-20260723-175123.md
[2026-07-23T17:51:23+02:00] [INFO] [architecture:proposal] architecture:proposal — type= status=reviewed
[2026-07-23T17:51:23+02:00] [INFO] [architecture:proposal] Proposition archivée: /home/aza/eva-adam-v2/docs/architecture/proposal-20260723-175123.md
[2026-07-23T17:51:27+02:00] [INFO] [architecture:proposal] Processing event: source=adam-architect payload={"agent": "adam-architect", "skill": "", "structure": {"references": "no", "templates": "no", "scripts": "no"}, "status": "reviewed", "timestamp": "2026-07-23T17:46:21+02:00"}
[2026-07-23T17:51:27+02:00] [INFO] [architecture:proposal] Processing event: source=adam-architect payload={"agent": "adam-architect", "skill": "", "structure": {"references": "yes", "templates": "no", "scripts": "yes"}, "status": "reviewed", "timestamp": "2026-07-23T17:46:21+02:00"}
[2026-07-23T17:51:27+02:00] [INFO] [architecture:proposal] architecture:proposal — type= status=reviewed
[2026-07-23T17:51:27+02:00] [INFO] [architecture:proposal] architecture:proposal — type= status=reviewed
[2026-07-23T17:51:27+02:00] [INFO] [architecture:proposal] Proposition archivée: /home/aza/eva-adam-v2/docs/architecture/proposal-20260723-175127.md
[2026-07-23T17:51:27+02:00] [INFO] [architecture:proposal] Proposition archivée: /home/aza/eva-adam-v2/docs/architecture/proposal-20260723-175127.md
[2026-07-23T17:51:31+02:00] [INFO] [architecture:proposal] Processing event: source=adam-architect payload={"agent": "adam-architect", "skill": "", "structure": {"references": "no", "templates": "no", "scripts": "no"}, "status": "reviewed", "timestamp": "2026-07-23T17:46:23+02:00"}
[2026-07-23T17:51:31+02:00] [INFO] [architecture:proposal] Processing event: source=adam-architect payload={"agent": "adam-architect", "skill": "", "structure": {"references": "no", "templates": "no", "scripts": "no"}, "status": "reviewed", "timestamp": "2026-07-23T17:46:23+02:00"}
[2026-07-23T17:51:31+02:00] [INFO] [architecture:proposal] architecture:proposal — type= status=reviewed
[2026-07-23T17:51:31+02:00] [INFO] [architecture:proposal] architecture:proposal — type= status=reviewed
[2026-07-23T17:51:31+02:00] [INFO] [architecture:proposal] Proposition archivée: /home/aza/eva-adam-v2/docs/architecture/proposal-20260723-175131.md
[2026-07-23T17:51:31+02:00] [INFO] [architecture:proposal] Proposition archivée: /home/aza/eva-adam-v2/docs/architecture/proposal-20260723-175131.md
[2026-07-23T17:51:35+02:00] [INFO] [architecture:proposal] Processing event: source=adam-architect payload={"agent": "adam-architect", "skill": "", "structure": {"references": "yes", "templates": "no", "scripts": "yes"}, "status": "reviewed", "timestamp": "2026-07-23T17:46:25+02:00"}
[2026-07-23T17:51:35+02:00] [INFO] [architecture:proposal] Processing event: source=adam-architect payload={"agent": "adam-architect", "skill": "", "structure": {"references": "no", "templates": "no", "scripts": "no"}, "status": "reviewed", "timestamp": "2026-07-23T17:46:25+02:00"}
[2026-07-23T17:51:35+02:00] [INFO] [architecture:proposal] architecture:proposal — type= status=reviewed
[2026-07-23T17:51:35+02:00] [INFO] [architecture:proposal] Proposition archivée: /home/aza/eva-adam-v2/docs/architecture/proposal-20260723-175135.md
[2026-07-23T17:51:35+02:00] [INFO] [architecture:proposal] architecture:proposal — type= status=reviewed
[2026-07-23T17:51:35+02:00] [INFO] [architecture:proposal] Proposition archivée: /home/aza/eva-adam-v2/docs/architecture/proposal-20260723-175135.md
[2026-07-23T17:51:39+02:00] [INFO] [architecture:proposal] Processing event: source=adam-architect payload={"agent": "adam-architect", "skill": "", "structure": {"references": "no", "templates": "no", "scripts": "no"}, "status": "reviewed", "timestamp": "2026-07-23T17:46:27+02:00"}
[2026-07-23T17:51:39+02:00] [INFO] [architecture:proposal] Processing event: source=adam-architect payload={"agent": "adam-architect", "skill": "", "structure": {"references": "no", "templates": "no", "scripts": "no"}, "status": "reviewed", "timestamp": "2026-07-23T17:46:27+02:00"}
[2026-07-23T17:51:39+02:00] [INFO] [architecture:proposal] architecture:proposal — type= status=reviewed
[2026-07-23T17:51:39+02:00] [INFO] [architecture:proposal] Proposition archivée: /home/aza/eva-adam-v2/docs/architecture/proposal-20260723-175139.md
[2026-07-23T17:51:39+02:00] [INFO] [architecture:proposal] architecture:proposal — type= status=reviewed
[2026-07-23T17:51:39+02:00] [INFO] [architecture:proposal] Proposition archivée: /home/aza/eva-adam-v2/docs/architecture/proposal-20260723-175139.md
[2026-07-23T17:51:45+02:00] [INFO] [architecture:proposal] Processing event: source=adam-architect payload={"agent": "adam-architect", "skill": "", "structure": {"references": "yes", "templates": "no", "scripts": "yes"}, "status": "reviewed", "timestamp": "2026-07-23T17:46:29+02:00"}
[2026-07-23T17:51:45+02:00] [INFO] [architecture:proposal] Processing event: source=adam-architect payload={"agent": "adam-architect", "skill": "", "structure": {"references": "no", "templates": "no", "scripts": "no"}, "status": "reviewed", "timestamp": "2026-07-23T17:46:29+02:00"}
[2026-07-23T17:51:45+02:00] [INFO] [architecture:proposal] architecture:proposal — type= status=reviewed
[2026-07-23T17:51:45+02:00] [INFO] [architecture:proposal] architecture:proposal — type= status=reviewed
[2026-07-23T17:51:45+02:00] [INFO] [architecture:proposal] Proposition archivée: /home/aza/eva-adam-v2/docs/architecture/proposal-20260723-175145.md
[2026-07-23T17:51:45+02:00] [INFO] [architecture:proposal] Proposition archivée: /home/aza/eva-adam-v2/docs/architecture/proposal-20260723-175145.md
[2026-07-23T17:51:49+02:00] [INFO] [architecture:proposal] Processing event: source=adam-architect payload={"agent": "adam-architect", "skill": "", "structure": {"references": "no", "templates": "no", "scripts": "no"}, "status": "reviewed", "timestamp": "2026-07-23T17:46:31+02:00"}
[2026-07-23T17:51:49+02:00] [INFO] [architecture:proposal] Processing event: source=adam-architect payload={"agent": "adam-architect", "skill": "", "structure": {"references": "no", "templates": "no", "scripts": "no"}, "status": "reviewed", "timestamp": "2026-07-23T17:46:31+02:00"}
[2026-07-23T17:51:49+02:00] [INFO] [architecture:proposal] architecture:proposal — type= status=reviewed
[2026-07-23T17:51:49+02:00] [INFO] [architecture:proposal] architecture:proposal — type= status=reviewed
[2026-07-23T17:51:49+02:00] [INFO] [architecture:proposal] Proposition archivée: /home/aza/eva-adam-v2/docs/architecture/proposal-20260723-175149.md
[2026-07-23T17:51:49+02:00] [INFO] [architecture:proposal] Proposition archivée: /home/aza/eva-adam-v2/docs/architecture/proposal-20260723-175149.md
[2026-07-23T17:51:53+02:00] [INFO] [architecture:proposal] Processing event: source=adam-architect payload={"agent": "adam-architect", "skill": "", "structure": {"references": "no", "templates": "no", "scripts": "no"}, "status": "reviewed", "timestamp": "2026-07-23T17:46:33+02:00"}
[2026-07-23T17:51:53+02:00] [INFO] [architecture:proposal] Processing event: source=adam-architect payload={"agent": "adam-architect", "skill": "", "structure": {"references": "no", "templates": "no", "scripts": "no"}, "status": "reviewed", "timestamp": "2026-07-23T17:46:33+02:00"}
[2026-07-23T17:51:53+02:00] [INFO] [architecture:proposal] architecture:proposal — type= status=reviewed
[2026-07-23T17:51:53+02:00] [INFO] [architecture:proposal] Proposition archivée: /home/aza/eva-adam-v2/docs/architecture/proposal-20260723-175153.md
[2026-07-23T17:51:53+02:00] [INFO] [architecture:proposal] architecture:proposal — type= status=reviewed
[2026-07-23T17:51:53+02:00] [INFO] [architecture:proposal] Proposition archivée: /home/aza/eva-adam-v2/docs/architecture/proposal-20260723-175153.md
[2026-07-23T17:51:57+02:00] [INFO] [architecture:proposal] Processing event: source=adam-architect payload={"agent": "adam-architect", "skill": "", "structure": {"references": "yes", "templates": "no", "scripts": "yes"}, "status": "reviewed", "timestamp": "2026-07-23T17:46:35+02:00"}
[2026-07-23T17:51:57+02:00] [INFO] [architecture:proposal] Processing event: source=adam-architect payload={"agent": "adam-architect", "skill": "", "structure": {"references": "no", "templates": "no", "scripts": "no"}, "status": "reviewed", "timestamp": "2026-07-23T17:46:35+02:00"}
[2026-07-23T17:51:57+02:00] [INFO] [architecture:proposal] architecture:proposal — type= status=reviewed
[2026-07-23T17:51:57+02:00] [INFO] [architecture:proposal] architecture:proposal — type= status=reviewed
[2026-07-23T17:51:57+02:00] [INFO] [architecture:proposal] Proposition archivée: /home/aza/eva-adam-v2/docs/architecture/proposal-20260723-175157.md
[2026-07-23T17:51:57+02:00] [INFO] [architecture:proposal] Proposition archivée: /home/aza/eva-adam-v2/docs/architecture/proposal-20260723-175157.md
[2026-07-23T17:52:01+02:00] [INFO] [architecture:proposal] Processing event: source=adam-architect payload={"agent": "adam-architect", "skill": "", "structure": {"references": "yes", "templates": "no", "scripts": "yes"}, "status": "reviewed", "timestamp": "2026-07-23T17:46:37+02:00"}
[2026-07-23T17:52:01+02:00] [INFO] [architecture:proposal] Processing event: source=adam-architect payload={"agent": "adam-architect", "skill": "", "structure": {"references": "no", "templates": "no", "scripts": "no"}, "status": "reviewed", "timestamp": "2026-07-23T17:46:37+02:00"}
[2026-07-23T17:52:01+02:00] [INFO] [architecture:proposal] architecture:proposal — type= status=reviewed
[2026-07-23T17:52:01+02:00] [INFO] [architecture:proposal] Proposition archivée: /home/aza/eva-adam-v2/docs/architecture/proposal-20260723-175201.md
[2026-07-23T17:52:01+02:00] [INFO] [architecture:proposal] architecture:proposal — type= status=reviewed
[2026-07-23T17:52:01+02:00] [INFO] [architecture:proposal] Proposition archivée: /home/aza/eva-adam-v2/docs/architecture/proposal-20260723-175201.md
[2026-07-23T17:52:05+02:00] [INFO] [architecture:proposal] Processing event: source=adam-architect payload={"agent": "adam-architect", "skill": "", "structure": {"references": "no", "templates": "no", "scripts": "no"}, "status": "reviewed", "timestamp": "2026-07-23T17:46:39+02:00"}
[2026-07-23T17:52:05+02:00] [INFO] [architecture:proposal] Processing event: source=adam-architect payload={"agent": "adam-architect", "skill": "", "structure": {"references": "no", "templates": "no", "scripts": "no"}, "status": "reviewed", "timestamp": "2026-07-23T17:46:39+02:00"}
[2026-07-23T17:52:05+02:00] [INFO] [architecture:proposal] architecture:proposal — type= status=reviewed
[2026-07-23T17:52:05+02:00] [INFO] [architecture:proposal] Proposition archivée: /home/aza/eva-adam-v2/docs/architecture/proposal-20260723-175205.md
[2026-07-23T17:52:05+02:00] [INFO] [architecture:proposal] architecture:proposal — type= status=reviewed
[2026-07-23T17:52:05+02:00] [INFO] [architecture:proposal] Proposition archivée: /home/aza/eva-adam-v2/docs/architecture/proposal-20260723-175205.md
[2026-07-23T17:52:09+02:00] [INFO] [architecture:proposal] Processing event: source=adam-architect payload={"agent": "adam-architect", "skill": "", "structure": {"references": "yes", "templates": "no", "scripts": "yes"}, "status": "reviewed", "timestamp": "2026-07-23T17:46:41+02:00"}
[2026-07-23T17:52:09+02:00] [INFO] [architecture:proposal] Processing event: source=adam-architect payload={"agent": "adam-architect", "skill": "", "structure": {"references": "yes", "templates": "no", "scripts": "yes"}, "status": "reviewed", "timestamp": "2026-07-23T17:46:41+02:00"}
[2026-07-23T17:52:09+02:00] [INFO] [architecture:proposal] architecture:proposal — type= status=reviewed
[2026-07-23T17:52:09+02:00] [INFO] [architecture:proposal] Proposition archivée: /home/aza/eva-adam-v2/docs/architecture/proposal-20260723-175209.md
[2026-07-23T17:52:09+02:00] [INFO] [architecture:proposal] architecture:proposal — type= status=reviewed
[2026-07-23T17:52:09+02:00] [INFO] [architecture:proposal] Proposition archivée: /home/aza/eva-adam-v2/docs/architecture/proposal-20260723-175209.md
[2026-07-23T17:52:13+02:00] [INFO] [architecture:proposal] Processing event: source=adam-architect payload={"agent": "adam-architect", "skill": "", "structure": {"references": "no", "templates": "no", "scripts": "no"}, "status": "reviewed", "timestamp": "2026-07-23T17:46:43+02:00"}
[2026-07-23T17:52:13+02:00] [INFO] [architecture:proposal] Processing event: source=adam-architect payload={"agent": "adam-architect", "skill": "", "structure": {"references": "no", "templates": "no", "scripts": "no"}, "status": "reviewed", "timestamp": "2026-07-23T17:46:43+02:00"}
[2026-07-23T17:52:13+02:00] [INFO] [architecture:proposal] architecture:proposal — type= status=reviewed
[2026-07-23T17:52:13+02:00] [INFO] [architecture:proposal] Proposition archivée: /home/aza/eva-adam-v2/docs/architecture/proposal-20260723-175213.md
[2026-07-23T17:52:13+02:00] [INFO] [architecture:proposal] architecture:proposal — type= status=reviewed
[2026-07-23T17:52:13+02:00] [INFO] [architecture:proposal] Proposition archivée: /home/aza/eva-adam-v2/docs/architecture/proposal-20260723-175213.md
[2026-07-23T17:52:17+02:00] [INFO] [architecture:proposal] Processing event: source=adam-architect payload={"agent": "adam-architect", "skill": "", "structure": {"references": "no", "templates": "no", "scripts": "no"}, "status": "reviewed", "timestamp": "2026-07-23T17:46:45+02:00"}
[2026-07-23T17:52:17+02:00] [INFO] [architecture:proposal] Processing event: source=adam-architect payload={"agent": "adam-architect", "skill": "", "structure": {"references": "no", "templates": "no", "scripts": "no"}, "status": "reviewed", "timestamp": "2026-07-23T17:46:45+02:00"}
[2026-07-23T17:52:17+02:00] [INFO] [architecture:proposal] architecture:proposal — type= status=reviewed
[2026-07-23T17:52:17+02:00] [INFO] [architecture:proposal] Proposition archivée: /home/aza/eva-adam-v2/docs/architecture/proposal-20260723-175217.md
[2026-07-23T17:52:17+02:00] [INFO] [architecture:proposal] architecture:proposal — type= status=reviewed
[2026-07-23T17:52:17+02:00] [INFO] [architecture:proposal] Proposition archivée: /home/aza/eva-adam-v2/docs/architecture/proposal-20260723-175217.md
[2026-07-23T17:52:21+02:00] [INFO] [architecture:proposal] Processing event: source=adam-architect payload={"agent": "adam-architect", "skill": "", "structure": {"references": "yes", "templates": "no", "scripts": "yes"}, "status": "reviewed", "timestamp": "2026-07-23T17:46:47+02:00"}
[2026-07-23T17:52:21+02:00] [INFO] [architecture:proposal] Processing event: source=adam-architect payload={"agent": "adam-architect", "skill": "", "structure": {"references": "no", "templates": "no", "scripts": "no"}, "status": "reviewed", "timestamp": "2026-07-23T17:46:47+02:00"}
[2026-07-23T17:52:21+02:00] [INFO] [architecture:proposal] architecture:proposal — type= status=reviewed
[2026-07-23T17:52:21+02:00] [INFO] [architecture:proposal] Proposition archivée: /home/aza/eva-adam-v2/docs/architecture/proposal-20260723-175221.md
[2026-07-23T17:52:21+02:00] [INFO] [architecture:proposal] architecture:proposal — type= status=reviewed
[2026-07-23T17:52:21+02:00] [INFO] [architecture:proposal] Proposition archivée: /home/aza/eva-adam-v2/docs/architecture/proposal-20260723-175221.md
[2026-07-23T17:52:25+02:00] [INFO] [architecture:proposal] Processing event: source=adam-architect payload={"agent": "adam-architect", "skill": "", "structure": {"references": "no", "templates": "no", "scripts": "no"}, "status": "reviewed", "timestamp": "2026-07-23T17:46:49+02:00"}
[2026-07-23T17:52:25+02:00] [INFO] [architecture:proposal] Processing event: source=adam-architect payload={"agent": "adam-architect", "skill": "", "structure": {"references": "no", "templates": "no", "scripts": "no"}, "status": "reviewed", "timestamp": "2026-07-23T17:46:49+02:00"}
[2026-07-23T17:52:25+02:00] [INFO] [architecture:proposal] architecture:proposal — type= status=reviewed
[2026-07-23T17:52:25+02:00] [INFO] [architecture:proposal] Proposition archivée: /home/aza/eva-adam-v2/docs/architecture/proposal-20260723-175225.md
[2026-07-23T17:52:25+02:00] [INFO] [architecture:proposal] architecture:proposal — type= status=reviewed
[2026-07-23T17:52:25+02:00] [INFO] [architecture:proposal] Proposition archivée: /home/aza/eva-adam-v2/docs/architecture/proposal-20260723-175225.md
[2026-07-23T17:52:29+02:00] [INFO] [architecture:proposal] Processing event: source=adam-architect payload={"agent": "adam-architect", "skill": "", "structure": {"references": "no", "templates": "no", "scripts": "no"}, "status": "reviewed", "timestamp": "2026-07-23T17:46:51+02:00"}
[2026-07-23T17:52:29+02:00] [INFO] [architecture:proposal] Processing event: source=adam-architect payload={"agent": "adam-architect", "skill": "", "structure": {"references": "no", "templates": "no", "scripts": "no"}, "status": "reviewed", "timestamp": "2026-07-23T17:46:51+02:00"}
[2026-07-23T17:52:29+02:00] [INFO] [architecture:proposal] architecture:proposal — type= status=reviewed
[2026-07-23T17:52:29+02:00] [INFO] [architecture:proposal] architecture:proposal — type= status=reviewed
[2026-07-23T17:52:29+02:00] [INFO] [architecture:proposal] Proposition archivée: /home/aza/eva-adam-v2/docs/architecture/proposal-20260723-175229.md
[2026-07-23T17:52:29+02:00] [INFO] [architecture:proposal] Proposition archivée: /home/aza/eva-adam-v2/docs/architecture/proposal-20260723-175229.md
[2026-07-23T17:52:33+02:00] [INFO] [architecture:proposal] Processing event: source=adam-architect payload={"agent": "adam-architect", "skill": "", "structure": {"references": "no", "templates": "no", "scripts": "no"}, "status": "reviewed", "timestamp": "2026-07-23T17:46:53+02:00"}
[2026-07-23T17:52:33+02:00] [INFO] [architecture:proposal] Processing event: source=adam-architect payload={"agent": "adam-architect", "skill": "", "structure": {"references": "yes", "templates": "no", "scripts": "yes"}, "status": "reviewed", "timestamp": "2026-07-23T17:46:53+02:00"}
[2026-07-23T17:52:33+02:00] [INFO] [architecture:proposal] architecture:proposal — type= status=reviewed
[2026-07-23T17:52:33+02:00] [INFO] [architecture:proposal] architecture:proposal — type= status=reviewed
[2026-07-23T17:52:33+02:00] [INFO] [architecture:proposal] Proposition archivée: /home/aza/eva-adam-v2/docs/architecture/proposal-20260723-175233.md
[2026-07-23T17:52:33+02:00] [INFO] [architecture:proposal] Proposition archivée: /home/aza/eva-adam-v2/docs/architecture/proposal-20260723-175233.md
[2026-07-23T17:52:37+02:00] [INFO] [architecture:proposal] Processing event: source=adam-architect payload={"agent": "adam-architect", "skill": "", "structure": {"references": "no", "templates": "no", "scripts": "no"}, "status": "reviewed", "timestamp": "2026-07-23T17:46:55+02:00"}
[2026-07-23T17:52:37+02:00] [INFO] [architecture:proposal] Processing event: source=adam-architect payload={"agent": "adam-architect", "skill": "", "structure": {"references": "no", "templates": "no", "scripts": "no"}, "status": "reviewed", "timestamp": "2026-07-23T17:46:55+02:00"}
[2026-07-23T17:52:37+02:00] [INFO] [architecture:proposal] architecture:proposal — type= status=reviewed
[2026-07-23T17:52:37+02:00] [INFO] [architecture:proposal] architecture:proposal — type= status=reviewed
[2026-07-23T17:52:37+02:00] [INFO] [architecture:proposal] Proposition archivée: /home/aza/eva-adam-v2/docs/architecture/proposal-20260723-175237.md
[2026-07-23T17:52:37+02:00] [INFO] [architecture:proposal] Proposition archivée: /home/aza/eva-adam-v2/docs/architecture/proposal-20260723-175237.md
[2026-07-23T17:52:41+02:00] [INFO] [architecture:proposal] Processing event: source=adam-architect payload={"agent": "adam-architect", "skill": "", "structure": {"references": "no", "templates": "no", "scripts": "no"}, "status": "reviewed", "timestamp": "2026-07-23T17:46:57+02:00"}
[2026-07-23T17:52:41+02:00] [INFO] [architecture:proposal] Processing event: source=adam-architect payload={"agent": "adam-architect", "skill": "", "structure": {"references": "no", "templates": "no", "scripts": "no"}, "status": "reviewed", "timestamp": "2026-07-23T17:46:57+02:00"}
[2026-07-23T17:52:41+02:00] [INFO] [architecture:proposal] architecture:proposal — type= status=reviewed
[2026-07-23T17:52:41+02:00] [INFO] [architecture:proposal] architecture:proposal — type= status=reviewed
[2026-07-23T17:52:41+02:00] [INFO] [architecture:proposal] Proposition archivée: /home/aza/eva-adam-v2/docs/architecture/proposal-20260723-175241.md
[2026-07-23T17:52:41+02:00] [INFO] [architecture:proposal] Proposition archivée: /home/aza/eva-adam-v2/docs/architecture/proposal-20260723-175241.md
[2026-07-23T17:52:45+02:00] [INFO] [architecture:proposal] Processing event: source=adam-architect payload={"agent": "adam-architect", "skill": "", "structure": {"references": "no", "templates": "no", "scripts": "no"}, "status": "reviewed", "timestamp": "2026-07-23T17:46:59+02:00"}
[2026-07-23T17:52:45+02:00] [INFO] [architecture:proposal] Processing event: source=adam-architect payload={"agent": "adam-architect", "skill": "", "structure": {"references": "no", "templates": "no", "scripts": "no"}, "status": "reviewed", "timestamp": "2026-07-23T17:46:59+02:00"}
[2026-07-23T17:52:45+02:00] [INFO] [architecture:proposal] architecture:proposal — type= status=reviewed
[2026-07-23T17:52:45+02:00] [INFO] [architecture:proposal] Proposition archivée: /home/aza/eva-adam-v2/docs/architecture/proposal-20260723-175245.md
[2026-07-23T17:52:45+02:00] [INFO] [architecture:proposal] architecture:proposal — type= status=reviewed
[2026-07-23T17:52:45+02:00] [INFO] [architecture:proposal] Proposition archivée: /home/aza/eva-adam-v2/docs/architecture/proposal-20260723-175245.md
[2026-07-23T17:52:49+02:00] [INFO] [architecture:proposal] Processing event: source=adam-architect payload={"agent": "adam-architect", "skill": "", "structure": {"references": "yes", "templates": "no", "scripts": "yes"}, "status": "reviewed", "timestamp": "2026-07-23T17:47:01+02:00"}
[2026-07-23T17:52:49+02:00] [INFO] [architecture:proposal] Processing event: source=adam-architect payload={"agent": "adam-architect", "skill": "", "structure": {"references": "yes", "templates": "no", "scripts": "yes"}, "status": "reviewed", "timestamp": "2026-07-23T17:47:01+02:00"}
[2026-07-23T17:52:49+02:00] [INFO] [architecture:proposal] architecture:proposal — type= status=reviewed
[2026-07-23T17:52:49+02:00] [INFO] [architecture:proposal] architecture:proposal — type= status=reviewed
[2026-07-23T17:52:49+02:00] [INFO] [architecture:proposal] Proposition archivée: /home/aza/eva-adam-v2/docs/architecture/proposal-20260723-175249.md
[2026-07-23T17:52:49+02:00] [INFO] [architecture:proposal] Proposition archivée: /home/aza/eva-adam-v2/docs/architecture/proposal-20260723-175249.md
[2026-07-23T17:52:53+02:00] [INFO] [architecture:proposal] Processing event: source=adam-architect payload={"agent": "adam-architect", "skill": "", "structure": {"references": "no", "templates": "no", "scripts": "no"}, "status": "reviewed", "timestamp": "2026-07-23T17:47:03+02:00"}
[2026-07-23T17:52:53+02:00] [INFO] [architecture:proposal] Processing event: source=adam-architect payload={"agent": "adam-architect", "skill": "", "structure": {"references": "no", "templates": "no", "scripts": "no"}, "status": "reviewed", "timestamp": "2026-07-23T17:47:03+02:00"}
[2026-07-23T17:52:53+02:00] [INFO] [architecture:proposal] architecture:proposal — type= status=reviewed
[2026-07-23T17:52:53+02:00] [INFO] [architecture:proposal] architecture:proposal — type= status=reviewed
[2026-07-23T17:52:53+02:00] [INFO] [architecture:proposal] Proposition archivée: /home/aza/eva-adam-v2/docs/architecture/proposal-20260723-175253.md
[2026-07-23T17:52:53+02:00] [INFO] [architecture:proposal] Proposition archivée: /home/aza/eva-adam-v2/docs/architecture/proposal-20260723-175253.md
[2026-07-23T17:52:59+02:00] [INFO] [architecture:proposal] Processing event: source=adam-architect payload={"agent": "adam-architect", "skill": "", "structure": {"references": "no", "templates": "no", "scripts": "no"}, "status": "reviewed", "timestamp": "2026-07-23T17:47:05+02:00"}
[2026-07-23T17:52:59+02:00] [INFO] [architecture:proposal] Processing event: source=adam-architect payload={"agent": "adam-architect", "skill": "", "structure": {"references": "no", "templates": "no", "scripts": "no"}, "status": "reviewed", "timestamp": "2026-07-23T17:47:05+02:00"}
[2026-07-23T17:52:59+02:00] [INFO] [architecture:proposal] architecture:proposal — type= status=reviewed
[2026-07-23T17:52:59+02:00] [INFO] [architecture:proposal] architecture:proposal — type= status=reviewed
[2026-07-23T17:52:59+02:00] [INFO] [architecture:proposal] Proposition archivée: /home/aza/eva-adam-v2/docs/architecture/proposal-20260723-175259.md
[2026-07-23T17:52:59+02:00] [INFO] [architecture:proposal] Proposition archivée: /home/aza/eva-adam-v2/docs/architecture/proposal-20260723-175259.md
[2026-07-23T17:53:03+02:00] [INFO] [architecture:proposal] Processing event: source=adam-architect payload={"agent": "adam-architect", "skill": "", "structure": {"references": "no", "templates": "no", "scripts": "no"}, "status": "reviewed", "timestamp": "2026-07-23T17:47:07+02:00"}
[2026-07-23T17:53:03+02:00] [INFO] [architecture:proposal] Processing event: source=adam-architect payload={"agent": "adam-architect", "skill": "", "structure": {"references": "no", "templates": "no", "scripts": "no"}, "status": "reviewed", "timestamp": "2026-07-23T17:47:07+02:00"}
[2026-07-23T17:53:03+02:00] [INFO] [architecture:proposal] architecture:proposal — type= status=reviewed
[2026-07-23T17:53:03+02:00] [INFO] [architecture:proposal] architecture:proposal — type= status=reviewed
[2026-07-23T17:53:03+02:00] [INFO] [architecture:proposal] Proposition archivée: /home/aza/eva-adam-v2/docs/architecture/proposal-20260723-175303.md
[2026-07-23T17:53:03+02:00] [INFO] [architecture:proposal] Proposition archivée: /home/aza/eva-adam-v2/docs/architecture/proposal-20260723-175303.md
[2026-07-23T17:53:07+02:00] [INFO] [architecture:proposal] Processing event: source=adam-architect payload={"agent": "adam-architect", "skill": "", "structure": {"references": "yes", "templates": "no", "scripts": "yes"}, "status": "reviewed", "timestamp": "2026-07-23T17:47:09+02:00"}
[2026-07-23T17:53:07+02:00] [INFO] [architecture:proposal] Processing event: source=adam-architect payload={"agent": "adam-architect", "skill": "", "structure": {"references": "no", "templates": "no", "scripts": "no"}, "status": "reviewed", "timestamp": "2026-07-23T17:47:09+02:00"}
[2026-07-23T17:53:07+02:00] [INFO] [architecture:proposal] architecture:proposal — type= status=reviewed
[2026-07-23T17:53:07+02:00] [INFO] [architecture:proposal] architecture:proposal — type= status=reviewed
[2026-07-23T17:53:07+02:00] [INFO] [architecture:proposal] Proposition archivée: /home/aza/eva-adam-v2/docs/architecture/proposal-20260723-175307.md
[2026-07-23T17:53:07+02:00] [INFO] [architecture:proposal] Proposition archivée: /home/aza/eva-adam-v2/docs/architecture/proposal-20260723-175307.md
[2026-07-23T17:53:11+02:00] [INFO] [architecture:proposal] Processing event: source=adam-architect payload={"agent": "adam-architect", "skill": "", "structure": {"references": "yes", "templates": "no", "scripts": "no"}, "status": "reviewed", "timestamp": "2026-07-23T17:47:11+02:00"}
[2026-07-23T17:53:11+02:00] [INFO] [architecture:proposal] Processing event: source=adam-architect payload={"agent": "adam-architect", "skill": "", "structure": {"references": "no", "templates": "no", "scripts": "no"}, "status": "reviewed", "timestamp": "2026-07-23T17:47:11+02:00"}
[2026-07-23T17:53:11+02:00] [INFO] [architecture:proposal] architecture:proposal — type= status=reviewed
[2026-07-23T17:53:11+02:00] [INFO] [architecture:proposal] Proposition archivée: /home/aza/eva-adam-v2/docs/architecture/proposal-20260723-175311.md
[2026-07-23T17:53:11+02:00] [INFO] [architecture:proposal] architecture:proposal — type= status=reviewed
[2026-07-23T17:53:11+02:00] [INFO] [architecture:proposal] Proposition archivée: /home/aza/eva-adam-v2/docs/architecture/proposal-20260723-175311.md
[2026-07-23T17:53:15+02:00] [INFO] [architecture:proposal] Processing event: source=adam-architect payload={"agent": "adam-architect", "skill": "", "structure": {"references": "no", "templates": "no", "scripts": "no"}, "status": "reviewed", "timestamp": "2026-07-23T17:47:13+02:00"}
[2026-07-23T17:53:15+02:00] [INFO] [architecture:proposal] Processing event: source=adam-architect payload={"agent": "adam-architect", "skill": "", "structure": {"references": "no", "templates": "no", "scripts": "no"}, "status": "reviewed", "timestamp": "2026-07-23T17:47:13+02:00"}
[2026-07-23T17:53:15+02:00] [INFO] [architecture:proposal] architecture:proposal — type= status=reviewed
[2026-07-23T17:53:15+02:00] [INFO] [architecture:proposal] Proposition archivée: /home/aza/eva-adam-v2/docs/architecture/proposal-20260723-175315.md
[2026-07-23T17:53:15+02:00] [INFO] [architecture:proposal] architecture:proposal — type= status=reviewed
[2026-07-23T17:53:15+02:00] [INFO] [architecture:proposal] Proposition archivée: /home/aza/eva-adam-v2/docs/architecture/proposal-20260723-175315.md
[2026-07-23T17:53:19+02:00] [INFO] [architecture:proposal] Processing event: source=adam-architect payload={"agent": "adam-architect", "skill": "", "structure": {"references": "yes", "templates": "no", "scripts": "yes"}, "status": "reviewed", "timestamp": "2026-07-23T17:47:15+02:00"}
[2026-07-23T17:53:19+02:00] [INFO] [architecture:proposal] Processing event: source=adam-architect payload={"agent": "adam-architect", "skill": "", "structure": {"references": "no", "templates": "no", "scripts": "no"}, "status": "reviewed", "timestamp": "2026-07-23T17:47:15+02:00"}
[2026-07-23T17:53:19+02:00] [INFO] [architecture:proposal] architecture:proposal — type= status=reviewed
[2026-07-23T17:53:19+02:00] [INFO] [architecture:proposal] architecture:proposal — type= status=reviewed
[2026-07-23T17:53:19+02:00] [INFO] [architecture:proposal] Proposition archivée: /home/aza/eva-adam-v2/docs/architecture/proposal-20260723-175319.md
[2026-07-23T17:53:19+02:00] [INFO] [architecture:proposal] Proposition archivée: /home/aza/eva-adam-v2/docs/architecture/proposal-20260723-175319.md
[2026-07-23T17:53:23+02:00] [INFO] [architecture:proposal] Processing event: source=adam-architect payload={"agent": "adam-architect", "skill": "", "structure": {"references": "no", "templates": "no", "scripts": "no"}, "status": "reviewed", "timestamp": "2026-07-23T17:47:17+02:00"}
[2026-07-23T17:53:23+02:00] [INFO] [architecture:proposal] Processing event: source=adam-architect payload={"agent": "adam-architect", "skill": "", "structure": {"references": "no", "templates": "no", "scripts": "no"}, "status": "reviewed", "timestamp": "2026-07-23T17:47:17+02:00"}
[2026-07-23T17:53:23+02:00] [INFO] [architecture:proposal] architecture:proposal — type= status=reviewed
[2026-07-23T17:53:23+02:00] [INFO] [architecture:proposal] architecture:proposal — type= status=reviewed
[2026-07-23T17:53:23+02:00] [INFO] [architecture:proposal] Proposition archivée: /home/aza/eva-adam-v2/docs/architecture/proposal-20260723-175323.md
[2026-07-23T17:53:23+02:00] [INFO] [architecture:proposal] Proposition archivée: /home/aza/eva-adam-v2/docs/architecture/proposal-20260723-175323.md
[2026-07-23T17:53:27+02:00] [INFO] [architecture:proposal] Processing event: source=adam-architect payload={"agent": "adam-architect", "skill": "", "structure": {"references": "yes", "templates": "no", "scripts": "yes"}, "status": "reviewed", "timestamp": "2026-07-23T17:47:19+02:00"}
[2026-07-23T17:53:27+02:00] [INFO] [architecture:proposal] Processing event: source=adam-architect payload={"agent": "adam-architect", "skill": "", "structure": {"references": "no", "templates": "no", "scripts": "no"}, "status": "reviewed", "timestamp": "2026-07-23T17:47:19+02:00"}
[2026-07-23T17:53:27+02:00] [INFO] [architecture:proposal] architecture:proposal — type= status=reviewed
[2026-07-23T17:53:27+02:00] [INFO] [architecture:proposal] architecture:proposal — type= status=reviewed
[2026-07-23T17:53:27+02:00] [INFO] [architecture:proposal] Proposition archivée: /home/aza/eva-adam-v2/docs/architecture/proposal-20260723-175327.md
[2026-07-23T17:53:27+02:00] [INFO] [architecture:proposal] Proposition archivée: /home/aza/eva-adam-v2/docs/architecture/proposal-20260723-175327.md
[2026-07-23T17:53:31+02:00] [INFO] [architecture:proposal] Processing event: source=adam-architect payload={"agent": "adam-architect", "skill": "", "structure": {"references": "no", "templates": "no", "scripts": "no"}, "status": "reviewed", "timestamp": "2026-07-23T17:47:21+02:00"}
[2026-07-23T17:53:31+02:00] [INFO] [architecture:proposal] Processing event: source=adam-architect payload={"agent": "adam-architect", "skill": "", "structure": {"references": "no", "templates": "no", "scripts": "no"}, "status": "reviewed", "timestamp": "2026-07-23T17:47:21+02:00"}
[2026-07-23T17:53:31+02:00] [INFO] [architecture:proposal] architecture:proposal — type= status=reviewed
[2026-07-23T17:53:31+02:00] [INFO] [architecture:proposal] Proposition archivée: /home/aza/eva-adam-v2/docs/architecture/proposal-20260723-175331.md
[2026-07-23T17:53:31+02:00] [INFO] [architecture:proposal] architecture:proposal — type= status=reviewed
[2026-07-23T17:53:31+02:00] [INFO] [architecture:proposal] Proposition archivée: /home/aza/eva-adam-v2/docs/architecture/proposal-20260723-175331.md
[2026-07-23T17:53:35+02:00] [INFO] [architecture:proposal] Processing event: source=adam-architect payload={"agent": "adam-architect", "skill": "", "structure": {"references": "no", "templates": "no", "scripts": "no"}, "status": "reviewed", "timestamp": "2026-07-23T17:47:23+02:00"}
[2026-07-23T17:53:35+02:00] [INFO] [architecture:proposal] Processing event: source=adam-architect payload={"agent": "adam-architect", "skill": "", "structure": {"references": "no", "templates": "no", "scripts": "no"}, "status": "reviewed", "timestamp": "2026-07-23T17:47:23+02:00"}
[2026-07-23T17:53:35+02:00] [INFO] [architecture:proposal] architecture:proposal — type= status=reviewed
[2026-07-23T17:53:35+02:00] [INFO] [architecture:proposal] architecture:proposal — type= status=reviewed
[2026-07-23T17:53:35+02:00] [INFO] [architecture:proposal] Proposition archivée: /home/aza/eva-adam-v2/docs/architecture/proposal-20260723-175335.md
[2026-07-23T17:53:35+02:00] [INFO] [architecture:proposal] Proposition archivée: /home/aza/eva-adam-v2/docs/architecture/proposal-20260723-175335.md
[2026-07-23T17:53:39+02:00] [INFO] [architecture:proposal] Processing event: source=adam-architect payload={"agent": "adam-architect", "skill": "", "structure": {"references": "yes", "templates": "no", "scripts": "yes"}, "status": "reviewed", "timestamp": "2026-07-23T17:47:25+02:00"}
[2026-07-23T17:53:39+02:00] [INFO] [architecture:proposal] Processing event: source=adam-architect payload={"agent": "adam-architect", "skill": "", "structure": {"references": "no", "templates": "no", "scripts": "no"}, "status": "reviewed", "timestamp": "2026-07-23T17:47:25+02:00"}
[2026-07-23T17:53:39+02:00] [INFO] [architecture:proposal] architecture:proposal — type= status=reviewed
[2026-07-23T17:53:39+02:00] [INFO] [architecture:proposal] architecture:proposal — type= status=reviewed
[2026-07-23T17:53:39+02:00] [INFO] [architecture:proposal] Proposition archivée: /home/aza/eva-adam-v2/docs/architecture/proposal-20260723-175339.md
[2026-07-23T17:53:39+02:00] [INFO] [architecture:proposal] Proposition archivée: /home/aza/eva-adam-v2/docs/architecture/proposal-20260723-175339.md
[2026-07-23T17:53:43+02:00] [INFO] [architecture:proposal] Processing event: source=adam-architect payload={"agent": "adam-architect", "skill": "", "structure": {"references": "no", "templates": "no", "scripts": "no"}, "status": "reviewed", "timestamp": "2026-07-23T17:47:27+02:00"}
[2026-07-23T17:53:43+02:00] [INFO] [architecture:proposal] Processing event: source=adam-architect payload={"agent": "adam-architect", "skill": "", "structure": {"references": "yes", "templates": "no", "scripts": "yes"}, "status": "reviewed", "timestamp": "2026-07-23T17:47:27+02:00"}
[2026-07-23T17:53:43+02:00] [INFO] [architecture:proposal] architecture:proposal — type= status=reviewed
[2026-07-23T17:53:43+02:00] [INFO] [architecture:proposal] architecture:proposal — type= status=reviewed
[2026-07-23T17:53:43+02:00] [INFO] [architecture:proposal] Proposition archivée: /home/aza/eva-adam-v2/docs/architecture/proposal-20260723-175343.md
[2026-07-23T17:53:43+02:00] [INFO] [architecture:proposal] Proposition archivée: /home/aza/eva-adam-v2/docs/architecture/proposal-20260723-175343.md
[2026-07-23T17:53:47+02:00] [INFO] [architecture:proposal] Processing event: source=adam-architect payload={"agent": "adam-architect", "skill": "", "structure": {"references": "no", "templates": "no", "scripts": "no"}, "status": "reviewed", "timestamp": "2026-07-23T17:47:29+02:00"}
[2026-07-23T17:53:47+02:00] [INFO] [architecture:proposal] Processing event: source=adam-architect payload={"agent": "adam-architect", "skill": "", "structure": {"references": "no", "templates": "no", "scripts": "no"}, "status": "reviewed", "timestamp": "2026-07-23T17:47:29+02:00"}
[2026-07-23T17:53:47+02:00] [INFO] [architecture:proposal] architecture:proposal — type= status=reviewed
[2026-07-23T17:53:47+02:00] [INFO] [architecture:proposal] Proposition archivée: /home/aza/eva-adam-v2/docs/architecture/proposal-20260723-175347.md
[2026-07-23T17:53:47+02:00] [INFO] [architecture:proposal] architecture:proposal — type= status=reviewed
[2026-07-23T17:53:47+02:00] [INFO] [architecture:proposal] Proposition archivée: /home/aza/eva-adam-v2/docs/architecture/proposal-20260723-175347.md
[2026-07-23T17:53:51+02:00] [INFO] [architecture:proposal] Processing event: source=adam-architect payload={"agent": "adam-architect", "skill": "", "structure": {"references": "yes", "templates": "no", "scripts": "yes"}, "status": "reviewed", "timestamp": "2026-07-23T17:47:32+02:00"}
[2026-07-23T17:53:51+02:00] [INFO] [architecture:proposal] Processing event: source=adam-architect payload={"agent": "adam-architect", "skill": "", "structure": {"references": "no", "templates": "no", "scripts": "no"}, "status": "reviewed", "timestamp": "2026-07-23T17:47:32+02:00"}
[2026-07-23T17:53:51+02:00] [INFO] [architecture:proposal] architecture:proposal — type= status=reviewed
[2026-07-23T17:53:51+02:00] [INFO] [architecture:proposal] architecture:proposal — type= status=reviewed
[2026-07-23T17:53:51+02:00] [INFO] [architecture:proposal] Proposition archivée: /home/aza/eva-adam-v2/docs/architecture/proposal-20260723-175351.md
[2026-07-23T17:53:51+02:00] [INFO] [architecture:proposal] Proposition archivée: /home/aza/eva-adam-v2/docs/architecture/proposal-20260723-175351.md
[2026-07-23T17:53:55+02:00] [INFO] [architecture:proposal] Processing event: source=adam-architect payload={"agent": "adam-architect", "skill": "", "structure": {"references": "no", "templates": "no", "scripts": "no"}, "status": "reviewed", "timestamp": "2026-07-23T17:47:34+02:00"}
[2026-07-23T17:53:55+02:00] [INFO] [architecture:proposal] Processing event: source=adam-architect payload={"agent": "adam-architect", "skill": "", "structure": {"references": "no", "templates": "no", "scripts": "no"}, "status": "reviewed", "timestamp": "2026-07-23T17:47:34+02:00"}
[2026-07-23T17:53:55+02:00] [INFO] [architecture:proposal] architecture:proposal — type= status=reviewed
[2026-07-23T17:53:55+02:00] [INFO] [architecture:proposal] architecture:proposal — type= status=reviewed
[2026-07-23T17:53:55+02:00] [INFO] [architecture:proposal] Proposition archivée: /home/aza/eva-adam-v2/docs/architecture/proposal-20260723-175355.md
[2026-07-23T17:53:55+02:00] [INFO] [architecture:proposal] Proposition archivée: /home/aza/eva-adam-v2/docs/architecture/proposal-20260723-175355.md
[2026-07-23T17:53:59+02:00] [INFO] [architecture:proposal] Processing event: source=adam-architect payload={"agent": "adam-architect", "skill": "", "structure": {"references": "no", "templates": "no", "scripts": "no"}, "status": "reviewed", "timestamp": "2026-07-23T17:47:36+02:00"}
[2026-07-23T17:53:59+02:00] [INFO] [architecture:proposal] Processing event: source=adam-architect payload={"agent": "adam-architect", "skill": "", "structure": {"references": "no", "templates": "no", "scripts": "no"}, "status": "reviewed", "timestamp": "2026-07-23T17:47:36+02:00"}
[2026-07-23T17:53:59+02:00] [INFO] [architecture:proposal] architecture:proposal — type= status=reviewed
[2026-07-23T17:53:59+02:00] [INFO] [architecture:proposal] architecture:proposal — type= status=reviewed
[2026-07-23T17:53:59+02:00] [INFO] [architecture:proposal] Proposition archivée: /home/aza/eva-adam-v2/docs/architecture/proposal-20260723-175359.md
[2026-07-23T17:53:59+02:00] [INFO] [architecture:proposal] Proposition archivée: /home/aza/eva-adam-v2/docs/architecture/proposal-20260723-175359.md
[2026-07-23T17:54:03+02:00] [INFO] [architecture:proposal] Processing event: source=adam-architect payload={"agent": "adam-architect", "skill": "", "structure": {"references": "yes", "templates": "no", "scripts": "yes"}, "status": "reviewed", "timestamp": "2026-07-23T17:47:38+02:00"}
[2026-07-23T17:54:03+02:00] [INFO] [architecture:proposal] Processing event: source=adam-architect payload={"agent": "adam-architect", "skill": "", "structure": {"references": "no", "templates": "no", "scripts": "no"}, "status": "reviewed", "timestamp": "2026-07-23T17:47:38+02:00"}
[2026-07-23T17:54:03+02:00] [INFO] [architecture:proposal] architecture:proposal — type= status=reviewed
[2026-07-23T17:54:03+02:00] [INFO] [architecture:proposal] architecture:proposal — type= status=reviewed
[2026-07-23T17:54:03+02:00] [INFO] [architecture:proposal] Proposition archivée: /home/aza/eva-adam-v2/docs/architecture/proposal-20260723-175403.md
[2026-07-23T17:54:03+02:00] [INFO] [architecture:proposal] Proposition archivée: /home/aza/eva-adam-v2/docs/architecture/proposal-20260723-175403.md
[2026-07-23T17:54:07+02:00] [INFO] [architecture:proposal] Processing event: source=adam-architect payload={"agent": "adam-architect", "skill": "", "structure": {"references": "no", "templates": "no", "scripts": "no"}, "status": "reviewed", "timestamp": "2026-07-23T17:47:40+02:00"}
[2026-07-23T17:54:07+02:00] [INFO] [architecture:proposal] Processing event: source=adam-architect payload={"agent": "adam-architect", "skill": "", "structure": {"references": "no", "templates": "no", "scripts": "no"}, "status": "reviewed", "timestamp": "2026-07-23T17:47:40+02:00"}
[2026-07-23T17:54:07+02:00] [INFO] [architecture:proposal] architecture:proposal — type= status=reviewed
[2026-07-23T17:54:07+02:00] [INFO] [architecture:proposal] architecture:proposal — type= status=reviewed
[2026-07-23T17:54:07+02:00] [INFO] [architecture:proposal] Proposition archivée: /home/aza/eva-adam-v2/docs/architecture/proposal-20260723-175407.md
[2026-07-23T17:54:07+02:00] [INFO] [architecture:proposal] Proposition archivée: /home/aza/eva-adam-v2/docs/architecture/proposal-20260723-175407.md
[2026-07-23T17:54:11+02:00] [INFO] [architecture:proposal] Processing event: source=adam-architect payload={"agent": "adam-architect", "skill": "", "structure": {"references": "no", "templates": "no", "scripts": "no"}, "status": "reviewed", "timestamp": "2026-07-23T17:47:42+02:00"}
[2026-07-23T17:54:11+02:00] [INFO] [architecture:proposal] Processing event: source=adam-architect payload={"agent": "adam-architect", "skill": "", "structure": {"references": "yes", "templates": "no", "scripts": "yes"}, "status": "reviewed", "timestamp": "2026-07-23T17:47:42+02:00"}
[2026-07-23T17:54:11+02:00] [INFO] [architecture:proposal] architecture:proposal — type= status=reviewed
[2026-07-23T17:54:11+02:00] [INFO] [architecture:proposal] Proposition archivée: /home/aza/eva-adam-v2/docs/architecture/proposal-20260723-175411.md
[2026-07-23T17:54:11+02:00] [INFO] [architecture:proposal] architecture:proposal — type= status=reviewed
[2026-07-23T17:54:11+02:00] [INFO] [architecture:proposal] Proposition archivée: /home/aza/eva-adam-v2/docs/architecture/proposal-20260723-175411.md
[2026-07-23T17:54:15+02:00] [INFO] [architecture:proposal] Processing event: source=adam-architect payload={"agent": "adam-architect", "skill": "", "structure": {"references": "no", "templates": "no", "scripts": "no"}, "status": "reviewed", "timestamp": "2026-07-23T17:47:44+02:00"}
[2026-07-23T17:54:15+02:00] [INFO] [architecture:proposal] Processing event: source=adam-architect payload={"agent": "adam-architect", "skill": "", "structure": {"references": "no", "templates": "no", "scripts": "no"}, "status": "reviewed", "timestamp": "2026-07-23T17:47:44+02:00"}
[2026-07-23T17:54:15+02:00] [INFO] [architecture:proposal] architecture:proposal — type= status=reviewed
[2026-07-23T17:54:15+02:00] [INFO] [architecture:proposal] architecture:proposal — type= status=reviewed
[2026-07-23T17:54:15+02:00] [INFO] [architecture:proposal] Proposition archivée: /home/aza/eva-adam-v2/docs/architecture/proposal-20260723-175415.md
[2026-07-23T17:54:15+02:00] [INFO] [architecture:proposal] Proposition archivée: /home/aza/eva-adam-v2/docs/architecture/proposal-20260723-175415.md
[2026-07-23T17:54:19+02:00] [INFO] [architecture:proposal] Processing event: source=adam-architect payload={"agent": "adam-architect", "skill": "", "structure": {"references": "yes", "templates": "no", "scripts": "yes"}, "status": "reviewed", "timestamp": "2026-07-23T17:47:46+02:00"}
[2026-07-23T17:54:19+02:00] [INFO] [architecture:proposal] Processing event: source=adam-architect payload={"agent": "adam-architect", "skill": "", "structure": {"references": "no", "templates": "no", "scripts": "no"}, "status": "reviewed", "timestamp": "2026-07-23T17:47:46+02:00"}
[2026-07-23T17:54:19+02:00] [INFO] [architecture:proposal] architecture:proposal — type= status=reviewed
[2026-07-23T17:54:19+02:00] [INFO] [architecture:proposal] architecture:proposal — type= status=reviewed
[2026-07-23T17:54:19+02:00] [INFO] [architecture:proposal] Proposition archivée: /home/aza/eva-adam-v2/docs/architecture/proposal-20260723-175419.md
[2026-07-23T17:54:19+02:00] [INFO] [architecture:proposal] Proposition archivée: /home/aza/eva-adam-v2/docs/architecture/proposal-20260723-175419.md
[2026-07-23T17:54:23+02:00] [INFO] [architecture:proposal] Processing event: source=adam-architect payload={"agent": "adam-architect", "skill": "", "structure": {"references": "no", "templates": "no", "scripts": "no"}, "status": "reviewed", "timestamp": "2026-07-23T17:47:48+02:00"}
[2026-07-23T17:54:23+02:00] [INFO] [architecture:proposal] Processing event: source=adam-architect payload={"agent": "adam-architect", "skill": "", "structure": {"references": "no", "templates": "no", "scripts": "no"}, "status": "reviewed", "timestamp": "2026-07-23T17:47:48+02:00"}
[2026-07-23T17:54:23+02:00] [INFO] [architecture:proposal] architecture:proposal — type= status=reviewed
[2026-07-23T17:54:23+02:00] [INFO] [architecture:proposal] architecture:proposal — type= status=reviewed
[2026-07-23T17:54:23+02:00] [INFO] [architecture:proposal] Proposition archivée: /home/aza/eva-adam-v2/docs/architecture/proposal-20260723-175424.md
[2026-07-23T17:54:23+02:00] [INFO] [architecture:proposal] Proposition archivée: /home/aza/eva-adam-v2/docs/architecture/proposal-20260723-175424.md
[2026-07-23T17:54:27+02:00] [INFO] [architecture:proposal] Processing event: source=adam-architect payload={"agent": "adam-architect", "skill": "", "structure": {"references": "no", "templates": "no", "scripts": "no"}, "status": "reviewed", "timestamp": "2026-07-23T17:47:50+02:00"}
[2026-07-23T17:54:27+02:00] [INFO] [architecture:proposal] Processing event: source=adam-architect payload={"agent": "adam-architect", "skill": "", "structure": {"references": "no", "templates": "no", "scripts": "no"}, "status": "reviewed", "timestamp": "2026-07-23T17:47:50+02:00"}
[2026-07-23T17:54:27+02:00] [INFO] [architecture:proposal] architecture:proposal — type= status=reviewed
[2026-07-23T17:54:27+02:00] [INFO] [architecture:proposal] architecture:proposal — type= status=reviewed
[2026-07-23T17:54:27+02:00] [INFO] [architecture:proposal] Proposition archivée: /home/aza/eva-adam-v2/docs/architecture/proposal-20260723-175428.md
[2026-07-23T17:54:27+02:00] [INFO] [architecture:proposal] Proposition archivée: /home/aza/eva-adam-v2/docs/architecture/proposal-20260723-175428.md
[2026-07-23T17:54:31+02:00] [INFO] [architecture:proposal] Processing event: source=adam-architect payload={"agent": "adam-architect", "skill": "", "structure": {"references": "yes", "templates": "no", "scripts": "yes"}, "status": "reviewed", "timestamp": "2026-07-23T17:47:52+02:00"}
[2026-07-23T17:54:31+02:00] [INFO] [architecture:proposal] Processing event: source=adam-architect payload={"agent": "adam-architect", "skill": "", "structure": {"references": "no", "templates": "no", "scripts": "no"}, "status": "reviewed", "timestamp": "2026-07-23T17:47:52+02:00"}
[2026-07-23T17:54:31+02:00] [INFO] [architecture:proposal] architecture:proposal — type= status=reviewed
[2026-07-23T17:54:31+02:00] [INFO] [architecture:proposal] architecture:proposal — type= status=reviewed
[2026-07-23T17:54:31+02:00] [INFO] [architecture:proposal] Proposition archivée: /home/aza/eva-adam-v2/docs/architecture/proposal-20260723-175432.md
[2026-07-23T17:54:31+02:00] [INFO] [architecture:proposal] Proposition archivée: /home/aza/eva-adam-v2/docs/architecture/proposal-20260723-175432.md
[2026-07-23T17:54:36+02:00] [INFO] [architecture:proposal] Processing event: source=adam-architect payload={"agent": "adam-architect", "skill": "", "structure": {"references": "no", "templates": "no", "scripts": "no"}, "status": "reviewed", "timestamp": "2026-07-23T17:47:54+02:00"}
[2026-07-23T17:54:36+02:00] [INFO] [architecture:proposal] Processing event: source=adam-architect payload={"agent": "adam-architect", "skill": "", "structure": {"references": "yes", "templates": "no", "scripts": "yes"}, "status": "reviewed", "timestamp": "2026-07-23T17:47:54+02:00"}
[2026-07-23T17:54:36+02:00] [INFO] [architecture:proposal] architecture:proposal — type= status=reviewed
[2026-07-23T17:54:36+02:00] [INFO] [architecture:proposal] architecture:proposal — type= status=reviewed
[2026-07-23T17:54:36+02:00] [INFO] [architecture:proposal] Proposition archivée: /home/aza/eva-adam-v2/docs/architecture/proposal-20260723-175436.md
[2026-07-23T17:54:36+02:00] [INFO] [architecture:proposal] Proposition archivée: /home/aza/eva-adam-v2/docs/architecture/proposal-20260723-175436.md
[2026-07-23T17:54:40+02:00] [INFO] [architecture:proposal] Processing event: source=adam-architect payload={"agent": "adam-architect", "skill": "", "structure": {"references": "no", "templates": "no", "scripts": "no"}, "status": "reviewed", "timestamp": "2026-07-23T17:47:56+02:00"}
[2026-07-23T17:54:40+02:00] [INFO] [architecture:proposal] Processing event: source=adam-architect payload={"agent": "adam-architect", "skill": "", "structure": {"references": "yes", "templates": "no", "scripts": "yes"}, "status": "reviewed", "timestamp": "2026-07-23T17:47:56+02:00"}
[2026-07-23T17:54:40+02:00] [INFO] [architecture:proposal] architecture:proposal — type= status=reviewed
[2026-07-23T17:54:40+02:00] [INFO] [architecture:proposal] architecture:proposal — type= status=reviewed
[2026-07-23T17:54:40+02:00] [INFO] [architecture:proposal] Proposition archivée: /home/aza/eva-adam-v2/docs/architecture/proposal-20260723-175440.md
[2026-07-23T17:54:40+02:00] [INFO] [architecture:proposal] Proposition archivée: /home/aza/eva-adam-v2/docs/architecture/proposal-20260723-175440.md
[2026-07-23T17:54:44+02:00] [INFO] [architecture:proposal] Processing event: source=adam-architect payload={"agent": "adam-architect", "skill": "", "structure": {"references": "no", "templates": "no", "scripts": "no"}, "status": "reviewed", "timestamp": "2026-07-23T17:47:58+02:00"}
[2026-07-23T17:54:44+02:00] [INFO] [architecture:proposal] Processing event: source=adam-architect payload={"agent": "adam-architect", "skill": "", "structure": {"references": "no", "templates": "no", "scripts": "no"}, "status": "reviewed", "timestamp": "2026-07-23T17:47:58+02:00"}
[2026-07-23T17:54:44+02:00] [INFO] [architecture:proposal] architecture:proposal — type= status=reviewed
[2026-07-23T17:54:44+02:00] [INFO] [architecture:proposal] architecture:proposal — type= status=reviewed
[2026-07-23T17:54:44+02:00] [INFO] [architecture:proposal] Proposition archivée: /home/aza/eva-adam-v2/docs/architecture/proposal-20260723-175444.md
[2026-07-23T17:54:44+02:00] [INFO] [architecture:proposal] Proposition archivée: /home/aza/eva-adam-v2/docs/architecture/proposal-20260723-175444.md
[2026-07-23T17:54:48+02:00] [INFO] [architecture:proposal] Processing event: source=adam-architect payload={"agent": "adam-architect", "skill": "", "structure": {"references": "no", "templates": "no", "scripts": "no"}, "status": "reviewed", "timestamp": "2026-07-23T17:48:24+02:00"}
[2026-07-23T17:54:48+02:00] [INFO] [architecture:proposal] Processing event: source=adam-architect payload={"agent": "adam-architect", "skill": "", "structure": {"references": "yes", "templates": "no", "scripts": "yes"}, "status": "reviewed", "timestamp": "2026-07-23T17:48:24+02:00"}
[2026-07-23T17:54:48+02:00] [INFO] [architecture:proposal] architecture:proposal — type= status=reviewed
[2026-07-23T17:54:48+02:00] [INFO] [architecture:proposal] Proposition archivée: /home/aza/eva-adam-v2/docs/architecture/proposal-20260723-175448.md
[2026-07-23T17:54:48+02:00] [INFO] [architecture:proposal] architecture:proposal — type= status=reviewed
[2026-07-23T17:54:48+02:00] [INFO] [architecture:proposal] Proposition archivée: /home/aza/eva-adam-v2/docs/architecture/proposal-20260723-175448.md
[2026-07-23T17:54:52+02:00] [INFO] [architecture:proposal] Processing event: source=adam-architect payload={"agent": "adam-architect", "skill": "", "structure": {"references": "no", "templates": "no", "scripts": "no"}, "status": "reviewed", "timestamp": "2026-07-23T17:48:26+02:00"}
[2026-07-23T17:54:52+02:00] [INFO] [architecture:proposal] Processing event: source=adam-architect payload={"agent": "adam-architect", "skill": "", "structure": {"references": "no", "templates": "no", "scripts": "no"}, "status": "reviewed", "timestamp": "2026-07-23T17:48:26+02:00"}
[2026-07-23T17:54:52+02:00] [INFO] [architecture:proposal] architecture:proposal — type= status=reviewed
[2026-07-23T17:54:52+02:00] [INFO] [architecture:proposal] architecture:proposal — type= status=reviewed
[2026-07-23T17:54:52+02:00] [INFO] [architecture:proposal] Proposition archivée: /home/aza/eva-adam-v2/docs/architecture/proposal-20260723-175452.md
[2026-07-23T17:54:52+02:00] [INFO] [architecture:proposal] Proposition archivée: /home/aza/eva-adam-v2/docs/architecture/proposal-20260723-175452.md
[2026-07-23T17:55:10+02:00] [INFO] [architecture:proposal] Processing event: source=adam-architect payload={"agent": "adam-architect", "skill": "", "structure": {"references": "no", "templates": "no", "scripts": "no"}, "status": "reviewed", "timestamp": "2026-07-23T17:48:40+02:00"}
[2026-07-23T17:55:10+02:00] [INFO] [architecture:proposal] architecture:proposal — type= status=reviewed
[2026-07-23T17:55:10+02:00] [INFO] [architecture:proposal] Proposition archivée: /home/aza/eva-adam-v2/docs/architecture/proposal-20260723-175510.md
[2026-07-23T18:04:23+02:00] [INFO] [skill:updated] Processing event: source=watcher-skills payload={"path": "/home/aza/.hermes/skills/agents/adam-v2-infrastructure/references/external-skills-repo.md", "action": "modified", "extension": ".md", "size": 5764, "skill_name": "agents", "is_skill": true}
[2026-07-23T18:04:23+02:00] [INFO] [skill:updated] skill:updated — 
[2026-07-23T18:04:23+02:00] [INFO] [skill:updated] Index des skills mis à jour: /home/aza/eva-adam-v2/docs/skills-index.md
[2026-07-23T18:04:27+02:00] [INFO] [skill:updated] Processing event: source=watcher-skills payload={"path": "/home/aza/.hermes/skills/agents/adam-v2-infrastructure/SKILL.md", "action": "modified", "extension": ".md", "size": 45081, "skill_name": "agents", "is_skill": true}
[2026-07-23T18:04:27+02:00] [INFO] [skill:updated] skill:updated — 
[2026-07-23T18:04:27+02:00] [INFO] [skill:updated] Index des skills mis à jour: /home/aza/eva-adam-v2/docs/skills-index.md
[2026-07-23T18:07:05+02:00] [INFO] [skill:updated] Processing event: source=watcher-skills payload={"path": "/home/aza/.hermes/skills/agents/adam-v2-infrastructure/SKILL.md", "action": "modified", "extension": ".md", "size": 45947, "skill_name": "agents", "is_skill": true}
[2026-07-23T18:07:05+02:00] [INFO] [skill:updated] skill:updated — 
[2026-07-23T18:07:05+02:00] [INFO] [skill:updated] Index des skills mis à jour: /home/aza/eva-adam-v2/docs/skills-index.md
[2026-07-23T19:07:54+02:00] [INFO] [architecture:proposal] Processing event: source=adam-architect payload={"agent": "adam-architect", "skill": "", "structure": {"references": "no", "templates": "no", "scripts": "no"}, "status": "reviewed", "timestamp": "2026-07-23T19:07:52+02:00"}
[2026-07-23T19:07:54+02:00] [INFO] [architecture:proposal] architecture:proposal — type= status=reviewed
[2026-07-23T19:07:54+02:00] [INFO] [architecture:proposal] Proposition archivée: /home/aza/eva-adam-v2/docs/architecture/proposal-20260723-190754.md
[2026-07-23T19:08:30+02:00] [INFO] [skill:updated] Processing event: source=watcher-skills payload={"path": "/home/aza/.hermes/skills/agents/adam-v2-infrastructure/SKILL.md", "action": "modified", "extension": ".md", "size": 45947, "skill_name": "agents", "is_skill": true}
[2026-07-23T19:08:30+02:00] [INFO] [skill:updated] skill:updated — 
[2026-07-23T19:08:30+02:00] [INFO] [skill:updated] Index des skills mis à jour: /home/aza/eva-adam-v2/docs/skills-index.md
[2026-07-23T19:09:10+02:00] [INFO] [skill:updated] Processing event: source=watcher-skills payload={"path": "/home/aza/.hermes/skills/agents/adam-v2-infrastructure/SKILL.md", "action": "modified", "extension": ".md", "size": 45960, "skill_name": "agents", "is_skill": true}
[2026-07-23T19:09:10+02:00] [INFO] [skill:updated] skill:updated — 
[2026-07-23T19:09:10+02:00] [INFO] [skill:updated] Index des skills mis à jour: /home/aza/eva-adam-v2/docs/skills-index.md
[2026-07-23T19:10:06+02:00] [INFO] [skill:updated] Processing event: source=watcher-skills payload={"path": "/home/aza/.hermes/skills/agents/adam-v2-infrastructure/SKILL.md", "action": "modified", "extension": ".md", "size": 46766, "skill_name": "agents", "is_skill": true}
[2026-07-23T19:10:06+02:00] [INFO] [skill:updated] skill:updated — 
[2026-07-23T19:10:06+02:00] [INFO] [skill:updated] Index des skills mis à jour: /home/aza/eva-adam-v2/docs/skills-index.md
[2026-07-23T19:35:04+02:00] [INFO] [skill:updated] Processing event: source=watcher-skills payload={"path": "/home/aza/.hermes/skills/agents/helios-troubleshooting/SKILL.md", "action": "modified", "extension": ".md", "size": 8165, "skill_name": "agents", "is_skill": true}
[2026-07-23T19:35:04+02:00] [INFO] [skill:updated] skill:updated — 
[2026-07-23T19:35:04+02:00] [INFO] [skill:updated] Index des skills mis à jour: /home/aza/eva-adam-v2/docs/skills-index.md
[2026-07-23T19:36:19+02:00] [INFO] [architecture:proposal] Processing event: source=adam-architect payload={"agent": "adam-architect", "skill": "", "structure": {"references": "no", "templates": "no", "scripts": "no"}, "status": "reviewed", "timestamp": "2026-07-23T19:36:16+02:00"}
[2026-07-23T19:36:19+02:00] [INFO] [architecture:proposal] architecture:proposal — type= status=reviewed
[2026-07-23T19:36:19+02:00] [INFO] [architecture:proposal] Proposition archivée: /home/aza/eva-adam-v2/docs/architecture/proposal-20260723-193619.md
[2026-07-23T19:59:03+02:00] [INFO] [skill:updated] Processing event: source=watcher-skills payload={"path": "/home/aza/.hermes/skills/multi-agent/adam-event-bus-system/SKILL.md", "action": "modified", "extension": ".md", "size": 9623, "skill_name": "multi-agent", "is_skill": true}
[2026-07-23T19:59:03+02:00] [INFO] [skill:updated] skill:updated — 
[2026-07-23T19:59:03+02:00] [INFO] [skill:updated] Index des skills mis à jour: /home/aza/eva-adam-v2/docs/skills-index.md
[2026-07-23T19:59:21+02:00] [INFO] [skill:updated] Processing event: source=watcher-skills payload={"path": "/home/aza/.hermes/skills/multi-agent/adam-event-bus-system/SKILL.md", "action": "modified", "extension": ".md", "size": 9742, "skill_name": "multi-agent", "is_skill": true}
[2026-07-23T19:59:21+02:00] [INFO] [skill:updated] skill:updated — 
[2026-07-23T19:59:21+02:00] [INFO] [skill:updated] Index des skills mis à jour: /home/aza/eva-adam-v2/docs/skills-index.md
[2026-07-23T19:59:37+02:00] [INFO] [skill:updated] Processing event: source=watcher-skills payload={"path": "/home/aza/.hermes/skills/multi-agent/adam-event-bus-system/SKILL.md", "action": "modified", "extension": ".md", "size": 12426, "skill_name": "multi-agent", "is_skill": true}
[2026-07-23T19:59:37+02:00] [INFO] [skill:updated] skill:updated — 
[2026-07-23T19:59:37+02:00] [INFO] [skill:updated] Index des skills mis à jour: /home/aza/eva-adam-v2/docs/skills-index.md
[2026-07-23T19:59:55+02:00] [INFO] [architecture:proposal] Processing event: source=adam-architect payload={"agent": "adam-architect", "skill": "", "structure": {"references": "no", "templates": "no", "scripts": "no"}, "status": "reviewed", "timestamp": "2026-07-23T19:59:53+02:00"}
[2026-07-23T19:59:55+02:00] [INFO] [architecture:proposal] architecture:proposal — type= status=reviewed
[2026-07-23T19:59:55+02:00] [INFO] [architecture:proposal] Proposition archivée: /home/aza/eva-adam-v2/docs/architecture/proposal-20260723-195955.md
[2026-07-23T20:00:03+02:00] [INFO] [skill:updated] Processing event: source=watcher-skills payload={"path": "/home/aza/.hermes/skills/multi-agent/adam-event-bus-system/SKILL.md", "action": "modified", "extension": ".md", "size": 12593, "skill_name": "multi-agent", "is_skill": true}
[2026-07-23T20:00:03+02:00] [INFO] [skill:updated] skill:updated — 
[2026-07-23T20:00:03+02:00] [INFO] [skill:updated] Index des skills mis à jour: /home/aza/eva-adam-v2/docs/skills-index.md
[2026-07-23T20:02:19+02:00] [INFO] [architecture:proposal] Processing event: source=adam-architect payload={"agent": "adam-architect", "skill": "", "structure": {"references": "no", "templates": "no", "scripts": "no"}, "status": "reviewed", "timestamp": "2026-07-23T20:02:17+02:00"}
[2026-07-23T20:02:19+02:00] [INFO] [architecture:proposal] architecture:proposal — type= status=reviewed
[2026-07-23T20:02:19+02:00] [INFO] [architecture:proposal] Proposition archivée: /home/aza/eva-adam-v2/docs/architecture/proposal-20260723-200219.md
[2026-07-23T20:02:53+02:00] [INFO] [architecture:proposal] Processing event: source=adam-architect payload={"agent": "adam-architect", "skill": "", "structure": {"references": "no", "templates": "no", "scripts": "no"}, "status": "reviewed", "timestamp": "2026-07-23T20:02:51+02:00"}
[2026-07-23T20:02:53+02:00] [INFO] [architecture:proposal] architecture:proposal — type= status=reviewed
[2026-07-23T20:02:53+02:00] [INFO] [architecture:proposal] Proposition archivée: /home/aza/eva-adam-v2/docs/architecture/proposal-20260723-200254.md
[2026-07-23T20:37:39+02:00] [INFO] [skill:updated] Processing event: source=watcher-skills payload={"path": "/home/aza/.hermes/skills/cybersecurite/android-rooting-investigation/SKILL.md", "action": "modified", "extension": ".md", "size": 7700, "skill_name": "cybersecurite", "is_skill": true}
[2026-07-23T20:37:39+02:00] [INFO] [skill:updated] skill:updated — 
[2026-07-23T20:37:39+02:00] [INFO] [skill:updated] Index des skills mis à jour: /home/aza/eva-adam-v2/docs/skills-index.md
[2026-07-23T20:37:55+02:00] [INFO] [skill:updated] Processing event: source=watcher-skills payload={"path": "/home/aza/.hermes/skills/cybersecurite/android-rooting-investigation/SKILL.md", "action": "modified", "extension": ".md", "size": 8936, "skill_name": "cybersecurite", "is_skill": true}
[2026-07-23T20:37:55+02:00] [INFO] [skill:updated] skill:updated — 
[2026-07-23T20:37:55+02:00] [INFO] [skill:updated] Index des skills mis à jour: /home/aza/eva-adam-v2/docs/skills-index.md
[2026-07-23T20:38:07+02:00] [INFO] [skill:updated] Processing event: source=watcher-skills payload={"path": "/home/aza/.hermes/skills/cybersecurite/android-rooting-investigation/SKILL.md", "action": "modified", "extension": ".md", "size": 9149, "skill_name": "cybersecurite", "is_skill": true}
[2026-07-23T20:38:07+02:00] [INFO] [skill:updated] skill:updated — 
[2026-07-23T20:38:07+02:00] [INFO] [skill:updated] Index des skills mis à jour: /home/aza/eva-adam-v2/docs/skills-index.md
[2026-07-23T20:38:13+02:00] [INFO] [skill:updated] Processing event: source=watcher-skills payload={"path": "/home/aza/.hermes/skills/cybersecurite/android-rooting-investigation/SKILL.md", "action": "modified", "extension": ".md", "size": 9481, "skill_name": "cybersecurite", "is_skill": true}
[2026-07-23T20:38:13+02:00] [INFO] [skill:updated] skill:updated — 
[2026-07-23T20:38:13+02:00] [INFO] [skill:updated] Index des skills mis à jour: /home/aza/eva-adam-v2/docs/skills-index.md
[2026-07-23T20:38:47+02:00] [INFO] [architecture:proposal] Processing event: source=adam-architect payload={"agent": "adam-architect", "skill": "", "structure": {"references": "no", "templates": "no", "scripts": "no"}, "status": "reviewed", "timestamp": "2026-07-23T20:38:43+02:00"}
[2026-07-23T20:38:47+02:00] [INFO] [architecture:proposal] architecture:proposal — type= status=reviewed
[2026-07-23T20:38:47+02:00] [INFO] [architecture:proposal] Proposition archivée: /home/aza/eva-adam-v2/docs/architecture/proposal-20260723-203847.md
[2026-07-23T20:39:27+02:00] [INFO] [architecture:proposal] Processing event: source=adam-architect payload={"agent": "adam-architect", "skill": "", "structure": {"references": "no", "templates": "no", "scripts": "no"}, "status": "reviewed", "timestamp": "2026-07-23T20:39:25+02:00"}
[2026-07-23T20:39:27+02:00] [INFO] [architecture:proposal] architecture:proposal — type= status=reviewed
[2026-07-23T20:39:27+02:00] [INFO] [architecture:proposal] Proposition archivée: /home/aza/eva-adam-v2/docs/architecture/proposal-20260723-203927.md
[2026-07-23T21:09:18+02:00] [INFO] [architecture:proposal] Processing event: source=adam-architect payload={"agent": "adam-architect", "skill": "", "structure": {"references": "no", "templates": "no", "scripts": "no"}, "status": "reviewed", "timestamp": "2026-07-23T21:09:14+02:00"}
[2026-07-23T21:09:18+02:00] [INFO] [architecture:proposal] architecture:proposal — type= status=reviewed
[2026-07-23T21:09:18+02:00] [INFO] [architecture:proposal] Proposition archivée: /home/aza/eva-adam-v2/docs/architecture/proposal-20260723-210918.md
[2026-07-23T21:10:12+02:00] [INFO] [architecture:proposal] Processing event: source=adam-architect payload={"agent": "adam-architect", "skill": "", "structure": {"references": "no", "templates": "no", "scripts": "no"}, "status": "reviewed", "timestamp": "2026-07-23T21:10:10+02:00"}
[2026-07-23T21:10:12+02:00] [INFO] [architecture:proposal] architecture:proposal — type= status=reviewed
[2026-07-23T21:10:12+02:00] [INFO] [architecture:proposal] Proposition archivée: /home/aza/eva-adam-v2/docs/architecture/proposal-20260723-211012.md
[2026-07-23T21:10:48+02:00] [INFO] [skill:updated] Processing event: source=watcher-skills payload={"path": "/home/aza/.hermes/skills/agents/adam-v2-infrastructure/SKILL.md", "action": "modified", "extension": ".md", "size": 48163, "skill_name": "agents", "is_skill": true}
[2026-07-23T21:10:48+02:00] [INFO] [skill:updated] skill:updated — 
[2026-07-23T21:10:48+02:00] [INFO] [skill:updated] Index des skills mis à jour: /home/aza/eva-adam-v2/docs/skills-index.md
[2026-07-23T22:05:16+02:00] [INFO] [architecture:proposal] Processing event: source=adam-architect payload={"agent": "adam-architect", "skill": "", "structure": {"references": "no", "templates": "no", "scripts": "no"}, "status": "reviewed", "timestamp": "2026-07-23T22:05:14+02:00"}
[2026-07-23T22:05:16+02:00] [INFO] [architecture:proposal] architecture:proposal — type= status=reviewed
[2026-07-23T22:05:16+02:00] [INFO] [architecture:proposal] Proposition archivée: /home/aza/eva-adam-v2/docs/architecture/proposal-20260723-220516.md
[2026-07-23T22:05:34+02:00] [INFO] [skill:updated] Processing event: source=watcher-skills payload={"path": "/home/aza/.hermes/skills/agents/adam-v2-infrastructure/SKILL.md", "action": "modified", "extension": ".md", "size": 49075, "skill_name": "agents", "is_skill": true}
[2026-07-23T22:05:34+02:00] [INFO] [skill:updated] skill:updated — 
[2026-07-23T22:05:34+02:00] [INFO] [skill:updated] Index des skills mis à jour: /home/aza/eva-adam-v2/docs/skills-index.md
[2026-07-23T22:35:42+02:00] [INFO] [skill:updated] Processing event: source=watcher-skills payload={"path": "/home/aza/.hermes/skills/multi-agent/adam-event-bus-system/SKILL.md", "action": "modified", "extension": ".md", "size": 15391, "skill_name": "multi-agent", "is_skill": true}
[2026-07-23T22:35:42+02:00] [INFO] [skill:updated] skill:updated — 
[2026-07-23T22:35:42+02:00] [INFO] [skill:updated] Index des skills mis à jour: /home/aza/eva-adam-v2/docs/skills-index.md
[2026-07-23T22:36:14+02:00] [INFO] [architecture:proposal] Processing event: source=adam-architect payload={"agent": "adam-architect", "skill": "", "structure": {"references": "no", "templates": "no", "scripts": "no"}, "status": "reviewed", "timestamp": "2026-07-23T22:36:04+02:00"}
[2026-07-23T22:36:14+02:00] [INFO] [architecture:proposal] architecture:proposal — type= status=reviewed
[2026-07-23T22:36:14+02:00] [INFO] [architecture:proposal] Proposition archivée: /home/aza/eva-adam-v2/docs/architecture/proposal-20260723-223614.md
[2026-07-23T22:36:22+02:00] [INFO] [skill:updated] Processing event: source=watcher-skills payload={"path": "/home/aza/.hermes/skills/multi-agent/adam-event-bus-system/SKILL.md", "action": "modified", "extension": ".md", "size": 15391, "skill_name": "multi-agent", "is_skill": true}
[2026-07-23T22:36:22+02:00] [INFO] [skill:updated] skill:updated — 
[2026-07-23T22:36:22+02:00] [INFO] [skill:updated] Index des skills mis à jour: /home/aza/eva-adam-v2/docs/skills-index.md
[2026-07-23T22:36:26+02:00] [INFO] [skill:updated] Processing event: source=watcher-skills payload={"path": "/home/aza/.hermes/skills/multi-agent/adam-event-bus-system/SKILL.md", "action": "modified", "extension": ".md", "size": 15391, "skill_name": "multi-agent", "is_skill": true}
[2026-07-23T22:36:26+02:00] [INFO] [skill:updated] skill:updated — 
[2026-07-23T22:36:26+02:00] [INFO] [skill:updated] Index des skills mis à jour: /home/aza/eva-adam-v2/docs/skills-index.md
[2026-07-23T22:36:44+02:00] [INFO] [skill:updated] Processing event: source=watcher-skills payload={"path": "/home/aza/.hermes/skills/multi-agent/adam-event-bus-system/SKILL.md", "action": "modified", "extension": ".md", "size": 15391, "skill_name": "multi-agent", "is_skill": true}
[2026-07-23T22:36:44+02:00] [INFO] [skill:updated] skill:updated — 
[2026-07-23T22:36:44+02:00] [INFO] [skill:updated] Index des skills mis à jour: /home/aza/eva-adam-v2/docs/skills-index.md
