[2026-07-23T05:22:51Z] [sentinel] Canal: update:available | Source: test | Type:  | Name:  | Version: 
[2026-07-23T05:22:51Z] [sentinel] Mise à jour disponible:  v (type: )
[2026-07-23T05:22:51Z] [sentinel] Type de mise à jour non reconnu: 
[2026-07-23T05:22:51Z] [sentinel] Action suggérée: apt update && apt upgrade -y (pour system) ou pip install --upgrade {package} (pour python)
[2026-07-23T05:36:17Z] [sentinel] Canal: update:available | Source: system | Type:  | Name:  | Version: 
[2026-07-23T05:36:17Z] [sentinel] Mise à jour disponible:  v (type: )
[2026-07-23T05:36:17Z] [sentinel] Type de mise à jour non reconnu: 
[2026-07-23T05:36:17Z] [sentinel] Action suggérée: apt update && apt upgrade -y (pour system) ou pip install --upgrade {package} (pour python)
[2026-07-23T06:37:33Z] [sentinel] Canal: update:available | Source: system | Type:  | Name:  | Version: 
[2026-07-23T06:37:33Z] [sentinel] Mise à jour disponible:  v (type: )
[2026-07-23T06:37:33Z] [sentinel] Type de mise à jour non reconnu: 
[2026-07-23T06:37:33Z] [sentinel] Action suggérée: apt update && apt upgrade -y (pour system) ou pip install --upgrade {package} (pour python)
[2026-07-23T06:41:09Z] [sentinel] Canal: update:available | Source: hive_cycler | Type:  | Name:  | Version: 
[2026-07-23T06:41:09Z] [sentinel] Mise à jour disponible:  v (type: )
[2026-07-23T06:41:09Z] [sentinel] Type de mise à jour non reconnu: 
[2026-07-23T06:41:09Z] [sentinel] Action suggérée: apt update && apt upgrade -y (pour system) ou pip install --upgrade {package} (pour python)
[2026-07-23T06:43:25Z] [sentinel] Canal: update:available | Source: hive_cycler | Type:  | Name:  | Version: 
[2026-07-23T06:43:25Z] [sentinel] Mise à jour disponible:  v (type: )
[2026-07-23T06:43:25Z] [sentinel] Type de mise à jour non reconnu: 
[2026-07-23T06:43:25Z] [sentinel] Action suggérée: apt update && apt upgrade -y (pour system) ou pip install --upgrade {package} (pour python)
[2026-07-23T06:47:45Z] [sentinel] Canal: update:available | Source: hive_cycler | Type:  | Name:  | Version: 
[2026-07-23T06:47:45Z] [sentinel] Mise à jour disponible:  v (type: )
[2026-07-23T06:47:45Z] [sentinel] Type de mise à jour non reconnu: 
[2026-07-23T06:47:45Z] [sentinel] Action suggérée: apt update && apt upgrade -y (pour system) ou pip install --upgrade {package} (pour python)
[2026-07-23T06:52:05Z] [sentinel] Canal: update:available | Source: hive_cycler | Type:  | Name:  | Version: 
[2026-07-23T06:52:05Z] [sentinel] Mise à jour disponible:  v (type: )
[2026-07-23T06:52:05Z] [sentinel] Type de mise à jour non reconnu: 
[2026-07-23T06:52:05Z] [sentinel] Action suggérée: apt update && apt upgrade -y (pour system) ou pip install --upgrade {package} (pour python)
[2026-07-23T06:56:27Z] [sentinel] Canal: update:available | Source: hive_cycler | Type:  | Name:  | Version: 
[2026-07-23T06:56:27Z] [sentinel] Mise à jour disponible:  v (type: )
[2026-07-23T06:56:27Z] [sentinel] Type de mise à jour non reconnu: 
[2026-07-23T06:56:27Z] [sentinel] Action suggérée: apt update && apt upgrade -y (pour system) ou pip install --upgrade {package} (pour python)
[2026-07-23T07:00:47Z] [sentinel] Canal: update:available | Source: hive_cycler | Type:  | Name:  | Version: 
[2026-07-23T07:00:47Z] [sentinel] Mise à jour disponible:  v (type: )
[2026-07-23T07:00:47Z] [sentinel] Type de mise à jour non reconnu: 
[2026-07-23T07:00:47Z] [sentinel] Action suggérée: apt update && apt upgrade -y (pour system) ou pip install --upgrade {package} (pour python)
[2026-07-23T07:05:07Z] [sentinel] Canal: update:available | Source: hive_cycler | Type:  | Name:  | Version: 
[2026-07-23T07:05:07Z] [sentinel] Mise à jour disponible:  v (type: )
[2026-07-23T07:05:07Z] [sentinel] Type de mise à jour non reconnu: 
[2026-07-23T07:05:07Z] [sentinel] Action suggérée: apt update && apt upgrade -y (pour system) ou pip install --upgrade {package} (pour python)
[2026-07-23T07:09:27Z] [sentinel] Canal: update:available | Source: hive_cycler | Type:  | Name:  | Version: 
[2026-07-23T07:09:27Z] [sentinel] Mise à jour disponible:  v (type: )
[2026-07-23T07:09:27Z] [sentinel] Type de mise à jour non reconnu: 
[2026-07-23T07:09:27Z] [sentinel] Action suggérée: apt update && apt upgrade -y (pour system) ou pip install --upgrade {package} (pour python)
[2026-07-23T07:11:31Z] [sentinel] Canal: update:available | Source: hive_cycler | Type:  | Name:  | Version: 
[2026-07-23T07:11:31Z] [sentinel] Mise à jour disponible:  v (type: )
[2026-07-23T07:11:31Z] [sentinel] Type de mise à jour non reconnu: 
[2026-07-23T07:11:31Z] [sentinel] Action suggérée: apt update && apt upgrade -y (pour system) ou pip install --upgrade {package} (pour python)
[2026-07-23T07:13:48Z] [sentinel] Canal: update:available | Source: hive_cycler | Type:  | Name:  | Version: 
[2026-07-23T07:13:48Z] [sentinel] Mise à jour disponible:  v (type: )
[2026-07-23T07:13:48Z] [sentinel] Type de mise à jour non reconnu: 
[2026-07-23T07:13:48Z] [sentinel] Action suggérée: apt update && apt upgrade -y (pour system) ou pip install --upgrade {package} (pour python)
[2026-07-23T07:14:48Z] [sentinel] Canal: update:available | Source: hive_cycler | Type:  | Name:  | Version: 
[2026-07-23T07:14:48Z] [sentinel] Mise à jour disponible:  v (type: )
[2026-07-23T07:14:48Z] [sentinel] Type de mise à jour non reconnu: 
[2026-07-23T07:14:48Z] [sentinel] Action suggérée: apt update && apt upgrade -y (pour system) ou pip install --upgrade {package} (pour python)
[2026-07-23T07:18:12Z] [sentinel] Canal: update:available | Source: hive_cycler | Type:  | Name:  | Version: 
[2026-07-23T07:18:12Z] [sentinel] Mise à jour disponible:  v (type: )
[2026-07-23T07:18:12Z] [sentinel] Type de mise à jour non reconnu: 
[2026-07-23T07:18:12Z] [sentinel] Action suggérée: apt update && apt upgrade -y (pour system) ou pip install --upgrade {package} (pour python)
[2026-07-23T07:22:34Z] [sentinel] Canal: update:available | Source: hive_cycler | Type:  | Name:  | Version: 
[2026-07-23T07:22:34Z] [sentinel] Mise à jour disponible:  v (type: )
[2026-07-23T07:22:34Z] [sentinel] Type de mise à jour non reconnu: 
[2026-07-23T07:22:34Z] [sentinel] Action suggérée: apt update && apt upgrade -y (pour system) ou pip install --upgrade {package} (pour python)
[2026-07-23T07:26:54Z] [sentinel] Canal: update:available | Source: hive_cycler | Type:  | Name:  | Version: 
[2026-07-23T07:26:54Z] [sentinel] Mise à jour disponible:  v (type: )
[2026-07-23T07:26:54Z] [sentinel] Type de mise à jour non reconnu: 
[2026-07-23T07:26:54Z] [sentinel] Action suggérée: apt update && apt upgrade -y (pour system) ou pip install --upgrade {package} (pour python)
[2026-07-23T07:31:14Z] [sentinel] Canal: update:available | Source: hive_cycler | Type:  | Name:  | Version: 
[2026-07-23T07:31:14Z] [sentinel] Mise à jour disponible:  v (type: )
[2026-07-23T07:31:14Z] [sentinel] Type de mise à jour non reconnu: 
[2026-07-23T07:31:14Z] [sentinel] Action suggérée: apt update && apt upgrade -y (pour system) ou pip install --upgrade {package} (pour python)
[2026-07-23T07:35:34Z] [sentinel] Canal: update:available | Source: hive_cycler | Type:  | Name:  | Version: 
[2026-07-23T07:35:34Z] [sentinel] Mise à jour disponible:  v (type: )
[2026-07-23T07:35:34Z] [sentinel] Type de mise à jour non reconnu: 
[2026-07-23T07:35:34Z] [sentinel] Action suggérée: apt update && apt upgrade -y (pour system) ou pip install --upgrade {package} (pour python)
[2026-07-23T07:39:56Z] [sentinel] Canal: update:available | Source: hive_cycler | Type:  | Name:  | Version: 
[2026-07-23T07:39:56Z] [sentinel] Mise à jour disponible:  v (type: )
[2026-07-23T07:39:56Z] [sentinel] Type de mise à jour non reconnu: 
[2026-07-23T07:39:56Z] [sentinel] Action suggérée: apt update && apt upgrade -y (pour system) ou pip install --upgrade {package} (pour python)
[2026-07-23T07:44:16Z] [sentinel] Canal: update:available | Source: hive_cycler | Type:  | Name:  | Version: 
[2026-07-23T07:44:16Z] [sentinel] Mise à jour disponible:  v (type: )
[2026-07-23T07:44:16Z] [sentinel] Type de mise à jour non reconnu: 
[2026-07-23T07:44:16Z] [sentinel] Action suggérée: apt update && apt upgrade -y (pour system) ou pip install --upgrade {package} (pour python)
[2026-07-23T07:48:36Z] [sentinel] Canal: update:available | Source: hive_cycler | Type:  | Name:  | Version: 
[2026-07-23T07:48:36Z] [sentinel] Mise à jour disponible:  v (type: )
[2026-07-23T07:48:36Z] [sentinel] Type de mise à jour non reconnu: 
[2026-07-23T07:48:36Z] [sentinel] Action suggérée: apt update && apt upgrade -y (pour system) ou pip install --upgrade {package} (pour python)
[2026-07-23T07:52:58Z] [sentinel] Canal: update:available | Source: hive_cycler | Type:  | Name:  | Version: 
[2026-07-23T07:52:58Z] [sentinel] Mise à jour disponible:  v (type: )
[2026-07-23T07:52:58Z] [sentinel] Type de mise à jour non reconnu: 
[2026-07-23T07:52:58Z] [sentinel] Action suggérée: apt update && apt upgrade -y (pour system) ou pip install --upgrade {package} (pour python)
[2026-07-23T07:57:18Z] [sentinel] Canal: update:available | Source: hive_cycler | Type:  | Name:  | Version: 
[2026-07-23T07:57:18Z] [sentinel] Mise à jour disponible:  v (type: )
[2026-07-23T07:57:18Z] [sentinel] Type de mise à jour non reconnu: 
[2026-07-23T07:57:18Z] [sentinel] Action suggérée: apt update && apt upgrade -y (pour system) ou pip install --upgrade {package} (pour python)
[2026-07-23T08:01:38Z] [sentinel] Canal: update:available | Source: hive_cycler | Type:  | Name:  | Version: 
[2026-07-23T08:01:38Z] [sentinel] Mise à jour disponible:  v (type: )
[2026-07-23T08:01:38Z] [sentinel] Type de mise à jour non reconnu: 
[2026-07-23T08:01:38Z] [sentinel] Action suggérée: apt update && apt upgrade -y (pour system) ou pip install --upgrade {package} (pour python)
[2026-07-23T08:04:28Z] [sentinel] Canal: update:available | Source: hive_cycler | Type:  | Name:  | Version: 
[2026-07-23T08:04:28Z] [sentinel] Mise à jour disponible:  v (type: )
[2026-07-23T08:04:28Z] [sentinel] Type de mise à jour non reconnu: 
[2026-07-23T08:04:28Z] [sentinel] Action suggérée: apt update && apt upgrade -y (pour system) ou pip install --upgrade {package} (pour python)
[2026-07-23T08:08:50Z] [sentinel] Canal: update:available | Source: hive_cycler | Type:  | Name:  | Version: 
[2026-07-23T08:08:50Z] [sentinel] Mise à jour disponible:  v (type: )
[2026-07-23T08:08:50Z] [sentinel] Type de mise à jour non reconnu: 
[2026-07-23T08:08:50Z] [sentinel] Action suggérée: apt update && apt upgrade -y (pour system) ou pip install --upgrade {package} (pour python)
[2026-07-23T08:13:10Z] [sentinel] Canal: update:available | Source: hive_cycler | Type:  | Name:  | Version: 
[2026-07-23T08:13:10Z] [sentinel] Mise à jour disponible:  v (type: )
[2026-07-23T08:13:10Z] [sentinel] Type de mise à jour non reconnu: 
[2026-07-23T08:13:10Z] [sentinel] Action suggérée: apt update && apt upgrade -y (pour system) ou pip install --upgrade {package} (pour python)
[2026-07-23T08:17:33Z] [sentinel] Canal: update:available | Source: hive_cycler | Type:  | Name:  | Version: 
[2026-07-23T08:17:33Z] [sentinel] Mise à jour disponible:  v (type: )
[2026-07-23T08:17:33Z] [sentinel] Type de mise à jour non reconnu: 
[2026-07-23T08:17:33Z] [sentinel] Action suggérée: apt update && apt upgrade -y (pour system) ou pip install --upgrade {package} (pour python)
[2026-07-23T08:21:53Z] [sentinel] Canal: update:available | Source: hive_cycler | Type:  | Name:  | Version: 
[2026-07-23T08:21:53Z] [sentinel] Mise à jour disponible:  v (type: )
[2026-07-23T08:21:53Z] [sentinel] Type de mise à jour non reconnu: 
[2026-07-23T08:21:53Z] [sentinel] Action suggérée: apt update && apt upgrade -y (pour system) ou pip install --upgrade {package} (pour python)
[2026-07-23T08:26:15Z] [sentinel] Canal: update:available | Source: hive_cycler | Type:  | Name:  | Version: 
[2026-07-23T08:26:15Z] [sentinel] Mise à jour disponible:  v (type: )
[2026-07-23T08:26:15Z] [sentinel] Type de mise à jour non reconnu: 
[2026-07-23T08:26:15Z] [sentinel] Action suggérée: apt update && apt upgrade -y (pour system) ou pip install --upgrade {package} (pour python)
[2026-07-23T08:30:37Z] [sentinel] Canal: update:available | Source: hive_cycler | Type:  | Name:  | Version: 
[2026-07-23T08:30:37Z] [sentinel] Mise à jour disponible:  v (type: )
[2026-07-23T08:30:37Z] [sentinel] Type de mise à jour non reconnu: 
[2026-07-23T08:30:37Z] [sentinel] Action suggérée: apt update && apt upgrade -y (pour system) ou pip install --upgrade {package} (pour python)
[2026-07-23T08:34:57Z] [sentinel] Canal: update:available | Source: hive_cycler | Type:  | Name:  | Version: 
[2026-07-23T08:34:57Z] [sentinel] Mise à jour disponible:  v (type: )
[2026-07-23T08:34:57Z] [sentinel] Type de mise à jour non reconnu: 
[2026-07-23T08:34:57Z] [sentinel] Action suggérée: apt update && apt upgrade -y (pour system) ou pip install --upgrade {package} (pour python)
[2026-07-23T08:39:19Z] [sentinel] Canal: update:available | Source: hive_cycler | Type:  | Name:  | Version: 
[2026-07-23T08:39:19Z] [sentinel] Mise à jour disponible:  v (type: )
[2026-07-23T08:39:19Z] [sentinel] Type de mise à jour non reconnu: 
[2026-07-23T08:39:19Z] [sentinel] Action suggérée: apt update && apt upgrade -y (pour system) ou pip install --upgrade {package} (pour python)
[2026-07-23T08:43:39Z] [sentinel] Canal: update:available | Source: hive_cycler | Type:  | Name:  | Version: 
[2026-07-23T08:43:39Z] [sentinel] Mise à jour disponible:  v (type: )
[2026-07-23T08:43:39Z] [sentinel] Type de mise à jour non reconnu: 
[2026-07-23T08:43:39Z] [sentinel] Action suggérée: apt update && apt upgrade -y (pour system) ou pip install --upgrade {package} (pour python)
[2026-07-23T08:48:01Z] [sentinel] Canal: update:available | Source: hive_cycler | Type:  | Name:  | Version: 
[2026-07-23T08:48:01Z] [sentinel] Mise à jour disponible:  v (type: )
[2026-07-23T08:48:01Z] [sentinel] Type de mise à jour non reconnu: 
[2026-07-23T08:48:01Z] [sentinel] Action suggérée: apt update && apt upgrade -y (pour system) ou pip install --upgrade {package} (pour python)
[2026-07-23T08:52:21Z] [sentinel] Canal: update:available | Source: hive_cycler | Type:  | Name:  | Version: 
[2026-07-23T08:52:21Z] [sentinel] Mise à jour disponible:  v (type: )
[2026-07-23T08:52:21Z] [sentinel] Type de mise à jour non reconnu: 
[2026-07-23T08:52:21Z] [sentinel] Action suggérée: apt update && apt upgrade -y (pour system) ou pip install --upgrade {package} (pour python)
[2026-07-23T08:56:43Z] [sentinel] Canal: update:available | Source: hive_cycler | Type:  | Name:  | Version: 
[2026-07-23T08:56:43Z] [sentinel] Mise à jour disponible:  v (type: )
[2026-07-23T08:56:43Z] [sentinel] Type de mise à jour non reconnu: 
[2026-07-23T08:56:43Z] [sentinel] Action suggérée: apt update && apt upgrade -y (pour system) ou pip install --upgrade {package} (pour python)
[2026-07-23T09:01:05Z] [sentinel] Canal: update:available | Source: hive_cycler | Type:  | Name:  | Version: 
[2026-07-23T09:01:05Z] [sentinel] Mise à jour disponible:  v (type: )
[2026-07-23T09:01:05Z] [sentinel] Type de mise à jour non reconnu: 
[2026-07-23T09:01:05Z] [sentinel] Action suggérée: apt update && apt upgrade -y (pour system) ou pip install --upgrade {package} (pour python)
[2026-07-23T09:05:25Z] [sentinel] Canal: update:available | Source: hive_cycler | Type:  | Name:  | Version: 
[2026-07-23T09:05:25Z] [sentinel] Mise à jour disponible:  v (type: )
[2026-07-23T09:05:25Z] [sentinel] Type de mise à jour non reconnu: 
[2026-07-23T09:05:25Z] [sentinel] Action suggérée: apt update && apt upgrade -y (pour system) ou pip install --upgrade {package} (pour python)
[2026-07-23T09:09:47Z] [sentinel] Canal: update:available | Source: hive_cycler | Type:  | Name:  | Version: 
[2026-07-23T09:09:47Z] [sentinel] Mise à jour disponible:  v (type: )
[2026-07-23T09:09:47Z] [sentinel] Type de mise à jour non reconnu: 
[2026-07-23T09:09:47Z] [sentinel] Action suggérée: apt update && apt upgrade -y (pour system) ou pip install --upgrade {package} (pour python)
[2026-07-23T09:14:07Z] [sentinel] Canal: update:available | Source: hive_cycler | Type:  | Name:  | Version: 
[2026-07-23T09:14:07Z] [sentinel] Mise à jour disponible:  v (type: )
[2026-07-23T09:14:07Z] [sentinel] Type de mise à jour non reconnu: 
[2026-07-23T09:14:07Z] [sentinel] Action suggérée: apt update && apt upgrade -y (pour system) ou pip install --upgrade {package} (pour python)
[2026-07-23T09:18:29Z] [sentinel] Canal: update:available | Source: hive_cycler | Type:  | Name:  | Version: 
[2026-07-23T09:18:29Z] [sentinel] Mise à jour disponible:  v (type: )
[2026-07-23T09:18:29Z] [sentinel] Type de mise à jour non reconnu: 
[2026-07-23T09:18:29Z] [sentinel] Action suggérée: apt update && apt upgrade -y (pour system) ou pip install --upgrade {package} (pour python)
[2026-07-23T09:22:50Z] [sentinel] Canal: update:available | Source: hive_cycler | Type:  | Name:  | Version: 
[2026-07-23T09:22:50Z] [sentinel] Mise à jour disponible:  v (type: )
[2026-07-23T09:22:50Z] [sentinel] Type de mise à jour non reconnu: 
[2026-07-23T09:22:50Z] [sentinel] Action suggérée: apt update && apt upgrade -y (pour system) ou pip install --upgrade {package} (pour python)
[2026-07-23T09:25:52Z] [sentinel] Canal: security:alert | Source: adam-blue | Type: permission_drift | Name:  | Version: 
[2026-07-23T09:25:52Z] [sentinel] Canal non reconnu: security:alert
[2026-07-23T09:27:12Z] [sentinel] Canal: update:available | Source: hive_cycler | Type:  | Name:  | Version: 
[2026-07-23T09:27:12Z] [sentinel] Mise à jour disponible:  v (type: )
[2026-07-23T09:27:12Z] [sentinel] Type de mise à jour non reconnu: 
[2026-07-23T09:27:12Z] [sentinel] Action suggérée: apt update && apt upgrade -y (pour system) ou pip install --upgrade {package} (pour python)
[2026-07-23T09:27:12Z] [sentinel] → published config:changed for adam-praetor
[2026-07-23T09:30:14Z] [sentinel] Canal: security:alert | Source: adam-blue | Type: permission_drift | Name:  | Version: 
[2026-07-23T09:30:14Z] [sentinel] Canal non reconnu: security:alert
[2026-07-23T09:30:14Z] [sentinel] → published security:scan for adam-red
[2026-07-23T09:31:32Z] [sentinel] Canal: update:available | Source: hive_cycler | Type:  | Name:  | Version: 
[2026-07-23T09:31:32Z] [sentinel] Mise à jour disponible:  v (type: )
[2026-07-23T09:31:32Z] [sentinel] Type de mise à jour non reconnu: 
[2026-07-23T09:31:32Z] [sentinel] Action suggérée: apt update && apt upgrade -y (pour system) ou pip install --upgrade {package} (pour python)
[2026-07-23T09:31:32Z] [sentinel] → published config:changed for adam-praetor
[2026-07-23T09:32:02Z] [sentinel] Canal: security:alert | Source: adam-blue | Type:  | Name:  | Version: 
[2026-07-23T09:32:02Z] [sentinel] Canal non reconnu: security:alert
[2026-07-23T09:32:02Z] [sentinel] → published security:scan for adam-red
[2026-07-23T09:34:34Z] [sentinel] Canal: security:alert | Source: adam-blue | Type: permission_drift | Name:  | Version: 
[2026-07-23T09:34:34Z] [sentinel] Canal non reconnu: security:alert
[2026-07-23T09:34:34Z] [sentinel] → published security:scan for adam-red
[2026-07-23T09:35:54Z] [sentinel] Canal: update:available | Source: hive_cycler | Type:  | Name:  | Version: 
[2026-07-23T09:35:54Z] [sentinel] Mise à jour disponible:  v (type: )
[2026-07-23T09:35:54Z] [sentinel] Type de mise à jour non reconnu: 
[2026-07-23T09:35:54Z] [sentinel] Action suggérée: apt update && apt upgrade -y (pour system) ou pip install --upgrade {package} (pour python)
[2026-07-23T09:35:54Z] [sentinel] → published config:changed for adam-praetor
[2026-07-23T09:38:56Z] [sentinel] Canal: security:alert | Source: adam-blue | Type: permission_drift | Name:  | Version: 
[2026-07-23T09:38:56Z] [sentinel] Canal non reconnu: security:alert
[2026-07-23T09:38:56Z] [sentinel] → published security:scan for adam-red
[2026-07-23T09:40:16Z] [sentinel] Canal: update:available | Source: hive_cycler | Type:  | Name:  | Version: 
[2026-07-23T09:40:16Z] [sentinel] Mise à jour disponible:  v (type: )
[2026-07-23T09:40:16Z] [sentinel] Type de mise à jour non reconnu: 
[2026-07-23T09:40:16Z] [sentinel] Action suggérée: apt update && apt upgrade -y (pour system) ou pip install --upgrade {package} (pour python)
[2026-07-23T09:40:16Z] [sentinel] → published config:changed for adam-praetor
[2026-07-23T09:43:16Z] [sentinel] Canal: security:alert | Source: adam-blue | Type: permission_drift | Name:  | Version: 
[2026-07-23T09:43:16Z] [sentinel] Canal non reconnu: security:alert
[2026-07-23T09:43:16Z] [sentinel] → published security:scan for adam-red
[2026-07-23T09:43:48Z] [sentinel] Canal: security:alert | Source: adam-blue | Type: permission_drift | Name:  | Version: 
[2026-07-23T09:43:48Z] [sentinel] Canal non reconnu: security:alert
[2026-07-23T09:43:48Z] [sentinel] → published security:scan for adam-red
[2026-07-23T09:44:36Z] [sentinel] Canal: update:available | Source: hive_cycler | Type:  | Name:  | Version: 
[2026-07-23T09:44:36Z] [sentinel] Mise à jour disponible:  v (type: )
[2026-07-23T09:44:36Z] [sentinel] Type de mise à jour non reconnu: 
[2026-07-23T09:44:36Z] [sentinel] Action suggérée: apt update && apt upgrade -y (pour system) ou pip install --upgrade {package} (pour python)
[2026-07-23T09:44:36Z] [sentinel] → published config:changed for adam-praetor
[2026-07-23T09:47:38Z] [sentinel] Canal: security:alert | Source: adam-blue | Type: permission_drift | Name:  | Version: 
[2026-07-23T09:47:38Z] [sentinel] Canal non reconnu: security:alert
[2026-07-23T09:47:38Z] [sentinel] → published security:scan for adam-red
[2026-07-23T09:48:58Z] [sentinel] Canal: update:available | Source: hive_cycler | Type:  | Name:  | Version: 
[2026-07-23T09:48:58Z] [sentinel] Mise à jour disponible:  v (type: )
[2026-07-23T09:48:58Z] [sentinel] Type de mise à jour non reconnu: 
[2026-07-23T09:48:58Z] [sentinel] Action suggérée: apt update && apt upgrade -y (pour system) ou pip install --upgrade {package} (pour python)
[2026-07-23T09:48:58Z] [sentinel] → published config:changed for adam-praetor
[2026-07-23T09:51:58Z] [sentinel] Canal: security:alert | Source: adam-blue | Type: permission_drift | Name:  | Version: 
[2026-07-23T09:51:58Z] [sentinel] Canal non reconnu: security:alert
[2026-07-23T09:51:58Z] [sentinel] → published security:scan for adam-red
[2026-07-23T09:53:18Z] [sentinel] Canal: update:available | Source: hive_cycler | Type:  | Name:  | Version: 
[2026-07-23T09:53:18Z] [sentinel] Mise à jour disponible:  v (type: )
[2026-07-23T09:53:18Z] [sentinel] Type de mise à jour non reconnu: 
[2026-07-23T09:53:18Z] [sentinel] Action suggérée: apt update && apt upgrade -y (pour system) ou pip install --upgrade {package} (pour python)
[2026-07-23T09:53:18Z] [sentinel] → published config:changed for adam-praetor
[2026-07-23T09:56:20Z] [sentinel] Canal: security:alert | Source: adam-blue | Type: permission_drift | Name:  | Version: 
[2026-07-23T09:56:20Z] [sentinel] Canal non reconnu: security:alert
[2026-07-23T09:56:20Z] [sentinel] → published security:scan for adam-red
[2026-07-23T09:57:40Z] [sentinel] Canal: update:available | Source: hive_cycler | Type:  | Name:  | Version: 
[2026-07-23T09:57:40Z] [sentinel] Mise à jour disponible:  v (type: )
[2026-07-23T09:57:40Z] [sentinel] Type de mise à jour non reconnu: 
[2026-07-23T09:57:40Z] [sentinel] Action suggérée: apt update && apt upgrade -y (pour system) ou pip install --upgrade {package} (pour python)
[2026-07-23T09:57:40Z] [sentinel] → published config:changed for adam-praetor
[2026-07-23T10:00:42Z] [sentinel] Canal: security:alert | Source: adam-blue | Type: permission_drift | Name:  | Version: 
[2026-07-23T10:00:42Z] [sentinel] Canal non reconnu: security:alert
[2026-07-23T10:00:42Z] [sentinel] → published security:scan for adam-red
[2026-07-23T10:02:00Z] [sentinel] Canal: update:available | Source: hive_cycler | Type:  | Name:  | Version: 
[2026-07-23T10:02:00Z] [sentinel] Mise à jour disponible:  v (type: )
[2026-07-23T10:02:00Z] [sentinel] Type de mise à jour non reconnu: 
[2026-07-23T10:02:00Z] [sentinel] Action suggérée: apt update && apt upgrade -y (pour system) ou pip install --upgrade {package} (pour python)
[2026-07-23T10:02:00Z] [sentinel] → published config:changed for adam-praetor
[2026-07-23T10:05:02Z] [sentinel] Canal: security:alert | Source: adam-blue | Type: permission_drift | Name:  | Version: 
[2026-07-23T10:05:02Z] [sentinel] Canal non reconnu: security:alert
[2026-07-23T10:05:02Z] [sentinel] → published security:scan for adam-red
[2026-07-23T10:06:22Z] [sentinel] Canal: update:available | Source: hive_cycler | Type:  | Name:  | Version: 
[2026-07-23T10:06:22Z] [sentinel] Mise à jour disponible:  v (type: )
[2026-07-23T10:06:22Z] [sentinel] Type de mise à jour non reconnu: 
[2026-07-23T10:06:22Z] [sentinel] Action suggérée: apt update && apt upgrade -y (pour system) ou pip install --upgrade {package} (pour python)
[2026-07-23T10:06:22Z] [sentinel] → published config:changed for adam-praetor
[2026-07-23T10:09:25Z] [sentinel] Canal: security:alert | Source: adam-blue | Type: permission_drift | Name:  | Version: 
[2026-07-23T10:09:25Z] [sentinel] Canal non reconnu: security:alert
[2026-07-23T10:09:25Z] [sentinel] → published security:scan for adam-red
[2026-07-23T10:10:43Z] [sentinel] Canal: update:available | Source: hive_cycler | Type:  | Name:  | Version: 
[2026-07-23T10:10:43Z] [sentinel] Mise à jour disponible:  v (type: )
[2026-07-23T10:10:43Z] [sentinel] Type de mise à jour non reconnu: 
[2026-07-23T10:10:43Z] [sentinel] Action suggérée: apt update && apt upgrade -y (pour system) ou pip install --upgrade {package} (pour python)
[2026-07-23T10:10:43Z] [sentinel] → published config:changed for adam-praetor
[2026-07-23T10:12:11Z] [sentinel] Canal: security:alert | Source: adam-sentinel | Type:  | Name:  | Version: 
[2026-07-23T10:12:11Z] [sentinel] Canal non reconnu: security:alert
[2026-07-23T10:12:11Z] [sentinel] → published security:scan for adam-red
[2026-07-23T10:13:45Z] [sentinel] Canal: security:alert | Source: adam-blue | Type: permission_drift | Name:  | Version: 
[2026-07-23T10:13:45Z] [sentinel] Canal non reconnu: security:alert
[2026-07-23T10:13:45Z] [sentinel] → published security:scan for adam-red
[2026-07-23T10:15:05Z] [sentinel] Canal: update:available | Source: hive_cycler | Type:  | Name:  | Version: 
[2026-07-23T10:15:05Z] [sentinel] Mise à jour disponible:  v (type: )
[2026-07-23T10:15:05Z] [sentinel] Type de mise à jour non reconnu: 
[2026-07-23T10:15:05Z] [sentinel] Action suggérée: apt update && apt upgrade -y (pour system) ou pip install --upgrade {package} (pour python)
[2026-07-23T10:15:05Z] [sentinel] → published config:changed for adam-praetor
[2026-07-23T10:15:17Z] [sentinel] Canal: security:alert | Source: adam-sentinel | Type:  | Name:  | Version: 
[2026-07-23T10:15:17Z] [sentinel] Canal non reconnu: security:alert
[2026-07-23T10:15:17Z] [sentinel] Canal: security:alert | Source: adam-sentinel | Type:  | Name:  | Version: 
[2026-07-23T10:15:17Z] [sentinel] Canal non reconnu: security:alert
[2026-07-23T10:15:17Z] [sentinel] Canal: security:alert | Source: adam-sentinel | Type:  | Name:  | Version: 
[2026-07-23T10:15:17Z] [sentinel] Canal non reconnu: security:alert
[2026-07-23T10:15:17Z] [sentinel] Canal: security:alert | Source: adam-sentinel | Type:  | Name:  | Version: 
[2026-07-23T10:15:17Z] [sentinel] Canal non reconnu: security:alert
[2026-07-23T10:15:17Z] [sentinel] → published security:scan for adam-red
[2026-07-23T10:15:17Z] [sentinel] → published security:scan for adam-red
[2026-07-23T10:15:17Z] [sentinel] → published security:scan for adam-red
[2026-07-23T10:15:17Z] [sentinel] → published security:scan for adam-red
[2026-07-23T10:15:21Z] [sentinel] Canal: security:alert | Source: adam-sentinel | Type:  | Name:  | Version: 
[2026-07-23T10:15:21Z] [sentinel] Canal non reconnu: security:alert
[2026-07-23T10:15:21Z] [sentinel] → published security:scan for adam-red
[2026-07-23T10:18:07Z] [sentinel] Canal: security:alert | Source: adam-blue | Type: permission_drift | Name:  | Version: 
[2026-07-23T10:18:07Z] [sentinel] Canal non reconnu: security:alert
[2026-07-23T10:18:07Z] [sentinel] → published security:scan for adam-red
[2026-07-23T10:19:27Z] [sentinel] Canal: update:available | Source: hive_cycler | Type:  | Name:  | Version: 
[2026-07-23T10:19:27Z] [sentinel] Mise à jour disponible:  v (type: )
[2026-07-23T10:19:27Z] [sentinel] Type de mise à jour non reconnu: 
[2026-07-23T10:19:27Z] [sentinel] Action suggérée: apt update && apt upgrade -y (pour system) ou pip install --upgrade {package} (pour python)
[2026-07-23T10:19:27Z] [sentinel] → published config:changed for adam-praetor
[2026-07-23T10:22:27Z] [sentinel] Canal: security:alert | Source: adam-blue | Type: permission_drift | Name:  | Version: 
[2026-07-23T10:22:27Z] [sentinel] Canal non reconnu: security:alert
[2026-07-23T10:22:27Z] [sentinel] → published security:scan for adam-red
[2026-07-23T10:23:47Z] [sentinel] Canal: update:available | Source: hive_cycler | Type:  | Name:  | Version: 
[2026-07-23T10:23:47Z] [sentinel] Mise à jour disponible:  v (type: )
[2026-07-23T10:23:47Z] [sentinel] Type de mise à jour non reconnu: 
[2026-07-23T10:23:47Z] [sentinel] Action suggérée: apt update && apt upgrade -y (pour system) ou pip install --upgrade {package} (pour python)
[2026-07-23T10:23:47Z] [sentinel] → published config:changed for adam-praetor
[2026-07-23T10:26:49Z] [sentinel] Canal: security:alert | Source: adam-blue | Type: permission_drift | Name:  | Version: 
[2026-07-23T10:26:49Z] [sentinel] Canal non reconnu: security:alert
[2026-07-23T10:26:49Z] [sentinel] → published security:scan for adam-red
[2026-07-23T10:28:09Z] [sentinel] Canal: update:available | Source: hive_cycler | Type:  | Name:  | Version: 
[2026-07-23T10:28:09Z] [sentinel] Mise à jour disponible:  v (type: )
[2026-07-23T10:28:09Z] [sentinel] Type de mise à jour non reconnu: 
[2026-07-23T10:28:09Z] [sentinel] Action suggérée: apt update && apt upgrade -y (pour system) ou pip install --upgrade {package} (pour python)
[2026-07-23T10:28:09Z] [sentinel] → published config:changed for adam-praetor
[2026-07-23T10:31:09Z] [sentinel] Canal: security:alert | Source: adam-blue | Type: permission_drift | Name:  | Version: 
[2026-07-23T10:31:09Z] [sentinel] Canal non reconnu: security:alert
[2026-07-23T10:31:09Z] [sentinel] → published security:scan for adam-red
[2026-07-23T10:32:29Z] [sentinel] Canal: update:available | Source: hive_cycler | Type:  | Name:  | Version: 
[2026-07-23T10:32:29Z] [sentinel] Mise à jour disponible:  v (type: )
[2026-07-23T10:32:29Z] [sentinel] Type de mise à jour non reconnu: 
[2026-07-23T10:32:29Z] [sentinel] Action suggérée: apt update && apt upgrade -y (pour system) ou pip install --upgrade {package} (pour python)
[2026-07-23T10:32:29Z] [sentinel] → published config:changed for adam-praetor
[2026-07-23T10:35:31Z] [sentinel] Canal: security:alert | Source: adam-blue | Type: permission_drift | Name:  | Version: 
[2026-07-23T10:35:31Z] [sentinel] Canal non reconnu: security:alert
[2026-07-23T10:35:31Z] [sentinel] → published security:scan for adam-red
[2026-07-23T10:36:51Z] [sentinel] Canal: update:available | Source: hive_cycler | Type:  | Name:  | Version: 
[2026-07-23T10:36:51Z] [sentinel] Mise à jour disponible:  v (type: )
[2026-07-23T10:36:51Z] [sentinel] Type de mise à jour non reconnu: 
[2026-07-23T10:36:51Z] [sentinel] Action suggérée: apt update && apt upgrade -y (pour system) ou pip install --upgrade {package} (pour python)
[2026-07-23T10:36:51Z] [sentinel] → published config:changed for adam-praetor
[2026-07-23T10:39:51Z] [sentinel] Canal: security:alert | Source: adam-blue | Type: permission_drift | Name:  | Version: 
[2026-07-23T10:39:51Z] [sentinel] Canal non reconnu: security:alert
[2026-07-23T10:39:51Z] [sentinel] → published security:scan for adam-red
[2026-07-23T10:41:11Z] [sentinel] Canal: update:available | Source: hive_cycler | Type:  | Name:  | Version: 
[2026-07-23T10:41:11Z] [sentinel] Mise à jour disponible:  v (type: )
[2026-07-23T10:41:11Z] [sentinel] Type de mise à jour non reconnu: 
[2026-07-23T10:41:11Z] [sentinel] Action suggérée: apt update && apt upgrade -y (pour system) ou pip install --upgrade {package} (pour python)
[2026-07-23T10:41:11Z] [sentinel] → published config:changed for adam-praetor
[2026-07-23T10:44:13Z] [sentinel] Canal: security:alert | Source: adam-blue | Type: permission_drift | Name:  | Version: 
[2026-07-23T10:44:13Z] [sentinel] Canal non reconnu: security:alert
[2026-07-23T10:44:13Z] [sentinel] → published security:scan for adam-red
[2026-07-23T10:45:33Z] [sentinel] Canal: update:available | Source: hive_cycler | Type:  | Name:  | Version: 
[2026-07-23T10:45:33Z] [sentinel] Mise à jour disponible:  v (type: )
[2026-07-23T10:45:33Z] [sentinel] Type de mise à jour non reconnu: 
[2026-07-23T10:45:33Z] [sentinel] Action suggérée: apt update && apt upgrade -y (pour system) ou pip install --upgrade {package} (pour python)
[2026-07-23T10:45:33Z] [sentinel] → published config:changed for adam-praetor
[2026-07-23T10:48:35Z] [sentinel] Canal: security:alert | Source: adam-blue | Type: permission_drift | Name:  | Version: 
[2026-07-23T10:48:35Z] [sentinel] Canal non reconnu: security:alert
[2026-07-23T10:48:35Z] [sentinel] → published security:scan for adam-red
[2026-07-23T10:49:54Z] [sentinel] Canal: update:available | Source: hive_cycler | Type:  | Name:  | Version: 
[2026-07-23T10:49:54Z] [sentinel] Mise à jour disponible:  v (type: )
[2026-07-23T10:49:54Z] [sentinel] Type de mise à jour non reconnu: 
[2026-07-23T10:49:54Z] [sentinel] Action suggérée: apt update && apt upgrade -y (pour system) ou pip install --upgrade {package} (pour python)
[2026-07-23T10:49:54Z] [sentinel] → published config:changed for adam-praetor
[2026-07-23T10:52:56Z] [sentinel] Canal: security:alert | Source: adam-blue | Type: permission_drift | Name:  | Version: 
[2026-07-23T10:52:56Z] [sentinel] Canal non reconnu: security:alert
[2026-07-23T10:52:56Z] [sentinel] → published security:scan for adam-red
[2026-07-23T10:54:16Z] [sentinel] Canal: update:available | Source: hive_cycler | Type:  | Name:  | Version: 
[2026-07-23T10:54:16Z] [sentinel] Mise à jour disponible:  v (type: )
[2026-07-23T10:54:16Z] [sentinel] Type de mise à jour non reconnu: 
[2026-07-23T10:54:16Z] [sentinel] Action suggérée: apt update && apt upgrade -y (pour system) ou pip install --upgrade {package} (pour python)
[2026-07-23T10:54:16Z] [sentinel] → published config:changed for adam-praetor
[2026-07-23T10:57:18Z] [sentinel] Canal: security:alert | Source: adam-blue | Type: permission_drift | Name:  | Version: 
[2026-07-23T10:57:18Z] [sentinel] Canal non reconnu: security:alert
[2026-07-23T10:57:18Z] [sentinel] → published security:scan for adam-red
[2026-07-23T10:58:36Z] [sentinel] Canal: update:available | Source: hive_cycler | Type:  | Name:  | Version: 
[2026-07-23T10:58:36Z] [sentinel] Mise à jour disponible:  v (type: )
[2026-07-23T10:58:36Z] [sentinel] Type de mise à jour non reconnu: 
[2026-07-23T10:58:36Z] [sentinel] Action suggérée: apt update && apt upgrade -y (pour system) ou pip install --upgrade {package} (pour python)
[2026-07-23T10:58:36Z] [sentinel] → published config:changed for adam-praetor
[2026-07-23T11:01:38Z] [sentinel] Canal: security:alert | Source: adam-blue | Type: permission_drift | Name:  | Version: 
[2026-07-23T11:01:38Z] [sentinel] Canal non reconnu: security:alert
[2026-07-23T11:01:38Z] [sentinel] → published security:scan for adam-red
[2026-07-23T11:02:58Z] [sentinel] Canal: update:available | Source: hive_cycler | Type:  | Name:  | Version: 
[2026-07-23T11:02:58Z] [sentinel] Mise à jour disponible:  v (type: )
[2026-07-23T11:02:58Z] [sentinel] Type de mise à jour non reconnu: 
[2026-07-23T11:02:58Z] [sentinel] Action suggérée: apt update && apt upgrade -y (pour system) ou pip install --upgrade {package} (pour python)
[2026-07-23T11:02:58Z] [sentinel] → published config:changed for adam-praetor
[2026-07-23T11:06:00Z] [sentinel] Canal: security:alert | Source: adam-blue | Type: permission_drift | Name:  | Version: 
[2026-07-23T11:06:00Z] [sentinel] Canal non reconnu: security:alert
[2026-07-23T11:06:00Z] [sentinel] → published security:scan for adam-red
[2026-07-23T11:07:20Z] [sentinel] Canal: update:available | Source: hive_cycler | Type:  | Name:  | Version: 
[2026-07-23T11:07:20Z] [sentinel] Mise à jour disponible:  v (type: )
[2026-07-23T11:07:20Z] [sentinel] Type de mise à jour non reconnu: 
[2026-07-23T11:07:20Z] [sentinel] Action suggérée: apt update && apt upgrade -y (pour system) ou pip install --upgrade {package} (pour python)
[2026-07-23T11:07:20Z] [sentinel] → published config:changed for adam-praetor
[2026-07-23T11:10:22Z] [sentinel] Canal: security:alert | Source: adam-blue | Type: permission_drift | Name:  | Version: 
[2026-07-23T11:10:22Z] [sentinel] Canal non reconnu: security:alert
[2026-07-23T11:10:22Z] [sentinel] → published security:scan for adam-red
[2026-07-23T11:11:40Z] [sentinel] Canal: update:available | Source: hive_cycler | Type:  | Name:  | Version: 
[2026-07-23T11:11:40Z] [sentinel] Mise à jour disponible:  v (type: )
[2026-07-23T11:11:40Z] [sentinel] Type de mise à jour non reconnu: 
[2026-07-23T11:11:40Z] [sentinel] Action suggérée: apt update && apt upgrade -y (pour system) ou pip install --upgrade {package} (pour python)
[2026-07-23T11:11:40Z] [sentinel] → published config:changed for adam-praetor
[2026-07-23T11:14:42Z] [sentinel] Canal: security:alert | Source: adam-blue | Type: permission_drift | Name:  | Version: 
[2026-07-23T11:14:42Z] [sentinel] Canal non reconnu: security:alert
[2026-07-23T11:14:42Z] [sentinel] → published security:scan for adam-red
[2026-07-23T11:16:02Z] [sentinel] Canal: update:available | Source: hive_cycler | Type:  | Name:  | Version: 
[2026-07-23T11:16:02Z] [sentinel] Mise à jour disponible:  v (type: )
[2026-07-23T11:16:02Z] [sentinel] Type de mise à jour non reconnu: 
[2026-07-23T11:16:02Z] [sentinel] Action suggérée: apt update && apt upgrade -y (pour system) ou pip install --upgrade {package} (pour python)
[2026-07-23T11:16:02Z] [sentinel] → published config:changed for adam-praetor
[2026-07-23T11:19:04Z] [sentinel] Canal: security:alert | Source: adam-blue | Type: permission_drift | Name:  | Version: 
[2026-07-23T11:19:04Z] [sentinel] Canal non reconnu: security:alert
[2026-07-23T11:19:04Z] [sentinel] → published security:scan for adam-red
[2026-07-23T11:20:22Z] [sentinel] Canal: update:available | Source: hive_cycler | Type:  | Name:  | Version: 
[2026-07-23T11:20:22Z] [sentinel] Mise à jour disponible:  v (type: )
[2026-07-23T11:20:22Z] [sentinel] Type de mise à jour non reconnu: 
[2026-07-23T11:20:22Z] [sentinel] Action suggérée: apt update && apt upgrade -y (pour system) ou pip install --upgrade {package} (pour python)
[2026-07-23T11:20:22Z] [sentinel] → published config:changed for adam-praetor
[2026-07-23T11:23:24Z] [sentinel] Canal: security:alert | Source: adam-blue | Type: permission_drift | Name:  | Version: 
[2026-07-23T11:23:24Z] [sentinel] Canal non reconnu: security:alert
[2026-07-23T11:23:24Z] [sentinel] → published security:scan for adam-red
[2026-07-23T11:24:44Z] [sentinel] Canal: update:available | Source: hive_cycler | Type:  | Name:  | Version: 
[2026-07-23T11:24:44Z] [sentinel] Mise à jour disponible:  v (type: )
[2026-07-23T11:24:44Z] [sentinel] Type de mise à jour non reconnu: 
[2026-07-23T11:24:44Z] [sentinel] Action suggérée: apt update && apt upgrade -y (pour system) ou pip install --upgrade {package} (pour python)
[2026-07-23T11:24:44Z] [sentinel] → published config:changed for adam-praetor
[2026-07-23T11:27:46Z] [sentinel] Canal: security:alert | Source: adam-blue | Type: permission_drift | Name:  | Version: 
[2026-07-23T11:27:46Z] [sentinel] Canal non reconnu: security:alert
[2026-07-23T11:27:46Z] [sentinel] → published security:scan for adam-red
[2026-07-23T11:29:04Z] [sentinel] Canal: update:available | Source: hive_cycler | Type:  | Name:  | Version: 
[2026-07-23T11:29:04Z] [sentinel] Mise à jour disponible:  v (type: )
[2026-07-23T11:29:04Z] [sentinel] Type de mise à jour non reconnu: 
[2026-07-23T11:29:04Z] [sentinel] Action suggérée: apt update && apt upgrade -y (pour system) ou pip install --upgrade {package} (pour python)
[2026-07-23T11:29:04Z] [sentinel] → published config:changed for adam-praetor
[2026-07-23T11:32:07Z] [sentinel] Canal: security:alert | Source: adam-blue | Type: permission_drift | Name:  | Version: 
[2026-07-23T11:32:07Z] [sentinel] Canal non reconnu: security:alert
[2026-07-23T11:32:07Z] [sentinel] → published security:scan for adam-red
[2026-07-23T11:33:27Z] [sentinel] Canal: update:available | Source: hive_cycler | Type:  | Name:  | Version: 
[2026-07-23T11:33:27Z] [sentinel] Mise à jour disponible:  v (type: )
[2026-07-23T11:33:27Z] [sentinel] Type de mise à jour non reconnu: 
[2026-07-23T11:33:27Z] [sentinel] Action suggérée: apt update && apt upgrade -y (pour system) ou pip install --upgrade {package} (pour python)
[2026-07-23T11:33:27Z] [sentinel] → published config:changed for adam-praetor
[2026-07-23T11:36:29Z] [sentinel] Canal: security:alert | Source: adam-blue | Type: permission_drift | Name:  | Version: 
[2026-07-23T11:36:29Z] [sentinel] Canal non reconnu: security:alert
[2026-07-23T11:36:29Z] [sentinel] → published security:scan for adam-red
[2026-07-23T11:37:47Z] [sentinel] Canal: update:available | Source: hive_cycler | Type:  | Name:  | Version: 
[2026-07-23T11:37:47Z] [sentinel] Mise à jour disponible:  v (type: )
[2026-07-23T11:37:47Z] [sentinel] Type de mise à jour non reconnu: 
[2026-07-23T11:37:47Z] [sentinel] Action suggérée: apt update && apt upgrade -y (pour system) ou pip install --upgrade {package} (pour python)
[2026-07-23T11:37:47Z] [sentinel] → published config:changed for adam-praetor
[2026-07-23T11:40:49Z] [sentinel] Canal: security:alert | Source: adam-blue | Type: permission_drift | Name:  | Version: 
[2026-07-23T11:40:49Z] [sentinel] Canal non reconnu: security:alert
[2026-07-23T11:40:49Z] [sentinel] → published security:scan for adam-red
[2026-07-23T11:42:09Z] [sentinel] Canal: update:available | Source: hive_cycler | Type:  | Name:  | Version: 
[2026-07-23T11:42:09Z] [sentinel] Mise à jour disponible:  v (type: )
[2026-07-23T11:42:09Z] [sentinel] Type de mise à jour non reconnu: 
[2026-07-23T11:42:09Z] [sentinel] Action suggérée: apt update && apt upgrade -y (pour system) ou pip install --upgrade {package} (pour python)
[2026-07-23T11:42:09Z] [sentinel] → published config:changed for adam-praetor
[2026-07-23T11:45:11Z] [sentinel] Canal: security:alert | Source: adam-blue | Type: permission_drift | Name:  | Version: 
[2026-07-23T11:45:11Z] [sentinel] Canal non reconnu: security:alert
[2026-07-23T11:45:11Z] [sentinel] → published security:scan for adam-red
[2026-07-23T11:46:29Z] [sentinel] Canal: update:available | Source: hive_cycler | Type:  | Name:  | Version: 
[2026-07-23T11:46:29Z] [sentinel] Mise à jour disponible:  v (type: )
[2026-07-23T11:46:29Z] [sentinel] Type de mise à jour non reconnu: 
[2026-07-23T11:46:29Z] [sentinel] Action suggérée: apt update && apt upgrade -y (pour system) ou pip install --upgrade {package} (pour python)
[2026-07-23T11:46:29Z] [sentinel] → published config:changed for adam-praetor
[2026-07-23T11:49:31Z] [sentinel] Canal: security:alert | Source: adam-blue | Type: permission_drift | Name:  | Version: 
[2026-07-23T11:49:31Z] [sentinel] Canal non reconnu: security:alert
[2026-07-23T11:49:31Z] [sentinel] → published security:scan for adam-red
[2026-07-23T11:50:51Z] [sentinel] Canal: update:available | Source: hive_cycler | Type:  | Name:  | Version: 
[2026-07-23T11:50:51Z] [sentinel] Mise à jour disponible:  v (type: )
[2026-07-23T11:50:51Z] [sentinel] Type de mise à jour non reconnu: 
[2026-07-23T11:50:51Z] [sentinel] Action suggérée: apt update && apt upgrade -y (pour system) ou pip install --upgrade {package} (pour python)
[2026-07-23T11:50:51Z] [sentinel] → published config:changed for adam-praetor
[2026-07-23T11:53:53Z] [sentinel] Canal: security:alert | Source: adam-blue | Type: permission_drift | Name:  | Version: 
[2026-07-23T11:53:53Z] [sentinel] Canal non reconnu: security:alert
[2026-07-23T11:53:53Z] [sentinel] → published security:scan for adam-red
[2026-07-23T11:55:13Z] [sentinel] Canal: update:available | Source: hive_cycler | Type:  | Name:  | Version: 
[2026-07-23T11:55:13Z] [sentinel] Mise à jour disponible:  v (type: )
[2026-07-23T11:55:13Z] [sentinel] Type de mise à jour non reconnu: 
[2026-07-23T11:55:13Z] [sentinel] Action suggérée: apt update && apt upgrade -y (pour system) ou pip install --upgrade {package} (pour python)
[2026-07-23T11:55:13Z] [sentinel] → published config:changed for adam-praetor
[2026-07-23T11:58:15Z] [sentinel] Canal: security:alert | Source: adam-blue | Type: permission_drift | Name:  | Version: 
[2026-07-23T11:58:15Z] [sentinel] Canal non reconnu: security:alert
[2026-07-23T11:58:15Z] [sentinel] → published security:scan for adam-red
[2026-07-23T11:59:33Z] [sentinel] Canal: update:available | Source: hive_cycler | Type:  | Name:  | Version: 
[2026-07-23T11:59:33Z] [sentinel] Mise à jour disponible:  v (type: )
[2026-07-23T11:59:33Z] [sentinel] Type de mise à jour non reconnu: 
[2026-07-23T11:59:33Z] [sentinel] Action suggérée: apt update && apt upgrade -y (pour system) ou pip install --upgrade {package} (pour python)
[2026-07-23T11:59:33Z] [sentinel] → published config:changed for adam-praetor
[2026-07-23T12:02:35Z] [sentinel] Canal: security:alert | Source: adam-blue | Type: permission_drift | Name:  | Version: 
[2026-07-23T12:02:35Z] [sentinel] Canal non reconnu: security:alert
[2026-07-23T12:02:35Z] [sentinel] → published security:scan for adam-red
[2026-07-23T12:03:55Z] [sentinel] Canal: update:available | Source: hive_cycler | Type:  | Name:  | Version: 
[2026-07-23T12:03:55Z] [sentinel] Mise à jour disponible:  v (type: )
[2026-07-23T12:03:55Z] [sentinel] Type de mise à jour non reconnu: 
[2026-07-23T12:03:55Z] [sentinel] Action suggérée: apt update && apt upgrade -y (pour system) ou pip install --upgrade {package} (pour python)
[2026-07-23T12:03:55Z] [sentinel] → published config:changed for adam-praetor
[2026-07-23T12:06:57Z] [sentinel] Canal: security:alert | Source: adam-blue | Type: permission_drift | Name:  | Version: 
[2026-07-23T12:06:57Z] [sentinel] Canal non reconnu: security:alert
[2026-07-23T12:06:57Z] [sentinel] → published security:scan for adam-red
[2026-07-23T12:08:15Z] [sentinel] Canal: update:available | Source: hive_cycler | Type:  | Name:  | Version: 
[2026-07-23T12:08:15Z] [sentinel] Mise à jour disponible:  v (type: )
[2026-07-23T12:08:15Z] [sentinel] Type de mise à jour non reconnu: 
[2026-07-23T12:08:15Z] [sentinel] Action suggérée: apt update && apt upgrade -y (pour system) ou pip install --upgrade {package} (pour python)
[2026-07-23T12:08:15Z] [sentinel] → published config:changed for adam-praetor
[2026-07-23T12:11:17Z] [sentinel] Canal: security:alert | Source: adam-blue | Type: permission_drift | Name:  | Version: 
[2026-07-23T12:11:17Z] [sentinel] Canal non reconnu: security:alert
[2026-07-23T12:11:17Z] [sentinel] → published security:scan for adam-red
[2026-07-23T12:12:37Z] [sentinel] Canal: update:available | Source: hive_cycler | Type:  | Name:  | Version: 
[2026-07-23T12:12:37Z] [sentinel] Mise à jour disponible:  v (type: )
[2026-07-23T12:12:37Z] [sentinel] Type de mise à jour non reconnu: 
[2026-07-23T12:12:37Z] [sentinel] Action suggérée: apt update && apt upgrade -y (pour system) ou pip install --upgrade {package} (pour python)
[2026-07-23T12:12:37Z] [sentinel] → published config:changed for adam-praetor
[2026-07-23T12:15:40Z] [sentinel] Canal: security:alert | Source: adam-blue | Type: permission_drift | Name:  | Version: 
[2026-07-23T12:15:40Z] [sentinel] Canal non reconnu: security:alert
[2026-07-23T12:15:40Z] [sentinel] → published security:scan for adam-red
[2026-07-23T12:16:58Z] [sentinel] Canal: update:available | Source: hive_cycler | Type:  | Name:  | Version: 
[2026-07-23T12:16:58Z] [sentinel] Mise à jour disponible:  v (type: )
[2026-07-23T12:16:58Z] [sentinel] Type de mise à jour non reconnu: 
[2026-07-23T12:16:58Z] [sentinel] Action suggérée: apt update && apt upgrade -y (pour system) ou pip install --upgrade {package} (pour python)
[2026-07-23T12:16:58Z] [sentinel] → published config:changed for adam-praetor
[2026-07-23T12:20:00Z] [sentinel] Canal: security:alert | Source: adam-blue | Type: permission_drift | Name:  | Version: 
[2026-07-23T12:20:00Z] [sentinel] Canal non reconnu: security:alert
[2026-07-23T12:20:00Z] [sentinel] → published security:scan for adam-red
[2026-07-23T12:21:20Z] [sentinel] Canal: update:available | Source: hive_cycler | Type:  | Name:  | Version: 
[2026-07-23T12:21:20Z] [sentinel] Mise à jour disponible:  v (type: )
[2026-07-23T12:21:20Z] [sentinel] Type de mise à jour non reconnu: 
[2026-07-23T12:21:20Z] [sentinel] Action suggérée: apt update && apt upgrade -y (pour system) ou pip install --upgrade {package} (pour python)
[2026-07-23T12:21:20Z] [sentinel] → published config:changed for adam-praetor
[2026-07-23T12:24:22Z] [sentinel] Canal: security:alert | Source: adam-blue | Type: permission_drift | Name:  | Version: 
[2026-07-23T12:24:22Z] [sentinel] Canal non reconnu: security:alert
[2026-07-23T12:24:22Z] [sentinel] → published security:scan for adam-red
[2026-07-23T12:25:40Z] [sentinel] Canal: update:available | Source: hive_cycler | Type:  | Name:  | Version: 
[2026-07-23T12:25:40Z] [sentinel] Mise à jour disponible:  v (type: )
[2026-07-23T12:25:40Z] [sentinel] Type de mise à jour non reconnu: 
[2026-07-23T12:25:40Z] [sentinel] Action suggérée: apt update && apt upgrade -y (pour system) ou pip install --upgrade {package} (pour python)
[2026-07-23T12:25:40Z] [sentinel] → published config:changed for adam-praetor
[2026-07-23T12:28:42Z] [sentinel] Canal: security:alert | Source: adam-blue | Type: permission_drift | Name:  | Version: 
[2026-07-23T12:28:42Z] [sentinel] Canal non reconnu: security:alert
[2026-07-23T12:28:42Z] [sentinel] → published security:scan for adam-red
[2026-07-23T12:30:02Z] [sentinel] Canal: update:available | Source: hive_cycler | Type:  | Name:  | Version: 
[2026-07-23T12:30:02Z] [sentinel] Mise à jour disponible:  v (type: )
[2026-07-23T12:30:02Z] [sentinel] Type de mise à jour non reconnu: 
[2026-07-23T12:30:02Z] [sentinel] Action suggérée: apt update && apt upgrade -y (pour system) ou pip install --upgrade {package} (pour python)
[2026-07-23T12:30:02Z] [sentinel] → published config:changed for adam-praetor
[2026-07-23T12:33:04Z] [sentinel] Canal: security:alert | Source: adam-blue | Type: permission_drift | Name:  | Version: 
[2026-07-23T12:33:04Z] [sentinel] Canal non reconnu: security:alert
[2026-07-23T12:33:04Z] [sentinel] → published security:scan for adam-red
[2026-07-23T12:34:22Z] [sentinel] Canal: update:available | Source: hive_cycler | Type:  | Name:  | Version: 
[2026-07-23T12:34:22Z] [sentinel] Mise à jour disponible:  v (type: )
[2026-07-23T12:34:22Z] [sentinel] Type de mise à jour non reconnu: 
[2026-07-23T12:34:22Z] [sentinel] Action suggérée: apt update && apt upgrade -y (pour system) ou pip install --upgrade {package} (pour python)
[2026-07-23T12:34:22Z] [sentinel] → published config:changed for adam-praetor
[2026-07-23T12:37:26Z] [sentinel] Canal: security:alert | Source: adam-blue | Type: permission_drift | Name:  | Version: 
[2026-07-23T12:37:26Z] [sentinel] Canal non reconnu: security:alert
[2026-07-23T12:37:26Z] [sentinel] → published security:scan for adam-red
[2026-07-23T12:38:44Z] [sentinel] Canal: update:available | Source: hive_cycler | Type:  | Name:  | Version: 
[2026-07-23T12:38:44Z] [sentinel] Mise à jour disponible:  v (type: )
[2026-07-23T12:38:44Z] [sentinel] Type de mise à jour non reconnu: 
[2026-07-23T12:38:44Z] [sentinel] Action suggérée: apt update && apt upgrade -y (pour system) ou pip install --upgrade {package} (pour python)
[2026-07-23T12:38:44Z] [sentinel] → published config:changed for adam-praetor
[2026-07-23T12:41:52Z] [sentinel] Canal: security:alert | Source: adam-blue | Type: permission_drift | Name:  | Version: 
[2026-07-23T12:41:52Z] [sentinel] Canal non reconnu: security:alert
[2026-07-23T12:41:52Z] [sentinel] → published security:scan for adam-red
[2026-07-23T12:43:06Z] [sentinel] Canal: update:available | Source: hive_cycler | Type:  | Name:  | Version: 
[2026-07-23T12:43:06Z] [sentinel] Mise à jour disponible:  v (type: )
[2026-07-23T12:43:06Z] [sentinel] Type de mise à jour non reconnu: 
[2026-07-23T12:43:06Z] [sentinel] Action suggérée: apt update && apt upgrade -y (pour system) ou pip install --upgrade {package} (pour python)
[2026-07-23T12:43:06Z] [sentinel] → published config:changed for adam-praetor
[2026-07-23T12:46:08Z] [sentinel] Canal: security:alert | Source: adam-blue | Type: permission_drift | Name:  | Version: 
[2026-07-23T12:46:08Z] [sentinel] Canal non reconnu: security:alert
[2026-07-23T12:46:08Z] [sentinel] → published security:scan for adam-red
[2026-07-23T12:47:26Z] [sentinel] Canal: update:available | Source: hive_cycler | Type:  | Name:  | Version: 
[2026-07-23T12:47:26Z] [sentinel] Mise à jour disponible:  v (type: )
[2026-07-23T12:47:26Z] [sentinel] Type de mise à jour non reconnu: 
[2026-07-23T12:47:26Z] [sentinel] Action suggérée: apt update && apt upgrade -y (pour system) ou pip install --upgrade {package} (pour python)
[2026-07-23T12:47:26Z] [sentinel] → published config:changed for adam-praetor
[2026-07-23T12:50:28Z] [sentinel] Canal: security:alert | Source: adam-blue | Type: permission_drift | Name:  | Version: 
[2026-07-23T12:50:28Z] [sentinel] Canal non reconnu: security:alert
[2026-07-23T12:50:28Z] [sentinel] → published security:scan for adam-red
[2026-07-23T12:51:48Z] [sentinel] Canal: update:available | Source: hive_cycler | Type:  | Name:  | Version: 
[2026-07-23T12:51:48Z] [sentinel] Mise à jour disponible:  v (type: )
[2026-07-23T12:51:48Z] [sentinel] Type de mise à jour non reconnu: 
[2026-07-23T12:51:48Z] [sentinel] Action suggérée: apt update && apt upgrade -y (pour system) ou pip install --upgrade {package} (pour python)
[2026-07-23T12:51:48Z] [sentinel] → published config:changed for adam-praetor
[2026-07-23T12:54:50Z] [sentinel] Canal: security:alert | Source: adam-blue | Type: permission_drift | Name:  | Version: 
[2026-07-23T12:54:50Z] [sentinel] Canal non reconnu: security:alert
[2026-07-23T12:54:50Z] [sentinel] → published security:scan for adam-red
[2026-07-23T12:56:08Z] [sentinel] Canal: update:available | Source: hive_cycler | Type:  | Name:  | Version: 
[2026-07-23T12:56:08Z] [sentinel] Mise à jour disponible:  v (type: )
[2026-07-23T12:56:08Z] [sentinel] Type de mise à jour non reconnu: 
[2026-07-23T12:56:08Z] [sentinel] Action suggérée: apt update && apt upgrade -y (pour system) ou pip install --upgrade {package} (pour python)
[2026-07-23T12:56:08Z] [sentinel] → published config:changed for adam-praetor
[2026-07-23T12:59:11Z] [sentinel] Canal: security:alert | Source: adam-blue | Type: permission_drift | Name:  | Version: 
[2026-07-23T12:59:11Z] [sentinel] Canal non reconnu: security:alert
[2026-07-23T12:59:11Z] [sentinel] → published security:scan for adam-red
[2026-07-23T13:00:31Z] [sentinel] Canal: update:available | Source: hive_cycler | Type:  | Name:  | Version: 
[2026-07-23T13:00:31Z] [sentinel] Mise à jour disponible:  v (type: )
[2026-07-23T13:00:31Z] [sentinel] Type de mise à jour non reconnu: 
[2026-07-23T13:00:31Z] [sentinel] Action suggérée: apt update && apt upgrade -y (pour system) ou pip install --upgrade {package} (pour python)
[2026-07-23T13:00:31Z] [sentinel] → published config:changed for adam-praetor
[2026-07-23T13:03:33Z] [sentinel] Canal: security:alert | Source: adam-blue | Type: permission_drift | Name:  | Version: 
[2026-07-23T13:03:33Z] [sentinel] Canal non reconnu: security:alert
[2026-07-23T13:03:33Z] [sentinel] → published security:scan for adam-red
[2026-07-23T13:04:51Z] [sentinel] Canal: update:available | Source: hive_cycler | Type:  | Name:  | Version: 
[2026-07-23T13:04:51Z] [sentinel] Mise à jour disponible:  v (type: )
[2026-07-23T13:04:51Z] [sentinel] Type de mise à jour non reconnu: 
[2026-07-23T13:04:51Z] [sentinel] Action suggérée: apt update && apt upgrade -y (pour system) ou pip install --upgrade {package} (pour python)
[2026-07-23T13:04:51Z] [sentinel] → published config:changed for adam-praetor
[2026-07-23T13:07:55Z] [sentinel] Canal: security:alert | Source: adam-blue | Type: permission_drift | Name:  | Version: 
[2026-07-23T13:07:55Z] [sentinel] Canal non reconnu: security:alert
[2026-07-23T13:07:55Z] [sentinel] → published security:scan for adam-red
[2026-07-23T13:09:13Z] [sentinel] Canal: update:available | Source: hive_cycler | Type:  | Name:  | Version: 
[2026-07-23T13:09:13Z] [sentinel] Mise à jour disponible:  v (type: )
[2026-07-23T13:09:13Z] [sentinel] Type de mise à jour non reconnu: 
[2026-07-23T13:09:13Z] [sentinel] Action suggérée: apt update && apt upgrade -y (pour system) ou pip install --upgrade {package} (pour python)
[2026-07-23T13:09:13Z] [sentinel] → published config:changed for adam-praetor
[2026-07-23T13:12:15Z] [sentinel] Canal: security:alert | Source: adam-blue | Type: permission_drift | Name:  | Version: 
[2026-07-23T13:12:15Z] [sentinel] Canal non reconnu: security:alert
[2026-07-23T13:12:15Z] [sentinel] → published security:scan for adam-red
[2026-07-23T13:13:33Z] [sentinel] Canal: update:available | Source: hive_cycler | Type:  | Name:  | Version: 
[2026-07-23T13:13:33Z] [sentinel] Mise à jour disponible:  v (type: )
[2026-07-23T13:13:33Z] [sentinel] Type de mise à jour non reconnu: 
[2026-07-23T13:13:33Z] [sentinel] Action suggérée: apt update && apt upgrade -y (pour system) ou pip install --upgrade {package} (pour python)
[2026-07-23T13:13:33Z] [sentinel] → published config:changed for adam-praetor
[2026-07-23T13:16:37Z] [sentinel] Canal: security:alert | Source: adam-blue | Type: permission_drift | Name:  | Version: 
[2026-07-23T13:16:37Z] [sentinel] Canal non reconnu: security:alert
[2026-07-23T13:16:37Z] [sentinel] → published security:scan for adam-red
[2026-07-23T13:17:55Z] [sentinel] Canal: update:available | Source: hive_cycler | Type:  | Name:  | Version: 
[2026-07-23T13:17:55Z] [sentinel] Mise à jour disponible:  v (type: )
[2026-07-23T13:17:55Z] [sentinel] Type de mise à jour non reconnu: 
[2026-07-23T13:17:55Z] [sentinel] Action suggérée: apt update && apt upgrade -y (pour system) ou pip install --upgrade {package} (pour python)
[2026-07-23T13:17:55Z] [sentinel] → published config:changed for adam-praetor
[2026-07-23T13:20:57Z] [sentinel] Canal: security:alert | Source: adam-blue | Type: permission_drift | Name:  | Version: 
[2026-07-23T13:20:57Z] [sentinel] Canal non reconnu: security:alert
[2026-07-23T13:20:57Z] [sentinel] → published security:scan for adam-red
[2026-07-23T13:22:17Z] [sentinel] Canal: update:available | Source: hive_cycler | Type:  | Name:  | Version: 
[2026-07-23T13:22:17Z] [sentinel] Mise à jour disponible:  v (type: )
[2026-07-23T13:22:17Z] [sentinel] Type de mise à jour non reconnu: 
[2026-07-23T13:22:17Z] [sentinel] Action suggérée: apt update && apt upgrade -y (pour system) ou pip install --upgrade {package} (pour python)
[2026-07-23T13:22:17Z] [sentinel] → published config:changed for adam-praetor
[2026-07-23T13:25:21Z] [sentinel] Canal: security:alert | Source: adam-blue | Type: permission_drift | Name:  | Version: 
[2026-07-23T13:25:21Z] [sentinel] Canal non reconnu: security:alert
[2026-07-23T13:25:21Z] [sentinel] → published security:scan for adam-red
[2026-07-23T13:26:37Z] [sentinel] Canal: update:available | Source: hive_cycler | Type:  | Name:  | Version: 
[2026-07-23T13:26:37Z] [sentinel] Mise à jour disponible:  v (type: )
[2026-07-23T13:26:37Z] [sentinel] Type de mise à jour non reconnu: 
[2026-07-23T13:26:37Z] [sentinel] Action suggérée: apt update && apt upgrade -y (pour system) ou pip install --upgrade {package} (pour python)
[2026-07-23T13:26:37Z] [sentinel] → published config:changed for adam-praetor
[2026-07-23T13:29:39Z] [sentinel] Canal: security:alert | Source: adam-blue | Type: permission_drift | Name:  | Version: 
[2026-07-23T13:29:39Z] [sentinel] Canal non reconnu: security:alert
[2026-07-23T13:29:39Z] [sentinel] → published security:scan for adam-red
[2026-07-23T13:30:59Z] [sentinel] Canal: update:available | Source: hive_cycler | Type:  | Name:  | Version: 
[2026-07-23T13:30:59Z] [sentinel] Mise à jour disponible:  v (type: )
[2026-07-23T13:30:59Z] [sentinel] Type de mise à jour non reconnu: 
[2026-07-23T13:30:59Z] [sentinel] Action suggérée: apt update && apt upgrade -y (pour system) ou pip install --upgrade {package} (pour python)
[2026-07-23T13:30:59Z] [sentinel] → published config:changed for adam-praetor
[2026-07-23T13:34:01Z] [sentinel] Canal: security:alert | Source: adam-blue | Type: permission_drift | Name:  | Version: 
[2026-07-23T13:34:01Z] [sentinel] Canal non reconnu: security:alert
[2026-07-23T13:34:01Z] [sentinel] → published security:scan for adam-red
[2026-07-23T13:35:19Z] [sentinel] Canal: update:available | Source: hive_cycler | Type:  | Name:  | Version: 
[2026-07-23T13:35:19Z] [sentinel] Mise à jour disponible:  v (type: )
[2026-07-23T13:35:19Z] [sentinel] Type de mise à jour non reconnu: 
[2026-07-23T13:35:19Z] [sentinel] Action suggérée: apt update && apt upgrade -y (pour system) ou pip install --upgrade {package} (pour python)
[2026-07-23T13:35:19Z] [sentinel] → published config:changed for adam-praetor
[2026-07-23T13:38:22Z] [sentinel] Canal: security:alert | Source: adam-blue | Type: permission_drift | Name:  | Version: 
[2026-07-23T13:38:22Z] [sentinel] Canal non reconnu: security:alert
[2026-07-23T13:38:22Z] [sentinel] → published security:scan for adam-red
[2026-07-23T13:39:42Z] [sentinel] Canal: update:available | Source: hive_cycler | Type:  | Name:  | Version: 
[2026-07-23T13:39:42Z] [sentinel] Mise à jour disponible:  v (type: )
[2026-07-23T13:39:42Z] [sentinel] Type de mise à jour non reconnu: 
[2026-07-23T13:39:42Z] [sentinel] Action suggérée: apt update && apt upgrade -y (pour system) ou pip install --upgrade {package} (pour python)
[2026-07-23T13:39:42Z] [sentinel] → published config:changed for adam-praetor
[2026-07-23T13:42:44Z] [sentinel] Canal: security:alert | Source: adam-blue | Type: permission_drift | Name:  | Version: 
[2026-07-23T13:42:44Z] [sentinel] Canal non reconnu: security:alert
[2026-07-23T13:42:44Z] [sentinel] → published security:scan for adam-red
[2026-07-23T13:44:02Z] [sentinel] Canal: update:available | Source: hive_cycler | Type:  | Name:  | Version: 
[2026-07-23T13:44:02Z] [sentinel] Mise à jour disponible:  v (type: )
[2026-07-23T13:44:02Z] [sentinel] Type de mise à jour non reconnu: 
[2026-07-23T13:44:02Z] [sentinel] Action suggérée: apt update && apt upgrade -y (pour system) ou pip install --upgrade {package} (pour python)
[2026-07-23T13:44:02Z] [sentinel] → published config:changed for adam-praetor
[2026-07-23T13:47:04Z] [sentinel] Canal: security:alert | Source: adam-blue | Type: permission_drift | Name:  | Version: 
[2026-07-23T13:47:04Z] [sentinel] Canal non reconnu: security:alert
[2026-07-23T13:47:04Z] [sentinel] → published security:scan for adam-red
[2026-07-23T13:48:24Z] [sentinel] Canal: update:available | Source: hive_cycler | Type:  | Name:  | Version: 
[2026-07-23T13:48:24Z] [sentinel] Mise à jour disponible:  v (type: )
[2026-07-23T13:48:24Z] [sentinel] Type de mise à jour non reconnu: 
[2026-07-23T13:48:24Z] [sentinel] Action suggérée: apt update && apt upgrade -y (pour system) ou pip install --upgrade {package} (pour python)
[2026-07-23T13:48:24Z] [sentinel] → published config:changed for adam-praetor
[2026-07-23T13:51:26Z] [sentinel] Canal: security:alert | Source: adam-blue | Type: permission_drift | Name:  | Version: 
[2026-07-23T13:51:26Z] [sentinel] Canal non reconnu: security:alert
[2026-07-23T13:51:26Z] [sentinel] → published security:scan for adam-red
[2026-07-23T13:52:44Z] [sentinel] Canal: update:available | Source: hive_cycler | Type:  | Name:  | Version: 
[2026-07-23T13:52:44Z] [sentinel] Mise à jour disponible:  v (type: )
[2026-07-23T13:52:44Z] [sentinel] Type de mise à jour non reconnu: 
[2026-07-23T13:52:44Z] [sentinel] Action suggérée: apt update && apt upgrade -y (pour system) ou pip install --upgrade {package} (pour python)
[2026-07-23T13:52:44Z] [sentinel] → published config:changed for adam-praetor
[2026-07-23T13:55:46Z] [sentinel] Canal: security:alert | Source: adam-blue | Type: permission_drift | Name:  | Version: 
[2026-07-23T13:55:46Z] [sentinel] Canal non reconnu: security:alert
[2026-07-23T13:55:46Z] [sentinel] → published security:scan for adam-red
[2026-07-23T13:57:06Z] [sentinel] Canal: update:available | Source: hive_cycler | Type:  | Name:  | Version: 
[2026-07-23T13:57:06Z] [sentinel] Mise à jour disponible:  v (type: )
[2026-07-23T13:57:06Z] [sentinel] Type de mise à jour non reconnu: 
[2026-07-23T13:57:06Z] [sentinel] Action suggérée: apt update && apt upgrade -y (pour system) ou pip install --upgrade {package} (pour python)
[2026-07-23T13:57:06Z] [sentinel] → published config:changed for adam-praetor
[2026-07-23T14:00:08Z] [sentinel] Canal: security:alert | Source: adam-blue | Type: permission_drift | Name:  | Version: 
[2026-07-23T14:00:08Z] [sentinel] Canal non reconnu: security:alert
[2026-07-23T14:00:08Z] [sentinel] → published security:scan for adam-red
[2026-07-23T14:01:26Z] [sentinel] Canal: update:available | Source: hive_cycler | Type:  | Name:  | Version: 
[2026-07-23T14:01:26Z] [sentinel] Mise à jour disponible:  v (type: )
[2026-07-23T14:01:26Z] [sentinel] Type de mise à jour non reconnu: 
[2026-07-23T14:01:26Z] [sentinel] Action suggérée: apt update && apt upgrade -y (pour system) ou pip install --upgrade {package} (pour python)
[2026-07-23T14:01:26Z] [sentinel] → published config:changed for adam-praetor
[2026-07-23T14:04:28Z] [sentinel] Canal: security:alert | Source: adam-blue | Type: permission_drift | Name:  | Version: 
[2026-07-23T14:04:28Z] [sentinel] Canal non reconnu: security:alert
[2026-07-23T14:04:28Z] [sentinel] → published security:scan for adam-red
[2026-07-23T14:05:48Z] [sentinel] Canal: update:available | Source: hive_cycler | Type:  | Name:  | Version: 
[2026-07-23T14:05:48Z] [sentinel] Mise à jour disponible:  v (type: )
[2026-07-23T14:05:48Z] [sentinel] Type de mise à jour non reconnu: 
[2026-07-23T14:05:48Z] [sentinel] Action suggérée: apt update && apt upgrade -y (pour system) ou pip install --upgrade {package} (pour python)
[2026-07-23T14:05:48Z] [sentinel] → published config:changed for adam-praetor
[2026-07-23T14:08:50Z] [sentinel] Canal: security:alert | Source: adam-blue | Type: permission_drift | Name:  | Version: 
[2026-07-23T14:08:50Z] [sentinel] Canal non reconnu: security:alert
[2026-07-23T14:08:50Z] [sentinel] → published security:scan for adam-red
[2026-07-23T14:10:10Z] [sentinel] Canal: update:available | Source: hive_cycler | Type:  | Name:  | Version: 
[2026-07-23T14:10:10Z] [sentinel] Mise à jour disponible:  v (type: )
[2026-07-23T14:10:10Z] [sentinel] Type de mise à jour non reconnu: 
[2026-07-23T14:10:10Z] [sentinel] Action suggérée: apt update && apt upgrade -y (pour system) ou pip install --upgrade {package} (pour python)
[2026-07-23T14:10:10Z] [sentinel] → published config:changed for adam-praetor
[2026-07-23T14:13:12Z] [sentinel] Canal: security:alert | Source: adam-blue | Type: permission_drift | Name:  | Version: 
[2026-07-23T14:13:12Z] [sentinel] Canal non reconnu: security:alert
[2026-07-23T14:13:12Z] [sentinel] → published security:scan for adam-red
[2026-07-23T14:14:30Z] [sentinel] Canal: update:available | Source: hive_cycler | Type:  | Name:  | Version: 
[2026-07-23T14:14:30Z] [sentinel] Mise à jour disponible:  v (type: )
[2026-07-23T14:14:30Z] [sentinel] Type de mise à jour non reconnu: 
[2026-07-23T14:14:30Z] [sentinel] Action suggérée: apt update && apt upgrade -y (pour system) ou pip install --upgrade {package} (pour python)
[2026-07-23T14:14:30Z] [sentinel] → published config:changed for adam-praetor
[2026-07-23T14:17:32Z] [sentinel] Canal: security:alert | Source: adam-blue | Type: permission_drift | Name:  | Version: 
[2026-07-23T14:17:32Z] [sentinel] Canal non reconnu: security:alert
[2026-07-23T14:17:32Z] [sentinel] → published security:scan for adam-red
[2026-07-23T14:18:52Z] [sentinel] Canal: update:available | Source: hive_cycler | Type:  | Name:  | Version: 
[2026-07-23T14:18:52Z] [sentinel] Mise à jour disponible:  v (type: )
[2026-07-23T14:18:52Z] [sentinel] Type de mise à jour non reconnu: 
[2026-07-23T14:18:52Z] [sentinel] Action suggérée: apt update && apt upgrade -y (pour system) ou pip install --upgrade {package} (pour python)
[2026-07-23T14:18:52Z] [sentinel] → published config:changed for adam-praetor
[2026-07-23T14:21:54Z] [sentinel] Canal: security:alert | Source: adam-blue | Type: permission_drift | Name:  | Version: 
[2026-07-23T14:21:54Z] [sentinel] Canal non reconnu: security:alert
[2026-07-23T14:21:54Z] [sentinel] → published security:scan for adam-red
[2026-07-23T14:23:13Z] [sentinel] Canal: update:available | Source: hive_cycler | Type:  | Name:  | Version: 
[2026-07-23T14:23:13Z] [sentinel] Mise à jour disponible:  v (type: )
[2026-07-23T14:23:13Z] [sentinel] Type de mise à jour non reconnu: 
[2026-07-23T14:23:13Z] [sentinel] Action suggérée: apt update && apt upgrade -y (pour system) ou pip install --upgrade {package} (pour python)
[2026-07-23T14:23:13Z] [sentinel] → published config:changed for adam-praetor
[2026-07-23T14:26:19Z] [sentinel] Canal: security:alert | Source: adam-blue | Type: permission_drift | Name:  | Version: 
[2026-07-23T14:26:19Z] [sentinel] Canal non reconnu: security:alert
[2026-07-23T14:26:19Z] [sentinel] → published security:scan for adam-red
[2026-07-23T14:27:35Z] [sentinel] Canal: update:available | Source: hive_cycler | Type:  | Name:  | Version: 
[2026-07-23T14:27:35Z] [sentinel] Mise à jour disponible:  v (type: )
[2026-07-23T14:27:35Z] [sentinel] Type de mise à jour non reconnu: 
[2026-07-23T14:27:35Z] [sentinel] Action suggérée: apt update && apt upgrade -y (pour system) ou pip install --upgrade {package} (pour python)
[2026-07-23T14:27:35Z] [sentinel] → published config:changed for adam-praetor
[2026-07-23T14:30:37Z] [sentinel] Canal: security:alert | Source: adam-blue | Type: permission_drift | Name:  | Version: 
[2026-07-23T14:30:37Z] [sentinel] Canal non reconnu: security:alert
[2026-07-23T14:30:37Z] [sentinel] → published security:scan for adam-red
[2026-07-23T14:31:55Z] [sentinel] Canal: update:available | Source: hive_cycler | Type:  | Name:  | Version: 
[2026-07-23T14:31:55Z] [sentinel] Mise à jour disponible:  v (type: )
[2026-07-23T14:31:55Z] [sentinel] Type de mise à jour non reconnu: 
[2026-07-23T14:31:55Z] [sentinel] Action suggérée: apt update && apt upgrade -y (pour system) ou pip install --upgrade {package} (pour python)
[2026-07-23T14:31:55Z] [sentinel] → published config:changed for adam-praetor
[2026-07-23T14:34:57Z] [sentinel] Canal: security:alert | Source: adam-blue | Type: permission_drift | Name:  | Version: 
[2026-07-23T14:34:57Z] [sentinel] Canal non reconnu: security:alert
[2026-07-23T14:34:57Z] [sentinel] → published security:scan for adam-red
[2026-07-23T14:36:17Z] [sentinel] Canal: update:available | Source: hive_cycler | Type:  | Name:  | Version: 
[2026-07-23T14:36:17Z] [sentinel] Mise à jour disponible:  v (type: )
[2026-07-23T14:36:17Z] [sentinel] Type de mise à jour non reconnu: 
[2026-07-23T14:36:17Z] [sentinel] Action suggérée: apt update && apt upgrade -y (pour system) ou pip install --upgrade {package} (pour python)
[2026-07-23T14:36:17Z] [sentinel] → published config:changed for adam-praetor
[2026-07-23T14:39:19Z] [sentinel] Canal: security:alert | Source: adam-blue | Type: permission_drift | Name:  | Version: 
[2026-07-23T14:39:19Z] [sentinel] Canal non reconnu: security:alert
[2026-07-23T14:39:19Z] [sentinel] → published security:scan for adam-red
[2026-07-23T14:40:37Z] [sentinel] Canal: update:available | Source: hive_cycler | Type:  | Name:  | Version: 
[2026-07-23T14:40:37Z] [sentinel] Mise à jour disponible:  v (type: )
[2026-07-23T14:40:37Z] [sentinel] Type de mise à jour non reconnu: 
[2026-07-23T14:40:37Z] [sentinel] Action suggérée: apt update && apt upgrade -y (pour system) ou pip install --upgrade {package} (pour python)
[2026-07-23T14:40:37Z] [sentinel] → published config:changed for adam-praetor
[2026-07-23T14:43:39Z] [sentinel] Canal: security:alert | Source: adam-blue | Type: permission_drift | Name:  | Version: 
[2026-07-23T14:43:39Z] [sentinel] Canal non reconnu: security:alert
[2026-07-23T14:43:39Z] [sentinel] → published security:scan for adam-red
[2026-07-23T14:44:59Z] [sentinel] Canal: update:available | Source: hive_cycler | Type:  | Name:  | Version: 
[2026-07-23T14:44:59Z] [sentinel] Mise à jour disponible:  v (type: )
[2026-07-23T14:44:59Z] [sentinel] Type de mise à jour non reconnu: 
[2026-07-23T14:44:59Z] [sentinel] Action suggérée: apt update && apt upgrade -y (pour system) ou pip install --upgrade {package} (pour python)
[2026-07-23T14:44:59Z] [sentinel] → published config:changed for adam-praetor
[2026-07-23T14:48:01Z] [sentinel] Canal: security:alert | Source: adam-blue | Type: permission_drift | Name:  | Version: 
[2026-07-23T14:48:01Z] [sentinel] Canal non reconnu: security:alert
[2026-07-23T14:48:01Z] [sentinel] → published security:scan for adam-red
[2026-07-23T14:49:19Z] [sentinel] Canal: update:available | Source: hive_cycler | Type:  | Name:  | Version: 
[2026-07-23T14:49:19Z] [sentinel] Mise à jour disponible:  v (type: )
[2026-07-23T14:49:19Z] [sentinel] Type de mise à jour non reconnu: 
[2026-07-23T14:49:19Z] [sentinel] Action suggérée: apt update && apt upgrade -y (pour system) ou pip install --upgrade {package} (pour python)
[2026-07-23T14:49:19Z] [sentinel] → published config:changed for adam-praetor
[2026-07-23T14:52:21Z] [sentinel] Canal: security:alert | Source: adam-blue | Type: permission_drift | Name:  | Version: 
[2026-07-23T14:52:21Z] [sentinel] Canal non reconnu: security:alert
[2026-07-23T14:52:21Z] [sentinel] → published security:scan for adam-red
[2026-07-23T14:53:41Z] [sentinel] Canal: update:available | Source: hive_cycler | Type:  | Name:  | Version: 
[2026-07-23T14:53:41Z] [sentinel] Mise à jour disponible:  v (type: )
[2026-07-23T14:53:41Z] [sentinel] Type de mise à jour non reconnu: 
[2026-07-23T14:53:41Z] [sentinel] Action suggérée: apt update && apt upgrade -y (pour system) ou pip install --upgrade {package} (pour python)
[2026-07-23T14:53:41Z] [sentinel] → published config:changed for adam-praetor
[2026-07-23T14:56:45Z] [sentinel] Canal: security:alert | Source: adam-blue | Type: permission_drift | Name:  | Version: 
[2026-07-23T14:56:45Z] [sentinel] Canal non reconnu: security:alert
[2026-07-23T14:56:45Z] [sentinel] → published security:scan for adam-red
[2026-07-23T14:58:01Z] [sentinel] Canal: security:alert | Source: handler | Type: syntax_error | Name:  | Version: 
[2026-07-23T14:58:01Z] [sentinel] Canal non reconnu: security:alert
[2026-07-23T14:58:01Z] [sentinel] → published security:scan for adam-red
[2026-07-23T14:58:03Z] [sentinel] Canal: update:available | Source: hive_cycler | Type:  | Name:  | Version: 
[2026-07-23T14:58:03Z] [sentinel] Mise à jour disponible:  v (type: )
[2026-07-23T14:58:03Z] [sentinel] Type de mise à jour non reconnu: 
[2026-07-23T14:58:03Z] [sentinel] Action suggérée: apt update && apt upgrade -y (pour system) ou pip install --upgrade {package} (pour python)
[2026-07-23T14:58:03Z] [sentinel] → published config:changed for adam-praetor
[2026-07-23T15:01:06Z] [sentinel] Canal: security:alert | Source: adam-blue | Type: permission_drift | Name:  | Version: 
[2026-07-23T15:01:06Z] [sentinel] Canal non reconnu: security:alert
[2026-07-23T15:01:06Z] [sentinel] → published security:scan for adam-red
[2026-07-23T15:02:24Z] [sentinel] Canal: update:available | Source: hive_cycler | Type:  | Name:  | Version: 
[2026-07-23T15:02:24Z] [sentinel] Mise à jour disponible:  v (type: )
[2026-07-23T15:02:24Z] [sentinel] Type de mise à jour non reconnu: 
[2026-07-23T15:02:24Z] [sentinel] Action suggérée: apt update && apt upgrade -y (pour system) ou pip install --upgrade {package} (pour python)
[2026-07-23T15:02:24Z] [sentinel] → published config:changed for adam-praetor
[2026-07-23T15:05:26Z] [sentinel] Canal: security:alert | Source: adam-blue | Type: permission_drift | Name:  | Version: 
[2026-07-23T15:05:26Z] [sentinel] Canal non reconnu: security:alert
[2026-07-23T15:05:26Z] [sentinel] → published security:scan for adam-red
[2026-07-23T15:06:46Z] [sentinel] Canal: update:available | Source: hive_cycler | Type:  | Name:  | Version: 
[2026-07-23T15:06:46Z] [sentinel] Mise à jour disponible:  v (type: )
[2026-07-23T15:06:46Z] [sentinel] Type de mise à jour non reconnu: 
[2026-07-23T15:06:46Z] [sentinel] Action suggérée: apt update && apt upgrade -y (pour system) ou pip install --upgrade {package} (pour python)
[2026-07-23T15:06:46Z] [sentinel] → published config:changed for adam-praetor
[2026-07-23T15:09:48Z] [sentinel] Canal: security:alert | Source: adam-blue | Type: permission_drift | Name:  | Version: 
[2026-07-23T15:09:48Z] [sentinel] Canal non reconnu: security:alert
[2026-07-23T15:09:48Z] [sentinel] → published security:scan for adam-red
[2026-07-23T15:11:06Z] [sentinel] Canal: update:available | Source: hive_cycler | Type:  | Name:  | Version: 
[2026-07-23T15:11:06Z] [sentinel] Mise à jour disponible:  v (type: )
[2026-07-23T15:11:06Z] [sentinel] Type de mise à jour non reconnu: 
[2026-07-23T15:11:06Z] [sentinel] Action suggérée: apt update && apt upgrade -y (pour system) ou pip install --upgrade {package} (pour python)
[2026-07-23T15:11:06Z] [sentinel] → published config:changed for adam-praetor
[2026-07-23T15:14:08Z] [sentinel] Canal: security:alert | Source: adam-blue | Type: permission_drift | Name:  | Version: 
[2026-07-23T15:14:08Z] [sentinel] Canal non reconnu: security:alert
[2026-07-23T15:14:08Z] [sentinel] → published security:scan for adam-red
[2026-07-23T15:15:28Z] [sentinel] Canal: update:available | Source: hive_cycler | Type:  | Name:  | Version: 
[2026-07-23T15:15:28Z] [sentinel] Mise à jour disponible:  v (type: )
[2026-07-23T15:15:28Z] [sentinel] Type de mise à jour non reconnu: 
[2026-07-23T15:15:28Z] [sentinel] Action suggérée: apt update && apt upgrade -y (pour system) ou pip install --upgrade {package} (pour python)
[2026-07-23T15:15:28Z] [sentinel] → published config:changed for adam-praetor
[2026-07-23T15:17:16Z] [sentinel] Canal: security:alert | Source: adam-critic | Type: syntax_error | Name:  | Version: 
[2026-07-23T15:17:16Z] [sentinel] Canal non reconnu: security:alert
[2026-07-23T15:17:16Z] [sentinel] Canal: security:alert | Source: adam-critic | Type: syntax_error | Name:  | Version: 
[2026-07-23T15:17:16Z] [sentinel] Canal non reconnu: security:alert
[2026-07-23T15:17:16Z] [sentinel] Canal: security:alert | Source: adam-critic | Type: syntax_error | Name:  | Version: 
[2026-07-23T15:17:16Z] [sentinel] Canal non reconnu: security:alert
[2026-07-23T15:17:16Z] [sentinel] → published security:scan for adam-red
[2026-07-23T15:17:16Z] [sentinel] → published security:scan for adam-red
[2026-07-23T15:17:16Z] [sentinel] → published security:scan for adam-red
[2026-07-23T15:18:37Z] [sentinel] Canal: security:alert | Source: adam-blue | Type: permission_drift | Name:  | Version: 
[2026-07-23T15:18:37Z] [sentinel] Canal non reconnu: security:alert
[2026-07-23T15:18:37Z] [sentinel] → published security:scan for adam-red
[2026-07-23T15:19:48Z] [sentinel] Canal: update:available | Source: hive_cycler | Type:  | Name:  | Version: 
[2026-07-23T15:19:48Z] [sentinel] Mise à jour disponible:  v (type: )
[2026-07-23T15:19:48Z] [sentinel] Type de mise à jour non reconnu: 
[2026-07-23T15:19:48Z] [sentinel] Action suggérée: apt update && apt upgrade -y (pour system) ou pip install --upgrade {package} (pour python)
[2026-07-23T15:19:48Z] [sentinel] → published config:changed for adam-praetor
[2026-07-23T15:22:50Z] [sentinel] Canal: security:alert | Source: adam-blue | Type: permission_drift | Name:  | Version: 
[2026-07-23T15:22:50Z] [sentinel] Canal non reconnu: security:alert
[2026-07-23T15:22:50Z] [sentinel] → published security:scan for adam-red
[2026-07-23T15:24:10Z] [sentinel] Canal: update:available | Source: hive_cycler | Type:  | Name:  | Version: 
[2026-07-23T15:24:10Z] [sentinel] Mise à jour disponible:  v (type: )
[2026-07-23T15:24:10Z] [sentinel] Type de mise à jour non reconnu: 
[2026-07-23T15:24:10Z] [sentinel] Action suggérée: apt update && apt upgrade -y (pour system) ou pip install --upgrade {package} (pour python)
[2026-07-23T15:24:10Z] [sentinel] → published config:changed for adam-praetor
[2026-07-23T15:27:12Z] [sentinel] Canal: security:alert | Source: adam-blue | Type: permission_drift | Name:  | Version: 
[2026-07-23T15:27:12Z] [sentinel] Canal non reconnu: security:alert
[2026-07-23T15:27:12Z] [sentinel] → published security:scan for adam-red
[2026-07-23T15:28:31Z] [sentinel] Canal: update:available | Source: hive_cycler | Type:  | Name:  | Version: 
[2026-07-23T15:28:31Z] [sentinel] Mise à jour disponible:  v (type: )
[2026-07-23T15:28:31Z] [sentinel] Type de mise à jour non reconnu: 
[2026-07-23T15:28:31Z] [sentinel] Action suggérée: apt update && apt upgrade -y (pour system) ou pip install --upgrade {package} (pour python)
[2026-07-23T15:28:31Z] [sentinel] → published config:changed for adam-praetor
[2026-07-23T15:31:35Z] [sentinel] Canal: security:alert | Source: adam-blue | Type: permission_drift | Name:  | Version: 
[2026-07-23T15:31:35Z] [sentinel] Canal non reconnu: security:alert
[2026-07-23T15:31:35Z] [sentinel] → published security:scan for adam-red
[2026-07-23T15:32:53Z] [sentinel] Canal: update:available | Source: hive_cycler | Type:  | Name:  | Version: 
[2026-07-23T15:32:53Z] [sentinel] Mise à jour disponible:  v (type: )
[2026-07-23T15:32:53Z] [sentinel] Type de mise à jour non reconnu: 
[2026-07-23T15:32:53Z] [sentinel] Action suggérée: apt update && apt upgrade -y (pour system) ou pip install --upgrade {package} (pour python)
[2026-07-23T15:32:53Z] [sentinel] → published config:changed for adam-praetor
[2026-07-23T15:35:55Z] [sentinel] Canal: security:alert | Source: adam-blue | Type: permission_drift | Name:  | Version: 
[2026-07-23T15:35:55Z] [sentinel] Canal non reconnu: security:alert
[2026-07-23T15:35:55Z] [sentinel] → published security:scan for adam-red
[2026-07-23T15:37:14Z] [sentinel] Canal: update:available | Source: hive_cycler | Type:  | Name:  | Version: 
[2026-07-23T15:37:14Z] [sentinel] Mise à jour disponible:  v (type: )
[2026-07-23T15:37:14Z] [sentinel] Type de mise à jour non reconnu: 
[2026-07-23T15:37:14Z] [sentinel] Action suggérée: apt update && apt upgrade -y (pour system) ou pip install --upgrade {package} (pour python)
[2026-07-23T15:37:14Z] [sentinel] → published config:changed for adam-praetor
[2026-07-23T15:40:16Z] [sentinel] Canal: security:alert | Source: adam-blue | Type: permission_drift | Name:  | Version: 
[2026-07-23T15:40:16Z] [sentinel] Canal non reconnu: security:alert
[2026-07-23T15:40:16Z] [sentinel] → published security:scan for adam-red
[2026-07-23T15:41:34Z] [sentinel] Canal: update:available | Source: hive_cycler | Type:  | Name:  | Version: 
[2026-07-23T15:41:34Z] [sentinel] Mise à jour disponible:  v (type: )
[2026-07-23T15:41:34Z] [sentinel] Type de mise à jour non reconnu: 
[2026-07-23T15:41:34Z] [sentinel] Action suggérée: apt update && apt upgrade -y (pour system) ou pip install --upgrade {package} (pour python)
[2026-07-23T15:41:34Z] [sentinel] → published config:changed for adam-praetor
[2026-07-23T15:44:39Z] [sentinel] Canal: security:alert | Source: adam-blue | Type: permission_drift | Name:  | Version: 
[2026-07-23T15:44:39Z] [sentinel] Canal non reconnu: security:alert
[2026-07-23T15:44:39Z] [sentinel] → published security:scan for adam-red
[2026-07-23T15:50:32Z] [sentinel] Canal: update:available | Source: hive_cycler | Type:  | Name:  | Version: 
[2026-07-23T15:50:32Z] [sentinel] Mise à jour disponible:  v (type: )
[2026-07-23T15:50:32Z] [sentinel] Type de mise à jour non reconnu: 
[2026-07-23T15:50:32Z] [sentinel] Action suggérée: apt update && apt upgrade -y (pour system) ou pip install --upgrade {package} (pour python)
[2026-07-23T15:50:32Z] [sentinel] Canal: update:available | Source: hive_cycler | Type:  | Name:  | Version: 
[2026-07-23T15:50:32Z] [sentinel] Mise à jour disponible:  v (type: )
[2026-07-23T15:50:32Z] [sentinel] Type de mise à jour non reconnu: 
[2026-07-23T15:50:32Z] [sentinel] Action suggérée: apt update && apt upgrade -y (pour system) ou pip install --upgrade {package} (pour python)
[2026-07-23T15:50:32Z] [sentinel] → published config:changed for adam-praetor
[2026-07-23T15:50:32Z] [sentinel] → published config:changed for adam-praetor
[2026-07-23T15:55:22Z] [sentinel] Canal: update:available | Source: hive_cycler | Type:  | Name:  | Version: 
[2026-07-23T15:55:22Z] [sentinel] Mise à jour disponible:  v (type: )
[2026-07-23T15:55:22Z] [sentinel] Type de mise à jour non reconnu: 
[2026-07-23T15:55:22Z] [sentinel] Action suggérée: apt update && apt upgrade -y (pour system) ou pip install --upgrade {package} (pour python)
[2026-07-23T15:55:22Z] [sentinel] → published config:changed for adam-praetor
[2026-07-23T15:55:32Z] [sentinel] Canal: security:alert | Source: adam-blue | Type: permission_drift | Name:  | Version: 
[2026-07-23T15:55:32Z] [sentinel] Canal non reconnu: security:alert
[2026-07-23T15:55:32Z] [sentinel] Canal: security:alert | Source: adam-blue | Type: permission_drift | Name:  | Version: 
[2026-07-23T15:55:32Z] [sentinel] Canal non reconnu: security:alert
[2026-07-23T15:55:32Z] [sentinel] → published security:scan for adam-red
[2026-07-23T15:55:32Z] [sentinel] → published security:scan for adam-red
[2026-07-23T15:57:40Z] [sentinel] Canal: security:alert | Source: adam-blue | Type: permission_drift | Name:  | Version: 
[2026-07-23T15:57:40Z] [sentinel] Canal non reconnu: security:alert
[2026-07-23T15:57:40Z] [sentinel] → published security:scan for adam-red
[2026-07-23T15:58:58Z] [sentinel] Canal: update:available | Source: hive_cycler | Type:  | Name:  | Version: 
[2026-07-23T15:58:58Z] [sentinel] Mise à jour disponible:  v (type: )
[2026-07-23T15:58:58Z] [sentinel] Type de mise à jour non reconnu: 
[2026-07-23T15:58:58Z] [sentinel] Action suggérée: apt update && apt upgrade -y (pour system) ou pip install --upgrade {package} (pour python)
[2026-07-23T15:58:58Z] [sentinel] → published config:changed for adam-praetor
[2026-07-23T16:02:01Z] [sentinel] Canal: security:alert | Source: adam-blue | Type: permission_drift | Name:  | Version: 
[2026-07-23T16:02:01Z] [sentinel] Canal non reconnu: security:alert
[2026-07-23T16:02:01Z] [sentinel] → published security:scan for adam-red
[2026-07-23T16:03:21Z] [sentinel] Canal: update:available | Source: hive_cycler | Type:  | Name:  | Version: 
[2026-07-23T16:03:21Z] [sentinel] Mise à jour disponible:  v (type: )
[2026-07-23T16:03:21Z] [sentinel] Type de mise à jour non reconnu: 
[2026-07-23T16:03:21Z] [sentinel] Action suggérée: apt update && apt upgrade -y (pour system) ou pip install --upgrade {package} (pour python)
[2026-07-23T16:03:21Z] [sentinel] → published config:changed for adam-praetor
[2026-07-23T16:06:23Z] [sentinel] Canal: security:alert | Source: adam-blue | Type: permission_drift | Name:  | Version: 
[2026-07-23T16:06:23Z] [sentinel] Canal non reconnu: security:alert
[2026-07-23T16:06:23Z] [sentinel] → published security:scan for adam-red
[2026-07-23T16:07:42Z] [sentinel] Canal: update:available | Source: hive_cycler | Type:  | Name:  | Version: 
[2026-07-23T16:07:42Z] [sentinel] Mise à jour disponible:  v (type: )
[2026-07-23T16:07:42Z] [sentinel] Type de mise à jour non reconnu: 
[2026-07-23T16:07:42Z] [sentinel] Action suggérée: apt update && apt upgrade -y (pour system) ou pip install --upgrade {package} (pour python)
[2026-07-23T16:07:42Z] [sentinel] → published config:changed for adam-praetor
[2026-07-23T16:10:44Z] [sentinel] Canal: security:alert | Source: adam-blue | Type: permission_drift | Name:  | Version: 
[2026-07-23T16:10:44Z] [sentinel] Canal non reconnu: security:alert
[2026-07-23T16:10:44Z] [sentinel] → published security:scan for adam-red
[2026-07-23T16:12:02Z] [sentinel] Canal: update:available | Source: hive_cycler | Type:  | Name:  | Version: 
[2026-07-23T16:12:02Z] [sentinel] Mise à jour disponible:  v (type: )
[2026-07-23T16:12:02Z] [sentinel] Type de mise à jour non reconnu: 
[2026-07-23T16:12:02Z] [sentinel] Action suggérée: apt update && apt upgrade -y (pour system) ou pip install --upgrade {package} (pour python)
[2026-07-23T16:12:02Z] [sentinel] → published config:changed for adam-praetor
[2026-07-23T16:15:05Z] [sentinel] Canal: security:alert | Source: adam-blue | Type: permission_drift | Name:  | Version: 
[2026-07-23T16:15:05Z] [sentinel] Canal non reconnu: security:alert
[2026-07-23T16:15:05Z] [sentinel] → published security:scan for adam-red
[2026-07-23T16:16:25Z] [sentinel] Canal: update:available | Source: hive_cycler | Type:  | Name:  | Version: 
[2026-07-23T16:16:25Z] [sentinel] Mise à jour disponible:  v (type: )
[2026-07-23T16:16:25Z] [sentinel] Type de mise à jour non reconnu: 
[2026-07-23T16:16:25Z] [sentinel] Action suggérée: apt update && apt upgrade -y (pour system) ou pip install --upgrade {package} (pour python)
[2026-07-23T16:16:25Z] [sentinel] → published config:changed for adam-praetor
[2026-07-23T16:19:27Z] [sentinel] Canal: security:alert | Source: adam-blue | Type: permission_drift | Name:  | Version: 
[2026-07-23T16:19:27Z] [sentinel] Canal non reconnu: security:alert
[2026-07-23T16:19:27Z] [sentinel] → published security:scan for adam-red
[2026-07-23T16:20:45Z] [sentinel] Canal: update:available | Source: hive_cycler | Type:  | Name:  | Version: 
[2026-07-23T16:20:45Z] [sentinel] Mise à jour disponible:  v (type: )
[2026-07-23T16:20:45Z] [sentinel] Type de mise à jour non reconnu: 
[2026-07-23T16:20:45Z] [sentinel] Action suggérée: apt update && apt upgrade -y (pour system) ou pip install --upgrade {package} (pour python)
[2026-07-23T16:20:45Z] [sentinel] → published config:changed for adam-praetor
[2026-07-23T16:23:50Z] [sentinel] Canal: security:alert | Source: adam-blue | Type: permission_drift | Name:  | Version: 
[2026-07-23T16:23:50Z] [sentinel] Canal non reconnu: security:alert
[2026-07-23T16:23:50Z] [sentinel] → published security:scan for adam-red
[2026-07-23T16:25:06Z] [sentinel] Canal: update:available | Source: hive_cycler | Type:  | Name:  | Version: 
[2026-07-23T16:25:06Z] [sentinel] Mise à jour disponible:  v (type: )
[2026-07-23T16:25:06Z] [sentinel] Type de mise à jour non reconnu: 
[2026-07-23T16:25:06Z] [sentinel] Action suggérée: apt update && apt upgrade -y (pour system) ou pip install --upgrade {package} (pour python)
[2026-07-23T16:25:06Z] [sentinel] → published config:changed for adam-praetor
[2026-07-23T16:28:11Z] [sentinel] Canal: security:alert | Source: adam-blue | Type: permission_drift | Name:  | Version: 
[2026-07-23T16:28:11Z] [sentinel] Canal non reconnu: security:alert
[2026-07-23T16:28:11Z] [sentinel] → published security:scan for adam-red
[2026-07-23T16:29:27Z] [sentinel] Canal: update:available | Source: hive_cycler | Type:  | Name:  | Version: 
[2026-07-23T16:29:27Z] [sentinel] Mise à jour disponible:  v (type: )
[2026-07-23T16:29:27Z] [sentinel] Type de mise à jour non reconnu: 
[2026-07-23T16:29:27Z] [sentinel] Action suggérée: apt update && apt upgrade -y (pour system) ou pip install --upgrade {package} (pour python)
[2026-07-23T16:29:27Z] [sentinel] → published config:changed for adam-praetor
[2026-07-23T16:32:29Z] [sentinel] Canal: security:alert | Source: adam-blue | Type: permission_drift | Name:  | Version: 
[2026-07-23T16:32:29Z] [sentinel] Canal non reconnu: security:alert
[2026-07-23T16:32:29Z] [sentinel] → published security:scan for adam-red
[2026-07-23T16:33:49Z] [sentinel] Canal: update:available | Source: hive_cycler | Type:  | Name:  | Version: 
[2026-07-23T16:33:49Z] [sentinel] Mise à jour disponible:  v (type: )
[2026-07-23T16:33:49Z] [sentinel] Type de mise à jour non reconnu: 
[2026-07-23T16:33:49Z] [sentinel] Action suggérée: apt update && apt upgrade -y (pour system) ou pip install --upgrade {package} (pour python)
[2026-07-23T16:33:49Z] [sentinel] → published config:changed for adam-praetor
[2026-07-23T16:36:52Z] [sentinel] Canal: security:alert | Source: adam-blue | Type: permission_drift | Name:  | Version: 
[2026-07-23T16:36:52Z] [sentinel] Canal non reconnu: security:alert
[2026-07-23T16:36:52Z] [sentinel] → published security:scan for adam-red
[2026-07-23T16:38:10Z] [sentinel] Canal: update:available | Source: hive_cycler | Type:  | Name:  | Version: 
[2026-07-23T16:38:10Z] [sentinel] Mise à jour disponible:  v (type: )
[2026-07-23T16:38:10Z] [sentinel] Type de mise à jour non reconnu: 
[2026-07-23T16:38:10Z] [sentinel] Action suggérée: apt update && apt upgrade -y (pour system) ou pip install --upgrade {package} (pour python)
[2026-07-23T16:38:10Z] [sentinel] → published config:changed for adam-praetor
[2026-07-23T16:41:13Z] [sentinel] Canal: security:alert | Source: adam-blue | Type: permission_drift | Name:  | Version: 
[2026-07-23T16:41:13Z] [sentinel] Canal non reconnu: security:alert
[2026-07-23T16:41:13Z] [sentinel] → published security:scan for adam-red
[2026-07-23T16:42:31Z] [sentinel] Canal: update:available | Source: hive_cycler | Type:  | Name:  | Version: 
[2026-07-23T16:42:31Z] [sentinel] Mise à jour disponible:  v (type: )
[2026-07-23T16:42:31Z] [sentinel] Type de mise à jour non reconnu: 
[2026-07-23T16:42:31Z] [sentinel] Action suggérée: apt update && apt upgrade -y (pour system) ou pip install --upgrade {package} (pour python)
[2026-07-23T16:42:31Z] [sentinel] → published config:changed for adam-praetor
[2026-07-23T16:45:33Z] [sentinel] Canal: security:alert | Source: adam-blue | Type: permission_drift | Name:  | Version: 
[2026-07-23T16:45:33Z] [sentinel] Canal non reconnu: security:alert
[2026-07-23T16:45:33Z] [sentinel] → published security:scan for adam-red
[2026-07-23T16:46:53Z] [sentinel] Canal: update:available | Source: hive_cycler | Type:  | Name:  | Version: 
[2026-07-23T16:46:53Z] [sentinel] Mise à jour disponible:  v (type: )
[2026-07-23T16:46:53Z] [sentinel] Type de mise à jour non reconnu: 
[2026-07-23T16:46:53Z] [sentinel] Action suggérée: apt update && apt upgrade -y (pour system) ou pip install --upgrade {package} (pour python)
[2026-07-23T16:46:53Z] [sentinel] → published config:changed for adam-praetor
[2026-07-23T16:50:28Z] [sentinel] Canal: security:alert | Source: adam-blue | Type: permission_drift | Name:  | Version: 
[2026-07-23T16:50:28Z] [sentinel] Canal non reconnu: security:alert
[2026-07-23T16:50:28Z] [sentinel] → published security:scan for adam-red
[2026-07-23T16:51:14Z] [sentinel] Canal: update:available | Source: hive_cycler | Type:  | Name:  | Version: 
[2026-07-23T16:51:14Z] [sentinel] Mise à jour disponible:  v (type: )
[2026-07-23T16:51:14Z] [sentinel] Type de mise à jour non reconnu: 
[2026-07-23T16:51:14Z] [sentinel] Action suggérée: apt update && apt upgrade -y (pour system) ou pip install --upgrade {package} (pour python)
[2026-07-23T16:51:14Z] [sentinel] → published config:changed for adam-praetor
[2026-07-23T16:54:17Z] [sentinel] Canal: security:alert | Source: adam-blue | Type: permission_drift | Name:  | Version: 
[2026-07-23T16:54:17Z] [sentinel] Canal non reconnu: security:alert
[2026-07-23T16:54:17Z] [sentinel] → published security:scan for adam-red
[2026-07-23T16:55:35Z] [sentinel] Canal: update:available | Source: hive_cycler | Type:  | Name:  | Version: 
[2026-07-23T16:55:35Z] [sentinel] Mise à jour disponible:  v (type: )
[2026-07-23T16:55:35Z] [sentinel] Type de mise à jour non reconnu: 
[2026-07-23T16:55:35Z] [sentinel] Action suggérée: apt update && apt upgrade -y (pour system) ou pip install --upgrade {package} (pour python)
[2026-07-23T16:55:35Z] [sentinel] → published config:changed for adam-praetor
[2026-07-23T16:58:38Z] [sentinel] Canal: security:alert | Source: adam-blue | Type: permission_drift | Name:  | Version: 
[2026-07-23T16:58:38Z] [sentinel] Canal non reconnu: security:alert
[2026-07-23T16:58:38Z] [sentinel] → published security:scan for adam-red
[2026-07-23T16:59:56Z] [sentinel] Canal: update:available | Source: hive_cycler | Type:  | Name:  | Version: 
[2026-07-23T16:59:56Z] [sentinel] Mise à jour disponible:  v (type: )
[2026-07-23T16:59:56Z] [sentinel] Type de mise à jour non reconnu: 
[2026-07-23T16:59:56Z] [sentinel] Action suggérée: apt update && apt upgrade -y (pour system) ou pip install --upgrade {package} (pour python)
[2026-07-23T16:59:56Z] [sentinel] → published config:changed for adam-praetor
[2026-07-23T17:02:59Z] [sentinel] Canal: security:alert | Source: adam-blue | Type: permission_drift | Name:  | Version: 
[2026-07-23T17:02:59Z] [sentinel] Canal non reconnu: security:alert
[2026-07-23T17:02:59Z] [sentinel] → published security:scan for adam-red
[2026-07-23T17:04:17Z] [sentinel] Canal: update:available | Source: hive_cycler | Type:  | Name:  | Version: 
[2026-07-23T17:04:17Z] [sentinel] Mise à jour disponible:  v (type: )
[2026-07-23T17:04:17Z] [sentinel] Type de mise à jour non reconnu: 
[2026-07-23T17:04:17Z] [sentinel] Action suggérée: apt update && apt upgrade -y (pour system) ou pip install --upgrade {package} (pour python)
[2026-07-23T17:04:17Z] [sentinel] → published config:changed for adam-praetor
[2026-07-23T17:07:20Z] [sentinel] Canal: security:alert | Source: adam-blue | Type: permission_drift | Name:  | Version: 
[2026-07-23T17:07:20Z] [sentinel] Canal non reconnu: security:alert
[2026-07-23T17:07:20Z] [sentinel] → published security:scan for adam-red
[2026-07-23T17:08:38Z] [sentinel] Canal: update:available | Source: hive_cycler | Type:  | Name:  | Version: 
[2026-07-23T17:08:38Z] [sentinel] Mise à jour disponible:  v (type: )
[2026-07-23T17:08:38Z] [sentinel] Type de mise à jour non reconnu: 
[2026-07-23T17:08:38Z] [sentinel] Action suggérée: apt update && apt upgrade -y (pour system) ou pip install --upgrade {package} (pour python)
[2026-07-23T17:08:38Z] [sentinel] → published config:changed for adam-praetor
[2026-07-23T17:11:43Z] [sentinel] Canal: security:alert | Source: adam-blue | Type: permission_drift | Name:  | Version: 
[2026-07-23T17:11:43Z] [sentinel] Canal non reconnu: security:alert
[2026-07-23T17:11:43Z] [sentinel] → published security:scan for adam-red
[2026-07-23T17:12:59Z] [sentinel] Canal: update:available | Source: hive_cycler | Type:  | Name:  | Version: 
[2026-07-23T17:12:59Z] [sentinel] Mise à jour disponible:  v (type: )
[2026-07-23T17:12:59Z] [sentinel] Type de mise à jour non reconnu: 
[2026-07-23T17:12:59Z] [sentinel] Action suggérée: apt update && apt upgrade -y (pour system) ou pip install --upgrade {package} (pour python)
[2026-07-23T17:12:59Z] [sentinel] → published config:changed for adam-praetor
[2026-07-23T17:16:01Z] [sentinel] Canal: security:alert | Source: adam-blue | Type: permission_drift | Name:  | Version: 
[2026-07-23T17:16:01Z] [sentinel] Canal non reconnu: security:alert
[2026-07-23T17:16:01Z] [sentinel] → published security:scan for adam-red
[2026-07-23T17:17:22Z] [sentinel] Canal: update:available | Source: hive_cycler | Type:  | Name:  | Version: 
[2026-07-23T17:17:22Z] [sentinel] Mise à jour disponible:  v (type: )
[2026-07-23T17:17:22Z] [sentinel] Type de mise à jour non reconnu: 
[2026-07-23T17:17:22Z] [sentinel] Action suggérée: apt update && apt upgrade -y (pour system) ou pip install --upgrade {package} (pour python)
[2026-07-23T17:17:22Z] [sentinel] → published config:changed for adam-praetor
[2026-07-23T17:20:14Z] [sentinel] Canal: security:alert | Source: adam-red | Type:  | Name:  | Version: 
[2026-07-23T17:20:14Z] [sentinel] Canal non reconnu: security:alert
[2026-07-23T17:20:14Z] [sentinel] → published security:scan for adam-red
[2026-07-23T17:20:26Z] [sentinel] Canal: security:alert | Source: adam-blue | Type: permission_drift | Name:  | Version: 
[2026-07-23T17:20:26Z] [sentinel] Canal non reconnu: security:alert
[2026-07-23T17:20:26Z] [sentinel] → published security:scan for adam-red
[2026-07-23T17:21:42Z] [sentinel] Canal: update:available | Source: hive_cycler | Type:  | Name:  | Version: 
[2026-07-23T17:21:42Z] [sentinel] Mise à jour disponible:  v (type: )
[2026-07-23T17:21:42Z] [sentinel] Type de mise à jour non reconnu: 
[2026-07-23T17:21:42Z] [sentinel] Action suggérée: apt update && apt upgrade -y (pour system) ou pip install --upgrade {package} (pour python)
[2026-07-23T17:21:42Z] [sentinel] → published config:changed for adam-praetor
[2026-07-23T17:24:45Z] [sentinel] Canal: security:alert | Source: adam-blue | Type: permission_drift | Name:  | Version: 
[2026-07-23T17:24:45Z] [sentinel] Canal non reconnu: security:alert
[2026-07-23T17:24:45Z] [sentinel] → published security:scan for adam-red
[2026-07-23T17:26:03Z] [sentinel] Canal: update:available | Source: hive_cycler | Type:  | Name:  | Version: 
[2026-07-23T17:26:03Z] [sentinel] Mise à jour disponible:  v (type: )
[2026-07-23T17:26:03Z] [sentinel] Type de mise à jour non reconnu: 
[2026-07-23T17:26:03Z] [sentinel] Action suggérée: apt update && apt upgrade -y (pour system) ou pip install --upgrade {package} (pour python)
[2026-07-23T17:26:03Z] [sentinel] → published config:changed for adam-praetor
[2026-07-23T17:29:05Z] [sentinel] Canal: security:alert | Source: adam-blue | Type: permission_drift | Name:  | Version: 
[2026-07-23T17:29:05Z] [sentinel] Canal non reconnu: security:alert
[2026-07-23T17:29:05Z] [sentinel] → published security:scan for adam-red
[2026-07-23T17:30:24Z] [sentinel] Canal: update:available | Source: hive_cycler | Type:  | Name:  | Version: 
[2026-07-23T17:30:24Z] [sentinel] Mise à jour disponible:  v (type: )
[2026-07-23T17:30:24Z] [sentinel] Type de mise à jour non reconnu: 
[2026-07-23T17:30:24Z] [sentinel] Action suggérée: apt update && apt upgrade -y (pour system) ou pip install --upgrade {package} (pour python)
[2026-07-23T17:30:24Z] [sentinel] → published config:changed for adam-praetor
[2026-07-23T17:33:26Z] [sentinel] Canal: security:alert | Source: adam-blue | Type: permission_drift | Name:  | Version: 
[2026-07-23T17:33:26Z] [sentinel] Canal non reconnu: security:alert
[2026-07-23T17:33:26Z] [sentinel] → published security:scan for adam-red
[2026-07-23T17:34:46Z] [sentinel] Canal: update:available | Source: hive_cycler | Type:  | Name:  | Version: 
[2026-07-23T17:34:46Z] [sentinel] Mise à jour disponible:  v (type: )
[2026-07-23T17:34:46Z] [sentinel] Type de mise à jour non reconnu: 
[2026-07-23T17:34:46Z] [sentinel] Action suggérée: apt update && apt upgrade -y (pour system) ou pip install --upgrade {package} (pour python)
[2026-07-23T17:34:46Z] [sentinel] → published config:changed for adam-praetor
[2026-07-23T17:37:49Z] [sentinel] Canal: security:alert | Source: adam-blue | Type: permission_drift | Name:  | Version: 
[2026-07-23T17:37:49Z] [sentinel] Canal non reconnu: security:alert
[2026-07-23T17:37:49Z] [sentinel] → published security:scan for adam-red
[2026-07-23T17:39:07Z] [sentinel] Canal: update:available | Source: hive_cycler | Type:  | Name:  | Version: 
[2026-07-23T17:39:07Z] [sentinel] Mise à jour disponible:  v (type: )
[2026-07-23T17:39:07Z] [sentinel] Type de mise à jour non reconnu: 
[2026-07-23T17:39:07Z] [sentinel] Action suggérée: apt update && apt upgrade -y (pour system) ou pip install --upgrade {package} (pour python)
[2026-07-23T17:39:07Z] [sentinel] → published config:changed for adam-praetor
[2026-07-23T17:42:08Z] [sentinel] Canal: security:alert | Source: adam-blue | Type: permission_drift | Name:  | Version: 
[2026-07-23T17:42:08Z] [sentinel] Canal non reconnu: security:alert
[2026-07-23T17:42:08Z] [sentinel] → published security:scan for adam-red
[2026-07-23T17:43:28Z] [sentinel] Canal: update:available | Source: hive_cycler | Type:  | Name:  | Version: 
[2026-07-23T17:43:28Z] [sentinel] Mise à jour disponible:  v (type: )
[2026-07-23T17:43:28Z] [sentinel] Type de mise à jour non reconnu: 
[2026-07-23T17:43:28Z] [sentinel] Action suggérée: apt update && apt upgrade -y (pour system) ou pip install --upgrade {package} (pour python)
[2026-07-23T17:43:28Z] [sentinel] → published config:changed for adam-praetor
[2026-07-23T17:46:30Z] [sentinel] Canal: security:alert | Source: adam-blue | Type: permission_drift | Name:  | Version: 
[2026-07-23T17:46:30Z] [sentinel] Canal non reconnu: security:alert
[2026-07-23T17:46:30Z] [sentinel] → published security:scan for adam-red
[2026-07-23T17:47:49Z] [sentinel] Canal: update:available | Source: hive_cycler | Type:  | Name:  | Version: 
[2026-07-23T17:47:49Z] [sentinel] Mise à jour disponible:  v (type: )
[2026-07-23T17:47:49Z] [sentinel] Type de mise à jour non reconnu: 
[2026-07-23T17:47:49Z] [sentinel] Action suggérée: apt update && apt upgrade -y (pour system) ou pip install --upgrade {package} (pour python)
[2026-07-23T17:47:49Z] [sentinel] → published config:changed for adam-praetor
[2026-07-23T17:50:51Z] [sentinel] Canal: security:alert | Source: adam-blue | Type: permission_drift | Name:  | Version: 
[2026-07-23T17:50:51Z] [sentinel] Canal non reconnu: security:alert
[2026-07-23T17:50:51Z] [sentinel] → published security:scan for adam-red
[2026-07-23T17:52:09Z] [sentinel] Canal: update:available | Source: hive_cycler | Type:  | Name:  | Version: 
[2026-07-23T17:52:09Z] [sentinel] Mise à jour disponible:  v (type: )
[2026-07-23T17:52:09Z] [sentinel] Type de mise à jour non reconnu: 
[2026-07-23T17:52:09Z] [sentinel] Action suggérée: apt update && apt upgrade -y (pour system) ou pip install --upgrade {package} (pour python)
[2026-07-23T17:52:09Z] [sentinel] → published config:changed for adam-praetor
[2026-07-23T17:55:12Z] [sentinel] Canal: security:alert | Source: adam-blue | Type: permission_drift | Name:  | Version: 
[2026-07-23T17:55:12Z] [sentinel] Canal non reconnu: security:alert
[2026-07-23T17:55:12Z] [sentinel] → published security:scan for adam-red
[2026-07-23T17:56:32Z] [sentinel] Canal: update:available | Source: hive_cycler | Type:  | Name:  | Version: 
[2026-07-23T17:56:32Z] [sentinel] Mise à jour disponible:  v (type: )
[2026-07-23T17:56:32Z] [sentinel] Type de mise à jour non reconnu: 
[2026-07-23T17:56:32Z] [sentinel] Action suggérée: apt update && apt upgrade -y (pour system) ou pip install --upgrade {package} (pour python)
[2026-07-23T17:56:32Z] [sentinel] → published config:changed for adam-praetor
[2026-07-23T17:59:39Z] [sentinel] Canal: security:alert | Source: adam-blue | Type: permission_drift | Name:  | Version: 
[2026-07-23T17:59:39Z] [sentinel] Canal non reconnu: security:alert
[2026-07-23T17:59:39Z] [sentinel] → published security:scan for adam-red
[2026-07-23T18:00:53Z] [sentinel] Canal: update:available | Source: hive_cycler | Type:  | Name:  | Version: 
[2026-07-23T18:00:53Z] [sentinel] Mise à jour disponible:  v (type: )
[2026-07-23T18:00:53Z] [sentinel] Type de mise à jour non reconnu: 
[2026-07-23T18:00:53Z] [sentinel] Action suggérée: apt update && apt upgrade -y (pour system) ou pip install --upgrade {package} (pour python)
[2026-07-23T18:00:53Z] [sentinel] → published config:changed for adam-praetor
[2026-07-23T18:03:56Z] [sentinel] Canal: security:alert | Source: adam-blue | Type: permission_drift | Name:  | Version: 
[2026-07-23T18:03:56Z] [sentinel] Canal non reconnu: security:alert
[2026-07-23T18:03:56Z] [sentinel] → published security:scan for adam-red
[2026-07-23T18:05:14Z] [sentinel] Canal: update:available | Source: hive_cycler | Type:  | Name:  | Version: 
[2026-07-23T18:05:14Z] [sentinel] Mise à jour disponible:  v (type: )
[2026-07-23T18:05:14Z] [sentinel] Type de mise à jour non reconnu: 
[2026-07-23T18:05:14Z] [sentinel] Action suggérée: apt update && apt upgrade -y (pour system) ou pip install --upgrade {package} (pour python)
[2026-07-23T18:05:14Z] [sentinel] → published config:changed for adam-praetor
[2026-07-23T18:08:17Z] [sentinel] Canal: security:alert | Source: adam-blue | Type: permission_drift | Name:  | Version: 
[2026-07-23T18:08:17Z] [sentinel] Canal non reconnu: security:alert
[2026-07-23T18:08:17Z] [sentinel] → published security:scan for adam-red
[2026-07-23T18:09:35Z] [sentinel] Canal: update:available | Source: hive_cycler | Type:  | Name:  | Version: 
[2026-07-23T18:09:35Z] [sentinel] Mise à jour disponible:  v (type: )
[2026-07-23T18:09:35Z] [sentinel] Type de mise à jour non reconnu: 
[2026-07-23T18:09:35Z] [sentinel] Action suggérée: apt update && apt upgrade -y (pour system) ou pip install --upgrade {package} (pour python)
[2026-07-23T18:09:35Z] [sentinel] → published config:changed for adam-praetor
[2026-07-23T18:12:38Z] [sentinel] Canal: security:alert | Source: adam-blue | Type: permission_drift | Name:  | Version: 
[2026-07-23T18:12:38Z] [sentinel] Canal non reconnu: security:alert
[2026-07-23T18:12:38Z] [sentinel] → published security:scan for adam-red
[2026-07-23T18:13:56Z] [sentinel] Canal: update:available | Source: hive_cycler | Type:  | Name:  | Version: 
[2026-07-23T18:13:56Z] [sentinel] Mise à jour disponible:  v (type: )
[2026-07-23T18:13:56Z] [sentinel] Type de mise à jour non reconnu: 
[2026-07-23T18:13:56Z] [sentinel] Action suggérée: apt update && apt upgrade -y (pour system) ou pip install --upgrade {package} (pour python)
[2026-07-23T18:13:56Z] [sentinel] → published config:changed for adam-praetor
[2026-07-23T18:16:58Z] [sentinel] Canal: security:alert | Source: adam-blue | Type: permission_drift | Name:  | Version: 
[2026-07-23T18:16:58Z] [sentinel] Canal non reconnu: security:alert
[2026-07-23T18:16:58Z] [sentinel] → published security:scan for adam-red
[2026-07-23T18:18:17Z] [sentinel] Canal: update:available | Source: hive_cycler | Type:  | Name:  | Version: 
[2026-07-23T18:18:17Z] [sentinel] Mise à jour disponible:  v (type: )
[2026-07-23T18:18:17Z] [sentinel] Type de mise à jour non reconnu: 
[2026-07-23T18:18:17Z] [sentinel] Action suggérée: apt update && apt upgrade -y (pour system) ou pip install --upgrade {package} (pour python)
[2026-07-23T18:18:17Z] [sentinel] → published config:changed for adam-praetor
[2026-07-23T18:21:19Z] [sentinel] Canal: security:alert | Source: adam-blue | Type: permission_drift | Name:  | Version: 
[2026-07-23T18:21:19Z] [sentinel] Canal non reconnu: security:alert
[2026-07-23T18:21:19Z] [sentinel] → published security:scan for adam-red
[2026-07-23T18:22:40Z] [sentinel] Canal: update:available | Source: hive_cycler | Type:  | Name:  | Version: 
[2026-07-23T18:22:40Z] [sentinel] Mise à jour disponible:  v (type: )
[2026-07-23T18:22:40Z] [sentinel] Type de mise à jour non reconnu: 
[2026-07-23T18:22:40Z] [sentinel] Action suggérée: apt update && apt upgrade -y (pour system) ou pip install --upgrade {package} (pour python)
[2026-07-23T18:22:40Z] [sentinel] → published config:changed for adam-praetor
[2026-07-23T18:25:40Z] [sentinel] Canal: security:alert | Source: adam-blue | Type: permission_drift | Name:  | Version: 
[2026-07-23T18:25:40Z] [sentinel] Canal non reconnu: security:alert
[2026-07-23T18:25:40Z] [sentinel] → published security:scan for adam-red
[2026-07-23T18:27:01Z] [sentinel] Canal: update:available | Source: hive_cycler | Type:  | Name:  | Version: 
[2026-07-23T18:27:01Z] [sentinel] Mise à jour disponible:  v (type: )
[2026-07-23T18:27:01Z] [sentinel] Type de mise à jour non reconnu: 
[2026-07-23T18:27:01Z] [sentinel] Action suggérée: apt update && apt upgrade -y (pour system) ou pip install --upgrade {package} (pour python)
[2026-07-23T18:27:01Z] [sentinel] → published config:changed for adam-praetor
[2026-07-23T18:30:03Z] [sentinel] Canal: security:alert | Source: adam-blue | Type: permission_drift | Name:  | Version: 
[2026-07-23T18:30:03Z] [sentinel] Canal non reconnu: security:alert
[2026-07-23T18:30:03Z] [sentinel] → published security:scan for adam-red
[2026-07-23T18:31:21Z] [sentinel] Canal: update:available | Source: hive_cycler | Type:  | Name:  | Version: 
[2026-07-23T18:31:21Z] [sentinel] Mise à jour disponible:  v (type: )
[2026-07-23T18:31:21Z] [sentinel] Type de mise à jour non reconnu: 
[2026-07-23T18:31:21Z] [sentinel] Action suggérée: apt update && apt upgrade -y (pour system) ou pip install --upgrade {package} (pour python)
[2026-07-23T18:31:21Z] [sentinel] → published config:changed for adam-praetor
[2026-07-23T18:34:24Z] [sentinel] Canal: security:alert | Source: adam-blue | Type: permission_drift | Name:  | Version: 
[2026-07-23T18:34:24Z] [sentinel] Canal non reconnu: security:alert
[2026-07-23T18:34:24Z] [sentinel] → published security:scan for adam-red
[2026-07-23T18:35:42Z] [sentinel] Canal: update:available | Source: hive_cycler | Type:  | Name:  | Version: 
[2026-07-23T18:35:42Z] [sentinel] Mise à jour disponible:  v (type: )
[2026-07-23T18:35:42Z] [sentinel] Type de mise à jour non reconnu: 
[2026-07-23T18:35:42Z] [sentinel] Action suggérée: apt update && apt upgrade -y (pour system) ou pip install --upgrade {package} (pour python)
[2026-07-23T18:35:42Z] [sentinel] → published config:changed for adam-praetor
[2026-07-23T18:38:49Z] [sentinel] Canal: security:alert | Source: adam-blue | Type: permission_drift | Name:  | Version: 
[2026-07-23T18:38:49Z] [sentinel] Canal non reconnu: security:alert
[2026-07-23T18:38:49Z] [sentinel] → published security:scan for adam-red
[2026-07-23T18:40:03Z] [sentinel] Canal: update:available | Source: hive_cycler | Type:  | Name:  | Version: 
[2026-07-23T18:40:03Z] [sentinel] Mise à jour disponible:  v (type: )
[2026-07-23T18:40:03Z] [sentinel] Type de mise à jour non reconnu: 
[2026-07-23T18:40:03Z] [sentinel] Action suggérée: apt update && apt upgrade -y (pour system) ou pip install --upgrade {package} (pour python)
[2026-07-23T18:40:03Z] [sentinel] → published config:changed for adam-praetor
[2026-07-23T18:43:06Z] [sentinel] Canal: security:alert | Source: adam-blue | Type: permission_drift | Name:  | Version: 
[2026-07-23T18:43:06Z] [sentinel] Canal non reconnu: security:alert
[2026-07-23T18:43:06Z] [sentinel] → published security:scan for adam-red
[2026-07-23T18:44:24Z] [sentinel] Canal: update:available | Source: hive_cycler | Type:  | Name:  | Version: 
[2026-07-23T18:44:24Z] [sentinel] Mise à jour disponible:  v (type: )
[2026-07-23T18:44:24Z] [sentinel] Type de mise à jour non reconnu: 
[2026-07-23T18:44:24Z] [sentinel] Action suggérée: apt update && apt upgrade -y (pour system) ou pip install --upgrade {package} (pour python)
[2026-07-23T18:44:24Z] [sentinel] → published config:changed for adam-praetor
[2026-07-23T18:47:27Z] [sentinel] Canal: security:alert | Source: adam-blue | Type: permission_drift | Name:  | Version: 
[2026-07-23T18:47:27Z] [sentinel] Canal non reconnu: security:alert
[2026-07-23T18:47:27Z] [sentinel] → published security:scan for adam-red
[2026-07-23T18:48:45Z] [sentinel] Canal: update:available | Source: hive_cycler | Type:  | Name:  | Version: 
[2026-07-23T18:48:45Z] [sentinel] Mise à jour disponible:  v (type: )
[2026-07-23T18:48:45Z] [sentinel] Type de mise à jour non reconnu: 
[2026-07-23T18:48:45Z] [sentinel] Action suggérée: apt update && apt upgrade -y (pour system) ou pip install --upgrade {package} (pour python)
[2026-07-23T18:48:45Z] [sentinel] → published config:changed for adam-praetor
[2026-07-23T18:51:50Z] [sentinel] Canal: security:alert | Source: adam-blue | Type: permission_drift | Name:  | Version: 
[2026-07-23T18:51:50Z] [sentinel] Canal non reconnu: security:alert
[2026-07-23T18:51:50Z] [sentinel] → published security:scan for adam-red
[2026-07-23T18:53:06Z] [sentinel] Canal: update:available | Source: hive_cycler | Type:  | Name:  | Version: 
[2026-07-23T18:53:06Z] [sentinel] Mise à jour disponible:  v (type: )
[2026-07-23T18:53:06Z] [sentinel] Type de mise à jour non reconnu: 
[2026-07-23T18:53:06Z] [sentinel] Action suggérée: apt update && apt upgrade -y (pour system) ou pip install --upgrade {package} (pour python)
[2026-07-23T18:53:06Z] [sentinel] → published config:changed for adam-praetor
[2026-07-23T18:56:09Z] [sentinel] Canal: security:alert | Source: adam-blue | Type: permission_drift | Name:  | Version: 
[2026-07-23T18:56:09Z] [sentinel] Canal non reconnu: security:alert
[2026-07-23T18:56:09Z] [sentinel] → published security:scan for adam-red
[2026-07-23T18:57:29Z] [sentinel] Canal: update:available | Source: hive_cycler | Type:  | Name:  | Version: 
[2026-07-23T18:57:29Z] [sentinel] Mise à jour disponible:  v (type: )
[2026-07-23T18:57:29Z] [sentinel] Type de mise à jour non reconnu: 
[2026-07-23T18:57:29Z] [sentinel] Action suggérée: apt update && apt upgrade -y (pour system) ou pip install --upgrade {package} (pour python)
[2026-07-23T18:57:29Z] [sentinel] → published config:changed for adam-praetor
[2026-07-23T19:00:30Z] [sentinel] Canal: security:alert | Source: adam-blue | Type: permission_drift | Name:  | Version: 
[2026-07-23T19:00:30Z] [sentinel] Canal non reconnu: security:alert
[2026-07-23T19:00:30Z] [sentinel] → published security:scan for adam-red
[2026-07-23T19:01:50Z] [sentinel] Canal: update:available | Source: hive_cycler | Type:  | Name:  | Version: 
[2026-07-23T19:01:50Z] [sentinel] Mise à jour disponible:  v (type: )
[2026-07-23T19:01:50Z] [sentinel] Type de mise à jour non reconnu: 
[2026-07-23T19:01:50Z] [sentinel] Action suggérée: apt update && apt upgrade -y (pour system) ou pip install --upgrade {package} (pour python)
[2026-07-23T19:01:50Z] [sentinel] → published config:changed for adam-praetor
[2026-07-23T19:04:51Z] [sentinel] Canal: security:alert | Source: adam-blue | Type: permission_drift | Name:  | Version: 
[2026-07-23T19:04:51Z] [sentinel] Canal non reconnu: security:alert
[2026-07-23T19:04:51Z] [sentinel] → published security:scan for adam-red
[2026-07-23T19:06:11Z] [sentinel] Canal: update:available | Source: hive_cycler | Type:  | Name:  | Version: 
[2026-07-23T19:06:11Z] [sentinel] Mise à jour disponible:  v (type: )
[2026-07-23T19:06:11Z] [sentinel] Type de mise à jour non reconnu: 
[2026-07-23T19:06:11Z] [sentinel] Action suggérée: apt update && apt upgrade -y (pour system) ou pip install --upgrade {package} (pour python)
[2026-07-23T19:06:11Z] [sentinel] → published config:changed for adam-praetor
[2026-07-23T19:07:09Z] [sentinel] Canal: security:alert | Source: adam-red | Type:  | Name:  | Version: 
[2026-07-23T19:07:09Z] [sentinel] Canal non reconnu: security:alert
[2026-07-23T19:07:09Z] [sentinel] → published security:scan for adam-red
[2026-07-23T19:09:14Z] [sentinel] Canal: security:alert | Source: adam-blue | Type: permission_drift | Name:  | Version: 
[2026-07-23T19:09:14Z] [sentinel] Canal non reconnu: security:alert
[2026-07-23T19:09:14Z] [sentinel] → published security:scan for adam-red
[2026-07-23T19:09:44Z] [sentinel] Canal: security:alert | Source: adam-red | Type:  | Name:  | Version: 
[2026-07-23T19:09:44Z] [sentinel] Canal non reconnu: security:alert
[2026-07-23T19:09:44Z] [sentinel] → published security:scan for adam-red
[2026-07-23T19:10:32Z] [sentinel] Canal: update:available | Source: hive_cycler | Type:  | Name:  | Version: 
[2026-07-23T19:10:32Z] [sentinel] Mise à jour disponible:  v (type: )
[2026-07-23T19:10:32Z] [sentinel] Type de mise à jour non reconnu: 
[2026-07-23T19:10:32Z] [sentinel] Action suggérée: apt update && apt upgrade -y (pour system) ou pip install --upgrade {package} (pour python)
[2026-07-23T19:10:32Z] [sentinel] → published config:changed for adam-praetor
[2026-07-23T19:13:35Z] [sentinel] Canal: security:alert | Source: adam-blue | Type: permission_drift | Name:  | Version: 
[2026-07-23T19:13:35Z] [sentinel] Canal non reconnu: security:alert
[2026-07-23T19:13:35Z] [sentinel] → published security:scan for adam-red
[2026-07-23T19:14:05Z] [sentinel] Canal: security:alert | Source: adam-red | Type:  | Name:  | Version: 
[2026-07-23T19:14:05Z] [sentinel] Canal non reconnu: security:alert
[2026-07-23T19:14:05Z] [sentinel] → published security:scan for adam-red
[2026-07-23T19:14:53Z] [sentinel] Canal: update:available | Source: hive_cycler | Type:  | Name:  | Version: 
[2026-07-23T19:14:53Z] [sentinel] Mise à jour disponible:  v (type: )
[2026-07-23T19:14:53Z] [sentinel] Type de mise à jour non reconnu: 
[2026-07-23T19:14:53Z] [sentinel] Action suggérée: apt update && apt upgrade -y (pour system) ou pip install --upgrade {package} (pour python)
[2026-07-23T19:14:53Z] [sentinel] → published config:changed for adam-praetor
[2026-07-23T19:17:56Z] [sentinel] Canal: security:alert | Source: adam-blue | Type: permission_drift | Name:  | Version: 
[2026-07-23T19:17:56Z] [sentinel] Canal non reconnu: security:alert
[2026-07-23T19:17:56Z] [sentinel] → published security:scan for adam-red
[2026-07-23T19:18:26Z] [sentinel] Canal: security:alert | Source: adam-red | Type:  | Name:  | Version: 
[2026-07-23T19:18:26Z] [sentinel] Canal non reconnu: security:alert
[2026-07-23T19:18:26Z] [sentinel] → published security:scan for adam-red
[2026-07-23T19:19:14Z] [sentinel] Canal: update:available | Source: hive_cycler | Type:  | Name:  | Version: 
[2026-07-23T19:19:14Z] [sentinel] Mise à jour disponible:  v (type: )
[2026-07-23T19:19:14Z] [sentinel] Type de mise à jour non reconnu: 
[2026-07-23T19:19:14Z] [sentinel] Action suggérée: apt update && apt upgrade -y (pour system) ou pip install --upgrade {package} (pour python)
[2026-07-23T19:19:14Z] [sentinel] → published config:changed for adam-praetor
[2026-07-23T19:22:17Z] [sentinel] Canal: security:alert | Source: adam-blue | Type: permission_drift | Name:  | Version: 
[2026-07-23T19:22:17Z] [sentinel] Canal non reconnu: security:alert
[2026-07-23T19:22:17Z] [sentinel] → published security:scan for adam-red
[2026-07-23T19:22:47Z] [sentinel] Canal: security:alert | Source: adam-red | Type:  | Name:  | Version: 
[2026-07-23T19:22:47Z] [sentinel] Canal non reconnu: security:alert
[2026-07-23T19:22:47Z] [sentinel] → published security:scan for adam-red
[2026-07-23T19:23:35Z] [sentinel] Canal: update:available | Source: hive_cycler | Type:  | Name:  | Version: 
[2026-07-23T19:23:35Z] [sentinel] Mise à jour disponible:  v (type: )
[2026-07-23T19:23:35Z] [sentinel] Type de mise à jour non reconnu: 
[2026-07-23T19:23:35Z] [sentinel] Action suggérée: apt update && apt upgrade -y (pour system) ou pip install --upgrade {package} (pour python)
[2026-07-23T19:23:35Z] [sentinel] → published config:changed for adam-praetor
[2026-07-23T19:26:40Z] [sentinel] Canal: security:alert | Source: adam-blue | Type: permission_drift | Name:  | Version: 
[2026-07-23T19:26:40Z] [sentinel] Canal non reconnu: security:alert
[2026-07-23T19:26:40Z] [sentinel] → published security:scan for adam-red
[2026-07-23T19:27:08Z] [sentinel] Canal: security:alert | Source: adam-red | Type:  | Name:  | Version: 
[2026-07-23T19:27:08Z] [sentinel] Canal non reconnu: security:alert
[2026-07-23T19:27:08Z] [sentinel] → published security:scan for adam-red
[2026-07-23T19:27:56Z] [sentinel] Canal: update:available | Source: hive_cycler | Type:  | Name:  | Version: 
[2026-07-23T19:27:56Z] [sentinel] Mise à jour disponible:  v (type: )
[2026-07-23T19:27:56Z] [sentinel] Type de mise à jour non reconnu: 
[2026-07-23T19:27:56Z] [sentinel] Action suggérée: apt update && apt upgrade -y (pour system) ou pip install --upgrade {package} (pour python)
[2026-07-23T19:27:56Z] [sentinel] → published config:changed for adam-praetor
[2026-07-23T19:31:01Z] [sentinel] Canal: security:alert | Source: adam-blue | Type: permission_drift | Name:  | Version: 
[2026-07-23T19:31:01Z] [sentinel] Canal non reconnu: security:alert
[2026-07-23T19:31:01Z] [sentinel] → published security:scan for adam-red
[2026-07-23T19:31:29Z] [sentinel] Canal: security:alert | Source: adam-red | Type:  | Name:  | Version: 
[2026-07-23T19:31:29Z] [sentinel] Canal non reconnu: security:alert
[2026-07-23T19:31:29Z] [sentinel] → published security:scan for adam-red
[2026-07-23T19:32:17Z] [sentinel] Canal: update:available | Source: hive_cycler | Type:  | Name:  | Version: 
[2026-07-23T19:32:17Z] [sentinel] Mise à jour disponible:  v (type: )
[2026-07-23T19:32:17Z] [sentinel] Type de mise à jour non reconnu: 
[2026-07-23T19:32:17Z] [sentinel] Action suggérée: apt update && apt upgrade -y (pour system) ou pip install --upgrade {package} (pour python)
[2026-07-23T19:32:17Z] [sentinel] → published config:changed for adam-praetor
[2026-07-23T19:35:20Z] [sentinel] Canal: security:alert | Source: adam-blue | Type: permission_drift | Name:  | Version: 
[2026-07-23T19:35:20Z] [sentinel] Canal non reconnu: security:alert
[2026-07-23T19:35:20Z] [sentinel] → published security:scan for adam-red
[2026-07-23T19:35:52Z] [sentinel] Canal: security:alert | Source: adam-red | Type:  | Name:  | Version: 
[2026-07-23T19:35:52Z] [sentinel] Canal non reconnu: security:alert
[2026-07-23T19:35:52Z] [sentinel] → published security:scan for adam-red
[2026-07-23T19:36:40Z] [sentinel] Canal: update:available | Source: hive_cycler | Type:  | Name:  | Version: 
[2026-07-23T19:36:40Z] [sentinel] Mise à jour disponible:  v (type: )
[2026-07-23T19:36:40Z] [sentinel] Type de mise à jour non reconnu: 
[2026-07-23T19:36:40Z] [sentinel] Action suggérée: apt update && apt upgrade -y (pour system) ou pip install --upgrade {package} (pour python)
[2026-07-23T19:36:40Z] [sentinel] → published config:changed for adam-praetor
[2026-07-23T19:39:41Z] [sentinel] Canal: security:alert | Source: adam-blue | Type: permission_drift | Name:  | Version: 
[2026-07-23T19:39:41Z] [sentinel] Canal non reconnu: security:alert
[2026-07-23T19:39:41Z] [sentinel] → published security:scan for adam-red
[2026-07-23T19:40:13Z] [sentinel] Canal: security:alert | Source: adam-red | Type:  | Name:  | Version: 
[2026-07-23T19:40:13Z] [sentinel] Canal non reconnu: security:alert
[2026-07-23T19:40:13Z] [sentinel] → published security:scan for adam-red
[2026-07-23T19:41:01Z] [sentinel] Canal: update:available | Source: hive_cycler | Type:  | Name:  | Version: 
[2026-07-23T19:41:01Z] [sentinel] Mise à jour disponible:  v (type: )
[2026-07-23T19:41:01Z] [sentinel] Type de mise à jour non reconnu: 
[2026-07-23T19:41:01Z] [sentinel] Action suggérée: apt update && apt upgrade -y (pour system) ou pip install --upgrade {package} (pour python)
[2026-07-23T19:41:01Z] [sentinel] → published config:changed for adam-praetor
[2026-07-23T19:43:05Z] [sentinel] Canal: security:alert | Source: adam-red | Type:  | Name:  | Version: 
[2026-07-23T19:43:05Z] [sentinel] Canal non reconnu: security:alert
[2026-07-23T19:43:05Z] [sentinel] → published security:scan for adam-red
[2026-07-23T19:44:04Z] [sentinel] Canal: security:alert | Source: adam-blue | Type: permission_drift | Name:  | Version: 
[2026-07-23T19:44:04Z] [sentinel] Canal non reconnu: security:alert
[2026-07-23T19:44:04Z] [sentinel] → published security:scan for adam-red
[2026-07-23T19:44:06Z] [sentinel] Canal: security:alert | Source: adam-red | Type:  | Name:  | Version: 
[2026-07-23T19:44:06Z] [sentinel] Canal non reconnu: security:alert
[2026-07-23T19:44:06Z] [sentinel] → published security:scan for adam-red
[2026-07-23T19:44:36Z] [sentinel] Canal: security:alert | Source: adam-red | Type:  | Name:  | Version: 
[2026-07-23T19:44:36Z] [sentinel] Canal non reconnu: security:alert
[2026-07-23T19:44:36Z] [sentinel] → published security:scan for adam-red
[2026-07-23T19:45:22Z] [sentinel] Canal: update:available | Source: hive_cycler | Type:  | Name:  | Version: 
[2026-07-23T19:45:22Z] [sentinel] Mise à jour disponible:  v (type: )
[2026-07-23T19:45:22Z] [sentinel] Type de mise à jour non reconnu: 
[2026-07-23T19:45:22Z] [sentinel] Action suggérée: apt update && apt upgrade -y (pour system) ou pip install --upgrade {package} (pour python)
[2026-07-23T19:45:22Z] [sentinel] → published config:changed for adam-praetor
[2026-07-23T19:48:27Z] [sentinel] Canal: security:alert | Source: adam-blue | Type: permission_drift | Name:  | Version: 
[2026-07-23T19:48:27Z] [sentinel] Canal non reconnu: security:alert
[2026-07-23T19:48:27Z] [sentinel] → published security:scan for adam-red
[2026-07-23T19:48:57Z] [sentinel] Canal: security:alert | Source: adam-red | Type:  | Name:  | Version: 
[2026-07-23T19:48:57Z] [sentinel] Canal non reconnu: security:alert
[2026-07-23T19:48:57Z] [sentinel] → published security:scan for adam-red
[2026-07-23T19:49:43Z] [sentinel] Canal: update:available | Source: hive_cycler | Type:  | Name:  | Version: 
[2026-07-23T19:49:43Z] [sentinel] Mise à jour disponible:  v (type: )
[2026-07-23T19:49:43Z] [sentinel] Type de mise à jour non reconnu: 
[2026-07-23T19:49:43Z] [sentinel] Action suggérée: apt update && apt upgrade -y (pour system) ou pip install --upgrade {package} (pour python)
[2026-07-23T19:49:43Z] [sentinel] → published config:changed for adam-praetor
[2026-07-23T19:52:45Z] [sentinel] Canal: security:alert | Source: adam-blue | Type: permission_drift | Name:  | Version: 
[2026-07-23T19:52:45Z] [sentinel] Canal non reconnu: security:alert
[2026-07-23T19:52:45Z] [sentinel] → published security:scan for adam-red
[2026-07-23T19:53:18Z] [sentinel] Canal: security:alert | Source: adam-red | Type:  | Name:  | Version: 
[2026-07-23T19:53:18Z] [sentinel] Canal non reconnu: security:alert
[2026-07-23T19:53:18Z] [sentinel] → published security:scan for adam-red
[2026-07-23T19:54:04Z] [sentinel] Canal: update:available | Source: hive_cycler | Type:  | Name:  | Version: 
[2026-07-23T19:54:04Z] [sentinel] Mise à jour disponible:  v (type: )
[2026-07-23T19:54:04Z] [sentinel] Type de mise à jour non reconnu: 
[2026-07-23T19:54:04Z] [sentinel] Action suggérée: apt update && apt upgrade -y (pour system) ou pip install --upgrade {package} (pour python)
[2026-07-23T19:54:04Z] [sentinel] → published config:changed for adam-praetor
[2026-07-23T19:57:07Z] [sentinel] Canal: security:alert | Source: adam-blue | Type: permission_drift | Name:  | Version: 
[2026-07-23T19:57:07Z] [sentinel] Canal non reconnu: security:alert
[2026-07-23T19:57:07Z] [sentinel] → published security:scan for adam-red
[2026-07-23T19:58:25Z] [sentinel] Canal: update:available | Source: hive_cycler | Type:  | Name:  | Version: 
[2026-07-23T19:58:25Z] [sentinel] Mise à jour disponible:  v (type: )
[2026-07-23T19:58:25Z] [sentinel] Type de mise à jour non reconnu: 
[2026-07-23T19:58:25Z] [sentinel] Action suggérée: apt update && apt upgrade -y (pour system) ou pip install --upgrade {package} (pour python)
[2026-07-23T19:58:25Z] [sentinel] → published config:changed for adam-praetor
[2026-07-23T20:01:28Z] [sentinel] Canal: security:alert | Source: adam-blue | Type: permission_drift | Name:  | Version: 
[2026-07-23T20:01:28Z] [sentinel] Canal non reconnu: security:alert
[2026-07-23T20:01:28Z] [sentinel] → published security:scan for adam-red
[2026-07-23T20:02:00Z] [sentinel] Canal: security:alert | Source: adam-red | Type:  | Name:  | Version: 
[2026-07-23T20:02:00Z] [sentinel] Canal non reconnu: security:alert
[2026-07-23T20:02:00Z] [sentinel] → published security:scan for adam-red
[2026-07-23T20:02:46Z] [sentinel] Canal: update:available | Source: hive_cycler | Type:  | Name:  | Version: 
[2026-07-23T20:02:46Z] [sentinel] Mise à jour disponible:  v (type: )
[2026-07-23T20:02:46Z] [sentinel] Type de mise à jour non reconnu: 
[2026-07-23T20:02:46Z] [sentinel] Action suggérée: apt update && apt upgrade -y (pour system) ou pip install --upgrade {package} (pour python)
[2026-07-23T20:02:46Z] [sentinel] → published config:changed for adam-praetor
[2026-07-23T20:05:53Z] [sentinel] Canal: security:alert | Source: adam-blue | Type: permission_drift | Name:  | Version: 
[2026-07-23T20:05:53Z] [sentinel] Canal non reconnu: security:alert
[2026-07-23T20:05:53Z] [sentinel] → published security:scan for adam-red
[2026-07-23T20:06:21Z] [sentinel] Canal: security:alert | Source: adam-red | Type:  | Name:  | Version: 
[2026-07-23T20:06:21Z] [sentinel] Canal non reconnu: security:alert
[2026-07-23T20:06:21Z] [sentinel] → published security:scan for adam-red
[2026-07-23T20:07:07Z] [sentinel] Canal: update:available | Source: hive_cycler | Type:  | Name:  | Version: 
[2026-07-23T20:07:07Z] [sentinel] Mise à jour disponible:  v (type: )
[2026-07-23T20:07:07Z] [sentinel] Type de mise à jour non reconnu: 
[2026-07-23T20:07:07Z] [sentinel] Action suggérée: apt update && apt upgrade -y (pour system) ou pip install --upgrade {package} (pour python)
[2026-07-23T20:07:07Z] [sentinel] → published config:changed for adam-praetor
[2026-07-23T20:10:10Z] [sentinel] Canal: security:alert | Source: adam-blue | Type: permission_drift | Name:  | Version: 
[2026-07-23T20:10:10Z] [sentinel] Canal non reconnu: security:alert
[2026-07-23T20:10:10Z] [sentinel] → published security:scan for adam-red
[2026-07-23T20:10:42Z] [sentinel] Canal: security:alert | Source: adam-red | Type:  | Name:  | Version: 
[2026-07-23T20:10:42Z] [sentinel] Canal non reconnu: security:alert
[2026-07-23T20:10:42Z] [sentinel] → published security:scan for adam-red
[2026-07-23T20:11:28Z] [sentinel] Canal: update:available | Source: hive_cycler | Type:  | Name:  | Version: 
[2026-07-23T20:11:28Z] [sentinel] Mise à jour disponible:  v (type: )
[2026-07-23T20:11:28Z] [sentinel] Type de mise à jour non reconnu: 
[2026-07-23T20:11:28Z] [sentinel] Action suggérée: apt update && apt upgrade -y (pour system) ou pip install --upgrade {package} (pour python)
[2026-07-23T20:11:28Z] [sentinel] → published config:changed for adam-praetor
[2026-07-23T20:14:31Z] [sentinel] Canal: security:alert | Source: adam-blue | Type: permission_drift | Name:  | Version: 
[2026-07-23T20:14:31Z] [sentinel] Canal non reconnu: security:alert
[2026-07-23T20:14:31Z] [sentinel] → published security:scan for adam-red
[2026-07-23T20:15:03Z] [sentinel] Canal: security:alert | Source: adam-red | Type:  | Name:  | Version: 
[2026-07-23T20:15:03Z] [sentinel] Canal non reconnu: security:alert
[2026-07-23T20:15:03Z] [sentinel] → published security:scan for adam-red
[2026-07-23T20:15:49Z] [sentinel] Canal: update:available | Source: hive_cycler | Type:  | Name:  | Version: 
[2026-07-23T20:15:49Z] [sentinel] Mise à jour disponible:  v (type: )
[2026-07-23T20:15:49Z] [sentinel] Type de mise à jour non reconnu: 
[2026-07-23T20:15:49Z] [sentinel] Action suggérée: apt update && apt upgrade -y (pour system) ou pip install --upgrade {package} (pour python)
[2026-07-23T20:15:49Z] [sentinel] → published config:changed for adam-praetor
[2026-07-23T20:18:52Z] [sentinel] Canal: security:alert | Source: adam-blue | Type: permission_drift | Name:  | Version: 
[2026-07-23T20:18:52Z] [sentinel] Canal non reconnu: security:alert
[2026-07-23T20:18:52Z] [sentinel] → published security:scan for adam-red
[2026-07-23T20:19:24Z] [sentinel] Canal: security:alert | Source: adam-red | Type:  | Name:  | Version: 
[2026-07-23T20:19:24Z] [sentinel] Canal non reconnu: security:alert
[2026-07-23T20:19:24Z] [sentinel] → published security:scan for adam-red
[2026-07-23T20:20:12Z] [sentinel] Canal: update:available | Source: hive_cycler | Type:  | Name:  | Version: 
[2026-07-23T20:20:12Z] [sentinel] Mise à jour disponible:  v (type: )
[2026-07-23T20:20:12Z] [sentinel] Type de mise à jour non reconnu: 
[2026-07-23T20:20:12Z] [sentinel] Action suggérée: apt update && apt upgrade -y (pour system) ou pip install --upgrade {package} (pour python)
[2026-07-23T20:20:12Z] [sentinel] → published config:changed for adam-praetor
[2026-07-23T20:23:13Z] [sentinel] Canal: security:alert | Source: adam-blue | Type: permission_drift | Name:  | Version: 
[2026-07-23T20:23:13Z] [sentinel] Canal non reconnu: security:alert
[2026-07-23T20:23:13Z] [sentinel] → published security:scan for adam-red
[2026-07-23T20:23:45Z] [sentinel] Canal: security:alert | Source: adam-red | Type:  | Name:  | Version: 
[2026-07-23T20:23:45Z] [sentinel] Canal non reconnu: security:alert
[2026-07-23T20:23:45Z] [sentinel] → published security:scan for adam-red
[2026-07-23T20:24:33Z] [sentinel] Canal: update:available | Source: hive_cycler | Type:  | Name:  | Version: 
[2026-07-23T20:24:33Z] [sentinel] Mise à jour disponible:  v (type: )
[2026-07-23T20:24:33Z] [sentinel] Type de mise à jour non reconnu: 
[2026-07-23T20:24:33Z] [sentinel] Action suggérée: apt update && apt upgrade -y (pour system) ou pip install --upgrade {package} (pour python)
[2026-07-23T20:24:33Z] [sentinel] → published config:changed for adam-praetor
[2026-07-23T20:27:34Z] [sentinel] Canal: security:alert | Source: adam-blue | Type: permission_drift | Name:  | Version: 
[2026-07-23T20:27:34Z] [sentinel] Canal non reconnu: security:alert
[2026-07-23T20:27:34Z] [sentinel] → published security:scan for adam-red
[2026-07-23T20:28:08Z] [sentinel] Canal: security:alert | Source: adam-red | Type:  | Name:  | Version: 
[2026-07-23T20:28:08Z] [sentinel] Canal non reconnu: security:alert
[2026-07-23T20:28:08Z] [sentinel] → published security:scan for adam-red
[2026-07-23T20:28:54Z] [sentinel] Canal: update:available | Source: hive_cycler | Type:  | Name:  | Version: 
[2026-07-23T20:28:54Z] [sentinel] Mise à jour disponible:  v (type: )
[2026-07-23T20:28:54Z] [sentinel] Type de mise à jour non reconnu: 
[2026-07-23T20:28:54Z] [sentinel] Action suggérée: apt update && apt upgrade -y (pour system) ou pip install --upgrade {package} (pour python)
[2026-07-23T20:28:54Z] [sentinel] → published config:changed for adam-praetor
[2026-07-23T20:29:12Z] [sentinel] Canal: security:alert | Source: adam-critic | Type: syntax_error | Name:  | Version: 
[2026-07-23T20:29:12Z] [sentinel] Canal non reconnu: security:alert
[2026-07-23T20:29:12Z] [sentinel] → published security:scan for adam-red
[2026-07-23T20:31:55Z] [sentinel] Canal: security:alert | Source: adam-blue | Type: permission_drift | Name:  | Version: 
[2026-07-23T20:31:55Z] [sentinel] Canal non reconnu: security:alert
[2026-07-23T20:31:55Z] [sentinel] → published security:scan for adam-red
[2026-07-23T20:32:29Z] [sentinel] Canal: security:alert | Source: adam-red | Type:  | Name:  | Version: 
[2026-07-23T20:32:29Z] [sentinel] Canal non reconnu: security:alert
[2026-07-23T20:32:29Z] [sentinel] → published security:scan for adam-red
[2026-07-23T20:33:15Z] [sentinel] Canal: update:available | Source: hive_cycler | Type:  | Name:  | Version: 
[2026-07-23T20:33:15Z] [sentinel] Mise à jour disponible:  v (type: )
[2026-07-23T20:33:15Z] [sentinel] Type de mise à jour non reconnu: 
[2026-07-23T20:33:15Z] [sentinel] Action suggérée: apt update && apt upgrade -y (pour system) ou pip install --upgrade {package} (pour python)
[2026-07-23T20:33:15Z] [sentinel] → published config:changed for adam-praetor
[2026-07-23T20:36:22Z] [sentinel] Canal: security:alert | Source: adam-blue | Type: permission_drift | Name:  | Version: 
[2026-07-23T20:36:22Z] [sentinel] Canal non reconnu: security:alert
[2026-07-23T20:36:22Z] [sentinel] → published security:scan for adam-red
[2026-07-23T20:36:50Z] [sentinel] Canal: security:alert | Source: adam-red | Type:  | Name:  | Version: 
[2026-07-23T20:36:50Z] [sentinel] Canal non reconnu: security:alert
[2026-07-23T20:36:50Z] [sentinel] → published security:scan for adam-red
