[2026-07-23T05:22:51Z] [viz-checker] Canal: dashboard:down | Source: test
[2026-07-23T05:22:51Z] [viz-checker] Dashboard ciblé: tous
[2026-07-23T05:22:51Z] [viz-checker] Vérification des dashboards down...
[2026-07-23T05:22:51Z] [viz-checker] ✓ Monitoring (Chart.js) (:8081) — UP (0.01s)
[2026-07-23T05:22:51Z] [viz-checker] ✓ Wiki D3.js (:8082) — UP (0.00s)
[2026-07-23T05:22:51Z] [viz-checker] ✓ RAG Search (:8083) — UP (0.00s)
[2026-07-23T05:22:51Z] [viz-checker] ✓ Adam-Viz 3D (Three.js) (:8084) — UP (0.00s)
[2026-07-23T05:22:51Z] [viz-checker] Vérification terminée
[2026-07-23T05:36:17Z] [viz-checker] Canal: dashboard:down | Source: viz-agent
[2026-07-23T05:36:17Z] [viz-checker] Dashboard ciblé: monitoring
[2026-07-23T05:36:17Z] [viz-checker] Vérification des dashboards down...
[2026-07-23T05:36:17Z] [viz-checker] ✓ Monitoring (Chart.js) (:8081) — UP (0.01s)
[2026-07-23T05:36:17Z] [viz-checker] ✓ Wiki D3.js (:8082) — UP (0.00s)
[2026-07-23T05:36:17Z] [viz-checker] ✓ RAG Search (:8083) — UP (0.00s)
[2026-07-23T05:36:17Z] [viz-checker] ✓ Adam-Viz 3D (Three.js) (:8084) — UP (0.00s)
[2026-07-23T05:36:17Z] [viz-checker] Vérification terminée
[2026-07-23T08:02:59Z] [viz-checker] Canal: dashboard:down | Source: unknown
[2026-07-23T08:02:59Z] [viz-checker] Dashboard ciblé: tous
[2026-07-23T08:02:59Z] [viz-checker] Vérification des dashboards down...
[2026-07-23T08:02:59Z] [viz-checker] ✓ Monitoring (Chart.js) (:8081) — UP (0.00s)
[2026-07-23T08:02:59Z] [viz-checker] ✓ Wiki D3.js (:8082) — UP (0.00s)
[2026-07-23T08:02:59Z] [viz-checker] ✓ RAG Search (:8083) — UP (0.00s)
[2026-07-23T08:02:59Z] [viz-checker] ✓ Adam-Viz 3D (Three.js) (:8084) — UP (0.00s)
[2026-07-23T08:02:59Z] [viz-checker] Vérification terminée
[2026-07-23T08:07:10Z] [viz-checker] Canal: dashboard:down | Source: hive_cycler
[2026-07-23T08:07:10Z] [viz-checker] Dashboard ciblé: tous
[2026-07-23T08:07:10Z] [viz-checker] Vérification des dashboards down...
[2026-07-23T08:07:10Z] [viz-checker] ✓ Monitoring (Chart.js) (:8081) — UP (0.01s)
[2026-07-23T08:07:10Z] [viz-checker] ✓ Wiki D3.js (:8082) — UP (0.00s)
[2026-07-23T08:07:10Z] [viz-checker] ✓ RAG Search (:8083) — UP (0.00s)
[2026-07-23T08:07:10Z] [viz-checker] ✓ Adam-Viz 3D (Three.js) (:8084) — UP (0.01s)
[2026-07-23T08:07:10Z] [viz-checker] Vérification terminée
[2026-07-23T08:11:32Z] [viz-checker] Canal: dashboard:down | Source: hive_cycler
[2026-07-23T08:11:32Z] [viz-checker] Dashboard ciblé: tous
[2026-07-23T08:11:32Z] [viz-checker] Vérification des dashboards down...
[2026-07-23T08:11:32Z] [viz-checker] ✓ Monitoring (Chart.js) (:8081) — UP (0.01s)
[2026-07-23T08:11:32Z] [viz-checker] ✓ Wiki D3.js (:8082) — UP (0.00s)
[2026-07-23T08:11:32Z] [viz-checker] ✓ RAG Search (:8083) — UP (0.00s)
[2026-07-23T08:11:32Z] [viz-checker] ✓ Adam-Viz 3D (Three.js) (:8084) — UP (0.00s)
[2026-07-23T08:11:32Z] [viz-checker] Vérification terminée
[2026-07-23T08:15:54Z] [viz-checker] Canal: dashboard:down | Source: hive_cycler
[2026-07-23T08:15:54Z] [viz-checker] Dashboard ciblé: tous
[2026-07-23T08:15:54Z] [viz-checker] Vérification des dashboards down...
[2026-07-23T08:15:54Z] [viz-checker] ✓ Monitoring (Chart.js) (:8081) — UP (0.01s)
[2026-07-23T08:15:54Z] [viz-checker] ✓ Wiki D3.js (:8082) — UP (0.00s)
[2026-07-23T08:15:54Z] [viz-checker] ✓ RAG Search (:8083) — UP (0.00s)
[2026-07-23T08:15:54Z] [viz-checker] ✓ Adam-Viz 3D (Three.js) (:8084) — UP (0.00s)
[2026-07-23T08:15:54Z] [viz-checker] Vérification terminée
[2026-07-23T08:20:15Z] [viz-checker] Canal: dashboard:down | Source: hive_cycler
[2026-07-23T08:20:15Z] [viz-checker] Dashboard ciblé: tous
[2026-07-23T08:20:15Z] [viz-checker] Vérification des dashboards down...
[2026-07-23T08:20:15Z] [viz-checker] ✓ Monitoring (Chart.js) (:8081) — UP (0.01s)
[2026-07-23T08:20:15Z] [viz-checker] ✓ Wiki D3.js (:8082) — UP (0.00s)
[2026-07-23T08:20:15Z] [viz-checker] ✓ RAG Search (:8083) — UP (0.00s)
[2026-07-23T08:20:15Z] [viz-checker] ✓ Adam-Viz 3D (Three.js) (:8084) — UP (0.00s)
[2026-07-23T08:20:15Z] [viz-checker] Vérification terminée
[2026-07-23T08:24:37Z] [viz-checker] Canal: dashboard:down | Source: hive_cycler
[2026-07-23T08:24:37Z] [viz-checker] Dashboard ciblé: tous
[2026-07-23T08:24:37Z] [viz-checker] Vérification des dashboards down...
[2026-07-23T08:24:37Z] [viz-checker] ✓ Monitoring (Chart.js) (:8081) — UP (0.01s)
[2026-07-23T08:24:37Z] [viz-checker] ✓ Wiki D3.js (:8082) — UP (0.00s)
[2026-07-23T08:24:37Z] [viz-checker] ✓ RAG Search (:8083) — UP (0.00s)
[2026-07-23T08:24:37Z] [viz-checker] ✓ Adam-Viz 3D (Three.js) (:8084) — UP (0.00s)
[2026-07-23T08:24:37Z] [viz-checker] Vérification terminée
[2026-07-23T08:28:57Z] [viz-checker] Canal: dashboard:down | Source: hive_cycler
[2026-07-23T08:28:57Z] [viz-checker] Dashboard ciblé: tous
[2026-07-23T08:28:57Z] [viz-checker] Vérification des dashboards down...
[2026-07-23T08:28:57Z] [viz-checker] ✓ Monitoring (Chart.js) (:8081) — UP (0.01s)
[2026-07-23T08:28:57Z] [viz-checker] ✓ Wiki D3.js (:8082) — UP (0.00s)
[2026-07-23T08:28:57Z] [viz-checker] ✓ RAG Search (:8083) — UP (0.00s)
[2026-07-23T08:28:57Z] [viz-checker] ✓ Adam-Viz 3D (Three.js) (:8084) — UP (0.00s)
[2026-07-23T08:28:57Z] [viz-checker] Vérification terminée
[2026-07-23T08:33:19Z] [viz-checker] Canal: dashboard:down | Source: hive_cycler
[2026-07-23T08:33:19Z] [viz-checker] Dashboard ciblé: tous
[2026-07-23T08:33:19Z] [viz-checker] Vérification des dashboards down...
[2026-07-23T08:33:19Z] [viz-checker] ✓ Monitoring (Chart.js) (:8081) — UP (0.01s)
[2026-07-23T08:33:19Z] [viz-checker] ✓ Wiki D3.js (:8082) — UP (0.00s)
[2026-07-23T08:33:19Z] [viz-checker] ✓ RAG Search (:8083) — UP (0.00s)
[2026-07-23T08:33:19Z] [viz-checker] ✓ Adam-Viz 3D (Three.js) (:8084) — UP (0.00s)
[2026-07-23T08:33:19Z] [viz-checker] Vérification terminée
[2026-07-23T08:37:39Z] [viz-checker] Canal: dashboard:down | Source: hive_cycler
[2026-07-23T08:37:39Z] [viz-checker] Dashboard ciblé: tous
[2026-07-23T08:37:39Z] [viz-checker] Vérification des dashboards down...
[2026-07-23T08:37:39Z] [viz-checker] ✓ Monitoring (Chart.js) (:8081) — UP (0.01s)
[2026-07-23T08:37:39Z] [viz-checker] ✓ Wiki D3.js (:8082) — UP (0.00s)
[2026-07-23T08:37:39Z] [viz-checker] ✓ RAG Search (:8083) — UP (0.00s)
[2026-07-23T08:37:39Z] [viz-checker] ✓ Adam-Viz 3D (Three.js) (:8084) — UP (0.00s)
[2026-07-23T08:37:39Z] [viz-checker] Vérification terminée
[2026-07-23T08:42:01Z] [viz-checker] Canal: dashboard:down | Source: hive_cycler
[2026-07-23T08:42:01Z] [viz-checker] Dashboard ciblé: tous
[2026-07-23T08:42:01Z] [viz-checker] Vérification des dashboards down...
[2026-07-23T08:42:01Z] [viz-checker] ✓ Monitoring (Chart.js) (:8081) — UP (0.01s)
[2026-07-23T08:42:01Z] [viz-checker] ✓ Wiki D3.js (:8082) — UP (0.00s)
[2026-07-23T08:42:01Z] [viz-checker] ✓ RAG Search (:8083) — UP (0.00s)
[2026-07-23T08:42:01Z] [viz-checker] ✓ Adam-Viz 3D (Three.js) (:8084) — UP (0.00s)
[2026-07-23T08:42:01Z] [viz-checker] Vérification terminée
[2026-07-23T08:46:23Z] [viz-checker] Canal: dashboard:down | Source: hive_cycler
[2026-07-23T08:46:23Z] [viz-checker] Dashboard ciblé: tous
[2026-07-23T08:46:23Z] [viz-checker] Vérification des dashboards down...
[2026-07-23T08:46:23Z] [viz-checker] ✓ Monitoring (Chart.js) (:8081) — UP (0.01s)
[2026-07-23T08:46:23Z] [viz-checker] ✓ Wiki D3.js (:8082) — UP (0.00s)
[2026-07-23T08:46:23Z] [viz-checker] ✓ RAG Search (:8083) — UP (0.00s)
[2026-07-23T08:46:23Z] [viz-checker] ✓ Adam-Viz 3D (Three.js) (:8084) — UP (0.00s)
[2026-07-23T08:46:23Z] [viz-checker] Vérification terminée
[2026-07-23T08:50:43Z] [viz-checker] Canal: dashboard:down | Source: hive_cycler
[2026-07-23T08:50:43Z] [viz-checker] Dashboard ciblé: tous
[2026-07-23T08:50:43Z] [viz-checker] Vérification des dashboards down...
[2026-07-23T08:50:43Z] [viz-checker] ✓ Monitoring (Chart.js) (:8081) — UP (0.01s)
[2026-07-23T08:50:43Z] [viz-checker] ✓ Wiki D3.js (:8082) — UP (0.00s)
[2026-07-23T08:50:43Z] [viz-checker] ✓ RAG Search (:8083) — UP (0.00s)
[2026-07-23T08:50:43Z] [viz-checker] ✓ Adam-Viz 3D (Three.js) (:8084) — UP (0.00s)
[2026-07-23T08:50:43Z] [viz-checker] Vérification terminée
[2026-07-23T08:55:05Z] [viz-checker] Canal: dashboard:down | Source: hive_cycler
[2026-07-23T08:55:05Z] [viz-checker] Dashboard ciblé: tous
[2026-07-23T08:55:05Z] [viz-checker] Vérification des dashboards down...
[2026-07-23T08:55:05Z] [viz-checker] ✓ Monitoring (Chart.js) (:8081) — UP (0.01s)
[2026-07-23T08:55:05Z] [viz-checker] ✓ Wiki D3.js (:8082) — UP (0.00s)
[2026-07-23T08:55:05Z] [viz-checker] ✓ RAG Search (:8083) — UP (0.00s)
[2026-07-23T08:55:05Z] [viz-checker] ✓ Adam-Viz 3D (Three.js) (:8084) — UP (0.00s)
[2026-07-23T08:55:05Z] [viz-checker] Vérification terminée
[2026-07-23T08:59:25Z] [viz-checker] Canal: dashboard:down | Source: hive_cycler
[2026-07-23T08:59:25Z] [viz-checker] Dashboard ciblé: tous
[2026-07-23T08:59:25Z] [viz-checker] Vérification des dashboards down...
[2026-07-23T08:59:25Z] [viz-checker] ✓ Monitoring (Chart.js) (:8081) — UP (0.01s)
[2026-07-23T08:59:25Z] [viz-checker] ✓ Wiki D3.js (:8082) — UP (0.00s)
[2026-07-23T08:59:25Z] [viz-checker] ✓ RAG Search (:8083) — UP (0.00s)
[2026-07-23T08:59:25Z] [viz-checker] ✓ Adam-Viz 3D (Three.js) (:8084) — UP (0.01s)
[2026-07-23T08:59:25Z] [viz-checker] Vérification terminée
[2026-07-23T09:03:47Z] [viz-checker] Canal: dashboard:down | Source: hive_cycler
[2026-07-23T09:03:47Z] [viz-checker] Dashboard ciblé: tous
[2026-07-23T09:03:47Z] [viz-checker] Vérification des dashboards down...
[2026-07-23T09:03:47Z] [viz-checker] ✓ Monitoring (Chart.js) (:8081) — UP (0.01s)
[2026-07-23T09:03:47Z] [viz-checker] ✓ Wiki D3.js (:8082) — UP (0.00s)
[2026-07-23T09:03:47Z] [viz-checker] ✓ RAG Search (:8083) — UP (0.00s)
[2026-07-23T09:03:47Z] [viz-checker] ✓ Adam-Viz 3D (Three.js) (:8084) — UP (0.01s)
[2026-07-23T09:03:47Z] [viz-checker] Vérification terminée
[2026-07-23T09:08:07Z] [viz-checker] Canal: dashboard:down | Source: hive_cycler
[2026-07-23T09:08:07Z] [viz-checker] Dashboard ciblé: tous
[2026-07-23T09:08:07Z] [viz-checker] Vérification des dashboards down...
[2026-07-23T09:08:07Z] [viz-checker] ✓ Monitoring (Chart.js) (:8081) — UP (0.01s)
[2026-07-23T09:08:07Z] [viz-checker] ✓ Wiki D3.js (:8082) — UP (0.00s)
[2026-07-23T09:08:07Z] [viz-checker] ✓ RAG Search (:8083) — UP (0.00s)
[2026-07-23T09:08:07Z] [viz-checker] ✓ Adam-Viz 3D (Three.js) (:8084) — UP (0.01s)
[2026-07-23T09:08:07Z] [viz-checker] Vérification terminée
[2026-07-23T09:12:29Z] [viz-checker] Canal: dashboard:down | Source: hive_cycler
[2026-07-23T09:12:29Z] [viz-checker] Dashboard ciblé: tous
[2026-07-23T09:12:29Z] [viz-checker] Vérification des dashboards down...
[2026-07-23T09:12:29Z] [viz-checker] ✓ Monitoring (Chart.js) (:8081) — UP (0.01s)
[2026-07-23T09:12:29Z] [viz-checker] ✓ Wiki D3.js (:8082) — UP (0.00s)
[2026-07-23T09:12:29Z] [viz-checker] ✓ RAG Search (:8083) — UP (0.00s)
[2026-07-23T09:12:29Z] [viz-checker] ✓ Adam-Viz 3D (Three.js) (:8084) — UP (0.00s)
[2026-07-23T09:12:29Z] [viz-checker] Vérification terminée
[2026-07-23T09:16:49Z] [viz-checker] Canal: dashboard:down | Source: hive_cycler
[2026-07-23T09:16:49Z] [viz-checker] Dashboard ciblé: tous
[2026-07-23T09:16:49Z] [viz-checker] Vérification des dashboards down...
[2026-07-23T09:16:49Z] [viz-checker] ✓ Monitoring (Chart.js) (:8081) — UP (0.01s)
[2026-07-23T09:16:49Z] [viz-checker] ✓ Wiki D3.js (:8082) — UP (0.00s)
[2026-07-23T09:16:49Z] [viz-checker] ✓ RAG Search (:8083) — UP (0.00s)
[2026-07-23T09:16:49Z] [viz-checker] ✓ Adam-Viz 3D (Three.js) (:8084) — UP (0.00s)
[2026-07-23T09:16:49Z] [viz-checker] Vérification terminée
[2026-07-23T09:21:11Z] [viz-checker] Canal: dashboard:down | Source: hive_cycler
[2026-07-23T09:21:11Z] [viz-checker] Dashboard ciblé: tous
[2026-07-23T09:21:11Z] [viz-checker] Vérification des dashboards down...
[2026-07-23T09:21:11Z] [viz-checker] ✓ Monitoring (Chart.js) (:8081) — UP (0.01s)
[2026-07-23T09:21:11Z] [viz-checker] ✓ Wiki D3.js (:8082) — UP (0.00s)
[2026-07-23T09:21:11Z] [viz-checker] ✓ RAG Search (:8083) — UP (0.00s)
[2026-07-23T09:21:11Z] [viz-checker] ✓ Adam-Viz 3D (Three.js) (:8084) — UP (0.00s)
[2026-07-23T09:21:11Z] [viz-checker] Vérification terminée
[2026-07-23T09:25:36Z] [viz-checker] Canal: dashboard:down | Source: hive_cycler
[2026-07-23T09:25:36Z] [viz-checker] Dashboard ciblé: tous
[2026-07-23T09:25:36Z] [viz-checker] Vérification des dashboards down...
[2026-07-23T09:25:36Z] [viz-checker] ✓ Monitoring (Chart.js) (:8081) — UP (0.01s)
[2026-07-23T09:25:36Z] [viz-checker] ✓ Wiki D3.js (:8082) — UP (0.00s)
[2026-07-23T09:25:36Z] [viz-checker] ✓ RAG Search (:8083) — UP (0.00s)
[2026-07-23T09:25:36Z] [viz-checker] ✓ Adam-Viz 3D (Three.js) (:8084) — UP (0.00s)
[2026-07-23T09:25:36Z] [viz-checker] Vérification terminée
[2026-07-23T09:29:56Z] [viz-checker] Canal: dashboard:down | Source: hive_cycler
[2026-07-23T09:29:56Z] [viz-checker] Dashboard ciblé: tous
[2026-07-23T09:29:56Z] [viz-checker] Vérification des dashboards down...
[2026-07-23T09:29:56Z] [viz-checker] ✓ Monitoring (Chart.js) (:8081) — UP (0.01s)
[2026-07-23T09:29:56Z] [viz-checker] ✓ Wiki D3.js (:8082) — UP (0.00s)
[2026-07-23T09:29:56Z] [viz-checker] ✓ RAG Search (:8083) — UP (0.00s)
[2026-07-23T09:29:56Z] [viz-checker] ✓ Adam-Viz 3D (Three.js) (:8084) — UP (0.00s)
[2026-07-23T09:29:56Z] [viz-checker] Vérification terminée
[2026-07-23T09:30:00Z] [viz-checker] Canal: dashboard:down | Source: adam-doctor
[2026-07-23T09:30:00Z] [viz-checker] Dashboard ciblé: tous
[2026-07-23T09:30:00Z] [viz-checker] Vérification des dashboards down...
[2026-07-23T09:30:00Z] [viz-checker] ✓ Monitoring (Chart.js) (:8081) — UP (0.01s)
[2026-07-23T09:30:00Z] [viz-checker] ✓ Wiki D3.js (:8082) — UP (0.00s)
[2026-07-23T09:30:00Z] [viz-checker] ✓ RAG Search (:8083) — UP (0.00s)
[2026-07-23T09:30:00Z] [viz-checker] ✓ Adam-Viz 3D (Three.js) (:8084) — UP (0.00s)
[2026-07-23T09:30:00Z] [viz-checker] Vérification terminée
[2026-07-23T09:30:08Z] [viz-checker] Canal: dashboard:down | Source: adam-doctor
[2026-07-23T09:30:08Z] [viz-checker] Dashboard ciblé: tous
[2026-07-23T09:30:08Z] [viz-checker] Vérification des dashboards down...
[2026-07-23T09:30:08Z] [viz-checker] Canal: dashboard:down | Source: adam-doctor
[2026-07-23T09:30:08Z] [viz-checker] Dashboard ciblé: tous
[2026-07-23T09:30:08Z] [viz-checker] Vérification des dashboards down...
[2026-07-23T09:30:08Z] [viz-checker] ✓ Monitoring (Chart.js) (:8081) — UP (0.01s)
[2026-07-23T09:30:08Z] [viz-checker] ✓ Wiki D3.js (:8082) — UP (0.00s)
[2026-07-23T09:30:08Z] [viz-checker] ✓ Monitoring (Chart.js) (:8081) — UP (0.01s)
[2026-07-23T09:30:08Z] [viz-checker] ✓ RAG Search (:8083) — UP (0.00s)
[2026-07-23T09:30:08Z] [viz-checker] ✓ Wiki D3.js (:8082) — UP (0.00s)
[2026-07-23T09:30:08Z] [viz-checker] ✓ Adam-Viz 3D (Three.js) (:8084) — UP (0.00s)
[2026-07-23T09:30:08Z] [viz-checker] Vérification terminée
[2026-07-23T09:30:08Z] [viz-checker] ✓ RAG Search (:8083) — UP (0.00s)
[2026-07-23T09:30:08Z] [viz-checker] ✓ Adam-Viz 3D (Three.js) (:8084) — UP (0.00s)
[2026-07-23T09:30:08Z] [viz-checker] Vérification terminée
[2026-07-23T09:34:18Z] [viz-checker] Canal: dashboard:down | Source: hive_cycler
[2026-07-23T09:34:18Z] [viz-checker] Dashboard ciblé: tous
[2026-07-23T09:34:18Z] [viz-checker] Vérification des dashboards down...
[2026-07-23T09:34:18Z] [viz-checker] ✓ Monitoring (Chart.js) (:8081) — UP (0.01s)
[2026-07-23T09:34:18Z] [viz-checker] ✓ Wiki D3.js (:8082) — UP (0.00s)
[2026-07-23T09:34:18Z] [viz-checker] ✓ RAG Search (:8083) — UP (0.00s)
[2026-07-23T09:34:18Z] [viz-checker] ✓ Adam-Viz 3D (Three.js) (:8084) — UP (0.00s)
[2026-07-23T09:34:18Z] [viz-checker] Vérification terminée
[2026-07-23T09:34:22Z] [viz-checker] Canal: dashboard:down | Source: adam-doctor
[2026-07-23T09:34:22Z] [viz-checker] Dashboard ciblé: tous
[2026-07-23T09:34:22Z] [viz-checker] Vérification des dashboards down...
[2026-07-23T09:34:22Z] [viz-checker] ✓ Monitoring (Chart.js) (:8081) — UP (0.01s)
[2026-07-23T09:34:22Z] [viz-checker] ✓ Wiki D3.js (:8082) — UP (0.00s)
[2026-07-23T09:34:22Z] [viz-checker] ✓ RAG Search (:8083) — UP (0.00s)
[2026-07-23T09:34:22Z] [viz-checker] ✓ Adam-Viz 3D (Three.js) (:8084) — UP (0.00s)
[2026-07-23T09:34:22Z] [viz-checker] Vérification terminée
[2026-07-23T09:34:28Z] [viz-checker] Canal: dashboard:down | Source: adam-doctor
[2026-07-23T09:34:28Z] [viz-checker] Dashboard ciblé: tous
[2026-07-23T09:34:28Z] [viz-checker] Vérification des dashboards down...
[2026-07-23T09:34:28Z] [viz-checker] ✓ Monitoring (Chart.js) (:8081) — UP (0.01s)
[2026-07-23T09:34:28Z] [viz-checker] ✓ Wiki D3.js (:8082) — UP (0.00s)
[2026-07-23T09:34:28Z] [viz-checker] ✓ RAG Search (:8083) — UP (0.00s)
[2026-07-23T09:34:28Z] [viz-checker] ✓ Adam-Viz 3D (Three.js) (:8084) — UP (0.00s)
[2026-07-23T09:34:28Z] [viz-checker] Vérification terminée
[2026-07-23T09:34:30Z] [viz-checker] Canal: dashboard:down | Source: adam-doctor
[2026-07-23T09:34:30Z] [viz-checker] Dashboard ciblé: tous
[2026-07-23T09:34:30Z] [viz-checker] Vérification des dashboards down...
[2026-07-23T09:34:30Z] [viz-checker] ✓ Monitoring (Chart.js) (:8081) — UP (0.01s)
[2026-07-23T09:34:30Z] [viz-checker] ✓ Wiki D3.js (:8082) — UP (0.00s)
[2026-07-23T09:34:30Z] [viz-checker] ✓ RAG Search (:8083) — UP (0.00s)
[2026-07-23T09:34:30Z] [viz-checker] ✓ Adam-Viz 3D (Three.js) (:8084) — UP (0.00s)
[2026-07-23T09:34:30Z] [viz-checker] Vérification terminée
[2026-07-23T09:38:36Z] [viz-checker] Canal: dashboard:down | Source: hive_cycler
[2026-07-23T09:38:36Z] [viz-checker] Dashboard ciblé: tous
[2026-07-23T09:38:36Z] [viz-checker] Vérification des dashboards down...
[2026-07-23T09:38:36Z] [viz-checker] ✓ Monitoring (Chart.js) (:8081) — UP (0.01s)
[2026-07-23T09:38:36Z] [viz-checker] ✓ Wiki D3.js (:8082) — UP (0.00s)
[2026-07-23T09:38:36Z] [viz-checker] ✓ RAG Search (:8083) — UP (0.00s)
[2026-07-23T09:38:36Z] [viz-checker] ✓ Adam-Viz 3D (Three.js) (:8084) — UP (0.00s)
[2026-07-23T09:38:36Z] [viz-checker] Vérification terminée
[2026-07-23T09:38:46Z] [viz-checker] Canal: dashboard:down | Source: adam-doctor
[2026-07-23T09:38:46Z] [viz-checker] Dashboard ciblé: tous
[2026-07-23T09:38:46Z] [viz-checker] Vérification des dashboards down...
[2026-07-23T09:38:46Z] [viz-checker] ✓ Monitoring (Chart.js) (:8081) — UP (0.01s)
[2026-07-23T09:38:46Z] [viz-checker] ✓ Wiki D3.js (:8082) — UP (0.00s)
[2026-07-23T09:38:46Z] [viz-checker] ✓ RAG Search (:8083) — UP (0.00s)
[2026-07-23T09:38:46Z] [viz-checker] ✓ Adam-Viz 3D (Three.js) (:8084) — UP (0.00s)
[2026-07-23T09:38:46Z] [viz-checker] Vérification terminée
[2026-07-23T09:38:50Z] [viz-checker] Canal: dashboard:down | Source: adam-doctor
[2026-07-23T09:38:50Z] [viz-checker] Dashboard ciblé: tous
[2026-07-23T09:38:50Z] [viz-checker] Vérification des dashboards down...
[2026-07-23T09:38:50Z] [viz-checker] Canal: dashboard:down | Source: adam-doctor
[2026-07-23T09:38:50Z] [viz-checker] Dashboard ciblé: tous
[2026-07-23T09:38:50Z] [viz-checker] Vérification des dashboards down...
[2026-07-23T09:38:50Z] [viz-checker] ✓ Monitoring (Chart.js) (:8081) — UP (0.01s)
[2026-07-23T09:38:50Z] [viz-checker] ✓ Wiki D3.js (:8082) — UP (0.00s)
[2026-07-23T09:38:50Z] [viz-checker] ✓ Monitoring (Chart.js) (:8081) — UP (0.01s)
[2026-07-23T09:38:50Z] [viz-checker] ✓ RAG Search (:8083) — UP (0.00s)
[2026-07-23T09:38:50Z] [viz-checker] ✓ Wiki D3.js (:8082) — UP (0.00s)
[2026-07-23T09:38:50Z] [viz-checker] ✓ Adam-Viz 3D (Three.js) (:8084) — UP (0.00s)
[2026-07-23T09:38:50Z] [viz-checker] Vérification terminée
[2026-07-23T09:38:50Z] [viz-checker] ✓ RAG Search (:8083) — UP (0.00s)
[2026-07-23T09:38:50Z] [viz-checker] ✓ Adam-Viz 3D (Three.js) (:8084) — UP (0.00s)
[2026-07-23T09:38:50Z] [viz-checker] Vérification terminée
[2026-07-23T09:43:00Z] [viz-checker] Canal: dashboard:down | Source: hive_cycler
[2026-07-23T09:43:00Z] [viz-checker] Dashboard ciblé: tous
[2026-07-23T09:43:00Z] [viz-checker] Vérification des dashboards down...
[2026-07-23T09:43:00Z] [viz-checker] ✗ Monitoring (Chart.js) (:8081) — DOWN
[2026-07-23T09:43:00Z] [viz-checker] ✗ Wiki D3.js (:8082) — DOWN
[2026-07-23T09:43:00Z] [viz-checker] ✗ RAG Search (:8083) — DOWN
[2026-07-23T09:43:00Z] [viz-checker] ✓ Adam-Viz 3D (Three.js) (:8084) — UP (0.01s)
[2026-07-23T09:43:00Z] [viz-checker] Vérification terminée
[2026-07-23T09:43:04Z] [viz-checker] Canal: dashboard:down | Source: adam-doctor
[2026-07-23T09:43:04Z] [viz-checker] Dashboard ciblé: tous
[2026-07-23T09:43:04Z] [viz-checker] Vérification des dashboards down...
[2026-07-23T09:43:04Z] [viz-checker] ✗ Monitoring (Chart.js) (:8081) — DOWN
[2026-07-23T09:43:04Z] [viz-checker] ✗ Wiki D3.js (:8082) — DOWN
[2026-07-23T09:43:04Z] [viz-checker] ✗ RAG Search (:8083) — DOWN
[2026-07-23T09:43:04Z] [viz-checker] ✓ Adam-Viz 3D (Three.js) (:8084) — UP (0.01s)
[2026-07-23T09:43:04Z] [viz-checker] Vérification terminée
[2026-07-23T09:43:10Z] [viz-checker] Canal: dashboard:down | Source: adam-doctor
[2026-07-23T09:43:10Z] [viz-checker] Dashboard ciblé: tous
[2026-07-23T09:43:10Z] [viz-checker] Vérification des dashboards down...
[2026-07-23T09:43:10Z] [viz-checker] ✗ Monitoring (Chart.js) (:8081) — DOWN
[2026-07-23T09:43:10Z] [viz-checker] ✗ Wiki D3.js (:8082) — DOWN
[2026-07-23T09:43:10Z] [viz-checker] ✗ RAG Search (:8083) — DOWN
[2026-07-23T09:43:10Z] [viz-checker] ✓ Adam-Viz 3D (Three.js) (:8084) — UP (0.01s)
[2026-07-23T09:43:10Z] [viz-checker] Vérification terminée
[2026-07-23T09:43:12Z] [viz-checker] Canal: dashboard:down | Source: adam-doctor
[2026-07-23T09:43:12Z] [viz-checker] Dashboard ciblé: tous
[2026-07-23T09:43:12Z] [viz-checker] Vérification des dashboards down...
[2026-07-23T09:43:12Z] [viz-checker] ✗ Monitoring (Chart.js) (:8081) — DOWN
[2026-07-23T09:43:12Z] [viz-checker] ✗ Wiki D3.js (:8082) — DOWN
[2026-07-23T09:43:12Z] [viz-checker] ✗ RAG Search (:8083) — DOWN
[2026-07-23T09:43:12Z] [viz-checker] ✓ Adam-Viz 3D (Three.js) (:8084) — UP (0.01s)
[2026-07-23T09:43:12Z] [viz-checker] Vérification terminée
[2026-07-23T09:47:18Z] [viz-checker] Canal: dashboard:down | Source: hive_cycler
[2026-07-23T09:47:18Z] [viz-checker] Dashboard ciblé: tous
[2026-07-23T09:47:18Z] [viz-checker] Vérification des dashboards down...
[2026-07-23T09:47:18Z] [viz-checker] ✗ Monitoring (Chart.js) (:8081) — DOWN
[2026-07-23T09:47:18Z] [viz-checker] ✗ Wiki D3.js (:8082) — DOWN
[2026-07-23T09:47:18Z] [viz-checker] ✗ RAG Search (:8083) — DOWN
[2026-07-23T09:47:18Z] [viz-checker] ✓ Adam-Viz 3D (Three.js) (:8084) — UP (0.01s)
[2026-07-23T09:47:18Z] [viz-checker] Vérification terminée
[2026-07-23T09:47:32Z] [viz-checker] Canal: dashboard:down | Source: adam-doctor
[2026-07-23T09:47:32Z] [viz-checker] Dashboard ciblé: tous
[2026-07-23T09:47:32Z] [viz-checker] Vérification des dashboards down...
[2026-07-23T09:47:32Z] [viz-checker] ✗ Monitoring (Chart.js) (:8081) — DOWN
[2026-07-23T09:47:32Z] [viz-checker] ✗ Wiki D3.js (:8082) — DOWN
[2026-07-23T09:47:32Z] [viz-checker] ✗ RAG Search (:8083) — DOWN
[2026-07-23T09:47:32Z] [viz-checker] Canal: dashboard:down | Source: adam-doctor
[2026-07-23T09:47:32Z] [viz-checker] Dashboard ciblé: tous
[2026-07-23T09:47:32Z] [viz-checker] Vérification des dashboards down...
[2026-07-23T09:47:32Z] [viz-checker] ✗ Monitoring (Chart.js) (:8081) — DOWN
[2026-07-23T09:47:32Z] [viz-checker] ✗ Wiki D3.js (:8082) — DOWN
[2026-07-23T09:47:32Z] [viz-checker] ✗ RAG Search (:8083) — DOWN
[2026-07-23T09:47:32Z] [viz-checker] ✓ Adam-Viz 3D (Three.js) (:8084) — UP (0.01s)
[2026-07-23T09:47:32Z] [viz-checker] Vérification terminée
[2026-07-23T09:47:32Z] [viz-checker] ✓ Adam-Viz 3D (Three.js) (:8084) — UP (0.01s)
[2026-07-23T09:47:32Z] [viz-checker] Vérification terminée
[2026-07-23T09:47:36Z] [viz-checker] Canal: dashboard:down | Source: adam-doctor
[2026-07-23T09:47:36Z] [viz-checker] Dashboard ciblé: tous
[2026-07-23T09:47:36Z] [viz-checker] Vérification des dashboards down...
[2026-07-23T09:47:36Z] [viz-checker] ✗ Monitoring (Chart.js) (:8081) — DOWN
[2026-07-23T09:47:36Z] [viz-checker] ✗ Wiki D3.js (:8082) — DOWN
[2026-07-23T09:47:36Z] [viz-checker] ✗ RAG Search (:8083) — DOWN
[2026-07-23T09:47:36Z] [viz-checker] ✓ Adam-Viz 3D (Three.js) (:8084) — UP (0.01s)
[2026-07-23T09:47:36Z] [viz-checker] Vérification terminée
[2026-07-23T09:51:42Z] [viz-checker] Canal: dashboard:down | Source: hive_cycler
[2026-07-23T09:51:42Z] [viz-checker] Dashboard ciblé: tous
[2026-07-23T09:51:42Z] [viz-checker] Vérification des dashboards down...
[2026-07-23T09:51:42Z] [viz-checker] ✗ Monitoring (Chart.js) (:8081) — DOWN
[2026-07-23T09:51:42Z] [viz-checker] ✗ Wiki D3.js (:8082) — DOWN
[2026-07-23T09:51:42Z] [viz-checker] ✗ RAG Search (:8083) — DOWN
[2026-07-23T09:51:42Z] [viz-checker] ✓ Adam-Viz 3D (Three.js) (:8084) — UP (0.01s)
[2026-07-23T09:51:42Z] [viz-checker] Vérification terminée
[2026-07-23T09:51:46Z] [viz-checker] Canal: dashboard:down | Source: adam-doctor
[2026-07-23T09:51:46Z] [viz-checker] Dashboard ciblé: tous
[2026-07-23T09:51:46Z] [viz-checker] Vérification des dashboards down...
[2026-07-23T09:51:46Z] [viz-checker] ✗ Monitoring (Chart.js) (:8081) — DOWN
[2026-07-23T09:51:46Z] [viz-checker] ✗ Wiki D3.js (:8082) — DOWN
[2026-07-23T09:51:46Z] [viz-checker] ✗ RAG Search (:8083) — DOWN
[2026-07-23T09:51:46Z] [viz-checker] ✓ Adam-Viz 3D (Three.js) (:8084) — UP (0.01s)
[2026-07-23T09:51:46Z] [viz-checker] Vérification terminée
[2026-07-23T09:51:52Z] [viz-checker] Canal: dashboard:down | Source: adam-doctor
[2026-07-23T09:51:52Z] [viz-checker] Dashboard ciblé: tous
[2026-07-23T09:51:52Z] [viz-checker] Vérification des dashboards down...
[2026-07-23T09:51:52Z] [viz-checker] ✗ Monitoring (Chart.js) (:8081) — DOWN
[2026-07-23T09:51:52Z] [viz-checker] ✗ Wiki D3.js (:8082) — DOWN
[2026-07-23T09:51:52Z] [viz-checker] ✗ RAG Search (:8083) — DOWN
[2026-07-23T09:51:52Z] [viz-checker] ✓ Adam-Viz 3D (Three.js) (:8084) — UP (0.01s)
[2026-07-23T09:51:52Z] [viz-checker] Vérification terminée
[2026-07-23T09:51:54Z] [viz-checker] Canal: dashboard:down | Source: adam-doctor
[2026-07-23T09:51:54Z] [viz-checker] Dashboard ciblé: tous
[2026-07-23T09:51:54Z] [viz-checker] Vérification des dashboards down...
[2026-07-23T09:51:54Z] [viz-checker] ✗ Monitoring (Chart.js) (:8081) — DOWN
[2026-07-23T09:51:54Z] [viz-checker] ✗ Wiki D3.js (:8082) — DOWN
[2026-07-23T09:51:54Z] [viz-checker] ✗ RAG Search (:8083) — DOWN
[2026-07-23T09:51:54Z] [viz-checker] ✓ Adam-Viz 3D (Three.js) (:8084) — UP (0.01s)
[2026-07-23T09:51:54Z] [viz-checker] Vérification terminée
[2026-07-23T09:56:00Z] [viz-checker] Canal: dashboard:down | Source: hive_cycler
[2026-07-23T09:56:00Z] [viz-checker] Dashboard ciblé: tous
[2026-07-23T09:56:00Z] [viz-checker] Vérification des dashboards down...
[2026-07-23T09:56:00Z] [viz-checker] ✗ Monitoring (Chart.js) (:8081) — DOWN
[2026-07-23T09:56:00Z] [viz-checker] ✗ Wiki D3.js (:8082) — DOWN
[2026-07-23T09:56:00Z] [viz-checker] ✗ RAG Search (:8083) — DOWN
[2026-07-23T09:56:00Z] [viz-checker] ✓ Adam-Viz 3D (Three.js) (:8084) — UP (0.01s)
[2026-07-23T09:56:00Z] [viz-checker] Vérification terminée
[2026-07-23T09:56:10Z] [viz-checker] Canal: dashboard:down | Source: adam-doctor
[2026-07-23T09:56:10Z] [viz-checker] Dashboard ciblé: tous
[2026-07-23T09:56:10Z] [viz-checker] Vérification des dashboards down...
[2026-07-23T09:56:10Z] [viz-checker] ✗ Monitoring (Chart.js) (:8081) — DOWN
[2026-07-23T09:56:10Z] [viz-checker] ✗ Wiki D3.js (:8082) — DOWN
[2026-07-23T09:56:10Z] [viz-checker] ✗ RAG Search (:8083) — DOWN
[2026-07-23T09:56:10Z] [viz-checker] ✓ Adam-Viz 3D (Three.js) (:8084) — UP (0.01s)
[2026-07-23T09:56:10Z] [viz-checker] Vérification terminée
[2026-07-23T09:56:14Z] [viz-checker] Canal: dashboard:down | Source: adam-doctor
[2026-07-23T09:56:14Z] [viz-checker] Dashboard ciblé: tous
[2026-07-23T09:56:14Z] [viz-checker] Vérification des dashboards down...
[2026-07-23T09:56:14Z] [viz-checker] Canal: dashboard:down | Source: adam-doctor
[2026-07-23T09:56:14Z] [viz-checker] Dashboard ciblé: tous
[2026-07-23T09:56:14Z] [viz-checker] Vérification des dashboards down...
[2026-07-23T09:56:14Z] [viz-checker] ✗ Monitoring (Chart.js) (:8081) — DOWN
[2026-07-23T09:56:14Z] [viz-checker] ✗ Wiki D3.js (:8082) — DOWN
[2026-07-23T09:56:14Z] [viz-checker] ✗ RAG Search (:8083) — DOWN
[2026-07-23T09:56:14Z] [viz-checker] ✗ Monitoring (Chart.js) (:8081) — DOWN
[2026-07-23T09:56:14Z] [viz-checker] ✗ Wiki D3.js (:8082) — DOWN
[2026-07-23T09:56:14Z] [viz-checker] ✗ RAG Search (:8083) — DOWN
[2026-07-23T09:56:14Z] [viz-checker] ✓ Adam-Viz 3D (Three.js) (:8084) — UP (0.01s)
[2026-07-23T09:56:14Z] [viz-checker] Vérification terminée
[2026-07-23T09:56:14Z] [viz-checker] ✓ Adam-Viz 3D (Three.js) (:8084) — UP (0.01s)
[2026-07-23T09:56:14Z] [viz-checker] Vérification terminée
[2026-07-23T10:00:24Z] [viz-checker] Canal: dashboard:down | Source: hive_cycler
[2026-07-23T10:00:24Z] [viz-checker] Dashboard ciblé: tous
[2026-07-23T10:00:24Z] [viz-checker] Vérification des dashboards down...
[2026-07-23T10:00:24Z] [viz-checker] ✗ Monitoring (Chart.js) (:8081) — DOWN
[2026-07-23T10:00:24Z] [viz-checker] ✗ Wiki D3.js (:8082) — DOWN
[2026-07-23T10:00:24Z] [viz-checker] ✗ RAG Search (:8083) — DOWN
[2026-07-23T10:00:24Z] [viz-checker] ✓ Adam-Viz 3D (Three.js) (:8084) — UP (0.01s)
[2026-07-23T10:00:24Z] [viz-checker] Vérification terminée
[2026-07-23T10:00:28Z] [viz-checker] Canal: dashboard:down | Source: adam-doctor
[2026-07-23T10:00:28Z] [viz-checker] Dashboard ciblé: tous
[2026-07-23T10:00:28Z] [viz-checker] Vérification des dashboards down...
[2026-07-23T10:00:28Z] [viz-checker] ✗ Monitoring (Chart.js) (:8081) — DOWN
[2026-07-23T10:00:28Z] [viz-checker] ✗ Wiki D3.js (:8082) — DOWN
[2026-07-23T10:00:28Z] [viz-checker] ✗ RAG Search (:8083) — DOWN
[2026-07-23T10:00:28Z] [viz-checker] ✓ Adam-Viz 3D (Three.js) (:8084) — UP (0.01s)
[2026-07-23T10:00:28Z] [viz-checker] Vérification terminée
[2026-07-23T10:00:36Z] [viz-checker] Canal: dashboard:down | Source: adam-doctor
[2026-07-23T10:00:36Z] [viz-checker] Dashboard ciblé: tous
[2026-07-23T10:00:36Z] [viz-checker] Vérification des dashboards down...
[2026-07-23T10:00:36Z] [viz-checker] ✗ Monitoring (Chart.js) (:8081) — DOWN
[2026-07-23T10:00:36Z] [viz-checker] ✗ Wiki D3.js (:8082) — DOWN
[2026-07-23T10:00:36Z] [viz-checker] ✗ RAG Search (:8083) — DOWN
[2026-07-23T10:00:36Z] [viz-checker] Canal: dashboard:down | Source: adam-doctor
[2026-07-23T10:00:36Z] [viz-checker] Dashboard ciblé: tous
[2026-07-23T10:00:36Z] [viz-checker] Vérification des dashboards down...
[2026-07-23T10:00:36Z] [viz-checker] ✗ Monitoring (Chart.js) (:8081) — DOWN
[2026-07-23T10:00:36Z] [viz-checker] ✗ Wiki D3.js (:8082) — DOWN
[2026-07-23T10:00:36Z] [viz-checker] ✗ RAG Search (:8083) — DOWN
[2026-07-23T10:00:36Z] [viz-checker] ✓ Adam-Viz 3D (Three.js) (:8084) — UP (0.01s)
[2026-07-23T10:00:36Z] [viz-checker] Vérification terminée
[2026-07-23T10:00:36Z] [viz-checker] ✓ Adam-Viz 3D (Three.js) (:8084) — UP (0.01s)
[2026-07-23T10:00:36Z] [viz-checker] Vérification terminée
[2026-07-23T10:04:46Z] [viz-checker] Canal: dashboard:down | Source: hive_cycler
[2026-07-23T10:04:46Z] [viz-checker] Dashboard ciblé: tous
[2026-07-23T10:04:46Z] [viz-checker] Vérification des dashboards down...
[2026-07-23T10:04:46Z] [viz-checker] ✗ Monitoring (Chart.js) (:8081) — DOWN
[2026-07-23T10:04:46Z] [viz-checker] ✗ Wiki D3.js (:8082) — DOWN
[2026-07-23T10:04:46Z] [viz-checker] ✗ RAG Search (:8083) — DOWN
[2026-07-23T10:04:46Z] [viz-checker] ✓ Adam-Viz 3D (Three.js) (:8084) — UP (0.01s)
[2026-07-23T10:04:46Z] [viz-checker] Vérification terminée
[2026-07-23T10:04:50Z] [viz-checker] Canal: dashboard:down | Source: adam-doctor
[2026-07-23T10:04:50Z] [viz-checker] Dashboard ciblé: tous
[2026-07-23T10:04:50Z] [viz-checker] Vérification des dashboards down...
[2026-07-23T10:04:50Z] [viz-checker] ✗ Monitoring (Chart.js) (:8081) — DOWN
[2026-07-23T10:04:50Z] [viz-checker] ✗ Wiki D3.js (:8082) — DOWN
[2026-07-23T10:04:50Z] [viz-checker] ✗ RAG Search (:8083) — DOWN
[2026-07-23T10:04:50Z] [viz-checker] ✓ Adam-Viz 3D (Three.js) (:8084) — UP (0.01s)
[2026-07-23T10:04:50Z] [viz-checker] Vérification terminée
[2026-07-23T10:04:56Z] [viz-checker] Canal: dashboard:down | Source: adam-doctor
[2026-07-23T10:04:56Z] [viz-checker] Dashboard ciblé: tous
[2026-07-23T10:04:56Z] [viz-checker] Vérification des dashboards down...
[2026-07-23T10:04:56Z] [viz-checker] ✗ Monitoring (Chart.js) (:8081) — DOWN
[2026-07-23T10:04:56Z] [viz-checker] ✗ Wiki D3.js (:8082) — DOWN
[2026-07-23T10:04:56Z] [viz-checker] ✗ RAG Search (:8083) — DOWN
[2026-07-23T10:04:56Z] [viz-checker] ✓ Adam-Viz 3D (Three.js) (:8084) — UP (0.01s)
[2026-07-23T10:04:56Z] [viz-checker] Vérification terminée
[2026-07-23T10:04:58Z] [viz-checker] Canal: dashboard:down | Source: adam-doctor
[2026-07-23T10:04:58Z] [viz-checker] Dashboard ciblé: tous
[2026-07-23T10:04:58Z] [viz-checker] Vérification des dashboards down...
[2026-07-23T10:04:58Z] [viz-checker] ✗ Monitoring (Chart.js) (:8081) — DOWN
[2026-07-23T10:04:58Z] [viz-checker] ✗ Wiki D3.js (:8082) — DOWN
[2026-07-23T10:04:58Z] [viz-checker] ✗ RAG Search (:8083) — DOWN
[2026-07-23T10:04:58Z] [viz-checker] ✓ Adam-Viz 3D (Three.js) (:8084) — UP (0.01s)
[2026-07-23T10:04:58Z] [viz-checker] Vérification terminée
[2026-07-23T10:09:06Z] [viz-checker] Canal: dashboard:down | Source: hive_cycler
[2026-07-23T10:09:06Z] [viz-checker] Dashboard ciblé: tous
[2026-07-23T10:09:06Z] [viz-checker] Vérification des dashboards down...
[2026-07-23T10:09:06Z] [viz-checker] ✗ Monitoring (Chart.js) (:8081) — DOWN
[2026-07-23T10:09:06Z] [viz-checker] ✗ Wiki D3.js (:8082) — DOWN
[2026-07-23T10:09:06Z] [viz-checker] ✗ RAG Search (:8083) — DOWN
[2026-07-23T10:09:06Z] [viz-checker] ✓ Adam-Viz 3D (Three.js) (:8084) — UP (0.01s)
[2026-07-23T10:09:06Z] [viz-checker] Vérification terminée
[2026-07-23T10:09:10Z] [viz-checker] Canal: dashboard:down | Source: adam-doctor
[2026-07-23T10:09:10Z] [viz-checker] Dashboard ciblé: tous
[2026-07-23T10:09:10Z] [viz-checker] Vérification des dashboards down...
[2026-07-23T10:09:10Z] [viz-checker] ✗ Monitoring (Chart.js) (:8081) — DOWN
[2026-07-23T10:09:10Z] [viz-checker] ✗ Wiki D3.js (:8082) — DOWN
[2026-07-23T10:09:10Z] [viz-checker] ✗ RAG Search (:8083) — DOWN
[2026-07-23T10:09:10Z] [viz-checker] ✓ Adam-Viz 3D (Three.js) (:8084) — UP (0.01s)
[2026-07-23T10:09:10Z] [viz-checker] Vérification terminée
[2026-07-23T10:09:18Z] [viz-checker] Canal: dashboard:down | Source: adam-doctor
[2026-07-23T10:09:18Z] [viz-checker] Dashboard ciblé: tous
[2026-07-23T10:09:18Z] [viz-checker] Vérification des dashboards down...
[2026-07-23T10:09:18Z] [viz-checker] ✗ Monitoring (Chart.js) (:8081) — DOWN
[2026-07-23T10:09:18Z] [viz-checker] ✗ Wiki D3.js (:8082) — DOWN
[2026-07-23T10:09:18Z] [viz-checker] ✗ RAG Search (:8083) — DOWN
[2026-07-23T10:09:18Z] [viz-checker] Canal: dashboard:down | Source: adam-doctor
[2026-07-23T10:09:18Z] [viz-checker] Dashboard ciblé: tous
[2026-07-23T10:09:18Z] [viz-checker] Vérification des dashboards down...
[2026-07-23T10:09:18Z] [viz-checker] ✗ Monitoring (Chart.js) (:8081) — DOWN
[2026-07-23T10:09:18Z] [viz-checker] ✗ Wiki D3.js (:8082) — DOWN
[2026-07-23T10:09:18Z] [viz-checker] ✗ RAG Search (:8083) — DOWN
[2026-07-23T10:09:18Z] [viz-checker] ✓ Adam-Viz 3D (Three.js) (:8084) — UP (0.01s)
[2026-07-23T10:09:18Z] [viz-checker] Vérification terminée
[2026-07-23T10:09:18Z] [viz-checker] ✓ Adam-Viz 3D (Three.js) (:8084) — UP (0.01s)
[2026-07-23T10:09:18Z] [viz-checker] Vérification terminée
[2026-07-23T10:13:29Z] [viz-checker] Canal: dashboard:down | Source: hive_cycler
[2026-07-23T10:13:29Z] [viz-checker] Dashboard ciblé: tous
[2026-07-23T10:13:29Z] [viz-checker] Vérification des dashboards down...
[2026-07-23T10:13:29Z] [viz-checker] ✗ Monitoring (Chart.js) (:8081) — DOWN
[2026-07-23T10:13:29Z] [viz-checker] ✗ Wiki D3.js (:8082) — DOWN
[2026-07-23T10:13:29Z] [viz-checker] ✗ RAG Search (:8083) — DOWN
[2026-07-23T10:13:29Z] [viz-checker] ✓ Adam-Viz 3D (Three.js) (:8084) — UP (0.02s)
[2026-07-23T10:13:29Z] [viz-checker] Vérification terminée
[2026-07-23T10:13:33Z] [viz-checker] Canal: dashboard:down | Source: adam-doctor
[2026-07-23T10:13:33Z] [viz-checker] Dashboard ciblé: tous
[2026-07-23T10:13:33Z] [viz-checker] Vérification des dashboards down...
[2026-07-23T10:13:33Z] [viz-checker] ✗ Monitoring (Chart.js) (:8081) — DOWN
[2026-07-23T10:13:33Z] [viz-checker] ✗ Wiki D3.js (:8082) — DOWN
[2026-07-23T10:13:33Z] [viz-checker] ✗ RAG Search (:8083) — DOWN
[2026-07-23T10:13:33Z] [viz-checker] ✓ Adam-Viz 3D (Three.js) (:8084) — UP (0.01s)
[2026-07-23T10:13:33Z] [viz-checker] Vérification terminée
[2026-07-23T10:13:39Z] [viz-checker] Canal: dashboard:down | Source: adam-doctor
[2026-07-23T10:13:39Z] [viz-checker] Dashboard ciblé: tous
[2026-07-23T10:13:39Z] [viz-checker] Vérification des dashboards down...
[2026-07-23T10:13:39Z] [viz-checker] ✗ Monitoring (Chart.js) (:8081) — DOWN
[2026-07-23T10:13:39Z] [viz-checker] ✗ Wiki D3.js (:8082) — DOWN
[2026-07-23T10:13:39Z] [viz-checker] ✗ RAG Search (:8083) — DOWN
[2026-07-23T10:13:39Z] [viz-checker] ✓ Adam-Viz 3D (Three.js) (:8084) — UP (0.01s)
[2026-07-23T10:13:39Z] [viz-checker] Vérification terminée
[2026-07-23T10:13:41Z] [viz-checker] Canal: dashboard:down | Source: adam-doctor
[2026-07-23T10:13:41Z] [viz-checker] Dashboard ciblé: tous
[2026-07-23T10:13:41Z] [viz-checker] Vérification des dashboards down...
[2026-07-23T10:13:41Z] [viz-checker] ✗ Monitoring (Chart.js) (:8081) — DOWN
[2026-07-23T10:13:41Z] [viz-checker] ✗ Wiki D3.js (:8082) — DOWN
[2026-07-23T10:13:41Z] [viz-checker] ✗ RAG Search (:8083) — DOWN
[2026-07-23T10:13:41Z] [viz-checker] ✓ Adam-Viz 3D (Three.js) (:8084) — UP (0.01s)
[2026-07-23T10:13:41Z] [viz-checker] Vérification terminée
[2026-07-23T10:17:49Z] [viz-checker] Canal: dashboard:down | Source: hive_cycler
[2026-07-23T10:17:49Z] [viz-checker] Dashboard ciblé: tous
[2026-07-23T10:17:49Z] [viz-checker] Vérification des dashboards down...
[2026-07-23T10:17:49Z] [viz-checker] ✗ Monitoring (Chart.js) (:8081) — DOWN
[2026-07-23T10:17:49Z] [viz-checker] ✗ Wiki D3.js (:8082) — DOWN
[2026-07-23T10:17:49Z] [viz-checker] ✗ RAG Search (:8083) — DOWN
[2026-07-23T10:17:49Z] [viz-checker] ✓ Adam-Viz 3D (Three.js) (:8084) — UP (0.01s)
[2026-07-23T10:17:49Z] [viz-checker] Vérification terminée
[2026-07-23T10:17:53Z] [viz-checker] Canal: dashboard:down | Source: adam-doctor
[2026-07-23T10:17:53Z] [viz-checker] Dashboard ciblé: tous
[2026-07-23T10:17:53Z] [viz-checker] Vérification des dashboards down...
[2026-07-23T10:17:53Z] [viz-checker] ✗ Monitoring (Chart.js) (:8081) — DOWN
[2026-07-23T10:17:53Z] [viz-checker] ✗ Wiki D3.js (:8082) — DOWN
[2026-07-23T10:17:53Z] [viz-checker] ✗ RAG Search (:8083) — DOWN
[2026-07-23T10:17:53Z] [viz-checker] ✓ Adam-Viz 3D (Three.js) (:8084) — UP (0.01s)
[2026-07-23T10:17:53Z] [viz-checker] Vérification terminée
[2026-07-23T10:18:01Z] [viz-checker] Canal: dashboard:down | Source: adam-doctor
[2026-07-23T10:18:01Z] [viz-checker] Dashboard ciblé: tous
[2026-07-23T10:18:01Z] [viz-checker] Vérification des dashboards down...
[2026-07-23T10:18:01Z] [viz-checker] ✗ Monitoring (Chart.js) (:8081) — DOWN
[2026-07-23T10:18:01Z] [viz-checker] ✗ Wiki D3.js (:8082) — DOWN
[2026-07-23T10:18:01Z] [viz-checker] ✗ RAG Search (:8083) — DOWN
[2026-07-23T10:18:01Z] [viz-checker] Canal: dashboard:down | Source: adam-doctor
[2026-07-23T10:18:01Z] [viz-checker] Dashboard ciblé: tous
[2026-07-23T10:18:01Z] [viz-checker] Vérification des dashboards down...
[2026-07-23T10:18:01Z] [viz-checker] ✗ Monitoring (Chart.js) (:8081) — DOWN
[2026-07-23T10:18:01Z] [viz-checker] ✗ Wiki D3.js (:8082) — DOWN
[2026-07-23T10:18:01Z] [viz-checker] ✗ RAG Search (:8083) — DOWN
[2026-07-23T10:18:01Z] [viz-checker] ✓ Adam-Viz 3D (Three.js) (:8084) — UP (0.01s)
[2026-07-23T10:18:01Z] [viz-checker] Vérification terminée
[2026-07-23T10:18:01Z] [viz-checker] ✓ Adam-Viz 3D (Three.js) (:8084) — UP (0.01s)
[2026-07-23T10:18:01Z] [viz-checker] Vérification terminée
[2026-07-23T10:22:11Z] [viz-checker] Canal: dashboard:down | Source: hive_cycler
[2026-07-23T10:22:11Z] [viz-checker] Dashboard ciblé: tous
[2026-07-23T10:22:11Z] [viz-checker] Vérification des dashboards down...
[2026-07-23T10:22:11Z] [viz-checker] ✗ Monitoring (Chart.js) (:8081) — DOWN
[2026-07-23T10:22:11Z] [viz-checker] ✗ Wiki D3.js (:8082) — DOWN
[2026-07-23T10:22:11Z] [viz-checker] ✗ RAG Search (:8083) — DOWN
[2026-07-23T10:22:11Z] [viz-checker] ✓ Adam-Viz 3D (Three.js) (:8084) — UP (0.01s)
[2026-07-23T10:22:11Z] [viz-checker] Vérification terminée
[2026-07-23T10:22:15Z] [viz-checker] Canal: dashboard:down | Source: adam-doctor
[2026-07-23T10:22:15Z] [viz-checker] Dashboard ciblé: tous
[2026-07-23T10:22:15Z] [viz-checker] Vérification des dashboards down...
[2026-07-23T10:22:15Z] [viz-checker] ✗ Monitoring (Chart.js) (:8081) — DOWN
[2026-07-23T10:22:15Z] [viz-checker] ✗ Wiki D3.js (:8082) — DOWN
[2026-07-23T10:22:15Z] [viz-checker] ✗ RAG Search (:8083) — DOWN
[2026-07-23T10:22:15Z] [viz-checker] ✓ Adam-Viz 3D (Three.js) (:8084) — UP (0.01s)
[2026-07-23T10:22:15Z] [viz-checker] Vérification terminée
[2026-07-23T10:22:21Z] [viz-checker] Canal: dashboard:down | Source: adam-doctor
[2026-07-23T10:22:21Z] [viz-checker] Dashboard ciblé: tous
[2026-07-23T10:22:21Z] [viz-checker] Vérification des dashboards down...
[2026-07-23T10:22:21Z] [viz-checker] ✗ Monitoring (Chart.js) (:8081) — DOWN
[2026-07-23T10:22:21Z] [viz-checker] ✗ Wiki D3.js (:8082) — DOWN
[2026-07-23T10:22:21Z] [viz-checker] ✗ RAG Search (:8083) — DOWN
[2026-07-23T10:22:21Z] [viz-checker] ✓ Adam-Viz 3D (Three.js) (:8084) — UP (0.01s)
[2026-07-23T10:22:21Z] [viz-checker] Vérification terminée
[2026-07-23T10:22:23Z] [viz-checker] Canal: dashboard:down | Source: adam-doctor
[2026-07-23T10:22:23Z] [viz-checker] Dashboard ciblé: tous
[2026-07-23T10:22:23Z] [viz-checker] Vérification des dashboards down...
[2026-07-23T10:22:23Z] [viz-checker] ✗ Monitoring (Chart.js) (:8081) — DOWN
[2026-07-23T10:22:23Z] [viz-checker] ✗ Wiki D3.js (:8082) — DOWN
[2026-07-23T10:22:23Z] [viz-checker] ✗ RAG Search (:8083) — DOWN
[2026-07-23T10:22:23Z] [viz-checker] ✓ Adam-Viz 3D (Three.js) (:8084) — UP (0.01s)
[2026-07-23T10:22:23Z] [viz-checker] Vérification terminée
[2026-07-23T10:26:29Z] [viz-checker] Canal: dashboard:down | Source: hive_cycler
[2026-07-23T10:26:29Z] [viz-checker] Dashboard ciblé: tous
[2026-07-23T10:26:29Z] [viz-checker] Vérification des dashboards down...
[2026-07-23T10:26:29Z] [viz-checker] ✗ Monitoring (Chart.js) (:8081) — DOWN
[2026-07-23T10:26:29Z] [viz-checker] ✗ Wiki D3.js (:8082) — DOWN
[2026-07-23T10:26:29Z] [viz-checker] ✗ RAG Search (:8083) — DOWN
[2026-07-23T10:26:29Z] [viz-checker] ✓ Adam-Viz 3D (Three.js) (:8084) — UP (0.01s)
[2026-07-23T10:26:29Z] [viz-checker] Vérification terminée
[2026-07-23T10:26:41Z] [viz-checker] Canal: dashboard:down | Source: adam-doctor
[2026-07-23T10:26:41Z] [viz-checker] Dashboard ciblé: tous
[2026-07-23T10:26:41Z] [viz-checker] Vérification des dashboards down...
[2026-07-23T10:26:41Z] [viz-checker] ✗ Monitoring (Chart.js) (:8081) — DOWN
[2026-07-23T10:26:41Z] [viz-checker] ✗ Wiki D3.js (:8082) — DOWN
[2026-07-23T10:26:41Z] [viz-checker] ✗ RAG Search (:8083) — DOWN
[2026-07-23T10:26:41Z] [viz-checker] ✓ Adam-Viz 3D (Three.js) (:8084) — UP (0.01s)
[2026-07-23T10:26:41Z] [viz-checker] Vérification terminée
[2026-07-23T10:26:43Z] [viz-checker] Canal: dashboard:down | Source: adam-doctor
[2026-07-23T10:26:43Z] [viz-checker] Dashboard ciblé: tous
[2026-07-23T10:26:43Z] [viz-checker] Vérification des dashboards down...
[2026-07-23T10:26:43Z] [viz-checker] ✗ Monitoring (Chart.js) (:8081) — DOWN
[2026-07-23T10:26:43Z] [viz-checker] ✗ Wiki D3.js (:8082) — DOWN
[2026-07-23T10:26:43Z] [viz-checker] ✗ RAG Search (:8083) — DOWN
[2026-07-23T10:26:43Z] [viz-checker] ✓ Adam-Viz 3D (Three.js) (:8084) — UP (0.01s)
[2026-07-23T10:26:43Z] [viz-checker] Vérification terminée
[2026-07-23T10:26:45Z] [viz-checker] Canal: dashboard:down | Source: adam-doctor
[2026-07-23T10:26:45Z] [viz-checker] Dashboard ciblé: tous
[2026-07-23T10:26:45Z] [viz-checker] Vérification des dashboards down...
[2026-07-23T10:26:45Z] [viz-checker] ✗ Monitoring (Chart.js) (:8081) — DOWN
[2026-07-23T10:26:45Z] [viz-checker] ✗ Wiki D3.js (:8082) — DOWN
[2026-07-23T10:26:45Z] [viz-checker] ✗ RAG Search (:8083) — DOWN
[2026-07-23T10:26:45Z] [viz-checker] ✓ Adam-Viz 3D (Three.js) (:8084) — UP (0.01s)
[2026-07-23T10:26:45Z] [viz-checker] Vérification terminée
[2026-07-23T10:30:53Z] [viz-checker] Canal: dashboard:down | Source: hive_cycler
[2026-07-23T10:30:53Z] [viz-checker] Dashboard ciblé: tous
[2026-07-23T10:30:53Z] [viz-checker] Vérification des dashboards down...
[2026-07-23T10:30:53Z] [viz-checker] ✗ Monitoring (Chart.js) (:8081) — DOWN
[2026-07-23T10:30:53Z] [viz-checker] ✗ Wiki D3.js (:8082) — DOWN
[2026-07-23T10:30:53Z] [viz-checker] ✗ RAG Search (:8083) — DOWN
[2026-07-23T10:30:53Z] [viz-checker] ✓ Adam-Viz 3D (Three.js) (:8084) — UP (0.01s)
[2026-07-23T10:30:53Z] [viz-checker] Vérification terminée
[2026-07-23T10:30:57Z] [viz-checker] Canal: dashboard:down | Source: adam-doctor
[2026-07-23T10:30:57Z] [viz-checker] Dashboard ciblé: tous
[2026-07-23T10:30:57Z] [viz-checker] Vérification des dashboards down...
[2026-07-23T10:30:57Z] [viz-checker] ✗ Monitoring (Chart.js) (:8081) — DOWN
[2026-07-23T10:30:57Z] [viz-checker] ✗ Wiki D3.js (:8082) — DOWN
[2026-07-23T10:30:57Z] [viz-checker] ✗ RAG Search (:8083) — DOWN
[2026-07-23T10:30:57Z] [viz-checker] ✓ Adam-Viz 3D (Three.js) (:8084) — UP (0.01s)
[2026-07-23T10:30:57Z] [viz-checker] Vérification terminée
[2026-07-23T10:31:03Z] [viz-checker] Canal: dashboard:down | Source: adam-doctor
[2026-07-23T10:31:03Z] [viz-checker] Dashboard ciblé: tous
[2026-07-23T10:31:03Z] [viz-checker] Vérification des dashboards down...
[2026-07-23T10:31:03Z] [viz-checker] ✗ Monitoring (Chart.js) (:8081) — DOWN
[2026-07-23T10:31:03Z] [viz-checker] ✗ Wiki D3.js (:8082) — DOWN
[2026-07-23T10:31:03Z] [viz-checker] ✗ RAG Search (:8083) — DOWN
[2026-07-23T10:31:03Z] [viz-checker] ✓ Adam-Viz 3D (Three.js) (:8084) — UP (0.01s)
[2026-07-23T10:31:03Z] [viz-checker] Vérification terminée
[2026-07-23T10:31:05Z] [viz-checker] Canal: dashboard:down | Source: adam-doctor
[2026-07-23T10:31:05Z] [viz-checker] Dashboard ciblé: tous
[2026-07-23T10:31:05Z] [viz-checker] Vérification des dashboards down...
[2026-07-23T10:31:05Z] [viz-checker] ✗ Monitoring (Chart.js) (:8081) — DOWN
[2026-07-23T10:31:05Z] [viz-checker] ✗ Wiki D3.js (:8082) — DOWN
[2026-07-23T10:31:05Z] [viz-checker] ✗ RAG Search (:8083) — DOWN
[2026-07-23T10:31:05Z] [viz-checker] ✓ Adam-Viz 3D (Three.js) (:8084) — UP (0.01s)
[2026-07-23T10:31:05Z] [viz-checker] Vérification terminée
[2026-07-23T10:35:11Z] [viz-checker] Canal: dashboard:down | Source: hive_cycler
[2026-07-23T10:35:11Z] [viz-checker] Dashboard ciblé: tous
[2026-07-23T10:35:11Z] [viz-checker] Vérification des dashboards down...
[2026-07-23T10:35:11Z] [viz-checker] ✗ Monitoring (Chart.js) (:8081) — DOWN
[2026-07-23T10:35:11Z] [viz-checker] ✗ Wiki D3.js (:8082) — DOWN
[2026-07-23T10:35:11Z] [viz-checker] ✗ RAG Search (:8083) — DOWN
[2026-07-23T10:35:11Z] [viz-checker] ✓ Adam-Viz 3D (Three.js) (:8084) — UP (0.01s)
[2026-07-23T10:35:11Z] [viz-checker] Vérification terminée
[2026-07-23T10:35:21Z] [viz-checker] Canal: dashboard:down | Source: adam-doctor
[2026-07-23T10:35:21Z] [viz-checker] Dashboard ciblé: tous
[2026-07-23T10:35:21Z] [viz-checker] Vérification des dashboards down...
[2026-07-23T10:35:21Z] [viz-checker] ✗ Monitoring (Chart.js) (:8081) — DOWN
[2026-07-23T10:35:21Z] [viz-checker] ✗ Wiki D3.js (:8082) — DOWN
[2026-07-23T10:35:21Z] [viz-checker] ✗ RAG Search (:8083) — DOWN
[2026-07-23T10:35:21Z] [viz-checker] ✓ Adam-Viz 3D (Three.js) (:8084) — UP (0.01s)
[2026-07-23T10:35:21Z] [viz-checker] Vérification terminée
[2026-07-23T10:35:25Z] [viz-checker] Canal: dashboard:down | Source: adam-doctor
[2026-07-23T10:35:25Z] [viz-checker] Dashboard ciblé: tous
[2026-07-23T10:35:25Z] [viz-checker] Vérification des dashboards down...
[2026-07-23T10:35:25Z] [viz-checker] ✗ Monitoring (Chart.js) (:8081) — DOWN
[2026-07-23T10:35:25Z] [viz-checker] ✗ Wiki D3.js (:8082) — DOWN
[2026-07-23T10:35:25Z] [viz-checker] ✗ RAG Search (:8083) — DOWN
[2026-07-23T10:35:25Z] [viz-checker] Canal: dashboard:down | Source: adam-doctor
[2026-07-23T10:35:25Z] [viz-checker] Dashboard ciblé: tous
[2026-07-23T10:35:25Z] [viz-checker] Vérification des dashboards down...
[2026-07-23T10:35:25Z] [viz-checker] ✗ Monitoring (Chart.js) (:8081) — DOWN
[2026-07-23T10:35:25Z] [viz-checker] ✗ Wiki D3.js (:8082) — DOWN
[2026-07-23T10:35:25Z] [viz-checker] ✗ RAG Search (:8083) — DOWN
[2026-07-23T10:35:25Z] [viz-checker] ✓ Adam-Viz 3D (Three.js) (:8084) — UP (0.01s)
[2026-07-23T10:35:25Z] [viz-checker] Vérification terminée
[2026-07-23T10:35:25Z] [viz-checker] ✓ Adam-Viz 3D (Three.js) (:8084) — UP (0.01s)
[2026-07-23T10:35:25Z] [viz-checker] Vérification terminée
[2026-07-23T10:39:35Z] [viz-checker] Canal: dashboard:down | Source: hive_cycler
[2026-07-23T10:39:35Z] [viz-checker] Dashboard ciblé: tous
[2026-07-23T10:39:35Z] [viz-checker] Vérification des dashboards down...
[2026-07-23T10:39:35Z] [viz-checker] ✗ Monitoring (Chart.js) (:8081) — DOWN
[2026-07-23T10:39:35Z] [viz-checker] ✗ Wiki D3.js (:8082) — DOWN
[2026-07-23T10:39:35Z] [viz-checker] ✗ RAG Search (:8083) — DOWN
[2026-07-23T10:39:35Z] [viz-checker] ✓ Adam-Viz 3D (Three.js) (:8084) — UP (0.01s)
[2026-07-23T10:39:35Z] [viz-checker] Vérification terminée
[2026-07-23T10:39:39Z] [viz-checker] Canal: dashboard:down | Source: adam-doctor
[2026-07-23T10:39:39Z] [viz-checker] Dashboard ciblé: tous
[2026-07-23T10:39:39Z] [viz-checker] Vérification des dashboards down...
[2026-07-23T10:39:39Z] [viz-checker] ✗ Monitoring (Chart.js) (:8081) — DOWN
[2026-07-23T10:39:39Z] [viz-checker] ✗ Wiki D3.js (:8082) — DOWN
[2026-07-23T10:39:39Z] [viz-checker] ✗ RAG Search (:8083) — DOWN
[2026-07-23T10:39:39Z] [viz-checker] ✓ Adam-Viz 3D (Three.js) (:8084) — UP (0.01s)
[2026-07-23T10:39:39Z] [viz-checker] Vérification terminée
[2026-07-23T10:39:45Z] [viz-checker] Canal: dashboard:down | Source: adam-doctor
[2026-07-23T10:39:45Z] [viz-checker] Dashboard ciblé: tous
[2026-07-23T10:39:45Z] [viz-checker] Vérification des dashboards down...
[2026-07-23T10:39:45Z] [viz-checker] ✗ Monitoring (Chart.js) (:8081) — DOWN
[2026-07-23T10:39:45Z] [viz-checker] ✗ Wiki D3.js (:8082) — DOWN
[2026-07-23T10:39:45Z] [viz-checker] ✗ RAG Search (:8083) — DOWN
[2026-07-23T10:39:45Z] [viz-checker] ✓ Adam-Viz 3D (Three.js) (:8084) — UP (0.01s)
[2026-07-23T10:39:45Z] [viz-checker] Vérification terminée
[2026-07-23T10:39:47Z] [viz-checker] Canal: dashboard:down | Source: adam-doctor
[2026-07-23T10:39:47Z] [viz-checker] Dashboard ciblé: tous
[2026-07-23T10:39:47Z] [viz-checker] Vérification des dashboards down...
[2026-07-23T10:39:47Z] [viz-checker] ✗ Monitoring (Chart.js) (:8081) — DOWN
[2026-07-23T10:39:47Z] [viz-checker] ✗ Wiki D3.js (:8082) — DOWN
[2026-07-23T10:39:47Z] [viz-checker] ✗ RAG Search (:8083) — DOWN
[2026-07-23T10:39:47Z] [viz-checker] ✓ Adam-Viz 3D (Three.js) (:8084) — UP (0.01s)
[2026-07-23T10:39:47Z] [viz-checker] Vérification terminée
[2026-07-23T10:43:53Z] [viz-checker] Canal: dashboard:down | Source: hive_cycler
[2026-07-23T10:43:53Z] [viz-checker] Dashboard ciblé: tous
[2026-07-23T10:43:53Z] [viz-checker] Vérification des dashboards down...
[2026-07-23T10:43:53Z] [viz-checker] ✗ Monitoring (Chart.js) (:8081) — DOWN
[2026-07-23T10:43:53Z] [viz-checker] ✗ Wiki D3.js (:8082) — DOWN
[2026-07-23T10:43:53Z] [viz-checker] ✗ RAG Search (:8083) — DOWN
[2026-07-23T10:43:53Z] [viz-checker] ✓ Adam-Viz 3D (Three.js) (:8084) — UP (0.01s)
[2026-07-23T10:43:53Z] [viz-checker] Vérification terminée
[2026-07-23T10:44:03Z] [viz-checker] Canal: dashboard:down | Source: adam-doctor
[2026-07-23T10:44:03Z] [viz-checker] Dashboard ciblé: tous
[2026-07-23T10:44:03Z] [viz-checker] Vérification des dashboards down...
[2026-07-23T10:44:03Z] [viz-checker] ✗ Monitoring (Chart.js) (:8081) — DOWN
[2026-07-23T10:44:03Z] [viz-checker] ✗ Wiki D3.js (:8082) — DOWN
[2026-07-23T10:44:03Z] [viz-checker] ✗ RAG Search (:8083) — DOWN
[2026-07-23T10:44:03Z] [viz-checker] ✓ Adam-Viz 3D (Three.js) (:8084) — UP (0.01s)
[2026-07-23T10:44:03Z] [viz-checker] Vérification terminée
[2026-07-23T10:44:07Z] [viz-checker] Canal: dashboard:down | Source: adam-doctor
[2026-07-23T10:44:07Z] [viz-checker] Dashboard ciblé: tous
[2026-07-23T10:44:07Z] [viz-checker] Vérification des dashboards down...
[2026-07-23T10:44:07Z] [viz-checker] ✗ Monitoring (Chart.js) (:8081) — DOWN
[2026-07-23T10:44:07Z] [viz-checker] ✗ Wiki D3.js (:8082) — DOWN
[2026-07-23T10:44:07Z] [viz-checker] ✗ RAG Search (:8083) — DOWN
[2026-07-23T10:44:07Z] [viz-checker] Canal: dashboard:down | Source: adam-doctor
[2026-07-23T10:44:07Z] [viz-checker] Dashboard ciblé: tous
[2026-07-23T10:44:07Z] [viz-checker] Vérification des dashboards down...
[2026-07-23T10:44:07Z] [viz-checker] ✗ Monitoring (Chart.js) (:8081) — DOWN
[2026-07-23T10:44:07Z] [viz-checker] ✗ Wiki D3.js (:8082) — DOWN
[2026-07-23T10:44:07Z] [viz-checker] ✗ RAG Search (:8083) — DOWN
[2026-07-23T10:44:07Z] [viz-checker] ✓ Adam-Viz 3D (Three.js) (:8084) — UP (0.01s)
[2026-07-23T10:44:07Z] [viz-checker] Vérification terminée
[2026-07-23T10:44:07Z] [viz-checker] ✓ Adam-Viz 3D (Three.js) (:8084) — UP (0.01s)
[2026-07-23T10:44:07Z] [viz-checker] Vérification terminée
[2026-07-23T10:48:17Z] [viz-checker] Canal: dashboard:down | Source: hive_cycler
[2026-07-23T10:48:17Z] [viz-checker] Dashboard ciblé: tous
[2026-07-23T10:48:17Z] [viz-checker] Vérification des dashboards down...
[2026-07-23T10:48:17Z] [viz-checker] ✗ Monitoring (Chart.js) (:8081) — DOWN
[2026-07-23T10:48:17Z] [viz-checker] ✗ Wiki D3.js (:8082) — DOWN
[2026-07-23T10:48:17Z] [viz-checker] ✗ RAG Search (:8083) — DOWN
[2026-07-23T10:48:17Z] [viz-checker] ✓ Adam-Viz 3D (Three.js) (:8084) — UP (0.01s)
[2026-07-23T10:48:17Z] [viz-checker] Vérification terminée
[2026-07-23T10:48:21Z] [viz-checker] Canal: dashboard:down | Source: adam-doctor
[2026-07-23T10:48:21Z] [viz-checker] Dashboard ciblé: tous
[2026-07-23T10:48:21Z] [viz-checker] Vérification des dashboards down...
[2026-07-23T10:48:21Z] [viz-checker] ✗ Monitoring (Chart.js) (:8081) — DOWN
[2026-07-23T10:48:21Z] [viz-checker] ✗ Wiki D3.js (:8082) — DOWN
[2026-07-23T10:48:21Z] [viz-checker] ✗ RAG Search (:8083) — DOWN
[2026-07-23T10:48:21Z] [viz-checker] ✓ Adam-Viz 3D (Three.js) (:8084) — UP (0.01s)
[2026-07-23T10:48:21Z] [viz-checker] Vérification terminée
[2026-07-23T10:48:29Z] [viz-checker] Canal: dashboard:down | Source: adam-doctor
[2026-07-23T10:48:29Z] [viz-checker] Dashboard ciblé: tous
[2026-07-23T10:48:29Z] [viz-checker] Vérification des dashboards down...
[2026-07-23T10:48:29Z] [viz-checker] Canal: dashboard:down | Source: adam-doctor
[2026-07-23T10:48:29Z] [viz-checker] Dashboard ciblé: tous
[2026-07-23T10:48:29Z] [viz-checker] Vérification des dashboards down...
[2026-07-23T10:48:29Z] [viz-checker] ✗ Monitoring (Chart.js) (:8081) — DOWN
[2026-07-23T10:48:29Z] [viz-checker] ✗ Wiki D3.js (:8082) — DOWN
[2026-07-23T10:48:29Z] [viz-checker] ✗ RAG Search (:8083) — DOWN
[2026-07-23T10:48:29Z] [viz-checker] ✗ Monitoring (Chart.js) (:8081) — DOWN
[2026-07-23T10:48:29Z] [viz-checker] ✗ Wiki D3.js (:8082) — DOWN
[2026-07-23T10:48:29Z] [viz-checker] ✗ RAG Search (:8083) — DOWN
[2026-07-23T10:48:29Z] [viz-checker] ✓ Adam-Viz 3D (Three.js) (:8084) — UP (0.01s)
[2026-07-23T10:48:29Z] [viz-checker] Vérification terminée
[2026-07-23T10:48:29Z] [viz-checker] ✓ Adam-Viz 3D (Three.js) (:8084) — UP (0.01s)
[2026-07-23T10:48:29Z] [viz-checker] Vérification terminée
[2026-07-23T10:52:39Z] [viz-checker] Canal: dashboard:down | Source: hive_cycler
[2026-07-23T10:52:39Z] [viz-checker] Dashboard ciblé: tous
[2026-07-23T10:52:39Z] [viz-checker] Vérification des dashboards down...
[2026-07-23T10:52:39Z] [viz-checker] ✗ Monitoring (Chart.js) (:8081) — DOWN
[2026-07-23T10:52:39Z] [viz-checker] ✗ Wiki D3.js (:8082) — DOWN
[2026-07-23T10:52:39Z] [viz-checker] ✗ RAG Search (:8083) — DOWN
[2026-07-23T10:52:40Z] [viz-checker] ✓ Adam-Viz 3D (Three.js) (:8084) — UP (0.01s)
[2026-07-23T10:52:40Z] [viz-checker] Vérification terminée
[2026-07-23T10:52:44Z] [viz-checker] Canal: dashboard:down | Source: adam-doctor
[2026-07-23T10:52:44Z] [viz-checker] Dashboard ciblé: tous
[2026-07-23T10:52:44Z] [viz-checker] Vérification des dashboards down...
[2026-07-23T10:52:44Z] [viz-checker] ✗ Monitoring (Chart.js) (:8081) — DOWN
[2026-07-23T10:52:44Z] [viz-checker] ✗ Wiki D3.js (:8082) — DOWN
[2026-07-23T10:52:44Z] [viz-checker] ✗ RAG Search (:8083) — DOWN
[2026-07-23T10:52:44Z] [viz-checker] ✓ Adam-Viz 3D (Three.js) (:8084) — UP (0.01s)
[2026-07-23T10:52:44Z] [viz-checker] Vérification terminée
[2026-07-23T10:52:50Z] [viz-checker] Canal: dashboard:down | Source: adam-doctor
[2026-07-23T10:52:50Z] [viz-checker] Dashboard ciblé: tous
[2026-07-23T10:52:50Z] [viz-checker] Vérification des dashboards down...
[2026-07-23T10:52:50Z] [viz-checker] ✗ Monitoring (Chart.js) (:8081) — DOWN
[2026-07-23T10:52:50Z] [viz-checker] ✗ Wiki D3.js (:8082) — DOWN
[2026-07-23T10:52:50Z] [viz-checker] ✗ RAG Search (:8083) — DOWN
[2026-07-23T10:52:50Z] [viz-checker] ✓ Adam-Viz 3D (Three.js) (:8084) — UP (0.01s)
[2026-07-23T10:52:50Z] [viz-checker] Vérification terminée
[2026-07-23T10:52:52Z] [viz-checker] Canal: dashboard:down | Source: adam-doctor
[2026-07-23T10:52:52Z] [viz-checker] Dashboard ciblé: tous
[2026-07-23T10:52:52Z] [viz-checker] Vérification des dashboards down...
[2026-07-23T10:52:52Z] [viz-checker] ✗ Monitoring (Chart.js) (:8081) — DOWN
[2026-07-23T10:52:52Z] [viz-checker] ✗ Wiki D3.js (:8082) — DOWN
[2026-07-23T10:52:52Z] [viz-checker] ✗ RAG Search (:8083) — DOWN
[2026-07-23T10:52:52Z] [viz-checker] ✓ Adam-Viz 3D (Three.js) (:8084) — UP (0.01s)
[2026-07-23T10:52:52Z] [viz-checker] Vérification terminée
[2026-07-23T10:57:00Z] [viz-checker] Canal: dashboard:down | Source: hive_cycler
[2026-07-23T10:57:00Z] [viz-checker] Dashboard ciblé: tous
[2026-07-23T10:57:00Z] [viz-checker] Vérification des dashboards down...
[2026-07-23T10:57:00Z] [viz-checker] ✗ Monitoring (Chart.js) (:8081) — DOWN
[2026-07-23T10:57:00Z] [viz-checker] ✗ Wiki D3.js (:8082) — DOWN
[2026-07-23T10:57:00Z] [viz-checker] ✗ RAG Search (:8083) — DOWN
[2026-07-23T10:57:00Z] [viz-checker] ✓ Adam-Viz 3D (Three.js) (:8084) — UP (0.01s)
[2026-07-23T10:57:00Z] [viz-checker] Vérification terminée
[2026-07-23T10:57:04Z] [viz-checker] Canal: dashboard:down | Source: adam-doctor
[2026-07-23T10:57:04Z] [viz-checker] Dashboard ciblé: tous
[2026-07-23T10:57:04Z] [viz-checker] Vérification des dashboards down...
[2026-07-23T10:57:04Z] [viz-checker] ✗ Monitoring (Chart.js) (:8081) — DOWN
[2026-07-23T10:57:04Z] [viz-checker] ✗ Wiki D3.js (:8082) — DOWN
[2026-07-23T10:57:04Z] [viz-checker] ✗ RAG Search (:8083) — DOWN
[2026-07-23T10:57:04Z] [viz-checker] ✓ Adam-Viz 3D (Three.js) (:8084) — UP (0.01s)
[2026-07-23T10:57:04Z] [viz-checker] Vérification terminée
[2026-07-23T10:57:12Z] [viz-checker] Canal: dashboard:down | Source: adam-doctor
[2026-07-23T10:57:12Z] [viz-checker] Dashboard ciblé: tous
[2026-07-23T10:57:12Z] [viz-checker] Vérification des dashboards down...
[2026-07-23T10:57:12Z] [viz-checker] ✗ Monitoring (Chart.js) (:8081) — DOWN
[2026-07-23T10:57:12Z] [viz-checker] ✗ Wiki D3.js (:8082) — DOWN
[2026-07-23T10:57:12Z] [viz-checker] ✗ RAG Search (:8083) — DOWN
[2026-07-23T10:57:12Z] [viz-checker] Canal: dashboard:down | Source: adam-doctor
[2026-07-23T10:57:12Z] [viz-checker] Dashboard ciblé: tous
[2026-07-23T10:57:12Z] [viz-checker] Vérification des dashboards down...
[2026-07-23T10:57:12Z] [viz-checker] ✗ Monitoring (Chart.js) (:8081) — DOWN
[2026-07-23T10:57:12Z] [viz-checker] ✗ Wiki D3.js (:8082) — DOWN
[2026-07-23T10:57:12Z] [viz-checker] ✗ RAG Search (:8083) — DOWN
[2026-07-23T10:57:12Z] [viz-checker] ✓ Adam-Viz 3D (Three.js) (:8084) — UP (0.01s)
[2026-07-23T10:57:12Z] [viz-checker] Vérification terminée
[2026-07-23T10:57:12Z] [viz-checker] ✓ Adam-Viz 3D (Three.js) (:8084) — UP (0.01s)
[2026-07-23T10:57:12Z] [viz-checker] Vérification terminée
[2026-07-23T11:01:22Z] [viz-checker] Canal: dashboard:down | Source: hive_cycler
[2026-07-23T11:01:22Z] [viz-checker] Dashboard ciblé: tous
[2026-07-23T11:01:22Z] [viz-checker] Vérification des dashboards down...
[2026-07-23T11:01:22Z] [viz-checker] ✗ Monitoring (Chart.js) (:8081) — DOWN
[2026-07-23T11:01:22Z] [viz-checker] ✗ Wiki D3.js (:8082) — DOWN
[2026-07-23T11:01:22Z] [viz-checker] ✗ RAG Search (:8083) — DOWN
[2026-07-23T11:01:22Z] [viz-checker] ✓ Adam-Viz 3D (Three.js) (:8084) — UP (0.01s)
[2026-07-23T11:01:22Z] [viz-checker] Vérification terminée
[2026-07-23T11:01:26Z] [viz-checker] Canal: dashboard:down | Source: adam-doctor
[2026-07-23T11:01:26Z] [viz-checker] Dashboard ciblé: tous
[2026-07-23T11:01:26Z] [viz-checker] Vérification des dashboards down...
[2026-07-23T11:01:26Z] [viz-checker] ✗ Monitoring (Chart.js) (:8081) — DOWN
[2026-07-23T11:01:26Z] [viz-checker] ✗ Wiki D3.js (:8082) — DOWN
[2026-07-23T11:01:26Z] [viz-checker] ✗ RAG Search (:8083) — DOWN
[2026-07-23T11:01:26Z] [viz-checker] ✓ Adam-Viz 3D (Three.js) (:8084) — UP (0.01s)
[2026-07-23T11:01:26Z] [viz-checker] Vérification terminée
[2026-07-23T11:01:34Z] [viz-checker] Canal: dashboard:down | Source: adam-doctor
[2026-07-23T11:01:34Z] [viz-checker] Dashboard ciblé: tous
[2026-07-23T11:01:34Z] [viz-checker] Vérification des dashboards down...
[2026-07-23T11:01:34Z] [viz-checker] ✗ Monitoring (Chart.js) (:8081) — DOWN
[2026-07-23T11:01:34Z] [viz-checker] ✗ Wiki D3.js (:8082) — DOWN
[2026-07-23T11:01:34Z] [viz-checker] ✗ RAG Search (:8083) — DOWN
[2026-07-23T11:01:34Z] [viz-checker] Canal: dashboard:down | Source: adam-doctor
[2026-07-23T11:01:34Z] [viz-checker] Dashboard ciblé: tous
[2026-07-23T11:01:34Z] [viz-checker] Vérification des dashboards down...
[2026-07-23T11:01:34Z] [viz-checker] ✗ Monitoring (Chart.js) (:8081) — DOWN
[2026-07-23T11:01:34Z] [viz-checker] ✗ Wiki D3.js (:8082) — DOWN
[2026-07-23T11:01:34Z] [viz-checker] ✗ RAG Search (:8083) — DOWN
[2026-07-23T11:01:34Z] [viz-checker] ✓ Adam-Viz 3D (Three.js) (:8084) — UP (0.01s)
[2026-07-23T11:01:34Z] [viz-checker] Vérification terminée
[2026-07-23T11:01:34Z] [viz-checker] ✓ Adam-Viz 3D (Three.js) (:8084) — UP (0.01s)
[2026-07-23T11:01:34Z] [viz-checker] Vérification terminée
[2026-07-23T11:03:28Z] [viz-checker] Canal: dashboard:down | Source: adam-doctor
[2026-07-23T11:03:28Z] [viz-checker] Dashboard ciblé: tous
[2026-07-23T11:03:28Z] [viz-checker] Vérification des dashboards down...
[2026-07-23T11:03:28Z] [viz-checker] ✗ Monitoring (Chart.js) (:8081) — DOWN
[2026-07-23T11:03:28Z] [viz-checker] ✗ Wiki D3.js (:8082) — DOWN
[2026-07-23T11:03:28Z] [viz-checker] ✗ RAG Search (:8083) — DOWN
[2026-07-23T11:03:28Z] [viz-checker] ✓ Adam-Viz 3D (Three.js) (:8084) — UP (0.01s)
[2026-07-23T11:03:28Z] [viz-checker] Vérification terminée
[2026-07-23T11:03:52Z] [viz-checker] Canal: dashboard:down | Source: adam-doctor
[2026-07-23T11:03:52Z] [viz-checker] Dashboard ciblé: tous
[2026-07-23T11:03:52Z] [viz-checker] Vérification des dashboards down...
[2026-07-23T11:03:52Z] [viz-checker] ✗ Monitoring (Chart.js) (:8081) — DOWN
[2026-07-23T11:03:52Z] [viz-checker] ✗ Wiki D3.js (:8082) — DOWN
[2026-07-23T11:03:52Z] [viz-checker] ✗ RAG Search (:8083) — DOWN
[2026-07-23T11:03:52Z] [viz-checker] ✓ Adam-Viz 3D (Three.js) (:8084) — UP (0.01s)
[2026-07-23T11:03:52Z] [viz-checker] Vérification terminée
[2026-07-23T11:04:34Z] [viz-checker] Canal: dashboard:down | Source: adam-doctor
[2026-07-23T11:04:34Z] [viz-checker] Dashboard ciblé: tous
[2026-07-23T11:04:34Z] [viz-checker] Vérification des dashboards down...
[2026-07-23T11:04:34Z] [viz-checker] ✗ Monitoring (Chart.js) (:8081) — DOWN
[2026-07-23T11:04:34Z] [viz-checker] ✗ Wiki D3.js (:8082) — DOWN
[2026-07-23T11:04:34Z] [viz-checker] ✗ RAG Search (:8083) — DOWN
[2026-07-23T11:04:34Z] [viz-checker] ✓ Adam-Viz 3D (Three.js) (:8084) — UP (0.01s)
[2026-07-23T11:04:34Z] [viz-checker] Vérification terminée
[2026-07-23T11:05:22Z] [viz-checker] Canal: dashboard:down | Source: adam-doctor
[2026-07-23T11:05:22Z] [viz-checker] Dashboard ciblé: tous
[2026-07-23T11:05:22Z] [viz-checker] Vérification des dashboards down...
[2026-07-23T11:05:22Z] [viz-checker] ✗ Monitoring (Chart.js) (:8081) — DOWN
[2026-07-23T11:05:22Z] [viz-checker] ✗ Wiki D3.js (:8082) — DOWN
[2026-07-23T11:05:22Z] [viz-checker] ✗ RAG Search (:8083) — DOWN
[2026-07-23T11:05:22Z] [viz-checker] ✓ Adam-Viz 3D (Three.js) (:8084) — UP (0.01s)
[2026-07-23T11:05:22Z] [viz-checker] Vérification terminée
[2026-07-23T11:05:42Z] [viz-checker] Canal: dashboard:down | Source: hive_cycler
[2026-07-23T11:05:42Z] [viz-checker] Dashboard ciblé: tous
[2026-07-23T11:05:42Z] [viz-checker] Vérification des dashboards down...
[2026-07-23T11:05:42Z] [viz-checker] ✗ Monitoring (Chart.js) (:8081) — DOWN
[2026-07-23T11:05:42Z] [viz-checker] ✗ Wiki D3.js (:8082) — DOWN
[2026-07-23T11:05:42Z] [viz-checker] ✗ RAG Search (:8083) — DOWN
[2026-07-23T11:05:42Z] [viz-checker] ✓ Adam-Viz 3D (Three.js) (:8084) — UP (0.01s)
[2026-07-23T11:05:42Z] [viz-checker] Vérification terminée
[2026-07-23T11:05:50Z] [viz-checker] Canal: dashboard:down | Source: adam-doctor
[2026-07-23T11:05:50Z] [viz-checker] Dashboard ciblé: tous
[2026-07-23T11:05:50Z] [viz-checker] Vérification des dashboards down...
[2026-07-23T11:05:50Z] [viz-checker] ✗ Monitoring (Chart.js) (:8081) — DOWN
[2026-07-23T11:05:50Z] [viz-checker] ✗ Wiki D3.js (:8082) — DOWN
[2026-07-23T11:05:50Z] [viz-checker] ✗ RAG Search (:8083) — DOWN
[2026-07-23T11:05:50Z] [viz-checker] ✓ Adam-Viz 3D (Three.js) (:8084) — UP (0.01s)
[2026-07-23T11:05:50Z] [viz-checker] Vérification terminée
[2026-07-23T11:05:56Z] [viz-checker] Canal: dashboard:down | Source: adam-doctor
[2026-07-23T11:05:56Z] [viz-checker] Dashboard ciblé: tous
[2026-07-23T11:05:56Z] [viz-checker] Vérification des dashboards down...
[2026-07-23T11:05:56Z] [viz-checker] ✗ Monitoring (Chart.js) (:8081) — DOWN
[2026-07-23T11:05:56Z] [viz-checker] ✗ Wiki D3.js (:8082) — DOWN
[2026-07-23T11:05:56Z] [viz-checker] ✗ RAG Search (:8083) — DOWN
[2026-07-23T11:05:56Z] [viz-checker] Canal: dashboard:down | Source: adam-doctor
[2026-07-23T11:05:56Z] [viz-checker] Dashboard ciblé: tous
[2026-07-23T11:05:56Z] [viz-checker] Vérification des dashboards down...
[2026-07-23T11:05:56Z] [viz-checker] ✗ Monitoring (Chart.js) (:8081) — DOWN
[2026-07-23T11:05:56Z] [viz-checker] ✗ Wiki D3.js (:8082) — DOWN
[2026-07-23T11:05:56Z] [viz-checker] ✗ RAG Search (:8083) — DOWN
[2026-07-23T11:05:56Z] [viz-checker] ✓ Adam-Viz 3D (Three.js) (:8084) — UP (0.01s)
[2026-07-23T11:05:56Z] [viz-checker] Vérification terminée
[2026-07-23T11:05:56Z] [viz-checker] ✓ Adam-Viz 3D (Three.js) (:8084) — UP (0.01s)
[2026-07-23T11:05:56Z] [viz-checker] Vérification terminée
[2026-07-23T11:10:04Z] [viz-checker] Canal: dashboard:down | Source: hive_cycler
[2026-07-23T11:10:04Z] [viz-checker] Dashboard ciblé: tous
[2026-07-23T11:10:04Z] [viz-checker] Vérification des dashboards down...
[2026-07-23T11:10:04Z] [viz-checker] ✗ Monitoring (Chart.js) (:8081) — DOWN
[2026-07-23T11:10:04Z] [viz-checker] ✗ Wiki D3.js (:8082) — DOWN
[2026-07-23T11:10:04Z] [viz-checker] ✗ RAG Search (:8083) — DOWN
[2026-07-23T11:10:04Z] [viz-checker] ✓ Adam-Viz 3D (Three.js) (:8084) — UP (0.01s)
[2026-07-23T11:10:04Z] [viz-checker] Vérification terminée
[2026-07-23T11:10:10Z] [viz-checker] Canal: dashboard:down | Source: adam-doctor
[2026-07-23T11:10:10Z] [viz-checker] Dashboard ciblé: tous
[2026-07-23T11:10:10Z] [viz-checker] Vérification des dashboards down...
[2026-07-23T11:10:10Z] [viz-checker] ✗ Monitoring (Chart.js) (:8081) — DOWN
[2026-07-23T11:10:10Z] [viz-checker] ✗ Wiki D3.js (:8082) — DOWN
[2026-07-23T11:10:10Z] [viz-checker] ✗ RAG Search (:8083) — DOWN
[2026-07-23T11:10:10Z] [viz-checker] ✓ Adam-Viz 3D (Three.js) (:8084) — UP (0.01s)
[2026-07-23T11:10:10Z] [viz-checker] Vérification terminée
[2026-07-23T11:10:18Z] [viz-checker] Canal: dashboard:down | Source: adam-doctor
[2026-07-23T11:10:18Z] [viz-checker] Dashboard ciblé: tous
[2026-07-23T11:10:18Z] [viz-checker] Vérification des dashboards down...
[2026-07-23T11:10:18Z] [viz-checker] ✗ Monitoring (Chart.js) (:8081) — DOWN
[2026-07-23T11:10:18Z] [viz-checker] ✗ Wiki D3.js (:8082) — DOWN
[2026-07-23T11:10:18Z] [viz-checker] ✗ RAG Search (:8083) — DOWN
[2026-07-23T11:10:18Z] [viz-checker] Canal: dashboard:down | Source: adam-doctor
[2026-07-23T11:10:18Z] [viz-checker] Dashboard ciblé: tous
[2026-07-23T11:10:18Z] [viz-checker] Vérification des dashboards down...
[2026-07-23T11:10:18Z] [viz-checker] ✗ Monitoring (Chart.js) (:8081) — DOWN
[2026-07-23T11:10:18Z] [viz-checker] ✗ Wiki D3.js (:8082) — DOWN
[2026-07-23T11:10:18Z] [viz-checker] ✗ RAG Search (:8083) — DOWN
[2026-07-23T11:10:18Z] [viz-checker] ✓ Adam-Viz 3D (Three.js) (:8084) — UP (0.01s)
[2026-07-23T11:10:18Z] [viz-checker] Vérification terminée
[2026-07-23T11:10:18Z] [viz-checker] ✓ Adam-Viz 3D (Three.js) (:8084) — UP (0.01s)
[2026-07-23T11:10:18Z] [viz-checker] Vérification terminée
[2026-07-23T11:14:22Z] [viz-checker] Canal: dashboard:down | Source: hive_cycler
[2026-07-23T11:14:22Z] [viz-checker] Dashboard ciblé: tous
[2026-07-23T11:14:22Z] [viz-checker] Vérification des dashboards down...
[2026-07-23T11:14:22Z] [viz-checker] ✗ Monitoring (Chart.js) (:8081) — DOWN
[2026-07-23T11:14:22Z] [viz-checker] ✗ Wiki D3.js (:8082) — DOWN
[2026-07-23T11:14:22Z] [viz-checker] ✗ RAG Search (:8083) — DOWN
[2026-07-23T11:14:22Z] [viz-checker] ✓ Adam-Viz 3D (Three.js) (:8084) — UP (0.01s)
[2026-07-23T11:14:22Z] [viz-checker] Vérification terminée
[2026-07-23T11:14:36Z] [viz-checker] Canal: dashboard:down | Source: adam-doctor
[2026-07-23T11:14:36Z] [viz-checker] Dashboard ciblé: tous
[2026-07-23T11:14:36Z] [viz-checker] Vérification des dashboards down...
[2026-07-23T11:14:36Z] [viz-checker] ✗ Monitoring (Chart.js) (:8081) — DOWN
[2026-07-23T11:14:36Z] [viz-checker] ✗ Wiki D3.js (:8082) — DOWN
[2026-07-23T11:14:36Z] [viz-checker] ✗ RAG Search (:8083) — DOWN
[2026-07-23T11:14:36Z] [viz-checker] Canal: dashboard:down | Source: adam-doctor
[2026-07-23T11:14:36Z] [viz-checker] Dashboard ciblé: tous
[2026-07-23T11:14:36Z] [viz-checker] Vérification des dashboards down...
[2026-07-23T11:14:36Z] [viz-checker] ✗ Monitoring (Chart.js) (:8081) — DOWN
[2026-07-23T11:14:36Z] [viz-checker] ✗ Wiki D3.js (:8082) — DOWN
[2026-07-23T11:14:36Z] [viz-checker] ✗ RAG Search (:8083) — DOWN
[2026-07-23T11:14:36Z] [viz-checker] Canal: dashboard:down | Source: adam-doctor
[2026-07-23T11:14:36Z] [viz-checker] Dashboard ciblé: tous
[2026-07-23T11:14:36Z] [viz-checker] Vérification des dashboards down...
[2026-07-23T11:14:36Z] [viz-checker] ✗ Monitoring (Chart.js) (:8081) — DOWN
[2026-07-23T11:14:36Z] [viz-checker] ✗ Wiki D3.js (:8082) — DOWN
[2026-07-23T11:14:36Z] [viz-checker] ✗ RAG Search (:8083) — DOWN
[2026-07-23T11:14:36Z] [viz-checker] ✓ Adam-Viz 3D (Three.js) (:8084) — UP (0.01s)
[2026-07-23T11:14:36Z] [viz-checker] Vérification terminée
[2026-07-23T11:14:36Z] [viz-checker] ✓ Adam-Viz 3D (Three.js) (:8084) — UP (0.01s)
[2026-07-23T11:14:36Z] [viz-checker] Vérification terminée
[2026-07-23T11:14:36Z] [viz-checker] ✓ Adam-Viz 3D (Three.js) (:8084) — UP (0.01s)
[2026-07-23T11:14:36Z] [viz-checker] Vérification terminée
[2026-07-23T11:18:46Z] [viz-checker] Canal: dashboard:down | Source: hive_cycler
[2026-07-23T11:18:46Z] [viz-checker] Dashboard ciblé: tous
[2026-07-23T11:18:46Z] [viz-checker] Vérification des dashboards down...
[2026-07-23T11:18:46Z] [viz-checker] ✗ Monitoring (Chart.js) (:8081) — DOWN
[2026-07-23T11:18:46Z] [viz-checker] ✗ Wiki D3.js (:8082) — DOWN
[2026-07-23T11:18:46Z] [viz-checker] ✗ RAG Search (:8083) — DOWN
[2026-07-23T11:18:46Z] [viz-checker] ✓ Adam-Viz 3D (Three.js) (:8084) — UP (0.01s)
[2026-07-23T11:18:46Z] [viz-checker] Vérification terminée
[2026-07-23T11:18:52Z] [viz-checker] Canal: dashboard:down | Source: adam-doctor
[2026-07-23T11:18:52Z] [viz-checker] Dashboard ciblé: tous
[2026-07-23T11:18:52Z] [viz-checker] Vérification des dashboards down...
[2026-07-23T11:18:52Z] [viz-checker] ✗ Monitoring (Chart.js) (:8081) — DOWN
[2026-07-23T11:18:52Z] [viz-checker] ✗ Wiki D3.js (:8082) — DOWN
[2026-07-23T11:18:52Z] [viz-checker] ✗ RAG Search (:8083) — DOWN
[2026-07-23T11:18:52Z] [viz-checker] ✓ Adam-Viz 3D (Three.js) (:8084) — UP (0.01s)
[2026-07-23T11:18:52Z] [viz-checker] Vérification terminée
[2026-07-23T11:19:00Z] [viz-checker] Canal: dashboard:down | Source: adam-doctor
[2026-07-23T11:19:00Z] [viz-checker] Dashboard ciblé: tous
[2026-07-23T11:19:00Z] [viz-checker] Vérification des dashboards down...
[2026-07-23T11:19:00Z] [viz-checker] ✗ Monitoring (Chart.js) (:8081) — DOWN
[2026-07-23T11:19:00Z] [viz-checker] ✗ Wiki D3.js (:8082) — DOWN
[2026-07-23T11:19:00Z] [viz-checker] ✗ RAG Search (:8083) — DOWN
[2026-07-23T11:19:00Z] [viz-checker] Canal: dashboard:down | Source: adam-doctor
[2026-07-23T11:19:00Z] [viz-checker] Dashboard ciblé: tous
[2026-07-23T11:19:00Z] [viz-checker] Vérification des dashboards down...
[2026-07-23T11:19:00Z] [viz-checker] ✗ Monitoring (Chart.js) (:8081) — DOWN
[2026-07-23T11:19:00Z] [viz-checker] ✗ Wiki D3.js (:8082) — DOWN
[2026-07-23T11:19:00Z] [viz-checker] ✗ RAG Search (:8083) — DOWN
[2026-07-23T11:19:00Z] [viz-checker] ✓ Adam-Viz 3D (Three.js) (:8084) — UP (0.01s)
[2026-07-23T11:19:00Z] [viz-checker] Vérification terminée
[2026-07-23T11:19:00Z] [viz-checker] ✓ Adam-Viz 3D (Three.js) (:8084) — UP (0.01s)
[2026-07-23T11:19:00Z] [viz-checker] Vérification terminée
[2026-07-23T11:23:04Z] [viz-checker] Canal: dashboard:down | Source: hive_cycler
[2026-07-23T11:23:04Z] [viz-checker] Dashboard ciblé: tous
[2026-07-23T11:23:04Z] [viz-checker] Vérification des dashboards down...
[2026-07-23T11:23:04Z] [viz-checker] ✗ Monitoring (Chart.js) (:8081) — DOWN
[2026-07-23T11:23:04Z] [viz-checker] ✗ Wiki D3.js (:8082) — DOWN
[2026-07-23T11:23:04Z] [viz-checker] ✗ RAG Search (:8083) — DOWN
[2026-07-23T11:23:04Z] [viz-checker] ✓ Adam-Viz 3D (Three.js) (:8084) — UP (0.01s)
[2026-07-23T11:23:04Z] [viz-checker] Vérification terminée
[2026-07-23T11:23:18Z] [viz-checker] Canal: dashboard:down | Source: adam-doctor
[2026-07-23T11:23:18Z] [viz-checker] Dashboard ciblé: tous
[2026-07-23T11:23:18Z] [viz-checker] Vérification des dashboards down...
[2026-07-23T11:23:18Z] [viz-checker] ✗ Monitoring (Chart.js) (:8081) — DOWN
[2026-07-23T11:23:18Z] [viz-checker] ✗ Wiki D3.js (:8082) — DOWN
[2026-07-23T11:23:18Z] [viz-checker] ✗ RAG Search (:8083) — DOWN
[2026-07-23T11:23:18Z] [viz-checker] Canal: dashboard:down | Source: adam-doctor
[2026-07-23T11:23:18Z] [viz-checker] Dashboard ciblé: tous
[2026-07-23T11:23:18Z] [viz-checker] Vérification des dashboards down...
[2026-07-23T11:23:18Z] [viz-checker] ✗ Monitoring (Chart.js) (:8081) — DOWN
[2026-07-23T11:23:18Z] [viz-checker] ✗ Wiki D3.js (:8082) — DOWN
[2026-07-23T11:23:18Z] [viz-checker] ✗ RAG Search (:8083) — DOWN
[2026-07-23T11:23:18Z] [viz-checker] Canal: dashboard:down | Source: adam-doctor
[2026-07-23T11:23:18Z] [viz-checker] Dashboard ciblé: tous
[2026-07-23T11:23:18Z] [viz-checker] Vérification des dashboards down...
[2026-07-23T11:23:18Z] [viz-checker] ✗ Monitoring (Chart.js) (:8081) — DOWN
[2026-07-23T11:23:18Z] [viz-checker] ✗ Wiki D3.js (:8082) — DOWN
[2026-07-23T11:23:18Z] [viz-checker] ✗ RAG Search (:8083) — DOWN
[2026-07-23T11:23:18Z] [viz-checker] ✓ Adam-Viz 3D (Three.js) (:8084) — UP (0.01s)
[2026-07-23T11:23:18Z] [viz-checker] Vérification terminée
[2026-07-23T11:23:18Z] [viz-checker] ✓ Adam-Viz 3D (Three.js) (:8084) — UP (0.01s)
[2026-07-23T11:23:18Z] [viz-checker] Vérification terminée
[2026-07-23T11:23:18Z] [viz-checker] ✓ Adam-Viz 3D (Three.js) (:8084) — UP (0.01s)
[2026-07-23T11:23:18Z] [viz-checker] Vérification terminée
[2026-07-23T11:27:28Z] [viz-checker] Canal: dashboard:down | Source: hive_cycler
[2026-07-23T11:27:28Z] [viz-checker] Dashboard ciblé: tous
[2026-07-23T11:27:28Z] [viz-checker] Vérification des dashboards down...
[2026-07-23T11:27:28Z] [viz-checker] ✗ Monitoring (Chart.js) (:8081) — DOWN
[2026-07-23T11:27:28Z] [viz-checker] ✗ Wiki D3.js (:8082) — DOWN
[2026-07-23T11:27:28Z] [viz-checker] ✗ RAG Search (:8083) — DOWN
[2026-07-23T11:27:28Z] [viz-checker] ✓ Adam-Viz 3D (Three.js) (:8084) — UP (0.01s)
[2026-07-23T11:27:28Z] [viz-checker] Vérification terminée
[2026-07-23T11:27:34Z] [viz-checker] Canal: dashboard:down | Source: adam-doctor
[2026-07-23T11:27:34Z] [viz-checker] Dashboard ciblé: tous
[2026-07-23T11:27:34Z] [viz-checker] Vérification des dashboards down...
[2026-07-23T11:27:34Z] [viz-checker] ✗ Monitoring (Chart.js) (:8081) — DOWN
[2026-07-23T11:27:34Z] [viz-checker] ✗ Wiki D3.js (:8082) — DOWN
[2026-07-23T11:27:34Z] [viz-checker] ✗ RAG Search (:8083) — DOWN
[2026-07-23T11:27:34Z] [viz-checker] ✓ Adam-Viz 3D (Three.js) (:8084) — UP (0.01s)
[2026-07-23T11:27:34Z] [viz-checker] Vérification terminée
[2026-07-23T11:27:42Z] [viz-checker] Canal: dashboard:down | Source: adam-doctor
[2026-07-23T11:27:42Z] [viz-checker] Dashboard ciblé: tous
[2026-07-23T11:27:42Z] [viz-checker] Vérification des dashboards down...
[2026-07-23T11:27:42Z] [viz-checker] ✗ Monitoring (Chart.js) (:8081) — DOWN
[2026-07-23T11:27:42Z] [viz-checker] ✗ Wiki D3.js (:8082) — DOWN
[2026-07-23T11:27:42Z] [viz-checker] ✗ RAG Search (:8083) — DOWN
[2026-07-23T11:27:42Z] [viz-checker] Canal: dashboard:down | Source: adam-doctor
[2026-07-23T11:27:42Z] [viz-checker] Dashboard ciblé: tous
[2026-07-23T11:27:42Z] [viz-checker] Vérification des dashboards down...
[2026-07-23T11:27:42Z] [viz-checker] ✗ Monitoring (Chart.js) (:8081) — DOWN
[2026-07-23T11:27:42Z] [viz-checker] ✗ Wiki D3.js (:8082) — DOWN
[2026-07-23T11:27:42Z] [viz-checker] ✗ RAG Search (:8083) — DOWN
[2026-07-23T11:27:42Z] [viz-checker] ✓ Adam-Viz 3D (Three.js) (:8084) — UP (0.01s)
[2026-07-23T11:27:42Z] [viz-checker] Vérification terminée
[2026-07-23T11:27:42Z] [viz-checker] ✓ Adam-Viz 3D (Three.js) (:8084) — UP (0.01s)
[2026-07-23T11:27:42Z] [viz-checker] Vérification terminée
[2026-07-23T11:31:48Z] [viz-checker] Canal: dashboard:down | Source: hive_cycler
[2026-07-23T11:31:48Z] [viz-checker] Dashboard ciblé: tous
[2026-07-23T11:31:48Z] [viz-checker] Vérification des dashboards down...
[2026-07-23T11:31:48Z] [viz-checker] ✗ Monitoring (Chart.js) (:8081) — DOWN
[2026-07-23T11:31:48Z] [viz-checker] ✗ Wiki D3.js (:8082) — DOWN
[2026-07-23T11:31:48Z] [viz-checker] ✗ RAG Search (:8083) — DOWN
[2026-07-23T11:31:48Z] [viz-checker] ✓ Adam-Viz 3D (Three.js) (:8084) — UP (0.01s)
[2026-07-23T11:31:48Z] [viz-checker] Vérification terminée
[2026-07-23T11:32:00Z] [viz-checker] Canal: dashboard:down | Source: adam-doctor
[2026-07-23T11:32:00Z] [viz-checker] Dashboard ciblé: tous
[2026-07-23T11:32:00Z] [viz-checker] Vérification des dashboards down...
[2026-07-23T11:32:00Z] [viz-checker] ✗ Monitoring (Chart.js) (:8081) — DOWN
[2026-07-23T11:32:00Z] [viz-checker] ✗ Wiki D3.js (:8082) — DOWN
[2026-07-23T11:32:00Z] [viz-checker] ✗ RAG Search (:8083) — DOWN
[2026-07-23T11:32:00Z] [viz-checker] Canal: dashboard:down | Source: adam-doctor
[2026-07-23T11:32:00Z] [viz-checker] Dashboard ciblé: tous
[2026-07-23T11:32:00Z] [viz-checker] Vérification des dashboards down...
[2026-07-23T11:32:00Z] [viz-checker] ✗ Monitoring (Chart.js) (:8081) — DOWN
[2026-07-23T11:32:00Z] [viz-checker] ✗ Wiki D3.js (:8082) — DOWN
[2026-07-23T11:32:00Z] [viz-checker] ✗ RAG Search (:8083) — DOWN
[2026-07-23T11:32:00Z] [viz-checker] ✓ Adam-Viz 3D (Three.js) (:8084) — UP (0.01s)
[2026-07-23T11:32:00Z] [viz-checker] Vérification terminée
[2026-07-23T11:32:00Z] [viz-checker] ✓ Adam-Viz 3D (Three.js) (:8084) — UP (0.01s)
[2026-07-23T11:32:00Z] [viz-checker] Vérification terminée
[2026-07-23T11:32:04Z] [viz-checker] Canal: dashboard:down | Source: adam-doctor
[2026-07-23T11:32:04Z] [viz-checker] Dashboard ciblé: tous
[2026-07-23T11:32:04Z] [viz-checker] Vérification des dashboards down...
[2026-07-23T11:32:04Z] [viz-checker] ✗ Monitoring (Chart.js) (:8081) — DOWN
[2026-07-23T11:32:04Z] [viz-checker] ✗ Wiki D3.js (:8082) — DOWN
[2026-07-23T11:32:04Z] [viz-checker] ✗ RAG Search (:8083) — DOWN
[2026-07-23T11:32:04Z] [viz-checker] ✓ Adam-Viz 3D (Three.js) (:8084) — UP (0.01s)
[2026-07-23T11:32:04Z] [viz-checker] Vérification terminée
[2026-07-23T11:36:11Z] [viz-checker] Canal: dashboard:down | Source: hive_cycler
[2026-07-23T11:36:11Z] [viz-checker] Dashboard ciblé: tous
[2026-07-23T11:36:11Z] [viz-checker] Vérification des dashboards down...
[2026-07-23T11:36:11Z] [viz-checker] ✗ Monitoring (Chart.js) (:8081) — DOWN
[2026-07-23T11:36:11Z] [viz-checker] ✗ Wiki D3.js (:8082) — DOWN
[2026-07-23T11:36:11Z] [viz-checker] ✗ RAG Search (:8083) — DOWN
[2026-07-23T11:36:11Z] [viz-checker] ✓ Adam-Viz 3D (Three.js) (:8084) — UP (0.01s)
[2026-07-23T11:36:11Z] [viz-checker] Vérification terminée
[2026-07-23T11:36:19Z] [viz-checker] Canal: dashboard:down | Source: adam-doctor
[2026-07-23T11:36:19Z] [viz-checker] Dashboard ciblé: tous
[2026-07-23T11:36:19Z] [viz-checker] Vérification des dashboards down...
[2026-07-23T11:36:19Z] [viz-checker] ✗ Monitoring (Chart.js) (:8081) — DOWN
[2026-07-23T11:36:19Z] [viz-checker] ✗ Wiki D3.js (:8082) — DOWN
[2026-07-23T11:36:19Z] [viz-checker] ✗ RAG Search (:8083) — DOWN
[2026-07-23T11:36:19Z] [viz-checker] ✓ Adam-Viz 3D (Three.js) (:8084) — UP (0.01s)
[2026-07-23T11:36:19Z] [viz-checker] Vérification terminée
[2026-07-23T11:36:25Z] [viz-checker] Canal: dashboard:down | Source: adam-doctor
[2026-07-23T11:36:25Z] [viz-checker] Dashboard ciblé: tous
[2026-07-23T11:36:25Z] [viz-checker] Vérification des dashboards down...
[2026-07-23T11:36:25Z] [viz-checker] ✗ Monitoring (Chart.js) (:8081) — DOWN
[2026-07-23T11:36:25Z] [viz-checker] ✗ Wiki D3.js (:8082) — DOWN
[2026-07-23T11:36:25Z] [viz-checker] ✗ RAG Search (:8083) — DOWN
[2026-07-23T11:36:25Z] [viz-checker] Canal: dashboard:down | Source: adam-doctor
[2026-07-23T11:36:25Z] [viz-checker] Dashboard ciblé: tous
[2026-07-23T11:36:25Z] [viz-checker] Vérification des dashboards down...
[2026-07-23T11:36:25Z] [viz-checker] ✗ Monitoring (Chart.js) (:8081) — DOWN
[2026-07-23T11:36:25Z] [viz-checker] ✗ Wiki D3.js (:8082) — DOWN
[2026-07-23T11:36:25Z] [viz-checker] ✗ RAG Search (:8083) — DOWN
[2026-07-23T11:36:25Z] [viz-checker] ✓ Adam-Viz 3D (Three.js) (:8084) — UP (0.01s)
[2026-07-23T11:36:25Z] [viz-checker] Vérification terminée
[2026-07-23T11:36:25Z] [viz-checker] ✓ Adam-Viz 3D (Three.js) (:8084) — UP (0.01s)
[2026-07-23T11:36:25Z] [viz-checker] Vérification terminée
[2026-07-23T11:40:33Z] [viz-checker] Canal: dashboard:down | Source: hive_cycler
[2026-07-23T11:40:33Z] [viz-checker] Dashboard ciblé: tous
[2026-07-23T11:40:33Z] [viz-checker] Vérification des dashboards down...
[2026-07-23T11:40:33Z] [viz-checker] ✗ Monitoring (Chart.js) (:8081) — DOWN
[2026-07-23T11:40:33Z] [viz-checker] ✗ Wiki D3.js (:8082) — DOWN
[2026-07-23T11:40:33Z] [viz-checker] ✗ RAG Search (:8083) — DOWN
[2026-07-23T11:40:33Z] [viz-checker] ✓ Adam-Viz 3D (Three.js) (:8084) — UP (0.01s)
[2026-07-23T11:40:33Z] [viz-checker] Vérification terminée
[2026-07-23T11:40:39Z] [viz-checker] Canal: dashboard:down | Source: adam-doctor
[2026-07-23T11:40:39Z] [viz-checker] Dashboard ciblé: tous
[2026-07-23T11:40:39Z] [viz-checker] Vérification des dashboards down...
[2026-07-23T11:40:39Z] [viz-checker] ✗ Monitoring (Chart.js) (:8081) — DOWN
[2026-07-23T11:40:39Z] [viz-checker] ✗ Wiki D3.js (:8082) — DOWN
[2026-07-23T11:40:39Z] [viz-checker] ✗ RAG Search (:8083) — DOWN
[2026-07-23T11:40:39Z] [viz-checker] ✓ Adam-Viz 3D (Three.js) (:8084) — UP (0.01s)
[2026-07-23T11:40:39Z] [viz-checker] Vérification terminée
[2026-07-23T11:40:45Z] [viz-checker] Canal: dashboard:down | Source: adam-doctor
[2026-07-23T11:40:45Z] [viz-checker] Dashboard ciblé: tous
[2026-07-23T11:40:45Z] [viz-checker] Vérification des dashboards down...
[2026-07-23T11:40:45Z] [viz-checker] ✗ Monitoring (Chart.js) (:8081) — DOWN
[2026-07-23T11:40:45Z] [viz-checker] ✗ Wiki D3.js (:8082) — DOWN
[2026-07-23T11:40:45Z] [viz-checker] ✗ RAG Search (:8083) — DOWN
[2026-07-23T11:40:45Z] [viz-checker] Canal: dashboard:down | Source: adam-doctor
[2026-07-23T11:40:45Z] [viz-checker] Dashboard ciblé: tous
[2026-07-23T11:40:45Z] [viz-checker] Vérification des dashboards down...
[2026-07-23T11:40:45Z] [viz-checker] ✗ Monitoring (Chart.js) (:8081) — DOWN
[2026-07-23T11:40:45Z] [viz-checker] ✗ Wiki D3.js (:8082) — DOWN
[2026-07-23T11:40:45Z] [viz-checker] ✗ RAG Search (:8083) — DOWN
[2026-07-23T11:40:45Z] [viz-checker] ✓ Adam-Viz 3D (Three.js) (:8084) — UP (0.01s)
[2026-07-23T11:40:45Z] [viz-checker] Vérification terminée
[2026-07-23T11:40:45Z] [viz-checker] ✓ Adam-Viz 3D (Three.js) (:8084) — UP (0.01s)
[2026-07-23T11:40:45Z] [viz-checker] Vérification terminée
[2026-07-23T11:44:53Z] [viz-checker] Canal: dashboard:down | Source: hive_cycler
[2026-07-23T11:44:53Z] [viz-checker] Dashboard ciblé: tous
[2026-07-23T11:44:53Z] [viz-checker] Vérification des dashboards down...
[2026-07-23T11:44:53Z] [viz-checker] ✗ Monitoring (Chart.js) (:8081) — DOWN
[2026-07-23T11:44:53Z] [viz-checker] ✗ Wiki D3.js (:8082) — DOWN
[2026-07-23T11:44:53Z] [viz-checker] ✗ RAG Search (:8083) — DOWN
[2026-07-23T11:44:53Z] [viz-checker] ✓ Adam-Viz 3D (Three.js) (:8084) — UP (0.01s)
[2026-07-23T11:44:53Z] [viz-checker] Vérification terminée
[2026-07-23T11:45:01Z] [viz-checker] Canal: dashboard:down | Source: adam-doctor
[2026-07-23T11:45:01Z] [viz-checker] Dashboard ciblé: tous
[2026-07-23T11:45:01Z] [viz-checker] Vérification des dashboards down...
[2026-07-23T11:45:01Z] [viz-checker] ✗ Monitoring (Chart.js) (:8081) — DOWN
[2026-07-23T11:45:01Z] [viz-checker] ✗ Wiki D3.js (:8082) — DOWN
[2026-07-23T11:45:01Z] [viz-checker] ✗ RAG Search (:8083) — DOWN
[2026-07-23T11:45:01Z] [viz-checker] ✓ Adam-Viz 3D (Three.js) (:8084) — UP (0.01s)
[2026-07-23T11:45:01Z] [viz-checker] Vérification terminée
[2026-07-23T11:45:07Z] [viz-checker] Canal: dashboard:down | Source: adam-doctor
[2026-07-23T11:45:07Z] [viz-checker] Dashboard ciblé: tous
[2026-07-23T11:45:07Z] [viz-checker] Vérification des dashboards down...
[2026-07-23T11:45:07Z] [viz-checker] ✗ Monitoring (Chart.js) (:8081) — DOWN
[2026-07-23T11:45:07Z] [viz-checker] ✗ Wiki D3.js (:8082) — DOWN
[2026-07-23T11:45:07Z] [viz-checker] ✗ RAG Search (:8083) — DOWN
[2026-07-23T11:45:07Z] [viz-checker] Canal: dashboard:down | Source: adam-doctor
[2026-07-23T11:45:07Z] [viz-checker] Dashboard ciblé: tous
[2026-07-23T11:45:07Z] [viz-checker] Vérification des dashboards down...
[2026-07-23T11:45:07Z] [viz-checker] ✗ Monitoring (Chart.js) (:8081) — DOWN
[2026-07-23T11:45:07Z] [viz-checker] ✗ Wiki D3.js (:8082) — DOWN
[2026-07-23T11:45:07Z] [viz-checker] ✗ RAG Search (:8083) — DOWN
[2026-07-23T11:45:07Z] [viz-checker] ✓ Adam-Viz 3D (Three.js) (:8084) — UP (0.01s)
[2026-07-23T11:45:07Z] [viz-checker] Vérification terminée
[2026-07-23T11:45:07Z] [viz-checker] ✓ Adam-Viz 3D (Three.js) (:8084) — UP (0.01s)
[2026-07-23T11:45:07Z] [viz-checker] Vérification terminée
[2026-07-23T11:49:15Z] [viz-checker] Canal: dashboard:down | Source: hive_cycler
[2026-07-23T11:49:15Z] [viz-checker] Dashboard ciblé: tous
[2026-07-23T11:49:15Z] [viz-checker] Vérification des dashboards down...
[2026-07-23T11:49:15Z] [viz-checker] ✗ Monitoring (Chart.js) (:8081) — DOWN
[2026-07-23T11:49:15Z] [viz-checker] ✗ Wiki D3.js (:8082) — DOWN
[2026-07-23T11:49:15Z] [viz-checker] ✗ RAG Search (:8083) — DOWN
[2026-07-23T11:49:15Z] [viz-checker] ✓ Adam-Viz 3D (Three.js) (:8084) — UP (0.01s)
[2026-07-23T11:49:15Z] [viz-checker] Vérification terminée
[2026-07-23T11:49:21Z] [viz-checker] Canal: dashboard:down | Source: adam-doctor
[2026-07-23T11:49:21Z] [viz-checker] Dashboard ciblé: tous
[2026-07-23T11:49:21Z] [viz-checker] Vérification des dashboards down...
[2026-07-23T11:49:21Z] [viz-checker] ✗ Monitoring (Chart.js) (:8081) — DOWN
[2026-07-23T11:49:21Z] [viz-checker] ✗ Wiki D3.js (:8082) — DOWN
[2026-07-23T11:49:21Z] [viz-checker] ✗ RAG Search (:8083) — DOWN
[2026-07-23T11:49:21Z] [viz-checker] ✓ Adam-Viz 3D (Three.js) (:8084) — UP (0.01s)
[2026-07-23T11:49:21Z] [viz-checker] Vérification terminée
[2026-07-23T11:49:27Z] [viz-checker] Canal: dashboard:down | Source: adam-doctor
[2026-07-23T11:49:27Z] [viz-checker] Dashboard ciblé: tous
[2026-07-23T11:49:27Z] [viz-checker] Vérification des dashboards down...
[2026-07-23T11:49:27Z] [viz-checker] ✗ Monitoring (Chart.js) (:8081) — DOWN
[2026-07-23T11:49:27Z] [viz-checker] ✗ Wiki D3.js (:8082) — DOWN
[2026-07-23T11:49:27Z] [viz-checker] ✗ RAG Search (:8083) — DOWN
[2026-07-23T11:49:27Z] [viz-checker] Canal: dashboard:down | Source: adam-doctor
[2026-07-23T11:49:27Z] [viz-checker] Dashboard ciblé: tous
[2026-07-23T11:49:27Z] [viz-checker] Vérification des dashboards down...
[2026-07-23T11:49:27Z] [viz-checker] ✗ Monitoring (Chart.js) (:8081) — DOWN
[2026-07-23T11:49:27Z] [viz-checker] ✗ Wiki D3.js (:8082) — DOWN
[2026-07-23T11:49:27Z] [viz-checker] ✗ RAG Search (:8083) — DOWN
[2026-07-23T11:49:27Z] [viz-checker] ✓ Adam-Viz 3D (Three.js) (:8084) — UP (0.01s)
[2026-07-23T11:49:27Z] [viz-checker] Vérification terminée
[2026-07-23T11:49:27Z] [viz-checker] ✓ Adam-Viz 3D (Three.js) (:8084) — UP (0.01s)
[2026-07-23T11:49:27Z] [viz-checker] Vérification terminée
[2026-07-23T11:53:33Z] [viz-checker] Canal: dashboard:down | Source: hive_cycler
[2026-07-23T11:53:33Z] [viz-checker] Dashboard ciblé: tous
[2026-07-23T11:53:33Z] [viz-checker] Vérification des dashboards down...
[2026-07-23T11:53:33Z] [viz-checker] ✗ Monitoring (Chart.js) (:8081) — DOWN
[2026-07-23T11:53:33Z] [viz-checker] ✗ Wiki D3.js (:8082) — DOWN
[2026-07-23T11:53:33Z] [viz-checker] ✗ RAG Search (:8083) — DOWN
[2026-07-23T11:53:33Z] [viz-checker] ✓ Adam-Viz 3D (Three.js) (:8084) — UP (0.01s)
[2026-07-23T11:53:33Z] [viz-checker] Vérification terminée
[2026-07-23T11:53:47Z] [viz-checker] Canal: dashboard:down | Source: adam-doctor
[2026-07-23T11:53:47Z] [viz-checker] Dashboard ciblé: tous
[2026-07-23T11:53:47Z] [viz-checker] Vérification des dashboards down...
[2026-07-23T11:53:47Z] [viz-checker] ✗ Monitoring (Chart.js) (:8081) — DOWN
[2026-07-23T11:53:47Z] [viz-checker] ✗ Wiki D3.js (:8082) — DOWN
[2026-07-23T11:53:47Z] [viz-checker] ✗ RAG Search (:8083) — DOWN
[2026-07-23T11:53:47Z] [viz-checker] Canal: dashboard:down | Source: adam-doctor
[2026-07-23T11:53:47Z] [viz-checker] Dashboard ciblé: tous
[2026-07-23T11:53:47Z] [viz-checker] Vérification des dashboards down...
[2026-07-23T11:53:47Z] [viz-checker] ✗ Monitoring (Chart.js) (:8081) — DOWN
[2026-07-23T11:53:47Z] [viz-checker] ✗ Wiki D3.js (:8082) — DOWN
[2026-07-23T11:53:47Z] [viz-checker] ✗ RAG Search (:8083) — DOWN
[2026-07-23T11:53:47Z] [viz-checker] Canal: dashboard:down | Source: adam-doctor
[2026-07-23T11:53:47Z] [viz-checker] Dashboard ciblé: tous
[2026-07-23T11:53:47Z] [viz-checker] Vérification des dashboards down...
[2026-07-23T11:53:47Z] [viz-checker] ✗ Monitoring (Chart.js) (:8081) — DOWN
[2026-07-23T11:53:47Z] [viz-checker] ✗ Wiki D3.js (:8082) — DOWN
[2026-07-23T11:53:47Z] [viz-checker] ✗ RAG Search (:8083) — DOWN
[2026-07-23T11:53:47Z] [viz-checker] ✓ Adam-Viz 3D (Three.js) (:8084) — UP (0.01s)
[2026-07-23T11:53:47Z] [viz-checker] Vérification terminée
[2026-07-23T11:53:47Z] [viz-checker] ✓ Adam-Viz 3D (Three.js) (:8084) — UP (0.01s)
[2026-07-23T11:53:47Z] [viz-checker] Vérification terminée
[2026-07-23T11:53:47Z] [viz-checker] ✓ Adam-Viz 3D (Three.js) (:8084) — UP (0.01s)
[2026-07-23T11:53:47Z] [viz-checker] Vérification terminée
[2026-07-23T11:57:57Z] [viz-checker] Canal: dashboard:down | Source: hive_cycler
[2026-07-23T11:57:57Z] [viz-checker] Dashboard ciblé: tous
[2026-07-23T11:57:57Z] [viz-checker] Vérification des dashboards down...
[2026-07-23T11:57:57Z] [viz-checker] ✗ Monitoring (Chart.js) (:8081) — DOWN
[2026-07-23T11:57:57Z] [viz-checker] ✗ Wiki D3.js (:8082) — DOWN
[2026-07-23T11:57:57Z] [viz-checker] ✗ RAG Search (:8083) — DOWN
[2026-07-23T11:57:57Z] [viz-checker] ✓ Adam-Viz 3D (Three.js) (:8084) — UP (0.01s)
[2026-07-23T11:57:57Z] [viz-checker] Vérification terminée
[2026-07-23T11:58:03Z] [viz-checker] Canal: dashboard:down | Source: adam-doctor
[2026-07-23T11:58:03Z] [viz-checker] Dashboard ciblé: tous
[2026-07-23T11:58:03Z] [viz-checker] Vérification des dashboards down...
[2026-07-23T11:58:03Z] [viz-checker] ✗ Monitoring (Chart.js) (:8081) — DOWN
[2026-07-23T11:58:03Z] [viz-checker] ✗ Wiki D3.js (:8082) — DOWN
[2026-07-23T11:58:03Z] [viz-checker] ✗ RAG Search (:8083) — DOWN
[2026-07-23T11:58:03Z] [viz-checker] ✓ Adam-Viz 3D (Three.js) (:8084) — UP (0.01s)
[2026-07-23T11:58:03Z] [viz-checker] Vérification terminée
[2026-07-23T11:58:11Z] [viz-checker] Canal: dashboard:down | Source: adam-doctor
[2026-07-23T11:58:11Z] [viz-checker] Dashboard ciblé: tous
[2026-07-23T11:58:11Z] [viz-checker] Vérification des dashboards down...
[2026-07-23T11:58:11Z] [viz-checker] ✗ Monitoring (Chart.js) (:8081) — DOWN
[2026-07-23T11:58:11Z] [viz-checker] ✗ Wiki D3.js (:8082) — DOWN
[2026-07-23T11:58:11Z] [viz-checker] ✗ RAG Search (:8083) — DOWN
[2026-07-23T11:58:11Z] [viz-checker] Canal: dashboard:down | Source: adam-doctor
[2026-07-23T11:58:11Z] [viz-checker] Dashboard ciblé: tous
[2026-07-23T11:58:11Z] [viz-checker] Vérification des dashboards down...
[2026-07-23T11:58:11Z] [viz-checker] ✗ Monitoring (Chart.js) (:8081) — DOWN
[2026-07-23T11:58:11Z] [viz-checker] ✗ Wiki D3.js (:8082) — DOWN
[2026-07-23T11:58:11Z] [viz-checker] ✗ RAG Search (:8083) — DOWN
[2026-07-23T11:58:11Z] [viz-checker] ✓ Adam-Viz 3D (Three.js) (:8084) — UP (0.01s)
[2026-07-23T11:58:11Z] [viz-checker] Vérification terminée
[2026-07-23T11:58:11Z] [viz-checker] ✓ Adam-Viz 3D (Three.js) (:8084) — UP (0.01s)
[2026-07-23T11:58:11Z] [viz-checker] Vérification terminée
[2026-07-23T12:02:15Z] [viz-checker] Canal: dashboard:down | Source: hive_cycler
[2026-07-23T12:02:15Z] [viz-checker] Dashboard ciblé: tous
[2026-07-23T12:02:15Z] [viz-checker] Vérification des dashboards down...
[2026-07-23T12:02:15Z] [viz-checker] ✗ Monitoring (Chart.js) (:8081) — DOWN
[2026-07-23T12:02:15Z] [viz-checker] ✗ Wiki D3.js (:8082) — DOWN
[2026-07-23T12:02:15Z] [viz-checker] ✗ RAG Search (:8083) — DOWN
[2026-07-23T12:02:15Z] [viz-checker] ✓ Adam-Viz 3D (Three.js) (:8084) — UP (0.01s)
[2026-07-23T12:02:15Z] [viz-checker] Vérification terminée
[2026-07-23T12:02:29Z] [viz-checker] Canal: dashboard:down | Source: adam-doctor
[2026-07-23T12:02:29Z] [viz-checker] Dashboard ciblé: tous
[2026-07-23T12:02:29Z] [viz-checker] Vérification des dashboards down...
[2026-07-23T12:02:29Z] [viz-checker] ✗ Monitoring (Chart.js) (:8081) — DOWN
[2026-07-23T12:02:29Z] [viz-checker] ✗ Wiki D3.js (:8082) — DOWN
[2026-07-23T12:02:29Z] [viz-checker] ✗ RAG Search (:8083) — DOWN
[2026-07-23T12:02:29Z] [viz-checker] Canal: dashboard:down | Source: adam-doctor
[2026-07-23T12:02:29Z] [viz-checker] Dashboard ciblé: tous
[2026-07-23T12:02:29Z] [viz-checker] Vérification des dashboards down...
[2026-07-23T12:02:29Z] [viz-checker] ✗ Monitoring (Chart.js) (:8081) — DOWN
[2026-07-23T12:02:29Z] [viz-checker] ✗ Wiki D3.js (:8082) — DOWN
[2026-07-23T12:02:29Z] [viz-checker] ✗ RAG Search (:8083) — DOWN
[2026-07-23T12:02:29Z] [viz-checker] Canal: dashboard:down | Source: adam-doctor
[2026-07-23T12:02:29Z] [viz-checker] Dashboard ciblé: tous
[2026-07-23T12:02:29Z] [viz-checker] Vérification des dashboards down...
[2026-07-23T12:02:29Z] [viz-checker] ✗ Monitoring (Chart.js) (:8081) — DOWN
[2026-07-23T12:02:29Z] [viz-checker] ✗ Wiki D3.js (:8082) — DOWN
[2026-07-23T12:02:29Z] [viz-checker] ✗ RAG Search (:8083) — DOWN
[2026-07-23T12:02:29Z] [viz-checker] ✓ Adam-Viz 3D (Three.js) (:8084) — UP (0.01s)
[2026-07-23T12:02:29Z] [viz-checker] Vérification terminée
[2026-07-23T12:02:29Z] [viz-checker] ✓ Adam-Viz 3D (Three.js) (:8084) — UP (0.01s)
[2026-07-23T12:02:29Z] [viz-checker] Vérification terminée
[2026-07-23T12:02:29Z] [viz-checker] ✓ Adam-Viz 3D (Three.js) (:8084) — UP (0.01s)
[2026-07-23T12:02:29Z] [viz-checker] Vérification terminée
[2026-07-23T12:06:39Z] [viz-checker] Canal: dashboard:down | Source: hive_cycler
[2026-07-23T12:06:39Z] [viz-checker] Dashboard ciblé: tous
[2026-07-23T12:06:39Z] [viz-checker] Vérification des dashboards down...
[2026-07-23T12:06:39Z] [viz-checker] ✗ Monitoring (Chart.js) (:8081) — DOWN
[2026-07-23T12:06:39Z] [viz-checker] ✗ Wiki D3.js (:8082) — DOWN
[2026-07-23T12:06:39Z] [viz-checker] ✗ RAG Search (:8083) — DOWN
[2026-07-23T12:06:39Z] [viz-checker] ✓ Adam-Viz 3D (Three.js) (:8084) — UP (0.01s)
[2026-07-23T12:06:39Z] [viz-checker] Vérification terminée
[2026-07-23T12:06:45Z] [viz-checker] Canal: dashboard:down | Source: adam-doctor
[2026-07-23T12:06:45Z] [viz-checker] Dashboard ciblé: tous
[2026-07-23T12:06:45Z] [viz-checker] Vérification des dashboards down...
[2026-07-23T12:06:45Z] [viz-checker] ✗ Monitoring (Chart.js) (:8081) — DOWN
[2026-07-23T12:06:45Z] [viz-checker] ✗ Wiki D3.js (:8082) — DOWN
[2026-07-23T12:06:45Z] [viz-checker] ✗ RAG Search (:8083) — DOWN
[2026-07-23T12:06:45Z] [viz-checker] ✓ Adam-Viz 3D (Three.js) (:8084) — UP (0.01s)
[2026-07-23T12:06:45Z] [viz-checker] Vérification terminée
[2026-07-23T12:06:53Z] [viz-checker] Canal: dashboard:down | Source: adam-doctor
[2026-07-23T12:06:53Z] [viz-checker] Dashboard ciblé: tous
[2026-07-23T12:06:53Z] [viz-checker] Vérification des dashboards down...
[2026-07-23T12:06:53Z] [viz-checker] ✗ Monitoring (Chart.js) (:8081) — DOWN
[2026-07-23T12:06:53Z] [viz-checker] ✗ Wiki D3.js (:8082) — DOWN
[2026-07-23T12:06:53Z] [viz-checker] ✗ RAG Search (:8083) — DOWN
[2026-07-23T12:06:53Z] [viz-checker] Canal: dashboard:down | Source: adam-doctor
[2026-07-23T12:06:53Z] [viz-checker] Dashboard ciblé: tous
[2026-07-23T12:06:53Z] [viz-checker] Vérification des dashboards down...
[2026-07-23T12:06:53Z] [viz-checker] ✗ Monitoring (Chart.js) (:8081) — DOWN
[2026-07-23T12:06:53Z] [viz-checker] ✗ Wiki D3.js (:8082) — DOWN
[2026-07-23T12:06:53Z] [viz-checker] ✗ RAG Search (:8083) — DOWN
[2026-07-23T12:06:53Z] [viz-checker] ✓ Adam-Viz 3D (Three.js) (:8084) — UP (0.01s)
[2026-07-23T12:06:53Z] [viz-checker] Vérification terminée
[2026-07-23T12:06:53Z] [viz-checker] ✓ Adam-Viz 3D (Three.js) (:8084) — UP (0.01s)
[2026-07-23T12:06:53Z] [viz-checker] Vérification terminée
[2026-07-23T12:10:57Z] [viz-checker] Canal: dashboard:down | Source: hive_cycler
[2026-07-23T12:10:57Z] [viz-checker] Dashboard ciblé: tous
[2026-07-23T12:10:57Z] [viz-checker] Vérification des dashboards down...
[2026-07-23T12:10:57Z] [viz-checker] ✗ Monitoring (Chart.js) (:8081) — DOWN
[2026-07-23T12:10:57Z] [viz-checker] ✗ Wiki D3.js (:8082) — DOWN
[2026-07-23T12:10:57Z] [viz-checker] ✗ RAG Search (:8083) — DOWN
[2026-07-23T12:10:57Z] [viz-checker] ✓ Adam-Viz 3D (Three.js) (:8084) — UP (0.01s)
[2026-07-23T12:10:57Z] [viz-checker] Vérification terminée
[2026-07-23T12:11:11Z] [viz-checker] Canal: dashboard:down | Source: adam-doctor
[2026-07-23T12:11:11Z] [viz-checker] Dashboard ciblé: tous
[2026-07-23T12:11:11Z] [viz-checker] Vérification des dashboards down...
[2026-07-23T12:11:11Z] [viz-checker] ✗ Monitoring (Chart.js) (:8081) — DOWN
[2026-07-23T12:11:11Z] [viz-checker] ✗ Wiki D3.js (:8082) — DOWN
[2026-07-23T12:11:11Z] [viz-checker] ✗ RAG Search (:8083) — DOWN
[2026-07-23T12:11:11Z] [viz-checker] Canal: dashboard:down | Source: adam-doctor
[2026-07-23T12:11:11Z] [viz-checker] Dashboard ciblé: tous
[2026-07-23T12:11:11Z] [viz-checker] Vérification des dashboards down...
[2026-07-23T12:11:11Z] [viz-checker] Canal: dashboard:down | Source: adam-doctor
[2026-07-23T12:11:11Z] [viz-checker] Dashboard ciblé: tous
[2026-07-23T12:11:11Z] [viz-checker] Vérification des dashboards down...
[2026-07-23T12:11:11Z] [viz-checker] ✗ Monitoring (Chart.js) (:8081) — DOWN
[2026-07-23T12:11:11Z] [viz-checker] ✗ Monitoring (Chart.js) (:8081) — DOWN
[2026-07-23T12:11:11Z] [viz-checker] ✗ Wiki D3.js (:8082) — DOWN
[2026-07-23T12:11:11Z] [viz-checker] ✗ RAG Search (:8083) — DOWN
[2026-07-23T12:11:11Z] [viz-checker] ✗ Wiki D3.js (:8082) — DOWN
[2026-07-23T12:11:11Z] [viz-checker] ✗ RAG Search (:8083) — DOWN
[2026-07-23T12:11:11Z] [viz-checker] ✓ Adam-Viz 3D (Three.js) (:8084) — UP (0.01s)
[2026-07-23T12:11:11Z] [viz-checker] Vérification terminée
[2026-07-23T12:11:11Z] [viz-checker] ✓ Adam-Viz 3D (Three.js) (:8084) — UP (0.01s)
[2026-07-23T12:11:11Z] [viz-checker] Vérification terminée
[2026-07-23T12:11:11Z] [viz-checker] ✓ Adam-Viz 3D (Three.js) (:8084) — UP (0.01s)
[2026-07-23T12:11:11Z] [viz-checker] Vérification terminée
[2026-07-23T12:15:21Z] [viz-checker] Canal: dashboard:down | Source: hive_cycler
[2026-07-23T12:15:21Z] [viz-checker] Dashboard ciblé: tous
[2026-07-23T12:15:21Z] [viz-checker] Vérification des dashboards down...
[2026-07-23T12:15:21Z] [viz-checker] ✗ Monitoring (Chart.js) (:8081) — DOWN
[2026-07-23T12:15:21Z] [viz-checker] ✗ Wiki D3.js (:8082) — DOWN
[2026-07-23T12:15:21Z] [viz-checker] ✗ RAG Search (:8083) — DOWN
[2026-07-23T12:15:21Z] [viz-checker] ✓ Adam-Viz 3D (Three.js) (:8084) — UP (0.01s)
[2026-07-23T12:15:21Z] [viz-checker] Vérification terminée
[2026-07-23T12:15:27Z] [viz-checker] Canal: dashboard:down | Source: adam-doctor
[2026-07-23T12:15:27Z] [viz-checker] Dashboard ciblé: tous
[2026-07-23T12:15:27Z] [viz-checker] Vérification des dashboards down...
[2026-07-23T12:15:27Z] [viz-checker] ✗ Monitoring (Chart.js) (:8081) — DOWN
[2026-07-23T12:15:27Z] [viz-checker] ✗ Wiki D3.js (:8082) — DOWN
[2026-07-23T12:15:27Z] [viz-checker] ✗ RAG Search (:8083) — DOWN
[2026-07-23T12:15:27Z] [viz-checker] ✓ Adam-Viz 3D (Three.js) (:8084) — UP (0.01s)
[2026-07-23T12:15:27Z] [viz-checker] Vérification terminée
[2026-07-23T12:15:35Z] [viz-checker] Canal: dashboard:down | Source: adam-doctor
[2026-07-23T12:15:35Z] [viz-checker] Dashboard ciblé: tous
[2026-07-23T12:15:35Z] [viz-checker] Vérification des dashboards down...
[2026-07-23T12:15:35Z] [viz-checker] ✗ Monitoring (Chart.js) (:8081) — DOWN
[2026-07-23T12:15:35Z] [viz-checker] ✗ Wiki D3.js (:8082) — DOWN
[2026-07-23T12:15:35Z] [viz-checker] ✗ RAG Search (:8083) — DOWN
[2026-07-23T12:15:35Z] [viz-checker] Canal: dashboard:down | Source: adam-doctor
[2026-07-23T12:15:35Z] [viz-checker] Dashboard ciblé: tous
[2026-07-23T12:15:35Z] [viz-checker] Vérification des dashboards down...
[2026-07-23T12:15:35Z] [viz-checker] ✗ Monitoring (Chart.js) (:8081) — DOWN
[2026-07-23T12:15:35Z] [viz-checker] ✗ Wiki D3.js (:8082) — DOWN
[2026-07-23T12:15:35Z] [viz-checker] ✗ RAG Search (:8083) — DOWN
[2026-07-23T12:15:35Z] [viz-checker] ✓ Adam-Viz 3D (Three.js) (:8084) — UP (0.01s)
[2026-07-23T12:15:35Z] [viz-checker] Vérification terminée
[2026-07-23T12:15:35Z] [viz-checker] ✓ Adam-Viz 3D (Three.js) (:8084) — UP (0.01s)
[2026-07-23T12:15:35Z] [viz-checker] Vérification terminée
[2026-07-23T12:19:44Z] [viz-checker] Canal: dashboard:down | Source: hive_cycler
[2026-07-23T12:19:44Z] [viz-checker] Dashboard ciblé: tous
[2026-07-23T12:19:44Z] [viz-checker] Vérification des dashboards down...
[2026-07-23T12:19:44Z] [viz-checker] ✗ Monitoring (Chart.js) (:8081) — DOWN
[2026-07-23T12:19:44Z] [viz-checker] ✗ Wiki D3.js (:8082) — DOWN
[2026-07-23T12:19:44Z] [viz-checker] ✗ RAG Search (:8083) — DOWN
[2026-07-23T12:19:44Z] [viz-checker] ✓ Adam-Viz 3D (Three.js) (:8084) — UP (0.01s)
[2026-07-23T12:19:44Z] [viz-checker] Vérification terminée
[2026-07-23T12:19:50Z] [viz-checker] Canal: dashboard:down | Source: adam-doctor
[2026-07-23T12:19:50Z] [viz-checker] Dashboard ciblé: tous
[2026-07-23T12:19:50Z] [viz-checker] Vérification des dashboards down...
[2026-07-23T12:19:50Z] [viz-checker] ✗ Monitoring (Chart.js) (:8081) — DOWN
[2026-07-23T12:19:50Z] [viz-checker] ✗ Wiki D3.js (:8082) — DOWN
[2026-07-23T12:19:50Z] [viz-checker] ✗ RAG Search (:8083) — DOWN
[2026-07-23T12:19:50Z] [viz-checker] ✓ Adam-Viz 3D (Three.js) (:8084) — UP (0.01s)
[2026-07-23T12:19:50Z] [viz-checker] Vérification terminée
[2026-07-23T12:19:56Z] [viz-checker] Canal: dashboard:down | Source: adam-doctor
[2026-07-23T12:19:56Z] [viz-checker] Dashboard ciblé: tous
[2026-07-23T12:19:56Z] [viz-checker] Vérification des dashboards down...
[2026-07-23T12:19:56Z] [viz-checker] ✗ Monitoring (Chart.js) (:8081) — DOWN
[2026-07-23T12:19:56Z] [viz-checker] ✗ Wiki D3.js (:8082) — DOWN
[2026-07-23T12:19:56Z] [viz-checker] ✗ RAG Search (:8083) — DOWN
[2026-07-23T12:19:56Z] [viz-checker] Canal: dashboard:down | Source: adam-doctor
[2026-07-23T12:19:56Z] [viz-checker] Dashboard ciblé: tous
[2026-07-23T12:19:56Z] [viz-checker] Vérification des dashboards down...
[2026-07-23T12:19:56Z] [viz-checker] ✗ Monitoring (Chart.js) (:8081) — DOWN
[2026-07-23T12:19:56Z] [viz-checker] ✗ Wiki D3.js (:8082) — DOWN
[2026-07-23T12:19:56Z] [viz-checker] ✗ RAG Search (:8083) — DOWN
[2026-07-23T12:19:56Z] [viz-checker] ✓ Adam-Viz 3D (Three.js) (:8084) — UP (0.01s)
[2026-07-23T12:19:56Z] [viz-checker] Vérification terminée
[2026-07-23T12:19:56Z] [viz-checker] ✓ Adam-Viz 3D (Three.js) (:8084) — UP (0.01s)
[2026-07-23T12:19:56Z] [viz-checker] Vérification terminée
[2026-07-23T12:24:04Z] [viz-checker] Canal: dashboard:down | Source: hive_cycler
[2026-07-23T12:24:04Z] [viz-checker] Dashboard ciblé: tous
[2026-07-23T12:24:04Z] [viz-checker] Vérification des dashboards down...
[2026-07-23T12:24:04Z] [viz-checker] ✗ Monitoring (Chart.js) (:8081) — DOWN
[2026-07-23T12:24:04Z] [viz-checker] ✗ Wiki D3.js (:8082) — DOWN
[2026-07-23T12:24:04Z] [viz-checker] ✗ RAG Search (:8083) — DOWN
[2026-07-23T12:24:04Z] [viz-checker] ✓ Adam-Viz 3D (Three.js) (:8084) — UP (0.01s)
[2026-07-23T12:24:04Z] [viz-checker] Vérification terminée
[2026-07-23T12:24:12Z] [viz-checker] Canal: dashboard:down | Source: adam-doctor
[2026-07-23T12:24:12Z] [viz-checker] Dashboard ciblé: tous
[2026-07-23T12:24:12Z] [viz-checker] Vérification des dashboards down...
[2026-07-23T12:24:12Z] [viz-checker] ✗ Monitoring (Chart.js) (:8081) — DOWN
[2026-07-23T12:24:12Z] [viz-checker] ✗ Wiki D3.js (:8082) — DOWN
[2026-07-23T12:24:12Z] [viz-checker] ✗ RAG Search (:8083) — DOWN
[2026-07-23T12:24:12Z] [viz-checker] ✓ Adam-Viz 3D (Three.js) (:8084) — UP (0.01s)
[2026-07-23T12:24:12Z] [viz-checker] Vérification terminée
[2026-07-23T12:24:18Z] [viz-checker] Canal: dashboard:down | Source: adam-doctor
[2026-07-23T12:24:18Z] [viz-checker] Dashboard ciblé: tous
[2026-07-23T12:24:18Z] [viz-checker] Vérification des dashboards down...
[2026-07-23T12:24:18Z] [viz-checker] ✗ Monitoring (Chart.js) (:8081) — DOWN
[2026-07-23T12:24:18Z] [viz-checker] ✗ Wiki D3.js (:8082) — DOWN
[2026-07-23T12:24:18Z] [viz-checker] ✗ RAG Search (:8083) — DOWN
[2026-07-23T12:24:18Z] [viz-checker] Canal: dashboard:down | Source: adam-doctor
[2026-07-23T12:24:18Z] [viz-checker] Dashboard ciblé: tous
[2026-07-23T12:24:18Z] [viz-checker] Vérification des dashboards down...
[2026-07-23T12:24:18Z] [viz-checker] ✗ Monitoring (Chart.js) (:8081) — DOWN
[2026-07-23T12:24:18Z] [viz-checker] ✗ Wiki D3.js (:8082) — DOWN
[2026-07-23T12:24:18Z] [viz-checker] ✗ RAG Search (:8083) — DOWN
[2026-07-23T12:24:18Z] [viz-checker] ✓ Adam-Viz 3D (Three.js) (:8084) — UP (0.01s)
[2026-07-23T12:24:18Z] [viz-checker] Vérification terminée
[2026-07-23T12:24:18Z] [viz-checker] ✓ Adam-Viz 3D (Three.js) (:8084) — UP (0.01s)
[2026-07-23T12:24:18Z] [viz-checker] Vérification terminée
[2026-07-23T12:28:26Z] [viz-checker] Canal: dashboard:down | Source: hive_cycler
[2026-07-23T12:28:26Z] [viz-checker] Dashboard ciblé: tous
[2026-07-23T12:28:26Z] [viz-checker] Vérification des dashboards down...
[2026-07-23T12:28:26Z] [viz-checker] ✗ Monitoring (Chart.js) (:8081) — DOWN
[2026-07-23T12:28:26Z] [viz-checker] ✗ Wiki D3.js (:8082) — DOWN
[2026-07-23T12:28:26Z] [viz-checker] ✗ RAG Search (:8083) — DOWN
[2026-07-23T12:28:26Z] [viz-checker] ✓ Adam-Viz 3D (Three.js) (:8084) — UP (0.01s)
[2026-07-23T12:28:26Z] [viz-checker] Vérification terminée
[2026-07-23T12:28:32Z] [viz-checker] Canal: dashboard:down | Source: adam-doctor
[2026-07-23T12:28:32Z] [viz-checker] Dashboard ciblé: tous
[2026-07-23T12:28:32Z] [viz-checker] Vérification des dashboards down...
[2026-07-23T12:28:32Z] [viz-checker] ✗ Monitoring (Chart.js) (:8081) — DOWN
[2026-07-23T12:28:32Z] [viz-checker] ✗ Wiki D3.js (:8082) — DOWN
[2026-07-23T12:28:32Z] [viz-checker] ✗ RAG Search (:8083) — DOWN
[2026-07-23T12:28:32Z] [viz-checker] ✓ Adam-Viz 3D (Three.js) (:8084) — UP (0.01s)
[2026-07-23T12:28:32Z] [viz-checker] Vérification terminée
[2026-07-23T12:28:38Z] [viz-checker] Canal: dashboard:down | Source: adam-doctor
[2026-07-23T12:28:38Z] [viz-checker] Dashboard ciblé: tous
[2026-07-23T12:28:38Z] [viz-checker] Vérification des dashboards down...
[2026-07-23T12:28:38Z] [viz-checker] ✗ Monitoring (Chart.js) (:8081) — DOWN
[2026-07-23T12:28:38Z] [viz-checker] ✗ Wiki D3.js (:8082) — DOWN
[2026-07-23T12:28:38Z] [viz-checker] ✗ RAG Search (:8083) — DOWN
[2026-07-23T12:28:38Z] [viz-checker] Canal: dashboard:down | Source: adam-doctor
[2026-07-23T12:28:38Z] [viz-checker] Dashboard ciblé: tous
[2026-07-23T12:28:38Z] [viz-checker] Vérification des dashboards down...
[2026-07-23T12:28:38Z] [viz-checker] ✗ Monitoring (Chart.js) (:8081) — DOWN
[2026-07-23T12:28:38Z] [viz-checker] ✗ Wiki D3.js (:8082) — DOWN
[2026-07-23T12:28:38Z] [viz-checker] ✗ RAG Search (:8083) — DOWN
[2026-07-23T12:28:38Z] [viz-checker] ✓ Adam-Viz 3D (Three.js) (:8084) — UP (0.01s)
[2026-07-23T12:28:38Z] [viz-checker] Vérification terminée
[2026-07-23T12:28:38Z] [viz-checker] ✓ Adam-Viz 3D (Three.js) (:8084) — UP (0.01s)
[2026-07-23T12:28:38Z] [viz-checker] Vérification terminée
[2026-07-23T12:32:46Z] [viz-checker] Canal: dashboard:down | Source: hive_cycler
[2026-07-23T12:32:46Z] [viz-checker] Dashboard ciblé: tous
[2026-07-23T12:32:46Z] [viz-checker] Vérification des dashboards down...
[2026-07-23T12:32:46Z] [viz-checker] ✗ Monitoring (Chart.js) (:8081) — DOWN
[2026-07-23T12:32:46Z] [viz-checker] ✗ Wiki D3.js (:8082) — DOWN
[2026-07-23T12:32:46Z] [viz-checker] ✗ RAG Search (:8083) — DOWN
[2026-07-23T12:32:46Z] [viz-checker] ✓ Adam-Viz 3D (Three.js) (:8084) — UP (0.01s)
[2026-07-23T12:32:46Z] [viz-checker] Vérification terminée
[2026-07-23T12:32:54Z] [viz-checker] Canal: dashboard:down | Source: adam-doctor
[2026-07-23T12:32:54Z] [viz-checker] Dashboard ciblé: tous
[2026-07-23T12:32:54Z] [viz-checker] Vérification des dashboards down...
[2026-07-23T12:32:54Z] [viz-checker] ✗ Monitoring (Chart.js) (:8081) — DOWN
[2026-07-23T12:32:54Z] [viz-checker] ✗ Wiki D3.js (:8082) — DOWN
[2026-07-23T12:32:54Z] [viz-checker] ✗ RAG Search (:8083) — DOWN
[2026-07-23T12:32:54Z] [viz-checker] ✓ Adam-Viz 3D (Three.js) (:8084) — UP (0.01s)
[2026-07-23T12:32:54Z] [viz-checker] Vérification terminée
[2026-07-23T12:33:00Z] [viz-checker] Canal: dashboard:down | Source: adam-doctor
[2026-07-23T12:33:00Z] [viz-checker] Dashboard ciblé: tous
[2026-07-23T12:33:00Z] [viz-checker] Vérification des dashboards down...
[2026-07-23T12:33:00Z] [viz-checker] ✗ Monitoring (Chart.js) (:8081) — DOWN
[2026-07-23T12:33:00Z] [viz-checker] ✗ Wiki D3.js (:8082) — DOWN
[2026-07-23T12:33:00Z] [viz-checker] ✗ RAG Search (:8083) — DOWN
[2026-07-23T12:33:00Z] [viz-checker] Canal: dashboard:down | Source: adam-doctor
[2026-07-23T12:33:00Z] [viz-checker] Dashboard ciblé: tous
[2026-07-23T12:33:00Z] [viz-checker] Vérification des dashboards down...
[2026-07-23T12:33:00Z] [viz-checker] ✗ Monitoring (Chart.js) (:8081) — DOWN
[2026-07-23T12:33:00Z] [viz-checker] ✗ Wiki D3.js (:8082) — DOWN
[2026-07-23T12:33:00Z] [viz-checker] ✗ RAG Search (:8083) — DOWN
[2026-07-23T12:33:00Z] [viz-checker] ✓ Adam-Viz 3D (Three.js) (:8084) — UP (0.01s)
[2026-07-23T12:33:00Z] [viz-checker] Vérification terminée
[2026-07-23T12:33:00Z] [viz-checker] ✓ Adam-Viz 3D (Three.js) (:8084) — UP (0.01s)
[2026-07-23T12:33:00Z] [viz-checker] Vérification terminée
[2026-07-23T12:37:08Z] [viz-checker] Canal: dashboard:down | Source: hive_cycler
[2026-07-23T12:37:08Z] [viz-checker] Dashboard ciblé: tous
[2026-07-23T12:37:08Z] [viz-checker] Vérification des dashboards down...
[2026-07-23T12:37:08Z] [viz-checker] ✗ Monitoring (Chart.js) (:8081) — DOWN
[2026-07-23T12:37:08Z] [viz-checker] ✗ Wiki D3.js (:8082) — DOWN
[2026-07-23T12:37:08Z] [viz-checker] ✗ RAG Search (:8083) — DOWN
[2026-07-23T12:37:08Z] [viz-checker] ✓ Adam-Viz 3D (Three.js) (:8084) — UP (0.01s)
[2026-07-23T12:37:08Z] [viz-checker] Vérification terminée
[2026-07-23T12:37:14Z] [viz-checker] Canal: dashboard:down | Source: adam-doctor
[2026-07-23T12:37:14Z] [viz-checker] Dashboard ciblé: tous
[2026-07-23T12:37:14Z] [viz-checker] Vérification des dashboards down...
[2026-07-23T12:37:14Z] [viz-checker] ✗ Monitoring (Chart.js) (:8081) — DOWN
[2026-07-23T12:37:14Z] [viz-checker] ✗ Wiki D3.js (:8082) — DOWN
[2026-07-23T12:37:14Z] [viz-checker] ✗ RAG Search (:8083) — DOWN
[2026-07-23T12:37:14Z] [viz-checker] ✓ Adam-Viz 3D (Three.js) (:8084) — UP (0.01s)
[2026-07-23T12:37:14Z] [viz-checker] Vérification terminée
[2026-07-23T12:37:22Z] [viz-checker] Canal: dashboard:down | Source: adam-doctor
[2026-07-23T12:37:22Z] [viz-checker] Dashboard ciblé: tous
[2026-07-23T12:37:22Z] [viz-checker] Vérification des dashboards down...
[2026-07-23T12:37:22Z] [viz-checker] ✗ Monitoring (Chart.js) (:8081) — DOWN
[2026-07-23T12:37:22Z] [viz-checker] ✗ Wiki D3.js (:8082) — DOWN
[2026-07-23T12:37:22Z] [viz-checker] ✗ RAG Search (:8083) — DOWN
[2026-07-23T12:37:22Z] [viz-checker] Canal: dashboard:down | Source: adam-doctor
[2026-07-23T12:37:22Z] [viz-checker] Dashboard ciblé: tous
[2026-07-23T12:37:22Z] [viz-checker] Vérification des dashboards down...
[2026-07-23T12:37:22Z] [viz-checker] ✗ Monitoring (Chart.js) (:8081) — DOWN
[2026-07-23T12:37:22Z] [viz-checker] ✗ Wiki D3.js (:8082) — DOWN
[2026-07-23T12:37:22Z] [viz-checker] ✗ RAG Search (:8083) — DOWN
[2026-07-23T12:37:22Z] [viz-checker] ✓ Adam-Viz 3D (Three.js) (:8084) — UP (0.01s)
[2026-07-23T12:37:22Z] [viz-checker] Vérification terminée
[2026-07-23T12:37:22Z] [viz-checker] ✓ Adam-Viz 3D (Three.js) (:8084) — UP (0.01s)
[2026-07-23T12:37:22Z] [viz-checker] Vérification terminée
[2026-07-23T12:41:26Z] [viz-checker] Canal: dashboard:down | Source: hive_cycler
[2026-07-23T12:41:26Z] [viz-checker] Dashboard ciblé: tous
[2026-07-23T12:41:26Z] [viz-checker] Vérification des dashboards down...
[2026-07-23T12:41:26Z] [viz-checker] ✗ Monitoring (Chart.js) (:8081) — DOWN
[2026-07-23T12:41:26Z] [viz-checker] ✗ Wiki D3.js (:8082) — DOWN
[2026-07-23T12:41:26Z] [viz-checker] ✗ RAG Search (:8083) — DOWN
[2026-07-23T12:41:26Z] [viz-checker] ✓ Adam-Viz 3D (Three.js) (:8084) — UP (0.01s)
[2026-07-23T12:41:26Z] [viz-checker] Vérification terminée
[2026-07-23T12:41:40Z] [viz-checker] Canal: dashboard:down | Source: adam-doctor
[2026-07-23T12:41:40Z] [viz-checker] Dashboard ciblé: tous
[2026-07-23T12:41:40Z] [viz-checker] Vérification des dashboards down...
[2026-07-23T12:41:40Z] [viz-checker] ✗ Monitoring (Chart.js) (:8081) — DOWN
[2026-07-23T12:41:40Z] [viz-checker] ✗ Wiki D3.js (:8082) — DOWN
[2026-07-23T12:41:40Z] [viz-checker] ✗ RAG Search (:8083) — DOWN
[2026-07-23T12:41:40Z] [viz-checker] ✓ Adam-Viz 3D (Three.js) (:8084) — UP (0.01s)
[2026-07-23T12:41:40Z] [viz-checker] Vérification terminée
[2026-07-23T12:41:42Z] [viz-checker] Canal: dashboard:down | Source: adam-doctor
[2026-07-23T12:41:42Z] [viz-checker] Dashboard ciblé: tous
[2026-07-23T12:41:42Z] [viz-checker] Vérification des dashboards down...
[2026-07-23T12:41:42Z] [viz-checker] ✗ Monitoring (Chart.js) (:8081) — DOWN
[2026-07-23T12:41:42Z] [viz-checker] ✗ Wiki D3.js (:8082) — DOWN
[2026-07-23T12:41:42Z] [viz-checker] ✗ RAG Search (:8083) — DOWN
[2026-07-23T12:41:42Z] [viz-checker] ✓ Adam-Viz 3D (Three.js) (:8084) — UP (0.01s)
[2026-07-23T12:41:42Z] [viz-checker] Vérification terminée
[2026-07-23T12:41:44Z] [viz-checker] Canal: dashboard:down | Source: adam-doctor
[2026-07-23T12:41:44Z] [viz-checker] Dashboard ciblé: tous
[2026-07-23T12:41:44Z] [viz-checker] Vérification des dashboards down...
[2026-07-23T12:41:44Z] [viz-checker] ✗ Monitoring (Chart.js) (:8081) — DOWN
[2026-07-23T12:41:44Z] [viz-checker] ✗ Wiki D3.js (:8082) — DOWN
[2026-07-23T12:41:44Z] [viz-checker] ✗ RAG Search (:8083) — DOWN
[2026-07-23T12:41:44Z] [viz-checker] ✓ Adam-Viz 3D (Three.js) (:8084) — UP (0.01s)
[2026-07-23T12:41:44Z] [viz-checker] Vérification terminée
[2026-07-23T12:45:50Z] [viz-checker] Canal: dashboard:down | Source: hive_cycler
[2026-07-23T12:45:50Z] [viz-checker] Dashboard ciblé: tous
[2026-07-23T12:45:50Z] [viz-checker] Vérification des dashboards down...
[2026-07-23T12:45:50Z] [viz-checker] ✗ Monitoring (Chart.js) (:8081) — DOWN
[2026-07-23T12:45:50Z] [viz-checker] ✗ Wiki D3.js (:8082) — DOWN
[2026-07-23T12:45:50Z] [viz-checker] ✗ RAG Search (:8083) — DOWN
[2026-07-23T12:45:50Z] [viz-checker] ✓ Adam-Viz 3D (Three.js) (:8084) — UP (0.01s)
[2026-07-23T12:45:50Z] [viz-checker] Vérification terminée
[2026-07-23T12:45:56Z] [viz-checker] Canal: dashboard:down | Source: adam-doctor
[2026-07-23T12:45:56Z] [viz-checker] Dashboard ciblé: tous
[2026-07-23T12:45:56Z] [viz-checker] Vérification des dashboards down...
[2026-07-23T12:45:56Z] [viz-checker] ✗ Monitoring (Chart.js) (:8081) — DOWN
[2026-07-23T12:45:56Z] [viz-checker] ✗ Wiki D3.js (:8082) — DOWN
[2026-07-23T12:45:56Z] [viz-checker] ✗ RAG Search (:8083) — DOWN
[2026-07-23T12:45:56Z] [viz-checker] ✓ Adam-Viz 3D (Three.js) (:8084) — UP (0.01s)
[2026-07-23T12:45:56Z] [viz-checker] Vérification terminée
[2026-07-23T12:46:04Z] [viz-checker] Canal: dashboard:down | Source: adam-doctor
[2026-07-23T12:46:04Z] [viz-checker] Dashboard ciblé: tous
[2026-07-23T12:46:04Z] [viz-checker] Vérification des dashboards down...
[2026-07-23T12:46:04Z] [viz-checker] ✗ Monitoring (Chart.js) (:8081) — DOWN
[2026-07-23T12:46:04Z] [viz-checker] ✗ Wiki D3.js (:8082) — DOWN
[2026-07-23T12:46:04Z] [viz-checker] ✗ RAG Search (:8083) — DOWN
[2026-07-23T12:46:04Z] [viz-checker] Canal: dashboard:down | Source: adam-doctor
[2026-07-23T12:46:04Z] [viz-checker] Dashboard ciblé: tous
[2026-07-23T12:46:04Z] [viz-checker] Vérification des dashboards down...
[2026-07-23T12:46:04Z] [viz-checker] ✗ Monitoring (Chart.js) (:8081) — DOWN
[2026-07-23T12:46:04Z] [viz-checker] ✗ Wiki D3.js (:8082) — DOWN
[2026-07-23T12:46:04Z] [viz-checker] ✗ RAG Search (:8083) — DOWN
[2026-07-23T12:46:04Z] [viz-checker] ✓ Adam-Viz 3D (Three.js) (:8084) — UP (0.01s)
[2026-07-23T12:46:04Z] [viz-checker] Vérification terminée
[2026-07-23T12:46:04Z] [viz-checker] ✓ Adam-Viz 3D (Three.js) (:8084) — UP (0.01s)
[2026-07-23T12:46:04Z] [viz-checker] Vérification terminée
[2026-07-23T12:50:08Z] [viz-checker] Canal: dashboard:down | Source: hive_cycler
[2026-07-23T12:50:08Z] [viz-checker] Dashboard ciblé: tous
[2026-07-23T12:50:08Z] [viz-checker] Vérification des dashboards down...
[2026-07-23T12:50:08Z] [viz-checker] ✗ Monitoring (Chart.js) (:8081) — DOWN
[2026-07-23T12:50:08Z] [viz-checker] ✗ Wiki D3.js (:8082) — DOWN
[2026-07-23T12:50:08Z] [viz-checker] ✗ RAG Search (:8083) — DOWN
[2026-07-23T12:50:08Z] [viz-checker] ✓ Adam-Viz 3D (Three.js) (:8084) — UP (0.01s)
[2026-07-23T12:50:08Z] [viz-checker] Vérification terminée
[2026-07-23T12:50:22Z] [viz-checker] Canal: dashboard:down | Source: adam-doctor
[2026-07-23T12:50:22Z] [viz-checker] Dashboard ciblé: tous
[2026-07-23T12:50:22Z] [viz-checker] Vérification des dashboards down...
[2026-07-23T12:50:22Z] [viz-checker] ✗ Monitoring (Chart.js) (:8081) — DOWN
[2026-07-23T12:50:22Z] [viz-checker] ✗ Wiki D3.js (:8082) — DOWN
[2026-07-23T12:50:22Z] [viz-checker] ✗ RAG Search (:8083) — DOWN
[2026-07-23T12:50:22Z] [viz-checker] Canal: dashboard:down | Source: adam-doctor
[2026-07-23T12:50:22Z] [viz-checker] Canal: dashboard:down | Source: adam-doctor
[2026-07-23T12:50:22Z] [viz-checker] Dashboard ciblé: tous
[2026-07-23T12:50:22Z] [viz-checker] Vérification des dashboards down...
[2026-07-23T12:50:22Z] [viz-checker] Dashboard ciblé: tous
[2026-07-23T12:50:22Z] [viz-checker] Vérification des dashboards down...
[2026-07-23T12:50:22Z] [viz-checker] ✗ Monitoring (Chart.js) (:8081) — DOWN
[2026-07-23T12:50:22Z] [viz-checker] ✗ Monitoring (Chart.js) (:8081) — DOWN
[2026-07-23T12:50:22Z] [viz-checker] ✗ Wiki D3.js (:8082) — DOWN
[2026-07-23T12:50:22Z] [viz-checker] ✗ Wiki D3.js (:8082) — DOWN
[2026-07-23T12:50:22Z] [viz-checker] ✗ RAG Search (:8083) — DOWN
[2026-07-23T12:50:22Z] [viz-checker] ✗ RAG Search (:8083) — DOWN
[2026-07-23T12:50:22Z] [viz-checker] ✓ Adam-Viz 3D (Three.js) (:8084) — UP (0.01s)
[2026-07-23T12:50:22Z] [viz-checker] Vérification terminée
[2026-07-23T12:50:22Z] [viz-checker] ✓ Adam-Viz 3D (Three.js) (:8084) — UP (0.01s)
[2026-07-23T12:50:22Z] [viz-checker] Vérification terminée
[2026-07-23T12:50:22Z] [viz-checker] ✓ Adam-Viz 3D (Three.js) (:8084) — UP (0.02s)
[2026-07-23T12:50:22Z] [viz-checker] Vérification terminée
[2026-07-23T12:54:32Z] [viz-checker] Canal: dashboard:down | Source: hive_cycler
[2026-07-23T12:54:32Z] [viz-checker] Dashboard ciblé: tous
[2026-07-23T12:54:32Z] [viz-checker] Vérification des dashboards down...
[2026-07-23T12:54:32Z] [viz-checker] ✗ Monitoring (Chart.js) (:8081) — DOWN
[2026-07-23T12:54:32Z] [viz-checker] ✗ Wiki D3.js (:8082) — DOWN
[2026-07-23T12:54:32Z] [viz-checker] ✗ RAG Search (:8083) — DOWN
[2026-07-23T12:54:32Z] [viz-checker] ✓ Adam-Viz 3D (Three.js) (:8084) — UP (0.01s)
[2026-07-23T12:54:32Z] [viz-checker] Vérification terminée
[2026-07-23T12:54:38Z] [viz-checker] Canal: dashboard:down | Source: adam-doctor
[2026-07-23T12:54:38Z] [viz-checker] Dashboard ciblé: tous
[2026-07-23T12:54:38Z] [viz-checker] Vérification des dashboards down...
[2026-07-23T12:54:38Z] [viz-checker] ✗ Monitoring (Chart.js) (:8081) — DOWN
[2026-07-23T12:54:38Z] [viz-checker] ✗ Wiki D3.js (:8082) — DOWN
[2026-07-23T12:54:38Z] [viz-checker] ✗ RAG Search (:8083) — DOWN
[2026-07-23T12:54:38Z] [viz-checker] ✓ Adam-Viz 3D (Three.js) (:8084) — UP (0.01s)
[2026-07-23T12:54:38Z] [viz-checker] Vérification terminée
[2026-07-23T12:54:46Z] [viz-checker] Canal: dashboard:down | Source: adam-doctor
[2026-07-23T12:54:46Z] [viz-checker] Dashboard ciblé: tous
[2026-07-23T12:54:46Z] [viz-checker] Vérification des dashboards down...
[2026-07-23T12:54:46Z] [viz-checker] ✗ Monitoring (Chart.js) (:8081) — DOWN
[2026-07-23T12:54:46Z] [viz-checker] ✗ Wiki D3.js (:8082) — DOWN
[2026-07-23T12:54:46Z] [viz-checker] ✗ RAG Search (:8083) — DOWN
[2026-07-23T12:54:46Z] [viz-checker] Canal: dashboard:down | Source: adam-doctor
[2026-07-23T12:54:46Z] [viz-checker] Dashboard ciblé: tous
[2026-07-23T12:54:46Z] [viz-checker] Vérification des dashboards down...
[2026-07-23T12:54:46Z] [viz-checker] ✗ Monitoring (Chart.js) (:8081) — DOWN
[2026-07-23T12:54:46Z] [viz-checker] ✗ Wiki D3.js (:8082) — DOWN
[2026-07-23T12:54:46Z] [viz-checker] ✗ RAG Search (:8083) — DOWN
[2026-07-23T12:54:46Z] [viz-checker] ✓ Adam-Viz 3D (Three.js) (:8084) — UP (0.01s)
[2026-07-23T12:54:46Z] [viz-checker] Vérification terminée
[2026-07-23T12:54:46Z] [viz-checker] ✓ Adam-Viz 3D (Three.js) (:8084) — UP (0.01s)
[2026-07-23T12:54:46Z] [viz-checker] Vérification terminée
[2026-07-23T12:58:50Z] [viz-checker] Canal: dashboard:down | Source: hive_cycler
[2026-07-23T12:58:50Z] [viz-checker] Dashboard ciblé: tous
[2026-07-23T12:58:50Z] [viz-checker] Vérification des dashboards down...
[2026-07-23T12:58:50Z] [viz-checker] ✗ Monitoring (Chart.js) (:8081) — DOWN
[2026-07-23T12:58:50Z] [viz-checker] ✗ Wiki D3.js (:8082) — DOWN
[2026-07-23T12:58:50Z] [viz-checker] ✗ RAG Search (:8083) — DOWN
[2026-07-23T12:58:50Z] [viz-checker] ✓ Adam-Viz 3D (Three.js) (:8084) — UP (0.01s)
[2026-07-23T12:58:50Z] [viz-checker] Vérification terminée
[2026-07-23T12:59:05Z] [viz-checker] Canal: dashboard:down | Source: adam-doctor
[2026-07-23T12:59:05Z] [viz-checker] Dashboard ciblé: tous
[2026-07-23T12:59:05Z] [viz-checker] Vérification des dashboards down...
[2026-07-23T12:59:05Z] [viz-checker] ✗ Monitoring (Chart.js) (:8081) — DOWN
[2026-07-23T12:59:05Z] [viz-checker] ✗ Wiki D3.js (:8082) — DOWN
[2026-07-23T12:59:05Z] [viz-checker] ✗ RAG Search (:8083) — DOWN
[2026-07-23T12:59:05Z] [viz-checker] Canal: dashboard:down | Source: adam-doctor
[2026-07-23T12:59:05Z] [viz-checker] Dashboard ciblé: tous
[2026-07-23T12:59:05Z] [viz-checker] Vérification des dashboards down...
[2026-07-23T12:59:05Z] [viz-checker] ✗ Monitoring (Chart.js) (:8081) — DOWN
[2026-07-23T12:59:05Z] [viz-checker] ✗ Wiki D3.js (:8082) — DOWN
[2026-07-23T12:59:05Z] [viz-checker] ✗ RAG Search (:8083) — DOWN
[2026-07-23T12:59:05Z] [viz-checker] Canal: dashboard:down | Source: adam-doctor
[2026-07-23T12:59:05Z] [viz-checker] Dashboard ciblé: tous
[2026-07-23T12:59:05Z] [viz-checker] Vérification des dashboards down...
[2026-07-23T12:59:05Z] [viz-checker] ✗ Monitoring (Chart.js) (:8081) — DOWN
[2026-07-23T12:59:05Z] [viz-checker] ✗ Wiki D3.js (:8082) — DOWN
[2026-07-23T12:59:05Z] [viz-checker] ✗ RAG Search (:8083) — DOWN
[2026-07-23T12:59:05Z] [viz-checker] ✓ Adam-Viz 3D (Three.js) (:8084) — UP (0.01s)
[2026-07-23T12:59:05Z] [viz-checker] Vérification terminée
[2026-07-23T12:59:05Z] [viz-checker] ✓ Adam-Viz 3D (Three.js) (:8084) — UP (0.01s)
[2026-07-23T12:59:05Z] [viz-checker] Vérification terminée
[2026-07-23T12:59:05Z] [viz-checker] ✓ Adam-Viz 3D (Three.js) (:8084) — UP (0.01s)
[2026-07-23T12:59:05Z] [viz-checker] Vérification terminée
[2026-07-23T13:03:15Z] [viz-checker] Canal: dashboard:down | Source: hive_cycler
[2026-07-23T13:03:15Z] [viz-checker] Dashboard ciblé: tous
[2026-07-23T13:03:15Z] [viz-checker] Vérification des dashboards down...
[2026-07-23T13:03:15Z] [viz-checker] ✗ Monitoring (Chart.js) (:8081) — DOWN
[2026-07-23T13:03:15Z] [viz-checker] ✗ Wiki D3.js (:8082) — DOWN
[2026-07-23T13:03:15Z] [viz-checker] ✗ RAG Search (:8083) — DOWN
[2026-07-23T13:03:15Z] [viz-checker] ✓ Adam-Viz 3D (Three.js) (:8084) — UP (0.01s)
[2026-07-23T13:03:15Z] [viz-checker] Vérification terminée
[2026-07-23T13:03:23Z] [viz-checker] Canal: dashboard:down | Source: adam-doctor
[2026-07-23T13:03:23Z] [viz-checker] Dashboard ciblé: tous
[2026-07-23T13:03:23Z] [viz-checker] Vérification des dashboards down...
[2026-07-23T13:03:23Z] [viz-checker] ✗ Monitoring (Chart.js) (:8081) — DOWN
[2026-07-23T13:03:23Z] [viz-checker] ✗ Wiki D3.js (:8082) — DOWN
[2026-07-23T13:03:23Z] [viz-checker] ✗ RAG Search (:8083) — DOWN
[2026-07-23T13:03:23Z] [viz-checker] ✓ Adam-Viz 3D (Three.js) (:8084) — UP (0.01s)
[2026-07-23T13:03:23Z] [viz-checker] Vérification terminée
[2026-07-23T13:03:29Z] [viz-checker] Canal: dashboard:down | Source: adam-doctor
[2026-07-23T13:03:29Z] [viz-checker] Dashboard ciblé: tous
[2026-07-23T13:03:29Z] [viz-checker] Vérification des dashboards down...
[2026-07-23T13:03:29Z] [viz-checker] ✗ Monitoring (Chart.js) (:8081) — DOWN
[2026-07-23T13:03:29Z] [viz-checker] ✗ Wiki D3.js (:8082) — DOWN
[2026-07-23T13:03:29Z] [viz-checker] ✗ RAG Search (:8083) — DOWN
[2026-07-23T13:03:29Z] [viz-checker] Canal: dashboard:down | Source: adam-doctor
[2026-07-23T13:03:29Z] [viz-checker] Dashboard ciblé: tous
[2026-07-23T13:03:29Z] [viz-checker] Vérification des dashboards down...
[2026-07-23T13:03:29Z] [viz-checker] ✗ Monitoring (Chart.js) (:8081) — DOWN
[2026-07-23T13:03:29Z] [viz-checker] ✗ Wiki D3.js (:8082) — DOWN
[2026-07-23T13:03:29Z] [viz-checker] ✗ RAG Search (:8083) — DOWN
[2026-07-23T13:03:29Z] [viz-checker] ✓ Adam-Viz 3D (Three.js) (:8084) — UP (0.01s)
[2026-07-23T13:03:29Z] [viz-checker] Vérification terminée
[2026-07-23T13:03:29Z] [viz-checker] ✓ Adam-Viz 3D (Three.js) (:8084) — UP (0.01s)
[2026-07-23T13:03:29Z] [viz-checker] Vérification terminée
[2026-07-23T13:07:37Z] [viz-checker] Canal: dashboard:down | Source: hive_cycler
[2026-07-23T13:07:37Z] [viz-checker] Dashboard ciblé: tous
[2026-07-23T13:07:37Z] [viz-checker] Vérification des dashboards down...
[2026-07-23T13:07:37Z] [viz-checker] ✗ Monitoring (Chart.js) (:8081) — DOWN
[2026-07-23T13:07:37Z] [viz-checker] ✗ Wiki D3.js (:8082) — DOWN
[2026-07-23T13:07:37Z] [viz-checker] ✗ RAG Search (:8083) — DOWN
[2026-07-23T13:07:37Z] [viz-checker] ✓ Adam-Viz 3D (Three.js) (:8084) — UP (0.01s)
[2026-07-23T13:07:37Z] [viz-checker] Vérification terminée
[2026-07-23T13:07:43Z] [viz-checker] Canal: dashboard:down | Source: adam-doctor
[2026-07-23T13:07:43Z] [viz-checker] Dashboard ciblé: tous
[2026-07-23T13:07:43Z] [viz-checker] Vérification des dashboards down...
[2026-07-23T13:07:43Z] [viz-checker] ✗ Monitoring (Chart.js) (:8081) — DOWN
[2026-07-23T13:07:43Z] [viz-checker] ✗ Wiki D3.js (:8082) — DOWN
[2026-07-23T13:07:43Z] [viz-checker] ✗ RAG Search (:8083) — DOWN
[2026-07-23T13:07:43Z] [viz-checker] ✓ Adam-Viz 3D (Three.js) (:8084) — UP (0.01s)
[2026-07-23T13:07:43Z] [viz-checker] Vérification terminée
[2026-07-23T13:07:49Z] [viz-checker] Canal: dashboard:down | Source: adam-doctor
[2026-07-23T13:07:49Z] [viz-checker] Dashboard ciblé: tous
[2026-07-23T13:07:49Z] [viz-checker] Vérification des dashboards down...
[2026-07-23T13:07:49Z] [viz-checker] ✗ Monitoring (Chart.js) (:8081) — DOWN
[2026-07-23T13:07:49Z] [viz-checker] ✗ Wiki D3.js (:8082) — DOWN
[2026-07-23T13:07:49Z] [viz-checker] Canal: dashboard:down | Source: adam-doctor
[2026-07-23T13:07:49Z] [viz-checker] ✗ RAG Search (:8083) — DOWN
[2026-07-23T13:07:49Z] [viz-checker] Dashboard ciblé: tous
[2026-07-23T13:07:49Z] [viz-checker] Vérification des dashboards down...
[2026-07-23T13:07:49Z] [viz-checker] ✗ Monitoring (Chart.js) (:8081) — DOWN
[2026-07-23T13:07:49Z] [viz-checker] ✗ Wiki D3.js (:8082) — DOWN
[2026-07-23T13:07:49Z] [viz-checker] ✗ RAG Search (:8083) — DOWN
[2026-07-23T13:07:49Z] [viz-checker] ✓ Adam-Viz 3D (Three.js) (:8084) — UP (0.01s)
[2026-07-23T13:07:49Z] [viz-checker] Vérification terminée
[2026-07-23T13:07:49Z] [viz-checker] ✓ Adam-Viz 3D (Three.js) (:8084) — UP (0.01s)
[2026-07-23T13:07:49Z] [viz-checker] Vérification terminée
[2026-07-23T13:11:57Z] [viz-checker] Canal: dashboard:down | Source: hive_cycler
[2026-07-23T13:11:57Z] [viz-checker] Dashboard ciblé: tous
[2026-07-23T13:11:57Z] [viz-checker] Vérification des dashboards down...
[2026-07-23T13:11:57Z] [viz-checker] ✗ Monitoring (Chart.js) (:8081) — DOWN
[2026-07-23T13:11:57Z] [viz-checker] ✗ Wiki D3.js (:8082) — DOWN
[2026-07-23T13:11:57Z] [viz-checker] ✗ RAG Search (:8083) — DOWN
[2026-07-23T13:11:57Z] [viz-checker] ✓ Adam-Viz 3D (Three.js) (:8084) — UP (0.01s)
[2026-07-23T13:11:57Z] [viz-checker] Vérification terminée
[2026-07-23T13:12:05Z] [viz-checker] Canal: dashboard:down | Source: adam-doctor
[2026-07-23T13:12:05Z] [viz-checker] Dashboard ciblé: tous
[2026-07-23T13:12:05Z] [viz-checker] Vérification des dashboards down...
[2026-07-23T13:12:05Z] [viz-checker] ✗ Monitoring (Chart.js) (:8081) — DOWN
[2026-07-23T13:12:05Z] [viz-checker] ✗ Wiki D3.js (:8082) — DOWN
[2026-07-23T13:12:05Z] [viz-checker] ✗ RAG Search (:8083) — DOWN
[2026-07-23T13:12:05Z] [viz-checker] ✓ Adam-Viz 3D (Three.js) (:8084) — UP (0.01s)
[2026-07-23T13:12:05Z] [viz-checker] Vérification terminée
[2026-07-23T13:12:11Z] [viz-checker] Canal: dashboard:down | Source: adam-doctor
[2026-07-23T13:12:11Z] [viz-checker] Dashboard ciblé: tous
[2026-07-23T13:12:11Z] [viz-checker] Vérification des dashboards down...
[2026-07-23T13:12:11Z] [viz-checker] ✗ Monitoring (Chart.js) (:8081) — DOWN
[2026-07-23T13:12:11Z] [viz-checker] ✗ Wiki D3.js (:8082) — DOWN
[2026-07-23T13:12:11Z] [viz-checker] ✗ RAG Search (:8083) — DOWN
[2026-07-23T13:12:11Z] [viz-checker] Canal: dashboard:down | Source: adam-doctor
[2026-07-23T13:12:11Z] [viz-checker] Dashboard ciblé: tous
[2026-07-23T13:12:11Z] [viz-checker] Vérification des dashboards down...
[2026-07-23T13:12:11Z] [viz-checker] ✗ Monitoring (Chart.js) (:8081) — DOWN
[2026-07-23T13:12:11Z] [viz-checker] ✗ Wiki D3.js (:8082) — DOWN
[2026-07-23T13:12:11Z] [viz-checker] ✗ RAG Search (:8083) — DOWN
[2026-07-23T13:12:11Z] [viz-checker] ✓ Adam-Viz 3D (Three.js) (:8084) — UP (0.01s)
[2026-07-23T13:12:11Z] [viz-checker] Vérification terminée
[2026-07-23T13:12:11Z] [viz-checker] ✓ Adam-Viz 3D (Three.js) (:8084) — UP (0.01s)
[2026-07-23T13:12:11Z] [viz-checker] Vérification terminée
[2026-07-23T13:16:19Z] [viz-checker] Canal: dashboard:down | Source: hive_cycler
[2026-07-23T13:16:19Z] [viz-checker] Dashboard ciblé: tous
[2026-07-23T13:16:19Z] [viz-checker] Vérification des dashboards down...
[2026-07-23T13:16:19Z] [viz-checker] ✗ Monitoring (Chart.js) (:8081) — DOWN
[2026-07-23T13:16:19Z] [viz-checker] ✗ Wiki D3.js (:8082) — DOWN
[2026-07-23T13:16:19Z] [viz-checker] ✗ RAG Search (:8083) — DOWN
[2026-07-23T13:16:19Z] [viz-checker] ✓ Adam-Viz 3D (Three.js) (:8084) — UP (0.01s)
[2026-07-23T13:16:19Z] [viz-checker] Vérification terminée
[2026-07-23T13:16:25Z] [viz-checker] Canal: dashboard:down | Source: adam-doctor
[2026-07-23T13:16:25Z] [viz-checker] Dashboard ciblé: tous
[2026-07-23T13:16:25Z] [viz-checker] Vérification des dashboards down...
[2026-07-23T13:16:25Z] [viz-checker] ✗ Monitoring (Chart.js) (:8081) — DOWN
[2026-07-23T13:16:25Z] [viz-checker] ✗ Wiki D3.js (:8082) — DOWN
[2026-07-23T13:16:25Z] [viz-checker] ✗ RAG Search (:8083) — DOWN
[2026-07-23T13:16:25Z] [viz-checker] ✓ Adam-Viz 3D (Three.js) (:8084) — UP (0.01s)
[2026-07-23T13:16:25Z] [viz-checker] Vérification terminée
[2026-07-23T13:16:33Z] [viz-checker] Canal: dashboard:down | Source: adam-doctor
[2026-07-23T13:16:33Z] [viz-checker] Canal: dashboard:down | Source: adam-doctor
[2026-07-23T13:16:33Z] [viz-checker] Dashboard ciblé: tous
[2026-07-23T13:16:33Z] [viz-checker] Dashboard ciblé: tous
[2026-07-23T13:16:33Z] [viz-checker] Vérification des dashboards down...
[2026-07-23T13:16:33Z] [viz-checker] Vérification des dashboards down...
[2026-07-23T13:16:33Z] [viz-checker] ✗ Monitoring (Chart.js) (:8081) — DOWN
[2026-07-23T13:16:33Z] [viz-checker] ✗ Monitoring (Chart.js) (:8081) — DOWN
[2026-07-23T13:16:33Z] [viz-checker] ✗ Wiki D3.js (:8082) — DOWN
[2026-07-23T13:16:33Z] [viz-checker] ✗ Wiki D3.js (:8082) — DOWN
[2026-07-23T13:16:33Z] [viz-checker] ✗ RAG Search (:8083) — DOWN
[2026-07-23T13:16:33Z] [viz-checker] ✗ RAG Search (:8083) — DOWN
[2026-07-23T13:16:33Z] [viz-checker] ✓ Adam-Viz 3D (Three.js) (:8084) — UP (0.01s)
[2026-07-23T13:16:33Z] [viz-checker] Vérification terminée
[2026-07-23T13:16:33Z] [viz-checker] ✓ Adam-Viz 3D (Three.js) (:8084) — UP (0.01s)
[2026-07-23T13:16:33Z] [viz-checker] Vérification terminée
[2026-07-23T13:20:39Z] [viz-checker] Canal: dashboard:down | Source: hive_cycler
[2026-07-23T13:20:39Z] [viz-checker] Dashboard ciblé: tous
[2026-07-23T13:20:39Z] [viz-checker] Vérification des dashboards down...
[2026-07-23T13:20:39Z] [viz-checker] ✗ Monitoring (Chart.js) (:8081) — DOWN
[2026-07-23T13:20:39Z] [viz-checker] ✗ Wiki D3.js (:8082) — DOWN
[2026-07-23T13:20:39Z] [viz-checker] ✗ RAG Search (:8083) — DOWN
[2026-07-23T13:20:39Z] [viz-checker] ✓ Adam-Viz 3D (Three.js) (:8084) — UP (0.01s)
[2026-07-23T13:20:39Z] [viz-checker] Vérification terminée
[2026-07-23T13:20:47Z] [viz-checker] Canal: dashboard:down | Source: adam-doctor
[2026-07-23T13:20:47Z] [viz-checker] Dashboard ciblé: tous
[2026-07-23T13:20:47Z] [viz-checker] Vérification des dashboards down...
[2026-07-23T13:20:47Z] [viz-checker] ✗ Monitoring (Chart.js) (:8081) — DOWN
[2026-07-23T13:20:47Z] [viz-checker] ✗ Wiki D3.js (:8082) — DOWN
[2026-07-23T13:20:47Z] [viz-checker] ✗ RAG Search (:8083) — DOWN
[2026-07-23T13:20:47Z] [viz-checker] ✓ Adam-Viz 3D (Three.js) (:8084) — UP (0.01s)
[2026-07-23T13:20:47Z] [viz-checker] Vérification terminée
[2026-07-23T13:20:53Z] [viz-checker] Canal: dashboard:down | Source: adam-doctor
[2026-07-23T13:20:53Z] [viz-checker] Dashboard ciblé: tous
[2026-07-23T13:20:53Z] [viz-checker] Vérification des dashboards down...
[2026-07-23T13:20:53Z] [viz-checker] ✗ Monitoring (Chart.js) (:8081) — DOWN
[2026-07-23T13:20:53Z] [viz-checker] ✗ Wiki D3.js (:8082) — DOWN
[2026-07-23T13:20:53Z] [viz-checker] ✗ RAG Search (:8083) — DOWN
[2026-07-23T13:20:53Z] [viz-checker] Canal: dashboard:down | Source: adam-doctor
[2026-07-23T13:20:53Z] [viz-checker] Dashboard ciblé: tous
[2026-07-23T13:20:53Z] [viz-checker] Vérification des dashboards down...
[2026-07-23T13:20:53Z] [viz-checker] ✗ Monitoring (Chart.js) (:8081) — DOWN
[2026-07-23T13:20:53Z] [viz-checker] ✗ Wiki D3.js (:8082) — DOWN
[2026-07-23T13:20:53Z] [viz-checker] ✗ RAG Search (:8083) — DOWN
[2026-07-23T13:20:53Z] [viz-checker] ✓ Adam-Viz 3D (Three.js) (:8084) — UP (0.01s)
[2026-07-23T13:20:53Z] [viz-checker] Vérification terminée
[2026-07-23T13:20:53Z] [viz-checker] ✓ Adam-Viz 3D (Three.js) (:8084) — UP (0.01s)
[2026-07-23T13:20:53Z] [viz-checker] Vérification terminée
[2026-07-23T13:25:01Z] [viz-checker] Canal: dashboard:down | Source: hive_cycler
[2026-07-23T13:25:01Z] [viz-checker] Dashboard ciblé: tous
[2026-07-23T13:25:01Z] [viz-checker] Vérification des dashboards down...
[2026-07-23T13:25:01Z] [viz-checker] ✗ Monitoring (Chart.js) (:8081) — DOWN
[2026-07-23T13:25:01Z] [viz-checker] ✗ Wiki D3.js (:8082) — DOWN
[2026-07-23T13:25:01Z] [viz-checker] ✗ RAG Search (:8083) — DOWN
[2026-07-23T13:25:01Z] [viz-checker] ✓ Adam-Viz 3D (Three.js) (:8084) — UP (0.01s)
[2026-07-23T13:25:01Z] [viz-checker] Vérification terminée
[2026-07-23T13:25:07Z] [viz-checker] Canal: dashboard:down | Source: adam-doctor
[2026-07-23T13:25:07Z] [viz-checker] Dashboard ciblé: tous
[2026-07-23T13:25:07Z] [viz-checker] Vérification des dashboards down...
[2026-07-23T13:25:07Z] [viz-checker] ✗ Monitoring (Chart.js) (:8081) — DOWN
[2026-07-23T13:25:07Z] [viz-checker] ✗ Wiki D3.js (:8082) — DOWN
[2026-07-23T13:25:07Z] [viz-checker] ✗ RAG Search (:8083) — DOWN
[2026-07-23T13:25:07Z] [viz-checker] ✓ Adam-Viz 3D (Three.js) (:8084) — UP (0.01s)
[2026-07-23T13:25:07Z] [viz-checker] Vérification terminée
[2026-07-23T13:25:17Z] [viz-checker] Canal: dashboard:down | Source: adam-doctor
[2026-07-23T13:25:17Z] [viz-checker] Dashboard ciblé: tous
[2026-07-23T13:25:17Z] [viz-checker] Vérification des dashboards down...
[2026-07-23T13:25:17Z] [viz-checker] ✗ Monitoring (Chart.js) (:8081) — DOWN
[2026-07-23T13:25:17Z] [viz-checker] ✗ Wiki D3.js (:8082) — DOWN
[2026-07-23T13:25:17Z] [viz-checker] ✗ RAG Search (:8083) — DOWN
[2026-07-23T13:25:17Z] [viz-checker] Canal: dashboard:down | Source: adam-doctor
[2026-07-23T13:25:17Z] [viz-checker] Dashboard ciblé: tous
[2026-07-23T13:25:17Z] [viz-checker] Vérification des dashboards down...
[2026-07-23T13:25:17Z] [viz-checker] ✗ Monitoring (Chart.js) (:8081) — DOWN
[2026-07-23T13:25:17Z] [viz-checker] ✗ Wiki D3.js (:8082) — DOWN
[2026-07-23T13:25:17Z] [viz-checker] ✗ RAG Search (:8083) — DOWN
[2026-07-23T13:25:17Z] [viz-checker] ✓ Adam-Viz 3D (Three.js) (:8084) — UP (0.01s)
[2026-07-23T13:25:17Z] [viz-checker] Vérification terminée
[2026-07-23T13:25:17Z] [viz-checker] ✓ Adam-Viz 3D (Three.js) (:8084) — UP (0.01s)
[2026-07-23T13:25:17Z] [viz-checker] Vérification terminée
[2026-07-23T13:29:19Z] [viz-checker] Canal: dashboard:down | Source: hive_cycler
[2026-07-23T13:29:19Z] [viz-checker] Dashboard ciblé: tous
[2026-07-23T13:29:19Z] [viz-checker] Vérification des dashboards down...
[2026-07-23T13:29:19Z] [viz-checker] ✗ Monitoring (Chart.js) (:8081) — DOWN
[2026-07-23T13:29:19Z] [viz-checker] ✗ Wiki D3.js (:8082) — DOWN
[2026-07-23T13:29:19Z] [viz-checker] ✗ RAG Search (:8083) — DOWN
[2026-07-23T13:29:19Z] [viz-checker] ✓ Adam-Viz 3D (Three.js) (:8084) — UP (0.01s)
[2026-07-23T13:29:19Z] [viz-checker] Vérification terminée
[2026-07-23T13:29:33Z] [viz-checker] Canal: dashboard:down | Source: adam-doctor
[2026-07-23T13:29:33Z] [viz-checker] Dashboard ciblé: tous
[2026-07-23T13:29:33Z] [viz-checker] Vérification des dashboards down...
[2026-07-23T13:29:33Z] [viz-checker] Canal: dashboard:down | Source: adam-doctor
[2026-07-23T13:29:33Z] [viz-checker] Dashboard ciblé: tous
[2026-07-23T13:29:33Z] [viz-checker] ✗ Monitoring (Chart.js) (:8081) — DOWN
[2026-07-23T13:29:33Z] [viz-checker] Vérification des dashboards down...
[2026-07-23T13:29:33Z] [viz-checker] ✗ Wiki D3.js (:8082) — DOWN
[2026-07-23T13:29:33Z] [viz-checker] ✗ RAG Search (:8083) — DOWN
[2026-07-23T13:29:33Z] [viz-checker] ✗ Monitoring (Chart.js) (:8081) — DOWN
[2026-07-23T13:29:33Z] [viz-checker] ✗ Wiki D3.js (:8082) — DOWN
[2026-07-23T13:29:33Z] [viz-checker] ✗ RAG Search (:8083) — DOWN
[2026-07-23T13:29:33Z] [viz-checker] Canal: dashboard:down | Source: adam-doctor
[2026-07-23T13:29:33Z] [viz-checker] Dashboard ciblé: tous
[2026-07-23T13:29:33Z] [viz-checker] Vérification des dashboards down...
[2026-07-23T13:29:33Z] [viz-checker] ✗ Monitoring (Chart.js) (:8081) — DOWN
[2026-07-23T13:29:33Z] [viz-checker] ✗ Wiki D3.js (:8082) — DOWN
[2026-07-23T13:29:33Z] [viz-checker] ✗ RAG Search (:8083) — DOWN
[2026-07-23T13:29:33Z] [viz-checker] ✓ Adam-Viz 3D (Three.js) (:8084) — UP (0.01s)
[2026-07-23T13:29:33Z] [viz-checker] Vérification terminée
[2026-07-23T13:29:33Z] [viz-checker] ✓ Adam-Viz 3D (Three.js) (:8084) — UP (0.01s)
[2026-07-23T13:29:33Z] [viz-checker] Vérification terminée
[2026-07-23T13:29:33Z] [viz-checker] ✓ Adam-Viz 3D (Three.js) (:8084) — UP (0.01s)
[2026-07-23T13:29:33Z] [viz-checker] Vérification terminée
[2026-07-23T13:33:43Z] [viz-checker] Canal: dashboard:down | Source: hive_cycler
[2026-07-23T13:33:43Z] [viz-checker] Dashboard ciblé: tous
[2026-07-23T13:33:43Z] [viz-checker] Vérification des dashboards down...
[2026-07-23T13:33:43Z] [viz-checker] ✗ Monitoring (Chart.js) (:8081) — DOWN
[2026-07-23T13:33:43Z] [viz-checker] ✗ Wiki D3.js (:8082) — DOWN
[2026-07-23T13:33:43Z] [viz-checker] ✗ RAG Search (:8083) — DOWN
[2026-07-23T13:33:43Z] [viz-checker] ✓ Adam-Viz 3D (Three.js) (:8084) — UP (0.01s)
[2026-07-23T13:33:43Z] [viz-checker] Vérification terminée
[2026-07-23T13:33:49Z] [viz-checker] Canal: dashboard:down | Source: adam-doctor
[2026-07-23T13:33:49Z] [viz-checker] Dashboard ciblé: tous
[2026-07-23T13:33:49Z] [viz-checker] Vérification des dashboards down...
[2026-07-23T13:33:49Z] [viz-checker] ✗ Monitoring (Chart.js) (:8081) — DOWN
[2026-07-23T13:33:49Z] [viz-checker] ✗ Wiki D3.js (:8082) — DOWN
[2026-07-23T13:33:49Z] [viz-checker] ✗ RAG Search (:8083) — DOWN
[2026-07-23T13:33:49Z] [viz-checker] ✓ Adam-Viz 3D (Three.js) (:8084) — UP (0.01s)
[2026-07-23T13:33:49Z] [viz-checker] Vérification terminée
[2026-07-23T13:33:57Z] [viz-checker] Canal: dashboard:down | Source: adam-doctor
[2026-07-23T13:33:57Z] [viz-checker] Dashboard ciblé: tous
[2026-07-23T13:33:57Z] [viz-checker] Vérification des dashboards down...
[2026-07-23T13:33:57Z] [viz-checker] ✗ Monitoring (Chart.js) (:8081) — DOWN
[2026-07-23T13:33:57Z] [viz-checker] ✗ Wiki D3.js (:8082) — DOWN
[2026-07-23T13:33:57Z] [viz-checker] ✗ RAG Search (:8083) — DOWN
[2026-07-23T13:33:57Z] [viz-checker] Canal: dashboard:down | Source: adam-doctor
[2026-07-23T13:33:57Z] [viz-checker] Dashboard ciblé: tous
[2026-07-23T13:33:57Z] [viz-checker] Vérification des dashboards down...
[2026-07-23T13:33:57Z] [viz-checker] ✗ Monitoring (Chart.js) (:8081) — DOWN
[2026-07-23T13:33:57Z] [viz-checker] ✗ Wiki D3.js (:8082) — DOWN
[2026-07-23T13:33:57Z] [viz-checker] ✗ RAG Search (:8083) — DOWN
[2026-07-23T13:33:57Z] [viz-checker] ✓ Adam-Viz 3D (Three.js) (:8084) — UP (0.01s)
[2026-07-23T13:33:57Z] [viz-checker] Vérification terminée
[2026-07-23T13:33:57Z] [viz-checker] ✓ Adam-Viz 3D (Three.js) (:8084) — UP (0.01s)
[2026-07-23T13:33:57Z] [viz-checker] Vérification terminée
[2026-07-23T13:38:01Z] [viz-checker] Canal: dashboard:down | Source: hive_cycler
[2026-07-23T13:38:01Z] [viz-checker] Dashboard ciblé: tous
[2026-07-23T13:38:01Z] [viz-checker] Vérification des dashboards down...
[2026-07-23T13:38:01Z] [viz-checker] ✗ Monitoring (Chart.js) (:8081) — DOWN
[2026-07-23T13:38:01Z] [viz-checker] ✗ Wiki D3.js (:8082) — DOWN
[2026-07-23T13:38:01Z] [viz-checker] ✗ RAG Search (:8083) — DOWN
[2026-07-23T13:38:01Z] [viz-checker] ✓ Adam-Viz 3D (Three.js) (:8084) — UP (0.01s)
[2026-07-23T13:38:01Z] [viz-checker] Vérification terminée
[2026-07-23T13:38:15Z] [viz-checker] Canal: dashboard:down | Source: adam-doctor
[2026-07-23T13:38:15Z] [viz-checker] Dashboard ciblé: tous
[2026-07-23T13:38:15Z] [viz-checker] Vérification des dashboards down...
[2026-07-23T13:38:15Z] [viz-checker] ✗ Monitoring (Chart.js) (:8081) — DOWN
[2026-07-23T13:38:15Z] [viz-checker] ✗ Wiki D3.js (:8082) — DOWN
[2026-07-23T13:38:15Z] [viz-checker] ✗ RAG Search (:8083) — DOWN
[2026-07-23T13:38:15Z] [viz-checker] Canal: dashboard:down | Source: adam-doctor
[2026-07-23T13:38:15Z] [viz-checker] Dashboard ciblé: tous
[2026-07-23T13:38:15Z] [viz-checker] Vérification des dashboards down...
[2026-07-23T13:38:15Z] [viz-checker] ✗ Monitoring (Chart.js) (:8081) — DOWN
[2026-07-23T13:38:15Z] [viz-checker] ✗ Wiki D3.js (:8082) — DOWN
[2026-07-23T13:38:15Z] [viz-checker] ✗ RAG Search (:8083) — DOWN
[2026-07-23T13:38:15Z] [viz-checker] Canal: dashboard:down | Source: adam-doctor
[2026-07-23T13:38:15Z] [viz-checker] Dashboard ciblé: tous
[2026-07-23T13:38:15Z] [viz-checker] Vérification des dashboards down...
[2026-07-23T13:38:15Z] [viz-checker] ✗ Monitoring (Chart.js) (:8081) — DOWN
[2026-07-23T13:38:15Z] [viz-checker] ✗ Wiki D3.js (:8082) — DOWN
[2026-07-23T13:38:15Z] [viz-checker] ✗ RAG Search (:8083) — DOWN
[2026-07-23T13:38:15Z] [viz-checker] ✓ Adam-Viz 3D (Three.js) (:8084) — UP (0.01s)
[2026-07-23T13:38:15Z] [viz-checker] Vérification terminée
[2026-07-23T13:38:15Z] [viz-checker] ✓ Adam-Viz 3D (Three.js) (:8084) — UP (0.01s)
[2026-07-23T13:38:15Z] [viz-checker] Vérification terminée
[2026-07-23T13:38:15Z] [viz-checker] ✓ Adam-Viz 3D (Three.js) (:8084) — UP (0.01s)
[2026-07-23T13:38:15Z] [viz-checker] Vérification terminée
[2026-07-23T13:42:26Z] [viz-checker] Canal: dashboard:down | Source: hive_cycler
[2026-07-23T13:42:26Z] [viz-checker] Dashboard ciblé: tous
[2026-07-23T13:42:26Z] [viz-checker] Vérification des dashboards down...
[2026-07-23T13:42:26Z] [viz-checker] ✗ Monitoring (Chart.js) (:8081) — DOWN
[2026-07-23T13:42:26Z] [viz-checker] ✗ Wiki D3.js (:8082) — DOWN
[2026-07-23T13:42:26Z] [viz-checker] ✗ RAG Search (:8083) — DOWN
[2026-07-23T13:42:26Z] [viz-checker] ✓ Adam-Viz 3D (Three.js) (:8084) — UP (0.01s)
[2026-07-23T13:42:26Z] [viz-checker] Vérification terminée
[2026-07-23T13:42:32Z] [viz-checker] Canal: dashboard:down | Source: adam-doctor
[2026-07-23T13:42:32Z] [viz-checker] Dashboard ciblé: tous
[2026-07-23T13:42:32Z] [viz-checker] Vérification des dashboards down...
[2026-07-23T13:42:32Z] [viz-checker] ✗ Monitoring (Chart.js) (:8081) — DOWN
[2026-07-23T13:42:32Z] [viz-checker] ✗ Wiki D3.js (:8082) — DOWN
[2026-07-23T13:42:32Z] [viz-checker] ✗ RAG Search (:8083) — DOWN
[2026-07-23T13:42:32Z] [viz-checker] ✓ Adam-Viz 3D (Three.js) (:8084) — UP (0.01s)
[2026-07-23T13:42:32Z] [viz-checker] Vérification terminée
[2026-07-23T13:42:40Z] [viz-checker] Canal: dashboard:down | Source: adam-doctor
[2026-07-23T13:42:40Z] [viz-checker] Dashboard ciblé: tous
[2026-07-23T13:42:40Z] [viz-checker] Vérification des dashboards down...
[2026-07-23T13:42:40Z] [viz-checker] ✗ Monitoring (Chart.js) (:8081) — DOWN
[2026-07-23T13:42:40Z] [viz-checker] ✗ Wiki D3.js (:8082) — DOWN
[2026-07-23T13:42:40Z] [viz-checker] ✗ RAG Search (:8083) — DOWN
[2026-07-23T13:42:40Z] [viz-checker] Canal: dashboard:down | Source: adam-doctor
[2026-07-23T13:42:40Z] [viz-checker] Dashboard ciblé: tous
[2026-07-23T13:42:40Z] [viz-checker] Vérification des dashboards down...
[2026-07-23T13:42:40Z] [viz-checker] ✗ Monitoring (Chart.js) (:8081) — DOWN
[2026-07-23T13:42:40Z] [viz-checker] ✗ Wiki D3.js (:8082) — DOWN
[2026-07-23T13:42:40Z] [viz-checker] ✗ RAG Search (:8083) — DOWN
[2026-07-23T13:42:40Z] [viz-checker] ✓ Adam-Viz 3D (Three.js) (:8084) — UP (0.01s)
[2026-07-23T13:42:40Z] [viz-checker] Vérification terminée
[2026-07-23T13:42:40Z] [viz-checker] ✓ Adam-Viz 3D (Three.js) (:8084) — UP (0.01s)
[2026-07-23T13:42:40Z] [viz-checker] Vérification terminée
[2026-07-23T13:46:46Z] [viz-checker] Canal: dashboard:down | Source: hive_cycler
[2026-07-23T13:46:46Z] [viz-checker] Dashboard ciblé: tous
[2026-07-23T13:46:46Z] [viz-checker] Vérification des dashboards down...
[2026-07-23T13:46:46Z] [viz-checker] ✗ Monitoring (Chart.js) (:8081) — DOWN
[2026-07-23T13:46:46Z] [viz-checker] ✗ Wiki D3.js (:8082) — DOWN
[2026-07-23T13:46:46Z] [viz-checker] ✗ RAG Search (:8083) — DOWN
[2026-07-23T13:46:46Z] [viz-checker] ✓ Adam-Viz 3D (Three.js) (:8084) — UP (0.01s)
[2026-07-23T13:46:46Z] [viz-checker] Vérification terminée
[2026-07-23T13:46:58Z] [viz-checker] Canal: dashboard:down | Source: adam-doctor
[2026-07-23T13:46:58Z] [viz-checker] Dashboard ciblé: tous
[2026-07-23T13:46:58Z] [viz-checker] Vérification des dashboards down...
[2026-07-23T13:46:58Z] [viz-checker] ✗ Monitoring (Chart.js) (:8081) — DOWN
[2026-07-23T13:46:58Z] [viz-checker] ✗ Wiki D3.js (:8082) — DOWN
[2026-07-23T13:46:58Z] [viz-checker] ✗ RAG Search (:8083) — DOWN
[2026-07-23T13:46:58Z] [viz-checker] Canal: dashboard:down | Source: adam-doctor
[2026-07-23T13:46:58Z] [viz-checker] Dashboard ciblé: tous
[2026-07-23T13:46:58Z] [viz-checker] Vérification des dashboards down...
[2026-07-23T13:46:58Z] [viz-checker] ✗ Monitoring (Chart.js) (:8081) — DOWN
[2026-07-23T13:46:58Z] [viz-checker] ✗ Wiki D3.js (:8082) — DOWN
[2026-07-23T13:46:58Z] [viz-checker] ✗ RAG Search (:8083) — DOWN
[2026-07-23T13:46:58Z] [viz-checker] ✓ Adam-Viz 3D (Three.js) (:8084) — UP (0.01s)
[2026-07-23T13:46:58Z] [viz-checker] Vérification terminée
[2026-07-23T13:46:58Z] [viz-checker] ✓ Adam-Viz 3D (Three.js) (:8084) — UP (0.01s)
[2026-07-23T13:46:58Z] [viz-checker] Vérification terminée
[2026-07-23T13:47:02Z] [viz-checker] Canal: dashboard:down | Source: adam-doctor
[2026-07-23T13:47:02Z] [viz-checker] Dashboard ciblé: tous
[2026-07-23T13:47:02Z] [viz-checker] Vérification des dashboards down...
[2026-07-23T13:47:02Z] [viz-checker] ✗ Monitoring (Chart.js) (:8081) — DOWN
[2026-07-23T13:47:02Z] [viz-checker] ✗ Wiki D3.js (:8082) — DOWN
[2026-07-23T13:47:02Z] [viz-checker] ✗ RAG Search (:8083) — DOWN
[2026-07-23T13:47:02Z] [viz-checker] ✓ Adam-Viz 3D (Three.js) (:8084) — UP (0.01s)
[2026-07-23T13:47:02Z] [viz-checker] Vérification terminée
[2026-07-23T13:51:08Z] [viz-checker] Canal: dashboard:down | Source: hive_cycler
[2026-07-23T13:51:08Z] [viz-checker] Dashboard ciblé: tous
[2026-07-23T13:51:08Z] [viz-checker] Vérification des dashboards down...
[2026-07-23T13:51:08Z] [viz-checker] ✗ Monitoring (Chart.js) (:8081) — DOWN
[2026-07-23T13:51:08Z] [viz-checker] ✗ Wiki D3.js (:8082) — DOWN
[2026-07-23T13:51:08Z] [viz-checker] ✗ RAG Search (:8083) — DOWN
[2026-07-23T13:51:08Z] [viz-checker] ✓ Adam-Viz 3D (Three.js) (:8084) — UP (0.01s)
[2026-07-23T13:51:08Z] [viz-checker] Vérification terminée
[2026-07-23T13:51:16Z] [viz-checker] Canal: dashboard:down | Source: adam-doctor
[2026-07-23T13:51:16Z] [viz-checker] Dashboard ciblé: tous
[2026-07-23T13:51:16Z] [viz-checker] Vérification des dashboards down...
[2026-07-23T13:51:16Z] [viz-checker] ✗ Monitoring (Chart.js) (:8081) — DOWN
[2026-07-23T13:51:16Z] [viz-checker] ✗ Wiki D3.js (:8082) — DOWN
[2026-07-23T13:51:16Z] [viz-checker] ✗ RAG Search (:8083) — DOWN
[2026-07-23T13:51:16Z] [viz-checker] ✓ Adam-Viz 3D (Three.js) (:8084) — UP (0.01s)
[2026-07-23T13:51:16Z] [viz-checker] Vérification terminée
[2026-07-23T13:51:22Z] [viz-checker] Canal: dashboard:down | Source: adam-doctor
[2026-07-23T13:51:22Z] [viz-checker] Dashboard ciblé: tous
[2026-07-23T13:51:22Z] [viz-checker] Vérification des dashboards down...
[2026-07-23T13:51:22Z] [viz-checker] ✗ Monitoring (Chart.js) (:8081) — DOWN
[2026-07-23T13:51:22Z] [viz-checker] ✗ Wiki D3.js (:8082) — DOWN
[2026-07-23T13:51:22Z] [viz-checker] ✗ RAG Search (:8083) — DOWN
[2026-07-23T13:51:22Z] [viz-checker] Canal: dashboard:down | Source: adam-doctor
[2026-07-23T13:51:22Z] [viz-checker] Dashboard ciblé: tous
[2026-07-23T13:51:22Z] [viz-checker] Vérification des dashboards down...
[2026-07-23T13:51:22Z] [viz-checker] ✗ Monitoring (Chart.js) (:8081) — DOWN
[2026-07-23T13:51:22Z] [viz-checker] ✗ Wiki D3.js (:8082) — DOWN
[2026-07-23T13:51:22Z] [viz-checker] ✗ RAG Search (:8083) — DOWN
[2026-07-23T13:51:22Z] [viz-checker] ✓ Adam-Viz 3D (Three.js) (:8084) — UP (0.01s)
[2026-07-23T13:51:22Z] [viz-checker] Vérification terminée
[2026-07-23T13:51:22Z] [viz-checker] ✓ Adam-Viz 3D (Three.js) (:8084) — UP (0.01s)
[2026-07-23T13:51:22Z] [viz-checker] Vérification terminée
[2026-07-23T13:55:30Z] [viz-checker] Canal: dashboard:down | Source: hive_cycler
[2026-07-23T13:55:30Z] [viz-checker] Dashboard ciblé: tous
[2026-07-23T13:55:30Z] [viz-checker] Vérification des dashboards down...
[2026-07-23T13:55:30Z] [viz-checker] ✗ Monitoring (Chart.js) (:8081) — DOWN
[2026-07-23T13:55:30Z] [viz-checker] ✗ Wiki D3.js (:8082) — DOWN
[2026-07-23T13:55:30Z] [viz-checker] ✗ RAG Search (:8083) — DOWN
[2026-07-23T13:55:30Z] [viz-checker] ✓ Adam-Viz 3D (Three.js) (:8084) — UP (0.01s)
[2026-07-23T13:55:30Z] [viz-checker] Vérification terminée
[2026-07-23T13:55:36Z] [viz-checker] Canal: dashboard:down | Source: adam-doctor
[2026-07-23T13:55:36Z] [viz-checker] Dashboard ciblé: tous
[2026-07-23T13:55:36Z] [viz-checker] Vérification des dashboards down...
[2026-07-23T13:55:36Z] [viz-checker] ✗ Monitoring (Chart.js) (:8081) — DOWN
[2026-07-23T13:55:36Z] [viz-checker] ✗ Wiki D3.js (:8082) — DOWN
[2026-07-23T13:55:36Z] [viz-checker] ✗ RAG Search (:8083) — DOWN
[2026-07-23T13:55:36Z] [viz-checker] ✓ Adam-Viz 3D (Three.js) (:8084) — UP (0.01s)
[2026-07-23T13:55:36Z] [viz-checker] Vérification terminée
[2026-07-23T13:55:42Z] [viz-checker] Canal: dashboard:down | Source: adam-doctor
[2026-07-23T13:55:42Z] [viz-checker] Dashboard ciblé: tous
[2026-07-23T13:55:42Z] [viz-checker] Vérification des dashboards down...
[2026-07-23T13:55:42Z] [viz-checker] ✗ Monitoring (Chart.js) (:8081) — DOWN
[2026-07-23T13:55:42Z] [viz-checker] ✗ Wiki D3.js (:8082) — DOWN
[2026-07-23T13:55:42Z] [viz-checker] ✗ RAG Search (:8083) — DOWN
[2026-07-23T13:55:42Z] [viz-checker] Canal: dashboard:down | Source: adam-doctor
[2026-07-23T13:55:42Z] [viz-checker] Dashboard ciblé: tous
[2026-07-23T13:55:42Z] [viz-checker] Vérification des dashboards down...
[2026-07-23T13:55:42Z] [viz-checker] ✗ Monitoring (Chart.js) (:8081) — DOWN
[2026-07-23T13:55:42Z] [viz-checker] ✗ Wiki D3.js (:8082) — DOWN
[2026-07-23T13:55:42Z] [viz-checker] ✗ RAG Search (:8083) — DOWN
[2026-07-23T13:55:42Z] [viz-checker] ✓ Adam-Viz 3D (Three.js) (:8084) — UP (0.01s)
[2026-07-23T13:55:42Z] [viz-checker] Vérification terminée
[2026-07-23T13:55:42Z] [viz-checker] ✓ Adam-Viz 3D (Three.js) (:8084) — UP (0.01s)
[2026-07-23T13:55:42Z] [viz-checker] Vérification terminée
[2026-07-23T13:59:50Z] [viz-checker] Canal: dashboard:down | Source: hive_cycler
[2026-07-23T13:59:50Z] [viz-checker] Dashboard ciblé: tous
[2026-07-23T13:59:50Z] [viz-checker] Vérification des dashboards down...
[2026-07-23T13:59:50Z] [viz-checker] ✗ Monitoring (Chart.js) (:8081) — DOWN
[2026-07-23T13:59:50Z] [viz-checker] ✗ Wiki D3.js (:8082) — DOWN
[2026-07-23T13:59:50Z] [viz-checker] ✗ RAG Search (:8083) — DOWN
[2026-07-23T13:59:50Z] [viz-checker] ✓ Adam-Viz 3D (Three.js) (:8084) — UP (0.01s)
[2026-07-23T13:59:50Z] [viz-checker] Vérification terminée
[2026-07-23T13:59:58Z] [viz-checker] Canal: dashboard:down | Source: adam-doctor
[2026-07-23T13:59:58Z] [viz-checker] Dashboard ciblé: tous
[2026-07-23T13:59:58Z] [viz-checker] Vérification des dashboards down...
[2026-07-23T13:59:58Z] [viz-checker] ✗ Monitoring (Chart.js) (:8081) — DOWN
[2026-07-23T13:59:58Z] [viz-checker] ✗ Wiki D3.js (:8082) — DOWN
[2026-07-23T13:59:58Z] [viz-checker] ✗ RAG Search (:8083) — DOWN
[2026-07-23T13:59:58Z] [viz-checker] ✓ Adam-Viz 3D (Three.js) (:8084) — UP (0.01s)
[2026-07-23T13:59:58Z] [viz-checker] Vérification terminée
[2026-07-23T14:00:04Z] [viz-checker] Canal: dashboard:down | Source: adam-doctor
[2026-07-23T14:00:04Z] [viz-checker] Dashboard ciblé: tous
[2026-07-23T14:00:04Z] [viz-checker] Vérification des dashboards down...
[2026-07-23T14:00:04Z] [viz-checker] ✗ Monitoring (Chart.js) (:8081) — DOWN
[2026-07-23T14:00:04Z] [viz-checker] ✗ Wiki D3.js (:8082) — DOWN
[2026-07-23T14:00:04Z] [viz-checker] ✗ RAG Search (:8083) — DOWN
[2026-07-23T14:00:04Z] [viz-checker] Canal: dashboard:down | Source: adam-doctor
[2026-07-23T14:00:04Z] [viz-checker] Dashboard ciblé: tous
[2026-07-23T14:00:04Z] [viz-checker] Vérification des dashboards down...
[2026-07-23T14:00:04Z] [viz-checker] ✗ Monitoring (Chart.js) (:8081) — DOWN
[2026-07-23T14:00:04Z] [viz-checker] ✗ Wiki D3.js (:8082) — DOWN
[2026-07-23T14:00:04Z] [viz-checker] ✗ RAG Search (:8083) — DOWN
[2026-07-23T14:00:04Z] [viz-checker] ✓ Adam-Viz 3D (Three.js) (:8084) — UP (0.01s)
[2026-07-23T14:00:04Z] [viz-checker] Vérification terminée
[2026-07-23T14:00:04Z] [viz-checker] ✓ Adam-Viz 3D (Three.js) (:8084) — UP (0.01s)
[2026-07-23T14:00:04Z] [viz-checker] Vérification terminée
[2026-07-23T14:04:12Z] [viz-checker] Canal: dashboard:down | Source: hive_cycler
[2026-07-23T14:04:12Z] [viz-checker] Dashboard ciblé: tous
[2026-07-23T14:04:12Z] [viz-checker] Vérification des dashboards down...
[2026-07-23T14:04:12Z] [viz-checker] ✗ Monitoring (Chart.js) (:8081) — DOWN
[2026-07-23T14:04:12Z] [viz-checker] ✗ Wiki D3.js (:8082) — DOWN
[2026-07-23T14:04:12Z] [viz-checker] ✗ RAG Search (:8083) — DOWN
[2026-07-23T14:04:12Z] [viz-checker] ✓ Adam-Viz 3D (Three.js) (:8084) — UP (0.01s)
[2026-07-23T14:04:12Z] [viz-checker] Vérification terminée
[2026-07-23T14:04:18Z] [viz-checker] Canal: dashboard:down | Source: adam-doctor
[2026-07-23T14:04:18Z] [viz-checker] Dashboard ciblé: tous
[2026-07-23T14:04:18Z] [viz-checker] Vérification des dashboards down...
[2026-07-23T14:04:18Z] [viz-checker] ✗ Monitoring (Chart.js) (:8081) — DOWN
[2026-07-23T14:04:18Z] [viz-checker] ✗ Wiki D3.js (:8082) — DOWN
[2026-07-23T14:04:18Z] [viz-checker] ✗ RAG Search (:8083) — DOWN
[2026-07-23T14:04:18Z] [viz-checker] ✓ Adam-Viz 3D (Three.js) (:8084) — UP (0.01s)
[2026-07-23T14:04:18Z] [viz-checker] Vérification terminée
[2026-07-23T14:04:24Z] [viz-checker] Canal: dashboard:down | Source: adam-doctor
[2026-07-23T14:04:24Z] [viz-checker] Dashboard ciblé: tous
[2026-07-23T14:04:24Z] [viz-checker] Vérification des dashboards down...
[2026-07-23T14:04:24Z] [viz-checker] ✗ Monitoring (Chart.js) (:8081) — DOWN
[2026-07-23T14:04:24Z] [viz-checker] ✗ Wiki D3.js (:8082) — DOWN
[2026-07-23T14:04:24Z] [viz-checker] ✗ RAG Search (:8083) — DOWN
[2026-07-23T14:04:24Z] [viz-checker] Canal: dashboard:down | Source: adam-doctor
[2026-07-23T14:04:24Z] [viz-checker] Dashboard ciblé: tous
[2026-07-23T14:04:24Z] [viz-checker] Vérification des dashboards down...
[2026-07-23T14:04:24Z] [viz-checker] ✗ Monitoring (Chart.js) (:8081) — DOWN
[2026-07-23T14:04:24Z] [viz-checker] ✗ Wiki D3.js (:8082) — DOWN
[2026-07-23T14:04:24Z] [viz-checker] ✗ RAG Search (:8083) — DOWN
[2026-07-23T14:04:24Z] [viz-checker] ✓ Adam-Viz 3D (Three.js) (:8084) — UP (0.01s)
[2026-07-23T14:04:24Z] [viz-checker] Vérification terminée
[2026-07-23T14:04:24Z] [viz-checker] ✓ Adam-Viz 3D (Three.js) (:8084) — UP (0.01s)
[2026-07-23T14:04:24Z] [viz-checker] Vérification terminée
[2026-07-23T14:08:30Z] [viz-checker] Canal: dashboard:down | Source: hive_cycler
[2026-07-23T14:08:30Z] [viz-checker] Dashboard ciblé: tous
[2026-07-23T14:08:30Z] [viz-checker] Vérification des dashboards down...
[2026-07-23T14:08:30Z] [viz-checker] ✗ Monitoring (Chart.js) (:8081) — DOWN
[2026-07-23T14:08:30Z] [viz-checker] ✗ Wiki D3.js (:8082) — DOWN
[2026-07-23T14:08:30Z] [viz-checker] ✗ RAG Search (:8083) — DOWN
[2026-07-23T14:08:30Z] [viz-checker] ✓ Adam-Viz 3D (Three.js) (:8084) — UP (0.01s)
[2026-07-23T14:08:30Z] [viz-checker] Vérification terminée
[2026-07-23T14:08:44Z] [viz-checker] Canal: dashboard:down | Source: adam-doctor
[2026-07-23T14:08:44Z] [viz-checker] Dashboard ciblé: tous
[2026-07-23T14:08:44Z] [viz-checker] Vérification des dashboards down...
[2026-07-23T14:08:44Z] [viz-checker] ✗ Monitoring (Chart.js) (:8081) — DOWN
[2026-07-23T14:08:44Z] [viz-checker] ✗ Wiki D3.js (:8082) — DOWN
[2026-07-23T14:08:44Z] [viz-checker] ✗ RAG Search (:8083) — DOWN
[2026-07-23T14:08:44Z] [viz-checker] Canal: dashboard:down | Source: adam-doctor
[2026-07-23T14:08:44Z] [viz-checker] Dashboard ciblé: tous
[2026-07-23T14:08:44Z] [viz-checker] Vérification des dashboards down...
[2026-07-23T14:08:44Z] [viz-checker] ✗ Monitoring (Chart.js) (:8081) — DOWN
[2026-07-23T14:08:44Z] [viz-checker] ✗ Wiki D3.js (:8082) — DOWN
[2026-07-23T14:08:44Z] [viz-checker] ✗ RAG Search (:8083) — DOWN
[2026-07-23T14:08:44Z] [viz-checker] Canal: dashboard:down | Source: adam-doctor
[2026-07-23T14:08:44Z] [viz-checker] Dashboard ciblé: tous
[2026-07-23T14:08:44Z] [viz-checker] Vérification des dashboards down...
[2026-07-23T14:08:44Z] [viz-checker] ✗ Monitoring (Chart.js) (:8081) — DOWN
[2026-07-23T14:08:44Z] [viz-checker] ✗ Wiki D3.js (:8082) — DOWN
[2026-07-23T14:08:44Z] [viz-checker] ✗ RAG Search (:8083) — DOWN
[2026-07-23T14:08:44Z] [viz-checker] ✓ Adam-Viz 3D (Three.js) (:8084) — UP (0.01s)
[2026-07-23T14:08:44Z] [viz-checker] Vérification terminée
[2026-07-23T14:08:44Z] [viz-checker] ✓ Adam-Viz 3D (Three.js) (:8084) — UP (0.01s)
[2026-07-23T14:08:44Z] [viz-checker] Vérification terminée
[2026-07-23T14:08:44Z] [viz-checker] ✓ Adam-Viz 3D (Three.js) (:8084) — UP (0.01s)
[2026-07-23T14:08:44Z] [viz-checker] Vérification terminée
[2026-07-23T14:12:54Z] [viz-checker] Canal: dashboard:down | Source: hive_cycler
[2026-07-23T14:12:54Z] [viz-checker] Dashboard ciblé: tous
[2026-07-23T14:12:54Z] [viz-checker] Vérification des dashboards down...
[2026-07-23T14:12:54Z] [viz-checker] ✗ Monitoring (Chart.js) (:8081) — DOWN
[2026-07-23T14:12:54Z] [viz-checker] ✗ Wiki D3.js (:8082) — DOWN
[2026-07-23T14:12:54Z] [viz-checker] ✗ RAG Search (:8083) — DOWN
[2026-07-23T14:12:54Z] [viz-checker] ✓ Adam-Viz 3D (Three.js) (:8084) — UP (0.01s)
[2026-07-23T14:12:54Z] [viz-checker] Vérification terminée
[2026-07-23T14:13:00Z] [viz-checker] Canal: dashboard:down | Source: adam-doctor
[2026-07-23T14:13:00Z] [viz-checker] Dashboard ciblé: tous
[2026-07-23T14:13:00Z] [viz-checker] Vérification des dashboards down...
[2026-07-23T14:13:00Z] [viz-checker] ✗ Monitoring (Chart.js) (:8081) — DOWN
[2026-07-23T14:13:00Z] [viz-checker] ✗ Wiki D3.js (:8082) — DOWN
[2026-07-23T14:13:00Z] [viz-checker] ✗ RAG Search (:8083) — DOWN
[2026-07-23T14:13:00Z] [viz-checker] ✓ Adam-Viz 3D (Three.js) (:8084) — UP (0.01s)
[2026-07-23T14:13:00Z] [viz-checker] Vérification terminée
[2026-07-23T14:13:08Z] [viz-checker] Canal: dashboard:down | Source: adam-doctor
[2026-07-23T14:13:08Z] [viz-checker] Dashboard ciblé: tous
[2026-07-23T14:13:08Z] [viz-checker] Vérification des dashboards down...
[2026-07-23T14:13:08Z] [viz-checker] ✗ Monitoring (Chart.js) (:8081) — DOWN
[2026-07-23T14:13:08Z] [viz-checker] ✗ Wiki D3.js (:8082) — DOWN
[2026-07-23T14:13:08Z] [viz-checker] ✗ RAG Search (:8083) — DOWN
[2026-07-23T14:13:08Z] [viz-checker] Canal: dashboard:down | Source: adam-doctor
[2026-07-23T14:13:08Z] [viz-checker] Dashboard ciblé: tous
[2026-07-23T14:13:08Z] [viz-checker] Vérification des dashboards down...
[2026-07-23T14:13:08Z] [viz-checker] ✗ Monitoring (Chart.js) (:8081) — DOWN
[2026-07-23T14:13:08Z] [viz-checker] ✗ Wiki D3.js (:8082) — DOWN
[2026-07-23T14:13:08Z] [viz-checker] ✗ RAG Search (:8083) — DOWN
[2026-07-23T14:13:08Z] [viz-checker] ✓ Adam-Viz 3D (Three.js) (:8084) — UP (0.01s)
[2026-07-23T14:13:08Z] [viz-checker] Vérification terminée
[2026-07-23T14:13:08Z] [viz-checker] ✓ Adam-Viz 3D (Three.js) (:8084) — UP (0.01s)
[2026-07-23T14:13:08Z] [viz-checker] Vérification terminée
[2026-07-23T14:17:12Z] [viz-checker] Canal: dashboard:down | Source: hive_cycler
[2026-07-23T14:17:12Z] [viz-checker] Dashboard ciblé: tous
[2026-07-23T14:17:12Z] [viz-checker] Vérification des dashboards down...
[2026-07-23T14:17:12Z] [viz-checker] ✗ Monitoring (Chart.js) (:8081) — DOWN
[2026-07-23T14:17:12Z] [viz-checker] ✗ Wiki D3.js (:8082) — DOWN
[2026-07-23T14:17:12Z] [viz-checker] ✗ RAG Search (:8083) — DOWN
[2026-07-23T14:17:12Z] [viz-checker] ✓ Adam-Viz 3D (Three.js) (:8084) — UP (0.01s)
[2026-07-23T14:17:12Z] [viz-checker] Vérification terminée
[2026-07-23T14:17:26Z] [viz-checker] Canal: dashboard:down | Source: adam-doctor
[2026-07-23T14:17:26Z] [viz-checker] Dashboard ciblé: tous
[2026-07-23T14:17:26Z] [viz-checker] Vérification des dashboards down...
[2026-07-23T14:17:26Z] [viz-checker] ✗ Monitoring (Chart.js) (:8081) — DOWN
[2026-07-23T14:17:26Z] [viz-checker] ✗ Wiki D3.js (:8082) — DOWN
[2026-07-23T14:17:26Z] [viz-checker] ✗ RAG Search (:8083) — DOWN
[2026-07-23T14:17:26Z] [viz-checker] Canal: dashboard:down | Source: adam-doctor
[2026-07-23T14:17:26Z] [viz-checker] Dashboard ciblé: tous
[2026-07-23T14:17:26Z] [viz-checker] Vérification des dashboards down...
[2026-07-23T14:17:26Z] [viz-checker] ✗ Monitoring (Chart.js) (:8081) — DOWN
[2026-07-23T14:17:26Z] [viz-checker] ✗ Wiki D3.js (:8082) — DOWN
[2026-07-23T14:17:26Z] [viz-checker] Canal: dashboard:down | Source: adam-doctor
[2026-07-23T14:17:26Z] [viz-checker] ✗ RAG Search (:8083) — DOWN
[2026-07-23T14:17:26Z] [viz-checker] Dashboard ciblé: tous
[2026-07-23T14:17:26Z] [viz-checker] Vérification des dashboards down...
[2026-07-23T14:17:26Z] [viz-checker] ✗ Monitoring (Chart.js) (:8081) — DOWN
[2026-07-23T14:17:26Z] [viz-checker] ✗ Wiki D3.js (:8082) — DOWN
[2026-07-23T14:17:26Z] [viz-checker] ✗ RAG Search (:8083) — DOWN
[2026-07-23T14:17:26Z] [viz-checker] ✓ Adam-Viz 3D (Three.js) (:8084) — UP (0.01s)
[2026-07-23T14:17:26Z] [viz-checker] Vérification terminée
[2026-07-23T14:17:26Z] [viz-checker] ✓ Adam-Viz 3D (Three.js) (:8084) — UP (0.01s)
[2026-07-23T14:17:26Z] [viz-checker] Vérification terminée
[2026-07-23T14:17:26Z] [viz-checker] ✓ Adam-Viz 3D (Three.js) (:8084) — UP (0.01s)
[2026-07-23T14:17:26Z] [viz-checker] Vérification terminée
[2026-07-23T14:21:36Z] [viz-checker] Canal: dashboard:down | Source: hive_cycler
[2026-07-23T14:21:36Z] [viz-checker] Dashboard ciblé: tous
[2026-07-23T14:21:36Z] [viz-checker] Vérification des dashboards down...
[2026-07-23T14:21:36Z] [viz-checker] ✗ Monitoring (Chart.js) (:8081) — DOWN
[2026-07-23T14:21:36Z] [viz-checker] ✗ Wiki D3.js (:8082) — DOWN
[2026-07-23T14:21:36Z] [viz-checker] ✗ RAG Search (:8083) — DOWN
[2026-07-23T14:21:36Z] [viz-checker] ✓ Adam-Viz 3D (Three.js) (:8084) — UP (0.01s)
[2026-07-23T14:21:36Z] [viz-checker] Vérification terminée
[2026-07-23T14:21:42Z] [viz-checker] Canal: dashboard:down | Source: adam-doctor
[2026-07-23T14:21:42Z] [viz-checker] Dashboard ciblé: tous
[2026-07-23T14:21:42Z] [viz-checker] Vérification des dashboards down...
[2026-07-23T14:21:42Z] [viz-checker] ✗ Monitoring (Chart.js) (:8081) — DOWN
[2026-07-23T14:21:42Z] [viz-checker] ✗ Wiki D3.js (:8082) — DOWN
[2026-07-23T14:21:42Z] [viz-checker] ✗ RAG Search (:8083) — DOWN
[2026-07-23T14:21:42Z] [viz-checker] ✓ Adam-Viz 3D (Three.js) (:8084) — UP (0.01s)
[2026-07-23T14:21:42Z] [viz-checker] Vérification terminée
[2026-07-23T14:21:50Z] [viz-checker] Canal: dashboard:down | Source: adam-doctor
[2026-07-23T14:21:50Z] [viz-checker] Dashboard ciblé: tous
[2026-07-23T14:21:50Z] [viz-checker] Vérification des dashboards down...
[2026-07-23T14:21:50Z] [viz-checker] ✗ Monitoring (Chart.js) (:8081) — DOWN
[2026-07-23T14:21:50Z] [viz-checker] ✗ Wiki D3.js (:8082) — DOWN
[2026-07-23T14:21:50Z] [viz-checker] ✗ RAG Search (:8083) — DOWN
[2026-07-23T14:21:50Z] [viz-checker] Canal: dashboard:down | Source: adam-doctor
[2026-07-23T14:21:50Z] [viz-checker] Dashboard ciblé: tous
[2026-07-23T14:21:50Z] [viz-checker] Vérification des dashboards down...
[2026-07-23T14:21:50Z] [viz-checker] ✗ Monitoring (Chart.js) (:8081) — DOWN
[2026-07-23T14:21:50Z] [viz-checker] ✗ Wiki D3.js (:8082) — DOWN
[2026-07-23T14:21:50Z] [viz-checker] ✗ RAG Search (:8083) — DOWN
[2026-07-23T14:21:50Z] [viz-checker] ✓ Adam-Viz 3D (Three.js) (:8084) — UP (0.01s)
[2026-07-23T14:21:50Z] [viz-checker] Vérification terminée
[2026-07-23T14:21:50Z] [viz-checker] ✓ Adam-Viz 3D (Three.js) (:8084) — UP (0.01s)
[2026-07-23T14:21:50Z] [viz-checker] Vérification terminée
[2026-07-23T14:25:55Z] [viz-checker] Canal: dashboard:down | Source: hive_cycler
[2026-07-23T14:25:55Z] [viz-checker] Dashboard ciblé: tous
[2026-07-23T14:25:55Z] [viz-checker] Vérification des dashboards down...
[2026-07-23T14:25:55Z] [viz-checker] ✗ Monitoring (Chart.js) (:8081) — DOWN
[2026-07-23T14:25:55Z] [viz-checker] ✗ Wiki D3.js (:8082) — DOWN
[2026-07-23T14:25:55Z] [viz-checker] ✗ RAG Search (:8083) — DOWN
[2026-07-23T14:25:55Z] [viz-checker] ✓ Adam-Viz 3D (Three.js) (:8084) — UP (0.01s)
[2026-07-23T14:25:55Z] [viz-checker] Vérification terminée
[2026-07-23T14:26:09Z] [viz-checker] Canal: dashboard:down | Source: adam-doctor
[2026-07-23T14:26:09Z] [viz-checker] Dashboard ciblé: tous
[2026-07-23T14:26:09Z] [viz-checker] Vérification des dashboards down...
[2026-07-23T14:26:09Z] [viz-checker] ✗ Monitoring (Chart.js) (:8081) — DOWN
[2026-07-23T14:26:09Z] [viz-checker] ✗ Wiki D3.js (:8082) — DOWN
[2026-07-23T14:26:09Z] [viz-checker] ✗ RAG Search (:8083) — DOWN
[2026-07-23T14:26:09Z] [viz-checker] Canal: dashboard:down | Source: adam-doctor
[2026-07-23T14:26:09Z] [viz-checker] Dashboard ciblé: tous
[2026-07-23T14:26:09Z] [viz-checker] Vérification des dashboards down...
[2026-07-23T14:26:09Z] [viz-checker] ✗ Monitoring (Chart.js) (:8081) — DOWN
[2026-07-23T14:26:09Z] [viz-checker] ✗ Wiki D3.js (:8082) — DOWN
[2026-07-23T14:26:09Z] [viz-checker] ✗ RAG Search (:8083) — DOWN
[2026-07-23T14:26:09Z] [viz-checker] Canal: dashboard:down | Source: adam-doctor
[2026-07-23T14:26:09Z] [viz-checker] Dashboard ciblé: tous
[2026-07-23T14:26:09Z] [viz-checker] Vérification des dashboards down...
[2026-07-23T14:26:09Z] [viz-checker] ✗ Monitoring (Chart.js) (:8081) — DOWN
[2026-07-23T14:26:09Z] [viz-checker] ✗ Wiki D3.js (:8082) — DOWN
[2026-07-23T14:26:09Z] [viz-checker] ✗ RAG Search (:8083) — DOWN
[2026-07-23T14:26:09Z] [viz-checker] ✓ Adam-Viz 3D (Three.js) (:8084) — UP (0.01s)
[2026-07-23T14:26:09Z] [viz-checker] Vérification terminée
[2026-07-23T14:26:09Z] [viz-checker] ✓ Adam-Viz 3D (Three.js) (:8084) — UP (0.01s)
[2026-07-23T14:26:09Z] [viz-checker] Vérification terminée
[2026-07-23T14:26:09Z] [viz-checker] ✓ Adam-Viz 3D (Three.js) (:8084) — UP (0.01s)
[2026-07-23T14:26:09Z] [viz-checker] Vérification terminée
[2026-07-23T14:30:19Z] [viz-checker] Canal: dashboard:down | Source: hive_cycler
[2026-07-23T14:30:19Z] [viz-checker] Dashboard ciblé: tous
[2026-07-23T14:30:19Z] [viz-checker] Vérification des dashboards down...
[2026-07-23T14:30:19Z] [viz-checker] ✗ Monitoring (Chart.js) (:8081) — DOWN
[2026-07-23T14:30:19Z] [viz-checker] ✗ Wiki D3.js (:8082) — DOWN
[2026-07-23T14:30:19Z] [viz-checker] ✗ RAG Search (:8083) — DOWN
[2026-07-23T14:30:19Z] [viz-checker] ✓ Adam-Viz 3D (Three.js) (:8084) — UP (0.01s)
[2026-07-23T14:30:19Z] [viz-checker] Vérification terminée
[2026-07-23T14:30:25Z] [viz-checker] Canal: dashboard:down | Source: adam-doctor
[2026-07-23T14:30:25Z] [viz-checker] Dashboard ciblé: tous
[2026-07-23T14:30:25Z] [viz-checker] Vérification des dashboards down...
[2026-07-23T14:30:25Z] [viz-checker] ✗ Monitoring (Chart.js) (:8081) — DOWN
[2026-07-23T14:30:25Z] [viz-checker] ✗ Wiki D3.js (:8082) — DOWN
[2026-07-23T14:30:25Z] [viz-checker] ✗ RAG Search (:8083) — DOWN
[2026-07-23T14:30:25Z] [viz-checker] ✓ Adam-Viz 3D (Three.js) (:8084) — UP (0.01s)
[2026-07-23T14:30:25Z] [viz-checker] Vérification terminée
[2026-07-23T14:30:33Z] [viz-checker] Canal: dashboard:down | Source: adam-doctor
[2026-07-23T14:30:33Z] [viz-checker] Dashboard ciblé: tous
[2026-07-23T14:30:33Z] [viz-checker] Vérification des dashboards down...
[2026-07-23T14:30:33Z] [viz-checker] ✗ Monitoring (Chart.js) (:8081) — DOWN
[2026-07-23T14:30:33Z] [viz-checker] ✗ Wiki D3.js (:8082) — DOWN
[2026-07-23T14:30:33Z] [viz-checker] ✗ RAG Search (:8083) — DOWN
[2026-07-23T14:30:33Z] [viz-checker] Canal: dashboard:down | Source: adam-doctor
[2026-07-23T14:30:33Z] [viz-checker] Dashboard ciblé: tous
[2026-07-23T14:30:33Z] [viz-checker] Vérification des dashboards down...
[2026-07-23T14:30:33Z] [viz-checker] ✗ Monitoring (Chart.js) (:8081) — DOWN
[2026-07-23T14:30:33Z] [viz-checker] ✗ Wiki D3.js (:8082) — DOWN
[2026-07-23T14:30:33Z] [viz-checker] ✗ RAG Search (:8083) — DOWN
[2026-07-23T14:30:33Z] [viz-checker] ✓ Adam-Viz 3D (Three.js) (:8084) — UP (0.01s)
[2026-07-23T14:30:33Z] [viz-checker] Vérification terminée
[2026-07-23T14:30:33Z] [viz-checker] ✓ Adam-Viz 3D (Three.js) (:8084) — UP (0.01s)
[2026-07-23T14:30:33Z] [viz-checker] Vérification terminée
[2026-07-23T14:34:39Z] [viz-checker] Canal: dashboard:down | Source: hive_cycler
[2026-07-23T14:34:39Z] [viz-checker] Dashboard ciblé: tous
[2026-07-23T14:34:39Z] [viz-checker] Vérification des dashboards down...
[2026-07-23T14:34:39Z] [viz-checker] ✗ Monitoring (Chart.js) (:8081) — DOWN
[2026-07-23T14:34:39Z] [viz-checker] ✗ Wiki D3.js (:8082) — DOWN
[2026-07-23T14:34:39Z] [viz-checker] ✗ RAG Search (:8083) — DOWN
[2026-07-23T14:34:39Z] [viz-checker] ✓ Adam-Viz 3D (Three.js) (:8084) — UP (0.01s)
[2026-07-23T14:34:39Z] [viz-checker] Vérification terminée
[2026-07-23T14:34:51Z] [viz-checker] Canal: dashboard:down | Source: adam-doctor
[2026-07-23T14:34:51Z] [viz-checker] Dashboard ciblé: tous
[2026-07-23T14:34:51Z] [viz-checker] Vérification des dashboards down...
[2026-07-23T14:34:51Z] [viz-checker] Canal: dashboard:down | Source: adam-doctor
[2026-07-23T14:34:51Z] [viz-checker] Dashboard ciblé: tous
[2026-07-23T14:34:51Z] [viz-checker] ✗ Monitoring (Chart.js) (:8081) — DOWN
[2026-07-23T14:34:51Z] [viz-checker] Vérification des dashboards down...
[2026-07-23T14:34:51Z] [viz-checker] ✗ Wiki D3.js (:8082) — DOWN
[2026-07-23T14:34:51Z] [viz-checker] ✗ RAG Search (:8083) — DOWN
[2026-07-23T14:34:51Z] [viz-checker] ✗ Monitoring (Chart.js) (:8081) — DOWN
[2026-07-23T14:34:51Z] [viz-checker] ✗ Wiki D3.js (:8082) — DOWN
[2026-07-23T14:34:51Z] [viz-checker] ✗ RAG Search (:8083) — DOWN
[2026-07-23T14:34:51Z] [viz-checker] ✓ Adam-Viz 3D (Three.js) (:8084) — UP (0.01s)
[2026-07-23T14:34:51Z] [viz-checker] Vérification terminée
[2026-07-23T14:34:51Z] [viz-checker] ✓ Adam-Viz 3D (Three.js) (:8084) — UP (0.01s)
[2026-07-23T14:34:51Z] [viz-checker] Vérification terminée
[2026-07-23T14:34:55Z] [viz-checker] Canal: dashboard:down | Source: adam-doctor
[2026-07-23T14:34:55Z] [viz-checker] Dashboard ciblé: tous
[2026-07-23T14:34:55Z] [viz-checker] Vérification des dashboards down...
[2026-07-23T14:34:55Z] [viz-checker] ✗ Monitoring (Chart.js) (:8081) — DOWN
[2026-07-23T14:34:55Z] [viz-checker] ✗ Wiki D3.js (:8082) — DOWN
[2026-07-23T14:34:55Z] [viz-checker] ✗ RAG Search (:8083) — DOWN
[2026-07-23T14:34:55Z] [viz-checker] ✓ Adam-Viz 3D (Three.js) (:8084) — UP (0.01s)
[2026-07-23T14:34:55Z] [viz-checker] Vérification terminée
[2026-07-23T14:39:01Z] [viz-checker] Canal: dashboard:down | Source: hive_cycler
[2026-07-23T14:39:01Z] [viz-checker] Dashboard ciblé: tous
[2026-07-23T14:39:01Z] [viz-checker] Vérification des dashboards down...
[2026-07-23T14:39:01Z] [viz-checker] ✗ Monitoring (Chart.js) (:8081) — DOWN
[2026-07-23T14:39:01Z] [viz-checker] ✗ Wiki D3.js (:8082) — DOWN
[2026-07-23T14:39:01Z] [viz-checker] ✗ RAG Search (:8083) — DOWN
[2026-07-23T14:39:01Z] [viz-checker] ✓ Adam-Viz 3D (Three.js) (:8084) — UP (0.01s)
[2026-07-23T14:39:01Z] [viz-checker] Vérification terminée
[2026-07-23T14:39:09Z] [viz-checker] Canal: dashboard:down | Source: adam-doctor
[2026-07-23T14:39:09Z] [viz-checker] Dashboard ciblé: tous
[2026-07-23T14:39:09Z] [viz-checker] Vérification des dashboards down...
[2026-07-23T14:39:09Z] [viz-checker] ✗ Monitoring (Chart.js) (:8081) — DOWN
[2026-07-23T14:39:09Z] [viz-checker] ✗ Wiki D3.js (:8082) — DOWN
[2026-07-23T14:39:09Z] [viz-checker] ✗ RAG Search (:8083) — DOWN
[2026-07-23T14:39:09Z] [viz-checker] ✓ Adam-Viz 3D (Three.js) (:8084) — UP (0.01s)
[2026-07-23T14:39:09Z] [viz-checker] Vérification terminée
[2026-07-23T14:39:15Z] [viz-checker] Canal: dashboard:down | Source: adam-doctor
[2026-07-23T14:39:15Z] [viz-checker] Dashboard ciblé: tous
[2026-07-23T14:39:15Z] [viz-checker] Vérification des dashboards down...
[2026-07-23T14:39:15Z] [viz-checker] ✗ Monitoring (Chart.js) (:8081) — DOWN
[2026-07-23T14:39:15Z] [viz-checker] ✗ Wiki D3.js (:8082) — DOWN
[2026-07-23T14:39:15Z] [viz-checker] ✗ RAG Search (:8083) — DOWN
[2026-07-23T14:39:15Z] [viz-checker] Canal: dashboard:down | Source: adam-doctor
[2026-07-23T14:39:15Z] [viz-checker] Dashboard ciblé: tous
[2026-07-23T14:39:15Z] [viz-checker] Vérification des dashboards down...
[2026-07-23T14:39:15Z] [viz-checker] ✗ Monitoring (Chart.js) (:8081) — DOWN
[2026-07-23T14:39:15Z] [viz-checker] ✗ Wiki D3.js (:8082) — DOWN
[2026-07-23T14:39:15Z] [viz-checker] ✗ RAG Search (:8083) — DOWN
[2026-07-23T14:39:15Z] [viz-checker] ✓ Adam-Viz 3D (Three.js) (:8084) — UP (0.01s)
[2026-07-23T14:39:15Z] [viz-checker] Vérification terminée
[2026-07-23T14:39:15Z] [viz-checker] ✓ Adam-Viz 3D (Three.js) (:8084) — UP (0.01s)
[2026-07-23T14:39:15Z] [viz-checker] Vérification terminée
[2026-07-23T14:43:23Z] [viz-checker] Canal: dashboard:down | Source: hive_cycler
[2026-07-23T14:43:23Z] [viz-checker] Dashboard ciblé: tous
[2026-07-23T14:43:23Z] [viz-checker] Vérification des dashboards down...
[2026-07-23T14:43:23Z] [viz-checker] ✗ Monitoring (Chart.js) (:8081) — DOWN
[2026-07-23T14:43:23Z] [viz-checker] ✗ Wiki D3.js (:8082) — DOWN
[2026-07-23T14:43:23Z] [viz-checker] ✗ RAG Search (:8083) — DOWN
[2026-07-23T14:43:23Z] [viz-checker] ✓ Adam-Viz 3D (Three.js) (:8084) — UP (0.01s)
[2026-07-23T14:43:23Z] [viz-checker] Vérification terminée
[2026-07-23T14:43:29Z] [viz-checker] Canal: dashboard:down | Source: adam-doctor
[2026-07-23T14:43:29Z] [viz-checker] Dashboard ciblé: tous
[2026-07-23T14:43:29Z] [viz-checker] Vérification des dashboards down...
[2026-07-23T14:43:29Z] [viz-checker] ✗ Monitoring (Chart.js) (:8081) — DOWN
[2026-07-23T14:43:29Z] [viz-checker] ✗ Wiki D3.js (:8082) — DOWN
[2026-07-23T14:43:29Z] [viz-checker] ✗ RAG Search (:8083) — DOWN
[2026-07-23T14:43:29Z] [viz-checker] ✓ Adam-Viz 3D (Three.js) (:8084) — UP (0.01s)
[2026-07-23T14:43:29Z] [viz-checker] Vérification terminée
[2026-07-23T14:43:35Z] [viz-checker] Canal: dashboard:down | Source: adam-doctor
[2026-07-23T14:43:35Z] [viz-checker] Dashboard ciblé: tous
[2026-07-23T14:43:35Z] [viz-checker] Vérification des dashboards down...
[2026-07-23T14:43:35Z] [viz-checker] ✗ Monitoring (Chart.js) (:8081) — DOWN
[2026-07-23T14:43:35Z] [viz-checker] ✗ Wiki D3.js (:8082) — DOWN
[2026-07-23T14:43:35Z] [viz-checker] ✗ RAG Search (:8083) — DOWN
[2026-07-23T14:43:35Z] [viz-checker] Canal: dashboard:down | Source: adam-doctor
[2026-07-23T14:43:35Z] [viz-checker] Dashboard ciblé: tous
[2026-07-23T14:43:35Z] [viz-checker] Vérification des dashboards down...
[2026-07-23T14:43:35Z] [viz-checker] ✗ Monitoring (Chart.js) (:8081) — DOWN
[2026-07-23T14:43:35Z] [viz-checker] ✗ Wiki D3.js (:8082) — DOWN
[2026-07-23T14:43:35Z] [viz-checker] ✗ RAG Search (:8083) — DOWN
[2026-07-23T14:43:35Z] [viz-checker] ✓ Adam-Viz 3D (Three.js) (:8084) — UP (0.01s)
[2026-07-23T14:43:35Z] [viz-checker] Vérification terminée
[2026-07-23T14:43:35Z] [viz-checker] ✓ Adam-Viz 3D (Three.js) (:8084) — UP (0.01s)
[2026-07-23T14:43:35Z] [viz-checker] Vérification terminée
[2026-07-23T14:47:43Z] [viz-checker] Canal: dashboard:down | Source: hive_cycler
[2026-07-23T14:47:43Z] [viz-checker] Dashboard ciblé: tous
[2026-07-23T14:47:43Z] [viz-checker] Vérification des dashboards down...
[2026-07-23T14:47:43Z] [viz-checker] ✗ Monitoring (Chart.js) (:8081) — DOWN
[2026-07-23T14:47:43Z] [viz-checker] ✗ Wiki D3.js (:8082) — DOWN
[2026-07-23T14:47:43Z] [viz-checker] ✗ RAG Search (:8083) — DOWN
[2026-07-23T14:47:43Z] [viz-checker] ✓ Adam-Viz 3D (Three.js) (:8084) — UP (0.01s)
[2026-07-23T14:47:43Z] [viz-checker] Vérification terminée
[2026-07-23T14:47:51Z] [viz-checker] Canal: dashboard:down | Source: adam-doctor
[2026-07-23T14:47:51Z] [viz-checker] Dashboard ciblé: tous
[2026-07-23T14:47:51Z] [viz-checker] Vérification des dashboards down...
[2026-07-23T14:47:51Z] [viz-checker] ✗ Monitoring (Chart.js) (:8081) — DOWN
[2026-07-23T14:47:51Z] [viz-checker] ✗ Wiki D3.js (:8082) — DOWN
[2026-07-23T14:47:51Z] [viz-checker] ✗ RAG Search (:8083) — DOWN
[2026-07-23T14:47:51Z] [viz-checker] ✓ Adam-Viz 3D (Three.js) (:8084) — UP (0.01s)
[2026-07-23T14:47:51Z] [viz-checker] Vérification terminée
[2026-07-23T14:47:57Z] [viz-checker] Canal: dashboard:down | Source: adam-doctor
[2026-07-23T14:47:57Z] [viz-checker] Dashboard ciblé: tous
[2026-07-23T14:47:57Z] [viz-checker] Vérification des dashboards down...
[2026-07-23T14:47:57Z] [viz-checker] ✗ Monitoring (Chart.js) (:8081) — DOWN
[2026-07-23T14:47:57Z] [viz-checker] ✗ Wiki D3.js (:8082) — DOWN
[2026-07-23T14:47:57Z] [viz-checker] ✗ RAG Search (:8083) — DOWN
[2026-07-23T14:47:57Z] [viz-checker] Canal: dashboard:down | Source: adam-doctor
[2026-07-23T14:47:57Z] [viz-checker] Dashboard ciblé: tous
[2026-07-23T14:47:57Z] [viz-checker] Vérification des dashboards down...
[2026-07-23T14:47:57Z] [viz-checker] ✗ Monitoring (Chart.js) (:8081) — DOWN
[2026-07-23T14:47:57Z] [viz-checker] ✗ Wiki D3.js (:8082) — DOWN
[2026-07-23T14:47:57Z] [viz-checker] ✗ RAG Search (:8083) — DOWN
[2026-07-23T14:47:57Z] [viz-checker] ✓ Adam-Viz 3D (Three.js) (:8084) — UP (0.01s)
[2026-07-23T14:47:57Z] [viz-checker] Vérification terminée
[2026-07-23T14:47:57Z] [viz-checker] ✓ Adam-Viz 3D (Three.js) (:8084) — UP (0.01s)
[2026-07-23T14:47:57Z] [viz-checker] Vérification terminée
[2026-07-23T14:52:05Z] [viz-checker] Canal: dashboard:down | Source: hive_cycler
[2026-07-23T14:52:05Z] [viz-checker] Dashboard ciblé: tous
[2026-07-23T14:52:05Z] [viz-checker] Vérification des dashboards down...
[2026-07-23T14:52:05Z] [viz-checker] ✗ Monitoring (Chart.js) (:8081) — DOWN
[2026-07-23T14:52:05Z] [viz-checker] ✗ Wiki D3.js (:8082) — DOWN
[2026-07-23T14:52:05Z] [viz-checker] ✗ RAG Search (:8083) — DOWN
[2026-07-23T14:52:05Z] [viz-checker] ✓ Adam-Viz 3D (Three.js) (:8084) — UP (0.01s)
[2026-07-23T14:52:05Z] [viz-checker] Vérification terminée
[2026-07-23T14:52:11Z] [viz-checker] Canal: dashboard:down | Source: adam-doctor
[2026-07-23T14:52:11Z] [viz-checker] Dashboard ciblé: tous
[2026-07-23T14:52:11Z] [viz-checker] Vérification des dashboards down...
[2026-07-23T14:52:11Z] [viz-checker] ✗ Monitoring (Chart.js) (:8081) — DOWN
[2026-07-23T14:52:11Z] [viz-checker] ✗ Wiki D3.js (:8082) — DOWN
[2026-07-23T14:52:11Z] [viz-checker] ✗ RAG Search (:8083) — DOWN
[2026-07-23T14:52:11Z] [viz-checker] ✓ Adam-Viz 3D (Three.js) (:8084) — UP (0.01s)
[2026-07-23T14:52:11Z] [viz-checker] Vérification terminée
[2026-07-23T14:52:17Z] [viz-checker] Canal: dashboard:down | Source: adam-doctor
[2026-07-23T14:52:17Z] [viz-checker] Dashboard ciblé: tous
[2026-07-23T14:52:17Z] [viz-checker] Vérification des dashboards down...
[2026-07-23T14:52:17Z] [viz-checker] ✗ Monitoring (Chart.js) (:8081) — DOWN
[2026-07-23T14:52:17Z] [viz-checker] ✗ Wiki D3.js (:8082) — DOWN
[2026-07-23T14:52:17Z] [viz-checker] ✗ RAG Search (:8083) — DOWN
[2026-07-23T14:52:17Z] [viz-checker] Canal: dashboard:down | Source: adam-doctor
[2026-07-23T14:52:17Z] [viz-checker] Dashboard ciblé: tous
[2026-07-23T14:52:17Z] [viz-checker] Vérification des dashboards down...
[2026-07-23T14:52:17Z] [viz-checker] ✗ Monitoring (Chart.js) (:8081) — DOWN
[2026-07-23T14:52:17Z] [viz-checker] ✗ Wiki D3.js (:8082) — DOWN
[2026-07-23T14:52:17Z] [viz-checker] ✗ RAG Search (:8083) — DOWN
[2026-07-23T14:52:17Z] [viz-checker] ✓ Adam-Viz 3D (Three.js) (:8084) — UP (0.01s)
[2026-07-23T14:52:17Z] [viz-checker] Vérification terminée
[2026-07-23T14:52:17Z] [viz-checker] ✓ Adam-Viz 3D (Three.js) (:8084) — UP (0.01s)
[2026-07-23T14:52:17Z] [viz-checker] Vérification terminée
[2026-07-23T14:56:23Z] [viz-checker] Canal: dashboard:down | Source: hive_cycler
[2026-07-23T14:56:23Z] [viz-checker] Dashboard ciblé: tous
[2026-07-23T14:56:23Z] [viz-checker] Vérification des dashboards down...
[2026-07-23T14:56:23Z] [viz-checker] ✗ Monitoring (Chart.js) (:8081) — DOWN
[2026-07-23T14:56:23Z] [viz-checker] ✗ Wiki D3.js (:8082) — DOWN
[2026-07-23T14:56:23Z] [viz-checker] ✗ RAG Search (:8083) — DOWN
[2026-07-23T14:56:23Z] [viz-checker] ✓ Adam-Viz 3D (Three.js) (:8084) — UP (0.01s)
[2026-07-23T14:56:23Z] [viz-checker] Vérification terminée
[2026-07-23T14:56:39Z] [viz-checker] Canal: dashboard:down | Source: adam-doctor
[2026-07-23T14:56:39Z] [viz-checker] Dashboard ciblé: tous
[2026-07-23T14:56:39Z] [viz-checker] Vérification des dashboards down...
[2026-07-23T14:56:39Z] [viz-checker] ✗ Monitoring (Chart.js) (:8081) — DOWN
[2026-07-23T14:56:39Z] [viz-checker] ✗ Wiki D3.js (:8082) — DOWN
[2026-07-23T14:56:39Z] [viz-checker] ✗ RAG Search (:8083) — DOWN
[2026-07-23T14:56:39Z] [viz-checker] ✓ Adam-Viz 3D (Three.js) (:8084) — UP (0.01s)
[2026-07-23T14:56:39Z] [viz-checker] Vérification terminée
[2026-07-23T14:56:41Z] [viz-checker] Canal: dashboard:down | Source: adam-doctor
[2026-07-23T14:56:41Z] [viz-checker] Dashboard ciblé: tous
[2026-07-23T14:56:41Z] [viz-checker] Vérification des dashboards down...
[2026-07-23T14:56:41Z] [viz-checker] ✗ Monitoring (Chart.js) (:8081) — DOWN
[2026-07-23T14:56:41Z] [viz-checker] ✗ Wiki D3.js (:8082) — DOWN
[2026-07-23T14:56:41Z] [viz-checker] ✗ RAG Search (:8083) — DOWN
[2026-07-23T14:56:41Z] [viz-checker] Canal: dashboard:down | Source: adam-doctor
[2026-07-23T14:56:41Z] [viz-checker] Dashboard ciblé: tous
[2026-07-23T14:56:41Z] [viz-checker] Vérification des dashboards down...
[2026-07-23T14:56:41Z] [viz-checker] ✗ Monitoring (Chart.js) (:8081) — DOWN
[2026-07-23T14:56:41Z] [viz-checker] ✗ Wiki D3.js (:8082) — DOWN
[2026-07-23T14:56:41Z] [viz-checker] ✗ RAG Search (:8083) — DOWN
[2026-07-23T14:56:41Z] [viz-checker] ✓ Adam-Viz 3D (Three.js) (:8084) — UP (0.01s)
[2026-07-23T14:56:41Z] [viz-checker] Vérification terminée
[2026-07-23T14:56:41Z] [viz-checker] ✓ Adam-Viz 3D (Three.js) (:8084) — UP (0.01s)
[2026-07-23T14:56:41Z] [viz-checker] Vérification terminée
[2026-07-23T15:00:47Z] [viz-checker] Canal: dashboard:down | Source: hive_cycler
[2026-07-23T15:00:47Z] [viz-checker] Dashboard ciblé: tous
[2026-07-23T15:00:47Z] [viz-checker] Vérification des dashboards down...
[2026-07-23T15:00:47Z] [viz-checker] ✗ Monitoring (Chart.js) (:8081) — DOWN
[2026-07-23T15:00:47Z] [viz-checker] ✗ Wiki D3.js (:8082) — DOWN
[2026-07-23T15:00:47Z] [viz-checker] ✗ RAG Search (:8083) — DOWN
[2026-07-23T15:00:48Z] [viz-checker] ✓ Adam-Viz 3D (Three.js) (:8084) — UP (0.01s)
[2026-07-23T15:00:48Z] [viz-checker] Vérification terminée
[2026-07-23T15:00:56Z] [viz-checker] Canal: dashboard:down | Source: adam-doctor
[2026-07-23T15:00:56Z] [viz-checker] Dashboard ciblé: tous
[2026-07-23T15:00:56Z] [viz-checker] Vérification des dashboards down...
[2026-07-23T15:00:56Z] [viz-checker] ✗ Monitoring (Chart.js) (:8081) — DOWN
[2026-07-23T15:00:56Z] [viz-checker] ✗ Wiki D3.js (:8082) — DOWN
[2026-07-23T15:00:56Z] [viz-checker] ✗ RAG Search (:8083) — DOWN
[2026-07-23T15:00:56Z] [viz-checker] ✓ Adam-Viz 3D (Three.js) (:8084) — UP (0.01s)
[2026-07-23T15:00:56Z] [viz-checker] Vérification terminée
[2026-07-23T15:01:02Z] [viz-checker] Canal: dashboard:down | Source: adam-doctor
[2026-07-23T15:01:02Z] [viz-checker] Dashboard ciblé: tous
[2026-07-23T15:01:02Z] [viz-checker] Vérification des dashboards down...
[2026-07-23T15:01:02Z] [viz-checker] ✗ Monitoring (Chart.js) (:8081) — DOWN
[2026-07-23T15:01:02Z] [viz-checker] ✗ Wiki D3.js (:8082) — DOWN
[2026-07-23T15:01:02Z] [viz-checker] ✗ RAG Search (:8083) — DOWN
[2026-07-23T15:01:02Z] [viz-checker] Canal: dashboard:down | Source: adam-doctor
[2026-07-23T15:01:02Z] [viz-checker] Dashboard ciblé: tous
[2026-07-23T15:01:02Z] [viz-checker] Vérification des dashboards down...
[2026-07-23T15:01:02Z] [viz-checker] ✗ Monitoring (Chart.js) (:8081) — DOWN
[2026-07-23T15:01:02Z] [viz-checker] ✗ Wiki D3.js (:8082) — DOWN
[2026-07-23T15:01:02Z] [viz-checker] ✗ RAG Search (:8083) — DOWN
[2026-07-23T15:01:02Z] [viz-checker] ✓ Adam-Viz 3D (Three.js) (:8084) — UP (0.01s)
[2026-07-23T15:01:02Z] [viz-checker] Vérification terminée
[2026-07-23T15:01:02Z] [viz-checker] ✓ Adam-Viz 3D (Three.js) (:8084) — UP (0.01s)
[2026-07-23T15:01:02Z] [viz-checker] Vérification terminée
[2026-07-23T15:05:06Z] [viz-checker] Canal: dashboard:down | Source: hive_cycler
[2026-07-23T15:05:06Z] [viz-checker] Dashboard ciblé: tous
[2026-07-23T15:05:06Z] [viz-checker] Vérification des dashboards down...
[2026-07-23T15:05:06Z] [viz-checker] ✗ Monitoring (Chart.js) (:8081) — DOWN
[2026-07-23T15:05:06Z] [viz-checker] ✗ Wiki D3.js (:8082) — DOWN
[2026-07-23T15:05:06Z] [viz-checker] ✗ RAG Search (:8083) — DOWN
[2026-07-23T15:05:06Z] [viz-checker] ✓ Adam-Viz 3D (Three.js) (:8084) — UP (0.01s)
[2026-07-23T15:05:06Z] [viz-checker] Vérification terminée
[2026-07-23T15:05:20Z] [viz-checker] Canal: dashboard:down | Source: adam-doctor
[2026-07-23T15:05:20Z] [viz-checker] Dashboard ciblé: tous
[2026-07-23T15:05:20Z] [viz-checker] Vérification des dashboards down...
[2026-07-23T15:05:20Z] [viz-checker] ✗ Monitoring (Chart.js) (:8081) — DOWN
[2026-07-23T15:05:20Z] [viz-checker] ✗ Wiki D3.js (:8082) — DOWN
[2026-07-23T15:05:20Z] [viz-checker] ✗ RAG Search (:8083) — DOWN
[2026-07-23T15:05:20Z] [viz-checker] Canal: dashboard:down | Source: adam-doctor
[2026-07-23T15:05:20Z] [viz-checker] Dashboard ciblé: tous
[2026-07-23T15:05:20Z] [viz-checker] Vérification des dashboards down...
[2026-07-23T15:05:20Z] [viz-checker] Canal: dashboard:down | Source: adam-doctor
[2026-07-23T15:05:20Z] [viz-checker] Dashboard ciblé: tous
[2026-07-23T15:05:20Z] [viz-checker] Vérification des dashboards down...
[2026-07-23T15:05:20Z] [viz-checker] ✗ Monitoring (Chart.js) (:8081) — DOWN
[2026-07-23T15:05:20Z] [viz-checker] ✗ Wiki D3.js (:8082) — DOWN
[2026-07-23T15:05:20Z] [viz-checker] ✗ RAG Search (:8083) — DOWN
[2026-07-23T15:05:20Z] [viz-checker] ✗ Monitoring (Chart.js) (:8081) — DOWN
[2026-07-23T15:05:20Z] [viz-checker] ✗ Wiki D3.js (:8082) — DOWN
[2026-07-23T15:05:20Z] [viz-checker] ✗ RAG Search (:8083) — DOWN
[2026-07-23T15:05:20Z] [viz-checker] ✓ Adam-Viz 3D (Three.js) (:8084) — UP (0.01s)
[2026-07-23T15:05:20Z] [viz-checker] Vérification terminée
[2026-07-23T15:05:20Z] [viz-checker] ✓ Adam-Viz 3D (Three.js) (:8084) — UP (0.01s)
[2026-07-23T15:05:20Z] [viz-checker] Vérification terminée
[2026-07-23T15:05:20Z] [viz-checker] ✓ Adam-Viz 3D (Three.js) (:8084) — UP (0.01s)
[2026-07-23T15:05:20Z] [viz-checker] Vérification terminée
[2026-07-23T15:09:30Z] [viz-checker] Canal: dashboard:down | Source: hive_cycler
[2026-07-23T15:09:30Z] [viz-checker] Dashboard ciblé: tous
[2026-07-23T15:09:30Z] [viz-checker] Vérification des dashboards down...
[2026-07-23T15:09:30Z] [viz-checker] ✗ Monitoring (Chart.js) (:8081) — DOWN
[2026-07-23T15:09:30Z] [viz-checker] ✗ Wiki D3.js (:8082) — DOWN
[2026-07-23T15:09:30Z] [viz-checker] ✗ RAG Search (:8083) — DOWN
[2026-07-23T15:09:30Z] [viz-checker] ✓ Adam-Viz 3D (Three.js) (:8084) — UP (0.01s)
[2026-07-23T15:09:30Z] [viz-checker] Vérification terminée
[2026-07-23T15:09:36Z] [viz-checker] Canal: dashboard:down | Source: adam-doctor
[2026-07-23T15:09:36Z] [viz-checker] Dashboard ciblé: tous
[2026-07-23T15:09:36Z] [viz-checker] Vérification des dashboards down...
[2026-07-23T15:09:36Z] [viz-checker] ✗ Monitoring (Chart.js) (:8081) — DOWN
[2026-07-23T15:09:36Z] [viz-checker] ✗ Wiki D3.js (:8082) — DOWN
[2026-07-23T15:09:36Z] [viz-checker] ✗ RAG Search (:8083) — DOWN
[2026-07-23T15:09:36Z] [viz-checker] ✓ Adam-Viz 3D (Three.js) (:8084) — UP (0.01s)
[2026-07-23T15:09:36Z] [viz-checker] Vérification terminée
[2026-07-23T15:09:44Z] [viz-checker] Canal: dashboard:down | Source: adam-doctor
[2026-07-23T15:09:44Z] [viz-checker] Dashboard ciblé: tous
[2026-07-23T15:09:44Z] [viz-checker] Vérification des dashboards down...
[2026-07-23T15:09:44Z] [viz-checker] ✗ Monitoring (Chart.js) (:8081) — DOWN
[2026-07-23T15:09:44Z] [viz-checker] ✗ Wiki D3.js (:8082) — DOWN
[2026-07-23T15:09:44Z] [viz-checker] ✗ RAG Search (:8083) — DOWN
[2026-07-23T15:09:44Z] [viz-checker] Canal: dashboard:down | Source: adam-doctor
[2026-07-23T15:09:44Z] [viz-checker] Dashboard ciblé: tous
[2026-07-23T15:09:44Z] [viz-checker] Vérification des dashboards down...
[2026-07-23T15:09:44Z] [viz-checker] ✗ Monitoring (Chart.js) (:8081) — DOWN
[2026-07-23T15:09:44Z] [viz-checker] ✗ Wiki D3.js (:8082) — DOWN
[2026-07-23T15:09:44Z] [viz-checker] ✗ RAG Search (:8083) — DOWN
[2026-07-23T15:09:44Z] [viz-checker] ✓ Adam-Viz 3D (Three.js) (:8084) — UP (0.01s)
[2026-07-23T15:09:44Z] [viz-checker] Vérification terminée
[2026-07-23T15:09:44Z] [viz-checker] ✓ Adam-Viz 3D (Three.js) (:8084) — UP (0.01s)
[2026-07-23T15:09:44Z] [viz-checker] Vérification terminée
[2026-07-23T15:13:48Z] [viz-checker] Canal: dashboard:down | Source: hive_cycler
[2026-07-23T15:13:48Z] [viz-checker] Dashboard ciblé: tous
[2026-07-23T15:13:48Z] [viz-checker] Vérification des dashboards down...
[2026-07-23T15:13:48Z] [viz-checker] ✗ Monitoring (Chart.js) (:8081) — DOWN
[2026-07-23T15:13:48Z] [viz-checker] ✗ Wiki D3.js (:8082) — DOWN
[2026-07-23T15:13:48Z] [viz-checker] ✗ RAG Search (:8083) — DOWN
[2026-07-23T15:13:48Z] [viz-checker] ✓ Adam-Viz 3D (Three.js) (:8084) — UP (0.01s)
[2026-07-23T15:13:48Z] [viz-checker] Vérification terminée
[2026-07-23T15:14:02Z] [viz-checker] Canal: dashboard:down | Source: adam-doctor
[2026-07-23T15:14:02Z] [viz-checker] Dashboard ciblé: tous
[2026-07-23T15:14:02Z] [viz-checker] Vérification des dashboards down...
[2026-07-23T15:14:02Z] [viz-checker] ✗ Monitoring (Chart.js) (:8081) — DOWN
[2026-07-23T15:14:02Z] [viz-checker] ✗ Wiki D3.js (:8082) — DOWN
[2026-07-23T15:14:02Z] [viz-checker] ✗ RAG Search (:8083) — DOWN
[2026-07-23T15:14:02Z] [viz-checker] Canal: dashboard:down | Source: adam-doctor
[2026-07-23T15:14:02Z] [viz-checker] Dashboard ciblé: tous
[2026-07-23T15:14:02Z] [viz-checker] Vérification des dashboards down...
[2026-07-23T15:14:02Z] [viz-checker] Canal: dashboard:down | Source: adam-doctor
[2026-07-23T15:14:02Z] [viz-checker] Dashboard ciblé: tous
[2026-07-23T15:14:02Z] [viz-checker] ✗ Monitoring (Chart.js) (:8081) — DOWN
[2026-07-23T15:14:02Z] [viz-checker] Vérification des dashboards down...
[2026-07-23T15:14:02Z] [viz-checker] ✗ Wiki D3.js (:8082) — DOWN
[2026-07-23T15:14:02Z] [viz-checker] ✗ RAG Search (:8083) — DOWN
[2026-07-23T15:14:02Z] [viz-checker] ✗ Monitoring (Chart.js) (:8081) — DOWN
[2026-07-23T15:14:02Z] [viz-checker] ✗ Wiki D3.js (:8082) — DOWN
[2026-07-23T15:14:02Z] [viz-checker] ✗ RAG Search (:8083) — DOWN
[2026-07-23T15:14:02Z] [viz-checker] ✓ Adam-Viz 3D (Three.js) (:8084) — UP (0.01s)
[2026-07-23T15:14:02Z] [viz-checker] Vérification terminée
[2026-07-23T15:14:02Z] [viz-checker] ✓ Adam-Viz 3D (Three.js) (:8084) — UP (0.01s)
[2026-07-23T15:14:02Z] [viz-checker] Vérification terminée
[2026-07-23T15:14:02Z] [viz-checker] ✓ Adam-Viz 3D (Three.js) (:8084) — UP (0.01s)
[2026-07-23T15:14:02Z] [viz-checker] Vérification terminée
[2026-07-23T15:18:09Z] [viz-checker] Canal: dashboard:down | Source: hive_cycler
[2026-07-23T15:18:09Z] [viz-checker] Dashboard ciblé: tous
[2026-07-23T15:18:09Z] [viz-checker] Vérification des dashboards down...
[2026-07-23T15:18:09Z] [viz-checker] ✗ Monitoring (Chart.js) (:8081) — DOWN
[2026-07-23T15:18:09Z] [viz-checker] ✗ Wiki D3.js (:8082) — DOWN
[2026-07-23T15:18:09Z] [viz-checker] ✗ RAG Search (:8083) — DOWN
[2026-07-23T15:18:09Z] [viz-checker] ✓ Adam-Viz 3D (Three.js) (:8084) — UP (0.01s)
[2026-07-23T15:18:09Z] [viz-checker] Vérification terminée
[2026-07-23T15:18:18Z] [viz-checker] Canal: dashboard:down | Source: adam-doctor
[2026-07-23T15:18:18Z] [viz-checker] Dashboard ciblé: tous
[2026-07-23T15:18:18Z] [viz-checker] Vérification des dashboards down...
[2026-07-23T15:18:18Z] [viz-checker] ✗ Monitoring (Chart.js) (:8081) — DOWN
[2026-07-23T15:18:18Z] [viz-checker] ✗ Wiki D3.js (:8082) — DOWN
[2026-07-23T15:18:18Z] [viz-checker] ✗ RAG Search (:8083) — DOWN
[2026-07-23T15:18:18Z] [viz-checker] Canal: dashboard:down | Source: adam-doctor
[2026-07-23T15:18:18Z] [viz-checker] Dashboard ciblé: tous
[2026-07-23T15:18:18Z] [viz-checker] Vérification des dashboards down...
[2026-07-23T15:18:18Z] [viz-checker] ✗ Monitoring (Chart.js) (:8081) — DOWN
[2026-07-23T15:18:18Z] [viz-checker] ✗ Wiki D3.js (:8082) — DOWN
[2026-07-23T15:18:18Z] [viz-checker] ✗ RAG Search (:8083) — DOWN
[2026-07-23T15:18:18Z] [viz-checker] ✓ Adam-Viz 3D (Three.js) (:8084) — UP (0.01s)
[2026-07-23T15:18:18Z] [viz-checker] Vérification terminée
[2026-07-23T15:18:18Z] [viz-checker] ✓ Adam-Viz 3D (Three.js) (:8084) — UP (0.01s)
[2026-07-23T15:18:18Z] [viz-checker] Vérification terminée
[2026-07-23T15:18:21Z] [viz-checker] Canal: dashboard:down | Source: adam-doctor
[2026-07-23T15:18:21Z] [viz-checker] Dashboard ciblé: tous
[2026-07-23T15:18:21Z] [viz-checker] Vérification des dashboards down...
[2026-07-23T15:18:21Z] [viz-checker] ✗ Monitoring (Chart.js) (:8081) — DOWN
[2026-07-23T15:18:21Z] [viz-checker] ✗ Wiki D3.js (:8082) — DOWN
[2026-07-23T15:18:21Z] [viz-checker] ✗ RAG Search (:8083) — DOWN
[2026-07-23T15:18:22Z] [viz-checker] ✓ Adam-Viz 3D (Three.js) (:8084) — UP (0.01s)
[2026-07-23T15:18:22Z] [viz-checker] Vérification terminée
[2026-07-23T15:22:34Z] [viz-checker] Canal: dashboard:down | Source: hive_cycler
[2026-07-23T15:22:34Z] [viz-checker] Dashboard ciblé: tous
[2026-07-23T15:22:34Z] [viz-checker] Vérification des dashboards down...
[2026-07-23T15:22:34Z] [viz-checker] ✗ Monitoring (Chart.js) (:8081) — DOWN
[2026-07-23T15:22:34Z] [viz-checker] ✗ Wiki D3.js (:8082) — DOWN
[2026-07-23T15:22:34Z] [viz-checker] ✗ RAG Search (:8083) — DOWN
[2026-07-23T15:22:34Z] [viz-checker] ✓ Adam-Viz 3D (Three.js) (:8084) — UP (0.01s)
[2026-07-23T15:22:34Z] [viz-checker] Vérification terminée
[2026-07-23T15:22:40Z] [viz-checker] Canal: dashboard:down | Source: adam-doctor
[2026-07-23T15:22:40Z] [viz-checker] Dashboard ciblé: tous
[2026-07-23T15:22:40Z] [viz-checker] Vérification des dashboards down...
[2026-07-23T15:22:40Z] [viz-checker] ✗ Monitoring (Chart.js) (:8081) — DOWN
[2026-07-23T15:22:40Z] [viz-checker] ✗ Wiki D3.js (:8082) — DOWN
[2026-07-23T15:22:40Z] [viz-checker] ✗ RAG Search (:8083) — DOWN
[2026-07-23T15:22:40Z] [viz-checker] ✓ Adam-Viz 3D (Three.js) (:8084) — UP (0.01s)
[2026-07-23T15:22:40Z] [viz-checker] Vérification terminée
[2026-07-23T15:22:46Z] [viz-checker] Canal: dashboard:down | Source: adam-doctor
[2026-07-23T15:22:46Z] [viz-checker] Dashboard ciblé: tous
[2026-07-23T15:22:46Z] [viz-checker] Vérification des dashboards down...
[2026-07-23T15:22:46Z] [viz-checker] ✗ Monitoring (Chart.js) (:8081) — DOWN
[2026-07-23T15:22:46Z] [viz-checker] ✗ Wiki D3.js (:8082) — DOWN
[2026-07-23T15:22:46Z] [viz-checker] ✗ RAG Search (:8083) — DOWN
[2026-07-23T15:22:46Z] [viz-checker] Canal: dashboard:down | Source: adam-doctor
[2026-07-23T15:22:46Z] [viz-checker] Dashboard ciblé: tous
[2026-07-23T15:22:46Z] [viz-checker] Vérification des dashboards down...
[2026-07-23T15:22:46Z] [viz-checker] ✗ Monitoring (Chart.js) (:8081) — DOWN
[2026-07-23T15:22:46Z] [viz-checker] ✗ Wiki D3.js (:8082) — DOWN
[2026-07-23T15:22:46Z] [viz-checker] ✗ RAG Search (:8083) — DOWN
[2026-07-23T15:22:46Z] [viz-checker] ✓ Adam-Viz 3D (Three.js) (:8084) — UP (0.01s)
[2026-07-23T15:22:46Z] [viz-checker] Vérification terminée
[2026-07-23T15:22:46Z] [viz-checker] ✓ Adam-Viz 3D (Three.js) (:8084) — UP (0.01s)
[2026-07-23T15:22:46Z] [viz-checker] Vérification terminée
[2026-07-23T15:26:54Z] [viz-checker] Canal: dashboard:down | Source: hive_cycler
[2026-07-23T15:26:54Z] [viz-checker] Dashboard ciblé: tous
[2026-07-23T15:26:54Z] [viz-checker] Vérification des dashboards down...
[2026-07-23T15:26:54Z] [viz-checker] ✗ Monitoring (Chart.js) (:8081) — DOWN
[2026-07-23T15:26:54Z] [viz-checker] ✗ Wiki D3.js (:8082) — DOWN
[2026-07-23T15:26:54Z] [viz-checker] ✗ RAG Search (:8083) — DOWN
[2026-07-23T15:26:54Z] [viz-checker] ✓ Adam-Viz 3D (Three.js) (:8084) — UP (0.01s)
[2026-07-23T15:26:54Z] [viz-checker] Vérification terminée
[2026-07-23T15:27:00Z] [viz-checker] Canal: dashboard:down | Source: adam-doctor
[2026-07-23T15:27:00Z] [viz-checker] Dashboard ciblé: tous
[2026-07-23T15:27:00Z] [viz-checker] Vérification des dashboards down...
[2026-07-23T15:27:00Z] [viz-checker] ✗ Monitoring (Chart.js) (:8081) — DOWN
[2026-07-23T15:27:00Z] [viz-checker] ✗ Wiki D3.js (:8082) — DOWN
[2026-07-23T15:27:00Z] [viz-checker] ✗ RAG Search (:8083) — DOWN
[2026-07-23T15:27:00Z] [viz-checker] ✓ Adam-Viz 3D (Three.js) (:8084) — UP (0.01s)
[2026-07-23T15:27:00Z] [viz-checker] Vérification terminée
[2026-07-23T15:27:08Z] [viz-checker] Canal: dashboard:down | Source: adam-doctor
[2026-07-23T15:27:08Z] [viz-checker] Dashboard ciblé: tous
[2026-07-23T15:27:08Z] [viz-checker] Vérification des dashboards down...
[2026-07-23T15:27:08Z] [viz-checker] ✗ Monitoring (Chart.js) (:8081) — DOWN
[2026-07-23T15:27:08Z] [viz-checker] ✗ Wiki D3.js (:8082) — DOWN
[2026-07-23T15:27:08Z] [viz-checker] ✗ RAG Search (:8083) — DOWN
[2026-07-23T15:27:08Z] [viz-checker] Canal: dashboard:down | Source: adam-doctor
[2026-07-23T15:27:08Z] [viz-checker] Dashboard ciblé: tous
[2026-07-23T15:27:08Z] [viz-checker] Vérification des dashboards down...
[2026-07-23T15:27:08Z] [viz-checker] ✗ Monitoring (Chart.js) (:8081) — DOWN
[2026-07-23T15:27:08Z] [viz-checker] ✗ Wiki D3.js (:8082) — DOWN
[2026-07-23T15:27:08Z] [viz-checker] ✗ RAG Search (:8083) — DOWN
[2026-07-23T15:27:08Z] [viz-checker] ✓ Adam-Viz 3D (Three.js) (:8084) — UP (0.01s)
[2026-07-23T15:27:08Z] [viz-checker] Vérification terminée
[2026-07-23T15:27:08Z] [viz-checker] ✓ Adam-Viz 3D (Three.js) (:8084) — UP (0.01s)
[2026-07-23T15:27:08Z] [viz-checker] Vérification terminée
[2026-07-23T15:31:13Z] [viz-checker] Canal: dashboard:down | Source: hive_cycler
[2026-07-23T15:31:13Z] [viz-checker] Dashboard ciblé: tous
[2026-07-23T15:31:13Z] [viz-checker] Vérification des dashboards down...
[2026-07-23T15:31:13Z] [viz-checker] ✗ Monitoring (Chart.js) (:8081) — DOWN
[2026-07-23T15:31:13Z] [viz-checker] ✗ Wiki D3.js (:8082) — DOWN
[2026-07-23T15:31:13Z] [viz-checker] ✗ RAG Search (:8083) — DOWN
[2026-07-23T15:31:13Z] [viz-checker] ✓ Adam-Viz 3D (Three.js) (:8084) — UP (0.01s)
[2026-07-23T15:31:13Z] [viz-checker] Vérification terminée
[2026-07-23T15:31:27Z] [viz-checker] Canal: dashboard:down | Source: adam-doctor
[2026-07-23T15:31:27Z] [viz-checker] Dashboard ciblé: tous
[2026-07-23T15:31:27Z] [viz-checker] Vérification des dashboards down...
[2026-07-23T15:31:27Z] [viz-checker] ✗ Monitoring (Chart.js) (:8081) — DOWN
[2026-07-23T15:31:27Z] [viz-checker] ✗ Wiki D3.js (:8082) — DOWN
[2026-07-23T15:31:27Z] [viz-checker] ✗ RAG Search (:8083) — DOWN
[2026-07-23T15:31:27Z] [viz-checker] Canal: dashboard:down | Source: adam-doctor
[2026-07-23T15:31:27Z] [viz-checker] Dashboard ciblé: tous
[2026-07-23T15:31:27Z] [viz-checker] Vérification des dashboards down...
[2026-07-23T15:31:27Z] [viz-checker] ✗ Monitoring (Chart.js) (:8081) — DOWN
[2026-07-23T15:31:27Z] [viz-checker] ✗ Wiki D3.js (:8082) — DOWN
[2026-07-23T15:31:27Z] [viz-checker] ✗ RAG Search (:8083) — DOWN
[2026-07-23T15:31:27Z] [viz-checker] Canal: dashboard:down | Source: adam-doctor
[2026-07-23T15:31:27Z] [viz-checker] Dashboard ciblé: tous
[2026-07-23T15:31:27Z] [viz-checker] Vérification des dashboards down...
[2026-07-23T15:31:27Z] [viz-checker] ✗ Monitoring (Chart.js) (:8081) — DOWN
[2026-07-23T15:31:27Z] [viz-checker] ✗ Wiki D3.js (:8082) — DOWN
[2026-07-23T15:31:27Z] [viz-checker] ✗ RAG Search (:8083) — DOWN
[2026-07-23T15:31:27Z] [viz-checker] ✓ Adam-Viz 3D (Three.js) (:8084) — UP (0.01s)
[2026-07-23T15:31:27Z] [viz-checker] Vérification terminée
[2026-07-23T15:31:27Z] [viz-checker] ✓ Adam-Viz 3D (Three.js) (:8084) — UP (0.01s)
[2026-07-23T15:31:27Z] [viz-checker] Vérification terminée
[2026-07-23T15:31:27Z] [viz-checker] ✓ Adam-Viz 3D (Three.js) (:8084) — UP (0.01s)
[2026-07-23T15:31:27Z] [viz-checker] Vérification terminée
[2026-07-23T15:35:37Z] [viz-checker] Canal: dashboard:down | Source: hive_cycler
[2026-07-23T15:35:37Z] [viz-checker] Dashboard ciblé: tous
[2026-07-23T15:35:37Z] [viz-checker] Vérification des dashboards down...
[2026-07-23T15:35:37Z] [viz-checker] ✗ Monitoring (Chart.js) (:8081) — DOWN
[2026-07-23T15:35:37Z] [viz-checker] ✗ Wiki D3.js (:8082) — DOWN
[2026-07-23T15:35:37Z] [viz-checker] ✗ RAG Search (:8083) — DOWN
[2026-07-23T15:35:37Z] [viz-checker] ✓ Adam-Viz 3D (Three.js) (:8084) — UP (0.01s)
[2026-07-23T15:35:37Z] [viz-checker] Vérification terminée
[2026-07-23T15:35:43Z] [viz-checker] Canal: dashboard:down | Source: adam-doctor
[2026-07-23T15:35:43Z] [viz-checker] Dashboard ciblé: tous
[2026-07-23T15:35:43Z] [viz-checker] Vérification des dashboards down...
[2026-07-23T15:35:43Z] [viz-checker] ✗ Monitoring (Chart.js) (:8081) — DOWN
[2026-07-23T15:35:43Z] [viz-checker] ✗ Wiki D3.js (:8082) — DOWN
[2026-07-23T15:35:43Z] [viz-checker] ✗ RAG Search (:8083) — DOWN
[2026-07-23T15:35:43Z] [viz-checker] ✓ Adam-Viz 3D (Three.js) (:8084) — UP (0.01s)
[2026-07-23T15:35:43Z] [viz-checker] Vérification terminée
[2026-07-23T15:35:49Z] [viz-checker] Canal: dashboard:down | Source: adam-doctor
[2026-07-23T15:35:49Z] [viz-checker] Dashboard ciblé: tous
[2026-07-23T15:35:49Z] [viz-checker] Vérification des dashboards down...
[2026-07-23T15:35:49Z] [viz-checker] ✗ Monitoring (Chart.js) (:8081) — DOWN
[2026-07-23T15:35:49Z] [viz-checker] ✗ Wiki D3.js (:8082) — DOWN
[2026-07-23T15:35:49Z] [viz-checker] ✗ RAG Search (:8083) — DOWN
[2026-07-23T15:35:49Z] [viz-checker] ✓ Adam-Viz 3D (Three.js) (:8084) — UP (0.01s)
[2026-07-23T15:35:49Z] [viz-checker] Vérification terminée
[2026-07-23T15:35:53Z] [viz-checker] Canal: dashboard:down | Source: adam-doctor
[2026-07-23T15:35:53Z] [viz-checker] Dashboard ciblé: tous
[2026-07-23T15:35:53Z] [viz-checker] Vérification des dashboards down...
[2026-07-23T15:35:53Z] [viz-checker] ✗ Monitoring (Chart.js) (:8081) — DOWN
[2026-07-23T15:35:53Z] [viz-checker] ✗ Wiki D3.js (:8082) — DOWN
[2026-07-23T15:35:53Z] [viz-checker] ✗ RAG Search (:8083) — DOWN
[2026-07-23T15:35:53Z] [viz-checker] ✓ Adam-Viz 3D (Three.js) (:8084) — UP (0.01s)
[2026-07-23T15:35:53Z] [viz-checker] Vérification terminée
[2026-07-23T15:39:58Z] [viz-checker] Canal: dashboard:down | Source: hive_cycler
[2026-07-23T15:39:58Z] [viz-checker] Dashboard ciblé: tous
[2026-07-23T15:39:58Z] [viz-checker] Vérification des dashboards down...
[2026-07-23T15:39:58Z] [viz-checker] ✗ Monitoring (Chart.js) (:8081) — DOWN
[2026-07-23T15:39:58Z] [viz-checker] ✗ Wiki D3.js (:8082) — DOWN
[2026-07-23T15:39:58Z] [viz-checker] ✗ RAG Search (:8083) — DOWN
[2026-07-23T15:39:58Z] [viz-checker] ✓ Adam-Viz 3D (Three.js) (:8084) — UP (0.01s)
[2026-07-23T15:39:58Z] [viz-checker] Vérification terminée
[2026-07-23T15:40:04Z] [viz-checker] Canal: dashboard:down | Source: adam-doctor
[2026-07-23T15:40:04Z] [viz-checker] Dashboard ciblé: tous
[2026-07-23T15:40:04Z] [viz-checker] Vérification des dashboards down...
[2026-07-23T15:40:04Z] [viz-checker] ✗ Monitoring (Chart.js) (:8081) — DOWN
[2026-07-23T15:40:04Z] [viz-checker] ✗ Wiki D3.js (:8082) — DOWN
[2026-07-23T15:40:04Z] [viz-checker] ✗ RAG Search (:8083) — DOWN
[2026-07-23T15:40:04Z] [viz-checker] ✓ Adam-Viz 3D (Three.js) (:8084) — UP (0.01s)
[2026-07-23T15:40:04Z] [viz-checker] Vérification terminée
[2026-07-23T15:40:12Z] [viz-checker] Canal: dashboard:down | Source: adam-doctor
[2026-07-23T15:40:12Z] [viz-checker] Dashboard ciblé: tous
[2026-07-23T15:40:12Z] [viz-checker] Vérification des dashboards down...
[2026-07-23T15:40:12Z] [viz-checker] ✗ Monitoring (Chart.js) (:8081) — DOWN
[2026-07-23T15:40:12Z] [viz-checker] ✗ Wiki D3.js (:8082) — DOWN
[2026-07-23T15:40:12Z] [viz-checker] ✗ RAG Search (:8083) — DOWN
[2026-07-23T15:40:12Z] [viz-checker] Canal: dashboard:down | Source: adam-doctor
[2026-07-23T15:40:12Z] [viz-checker] Dashboard ciblé: tous
[2026-07-23T15:40:12Z] [viz-checker] Vérification des dashboards down...
[2026-07-23T15:40:12Z] [viz-checker] ✗ Monitoring (Chart.js) (:8081) — DOWN
[2026-07-23T15:40:12Z] [viz-checker] ✗ Wiki D3.js (:8082) — DOWN
[2026-07-23T15:40:12Z] [viz-checker] ✗ RAG Search (:8083) — DOWN
[2026-07-23T15:40:12Z] [viz-checker] ✓ Adam-Viz 3D (Three.js) (:8084) — UP (0.01s)
[2026-07-23T15:40:12Z] [viz-checker] Vérification terminée
[2026-07-23T15:40:12Z] [viz-checker] ✓ Adam-Viz 3D (Three.js) (:8084) — UP (0.01s)
[2026-07-23T15:40:12Z] [viz-checker] Vérification terminée
[2026-07-23T15:44:16Z] [viz-checker] Canal: dashboard:down | Source: hive_cycler
[2026-07-23T15:44:16Z] [viz-checker] Dashboard ciblé: tous
[2026-07-23T15:44:16Z] [viz-checker] Vérification des dashboards down...
[2026-07-23T15:44:16Z] [viz-checker] ✗ Monitoring (Chart.js) (:8081) — DOWN
[2026-07-23T15:44:16Z] [viz-checker] ✗ Wiki D3.js (:8082) — DOWN
[2026-07-23T15:44:16Z] [viz-checker] ✗ RAG Search (:8083) — DOWN
[2026-07-23T15:44:16Z] [viz-checker] ✓ Adam-Viz 3D (Three.js) (:8084) — UP (0.01s)
[2026-07-23T15:44:16Z] [viz-checker] Vérification terminée
[2026-07-23T15:44:30Z] [viz-checker] Canal: dashboard:down | Source: adam-doctor
[2026-07-23T15:44:30Z] [viz-checker] Dashboard ciblé: tous
[2026-07-23T15:44:30Z] [viz-checker] Vérification des dashboards down...
[2026-07-23T15:44:30Z] [viz-checker] ✗ Monitoring (Chart.js) (:8081) — DOWN
[2026-07-23T15:44:30Z] [viz-checker] ✗ Wiki D3.js (:8082) — DOWN
[2026-07-23T15:44:30Z] [viz-checker] ✗ RAG Search (:8083) — DOWN
[2026-07-23T15:44:30Z] [viz-checker] Canal: dashboard:down | Source: adam-doctor
[2026-07-23T15:44:30Z] [viz-checker] Dashboard ciblé: tous
[2026-07-23T15:44:30Z] [viz-checker] Vérification des dashboards down...
[2026-07-23T15:44:30Z] [viz-checker] ✗ Monitoring (Chart.js) (:8081) — DOWN
[2026-07-23T15:44:30Z] [viz-checker] ✗ Wiki D3.js (:8082) — DOWN
[2026-07-23T15:44:30Z] [viz-checker] ✗ RAG Search (:8083) — DOWN
[2026-07-23T15:44:30Z] [viz-checker] Canal: dashboard:down | Source: adam-doctor
[2026-07-23T15:44:30Z] [viz-checker] Dashboard ciblé: tous
[2026-07-23T15:44:30Z] [viz-checker] Vérification des dashboards down...
[2026-07-23T15:44:30Z] [viz-checker] ✗ Monitoring (Chart.js) (:8081) — DOWN
[2026-07-23T15:44:30Z] [viz-checker] ✗ Wiki D3.js (:8082) — DOWN
[2026-07-23T15:44:30Z] [viz-checker] ✗ RAG Search (:8083) — DOWN
[2026-07-23T15:44:30Z] [viz-checker] ✓ Adam-Viz 3D (Three.js) (:8084) — UP (0.01s)
[2026-07-23T15:44:30Z] [viz-checker] Vérification terminée
[2026-07-23T15:44:30Z] [viz-checker] ✓ Adam-Viz 3D (Three.js) (:8084) — UP (0.01s)
[2026-07-23T15:44:30Z] [viz-checker] Vérification terminée
[2026-07-23T15:44:30Z] [viz-checker] ✓ Adam-Viz 3D (Three.js) (:8084) — UP (0.01s)
[2026-07-23T15:44:30Z] [viz-checker] Vérification terminée
[2026-07-23T15:55:04Z] [viz-checker] Canal: dashboard:down | Source: hive_cycler
[2026-07-23T15:55:04Z] [viz-checker] Dashboard ciblé: tous
[2026-07-23T15:55:04Z] [viz-checker] Vérification des dashboards down...
[2026-07-23T15:55:04Z] [viz-checker] ✗ Monitoring (Chart.js) (:8081) — DOWN
[2026-07-23T15:55:04Z] [viz-checker] ✗ Wiki D3.js (:8082) — DOWN
[2026-07-23T15:55:04Z] [viz-checker] ✗ RAG Search (:8083) — DOWN
[2026-07-23T15:55:04Z] [viz-checker] Canal: dashboard:down | Source: hive_cycler
[2026-07-23T15:55:04Z] [viz-checker] Dashboard ciblé: tous
[2026-07-23T15:55:04Z] [viz-checker] Vérification des dashboards down...
[2026-07-23T15:55:04Z] [viz-checker] ✗ Monitoring (Chart.js) (:8081) — DOWN
[2026-07-23T15:55:04Z] [viz-checker] ✗ Wiki D3.js (:8082) — DOWN
[2026-07-23T15:55:04Z] [viz-checker] ✗ RAG Search (:8083) — DOWN
[2026-07-23T15:55:04Z] [viz-checker] ✓ Adam-Viz 3D (Three.js) (:8084) — UP (0.01s)
[2026-07-23T15:55:04Z] [viz-checker] Vérification terminée
[2026-07-23T15:55:04Z] [viz-checker] ✓ Adam-Viz 3D (Three.js) (:8084) — UP (0.01s)
[2026-07-23T15:55:04Z] [viz-checker] Vérification terminée
[2026-07-23T15:55:38Z] [viz-checker] Canal: dashboard:down | Source: adam-doctor
[2026-07-23T15:55:38Z] [viz-checker] Dashboard ciblé: tous
[2026-07-23T15:55:38Z] [viz-checker] Vérification des dashboards down...
[2026-07-23T15:55:38Z] [viz-checker] ✗ Monitoring (Chart.js) (:8081) — DOWN
[2026-07-23T15:55:38Z] [viz-checker] ✗ Wiki D3.js (:8082) — DOWN
[2026-07-23T15:55:38Z] [viz-checker] ✗ RAG Search (:8083) — DOWN
[2026-07-23T15:55:38Z] [viz-checker] Canal: dashboard:down | Source: adam-doctor
[2026-07-23T15:55:38Z] [viz-checker] Dashboard ciblé: tous
[2026-07-23T15:55:38Z] [viz-checker] Vérification des dashboards down...
[2026-07-23T15:55:38Z] [viz-checker] ✗ Monitoring (Chart.js) (:8081) — DOWN
[2026-07-23T15:55:38Z] [viz-checker] ✗ Wiki D3.js (:8082) — DOWN
[2026-07-23T15:55:38Z] [viz-checker] ✗ RAG Search (:8083) — DOWN
[2026-07-23T15:55:38Z] [viz-checker] ✓ Adam-Viz 3D (Three.js) (:8084) — UP (0.01s)
[2026-07-23T15:55:38Z] [viz-checker] Vérification terminée
[2026-07-23T15:55:38Z] [viz-checker] ✓ Adam-Viz 3D (Three.js) (:8084) — UP (0.01s)
[2026-07-23T15:55:38Z] [viz-checker] Vérification terminée
[2026-07-23T15:55:42Z] [viz-checker] Canal: dashboard:down | Source: adam-doctor
[2026-07-23T15:55:42Z] [viz-checker] Dashboard ciblé: tous
[2026-07-23T15:55:42Z] [viz-checker] Vérification des dashboards down...
[2026-07-23T15:55:42Z] [viz-checker] ✗ Monitoring (Chart.js) (:8081) — DOWN
[2026-07-23T15:55:42Z] [viz-checker] ✗ Wiki D3.js (:8082) — DOWN
[2026-07-23T15:55:42Z] [viz-checker] ✗ RAG Search (:8083) — DOWN
[2026-07-23T15:55:42Z] [viz-checker] Canal: dashboard:down | Source: adam-doctor
[2026-07-23T15:55:42Z] [viz-checker] Dashboard ciblé: tous
[2026-07-23T15:55:42Z] [viz-checker] Vérification des dashboards down...
[2026-07-23T15:55:42Z] [viz-checker] ✗ Monitoring (Chart.js) (:8081) — DOWN
[2026-07-23T15:55:42Z] [viz-checker] ✗ Wiki D3.js (:8082) — DOWN
[2026-07-23T15:55:42Z] [viz-checker] ✗ RAG Search (:8083) — DOWN
[2026-07-23T15:55:42Z] [viz-checker] ✓ Adam-Viz 3D (Three.js) (:8084) — UP (0.01s)
[2026-07-23T15:55:42Z] [viz-checker] Vérification terminée
[2026-07-23T15:55:42Z] [viz-checker] ✓ Adam-Viz 3D (Three.js) (:8084) — UP (0.01s)
[2026-07-23T15:55:42Z] [viz-checker] Vérification terminée
[2026-07-23T15:55:46Z] [viz-checker] Canal: dashboard:down | Source: adam-doctor
[2026-07-23T15:55:46Z] [viz-checker] Dashboard ciblé: tous
[2026-07-23T15:55:46Z] [viz-checker] Vérification des dashboards down...
[2026-07-23T15:55:46Z] [viz-checker] ✗ Monitoring (Chart.js) (:8081) — DOWN
[2026-07-23T15:55:46Z] [viz-checker] ✗ Wiki D3.js (:8082) — DOWN
[2026-07-23T15:55:46Z] [viz-checker] ✗ RAG Search (:8083) — DOWN
[2026-07-23T15:55:46Z] [viz-checker] Canal: dashboard:down | Source: adam-doctor
[2026-07-23T15:55:46Z] [viz-checker] Dashboard ciblé: tous
[2026-07-23T15:55:46Z] [viz-checker] Vérification des dashboards down...
[2026-07-23T15:55:46Z] [viz-checker] ✗ Monitoring (Chart.js) (:8081) — DOWN
[2026-07-23T15:55:46Z] [viz-checker] ✗ Wiki D3.js (:8082) — DOWN
[2026-07-23T15:55:46Z] [viz-checker] ✗ RAG Search (:8083) — DOWN
[2026-07-23T15:55:46Z] [viz-checker] ✓ Adam-Viz 3D (Three.js) (:8084) — UP (0.01s)
[2026-07-23T15:55:46Z] [viz-checker] Vérification terminée
[2026-07-23T15:55:46Z] [viz-checker] ✓ Adam-Viz 3D (Three.js) (:8084) — UP (0.01s)
[2026-07-23T15:55:46Z] [viz-checker] Vérification terminée
[2026-07-23T15:57:20Z] [viz-checker] Canal: dashboard:down | Source: hive_cycler
[2026-07-23T15:57:20Z] [viz-checker] Dashboard ciblé: tous
[2026-07-23T15:57:20Z] [viz-checker] Vérification des dashboards down...
[2026-07-23T15:57:20Z] [viz-checker] ✗ Monitoring (Chart.js) (:8081) — DOWN
[2026-07-23T15:57:20Z] [viz-checker] ✗ Wiki D3.js (:8082) — DOWN
[2026-07-23T15:57:20Z] [viz-checker] ✗ RAG Search (:8083) — DOWN
[2026-07-23T15:57:20Z] [viz-checker] ✓ Adam-Viz 3D (Three.js) (:8084) — UP (0.01s)
[2026-07-23T15:57:20Z] [viz-checker] Vérification terminée
[2026-07-23T15:57:34Z] [viz-checker] Canal: dashboard:down | Source: adam-doctor
[2026-07-23T15:57:34Z] [viz-checker] Dashboard ciblé: tous
[2026-07-23T15:57:34Z] [viz-checker] Vérification des dashboards down...
[2026-07-23T15:57:34Z] [viz-checker] Canal: dashboard:down | Source: adam-doctor
[2026-07-23T15:57:34Z] [viz-checker] Dashboard ciblé: tous
[2026-07-23T15:57:34Z] [viz-checker] ✗ Monitoring (Chart.js) (:8081) — DOWN
[2026-07-23T15:57:34Z] [viz-checker] Vérification des dashboards down...
[2026-07-23T15:57:34Z] [viz-checker] ✗ Wiki D3.js (:8082) — DOWN
[2026-07-23T15:57:34Z] [viz-checker] ✗ RAG Search (:8083) — DOWN
[2026-07-23T15:57:34Z] [viz-checker] ✗ Monitoring (Chart.js) (:8081) — DOWN
[2026-07-23T15:57:34Z] [viz-checker] ✗ Wiki D3.js (:8082) — DOWN
[2026-07-23T15:57:34Z] [viz-checker] ✗ RAG Search (:8083) — DOWN
[2026-07-23T15:57:34Z] [viz-checker] Canal: dashboard:down | Source: adam-doctor
[2026-07-23T15:57:34Z] [viz-checker] Dashboard ciblé: tous
[2026-07-23T15:57:34Z] [viz-checker] Vérification des dashboards down...
[2026-07-23T15:57:34Z] [viz-checker] ✗ Monitoring (Chart.js) (:8081) — DOWN
[2026-07-23T15:57:34Z] [viz-checker] ✗ Wiki D3.js (:8082) — DOWN
[2026-07-23T15:57:34Z] [viz-checker] ✗ RAG Search (:8083) — DOWN
[2026-07-23T15:57:34Z] [viz-checker] ✓ Adam-Viz 3D (Three.js) (:8084) — UP (0.01s)
[2026-07-23T15:57:34Z] [viz-checker] Vérification terminée
[2026-07-23T15:57:34Z] [viz-checker] ✓ Adam-Viz 3D (Three.js) (:8084) — UP (0.01s)
[2026-07-23T15:57:34Z] [viz-checker] Vérification terminée
[2026-07-23T15:57:34Z] [viz-checker] ✓ Adam-Viz 3D (Three.js) (:8084) — UP (0.01s)
[2026-07-23T15:57:34Z] [viz-checker] Vérification terminée
[2026-07-23T16:01:45Z] [viz-checker] Canal: dashboard:down | Source: hive_cycler
[2026-07-23T16:01:45Z] [viz-checker] Dashboard ciblé: tous
[2026-07-23T16:01:45Z] [viz-checker] Vérification des dashboards down...
[2026-07-23T16:01:45Z] [viz-checker] ✗ Monitoring (Chart.js) (:8081) — DOWN
[2026-07-23T16:01:45Z] [viz-checker] ✗ Wiki D3.js (:8082) — DOWN
[2026-07-23T16:01:45Z] [viz-checker] ✗ RAG Search (:8083) — DOWN
[2026-07-23T16:01:45Z] [viz-checker] ✓ Adam-Viz 3D (Three.js) (:8084) — UP (0.01s)
[2026-07-23T16:01:45Z] [viz-checker] Vérification terminée
[2026-07-23T16:01:51Z] [viz-checker] Canal: dashboard:down | Source: adam-doctor
[2026-07-23T16:01:51Z] [viz-checker] Dashboard ciblé: tous
[2026-07-23T16:01:51Z] [viz-checker] Vérification des dashboards down...
[2026-07-23T16:01:51Z] [viz-checker] ✗ Monitoring (Chart.js) (:8081) — DOWN
[2026-07-23T16:01:51Z] [viz-checker] ✗ Wiki D3.js (:8082) — DOWN
[2026-07-23T16:01:51Z] [viz-checker] ✗ RAG Search (:8083) — DOWN
[2026-07-23T16:01:51Z] [viz-checker] ✓ Adam-Viz 3D (Three.js) (:8084) — UP (0.01s)
[2026-07-23T16:01:51Z] [viz-checker] Vérification terminée
[2026-07-23T16:01:57Z] [viz-checker] Canal: dashboard:down | Source: adam-doctor
[2026-07-23T16:01:57Z] [viz-checker] Dashboard ciblé: tous
[2026-07-23T16:01:57Z] [viz-checker] Vérification des dashboards down...
[2026-07-23T16:01:57Z] [viz-checker] ✗ Monitoring (Chart.js) (:8081) — DOWN
[2026-07-23T16:01:57Z] [viz-checker] ✗ Wiki D3.js (:8082) — DOWN
[2026-07-23T16:01:57Z] [viz-checker] ✗ RAG Search (:8083) — DOWN
[2026-07-23T16:01:57Z] [viz-checker] Canal: dashboard:down | Source: adam-doctor
[2026-07-23T16:01:57Z] [viz-checker] Dashboard ciblé: tous
[2026-07-23T16:01:57Z] [viz-checker] Vérification des dashboards down...
[2026-07-23T16:01:57Z] [viz-checker] ✗ Monitoring (Chart.js) (:8081) — DOWN
[2026-07-23T16:01:57Z] [viz-checker] ✗ Wiki D3.js (:8082) — DOWN
[2026-07-23T16:01:57Z] [viz-checker] ✗ RAG Search (:8083) — DOWN
[2026-07-23T16:01:57Z] [viz-checker] ✓ Adam-Viz 3D (Three.js) (:8084) — UP (0.01s)
[2026-07-23T16:01:57Z] [viz-checker] Vérification terminée
[2026-07-23T16:01:57Z] [viz-checker] ✓ Adam-Viz 3D (Three.js) (:8084) — UP (0.01s)
[2026-07-23T16:01:57Z] [viz-checker] Vérification terminée
[2026-07-23T16:06:05Z] [viz-checker] Canal: dashboard:down | Source: hive_cycler
[2026-07-23T16:06:05Z] [viz-checker] Dashboard ciblé: tous
[2026-07-23T16:06:05Z] [viz-checker] Vérification des dashboards down...
[2026-07-23T16:06:05Z] [viz-checker] ✗ Monitoring (Chart.js) (:8081) — DOWN
[2026-07-23T16:06:05Z] [viz-checker] ✗ Wiki D3.js (:8082) — DOWN
[2026-07-23T16:06:05Z] [viz-checker] ✗ RAG Search (:8083) — DOWN
[2026-07-23T16:06:05Z] [viz-checker] ✓ Adam-Viz 3D (Three.js) (:8084) — UP (0.01s)
[2026-07-23T16:06:05Z] [viz-checker] Vérification terminée
[2026-07-23T16:06:11Z] [viz-checker] Canal: dashboard:down | Source: adam-doctor
[2026-07-23T16:06:11Z] [viz-checker] Dashboard ciblé: tous
[2026-07-23T16:06:11Z] [viz-checker] Vérification des dashboards down...
[2026-07-23T16:06:11Z] [viz-checker] ✗ Monitoring (Chart.js) (:8081) — DOWN
[2026-07-23T16:06:11Z] [viz-checker] ✗ Wiki D3.js (:8082) — DOWN
[2026-07-23T16:06:11Z] [viz-checker] ✗ RAG Search (:8083) — DOWN
[2026-07-23T16:06:11Z] [viz-checker] ✓ Adam-Viz 3D (Three.js) (:8084) — UP (0.01s)
[2026-07-23T16:06:11Z] [viz-checker] Vérification terminée
[2026-07-23T16:06:19Z] [viz-checker] Canal: dashboard:down | Source: adam-doctor
[2026-07-23T16:06:19Z] [viz-checker] Canal: dashboard:down | Source: adam-doctor
[2026-07-23T16:06:19Z] [viz-checker] Dashboard ciblé: tous
[2026-07-23T16:06:19Z] [viz-checker] Vérification des dashboards down...
[2026-07-23T16:06:19Z] [viz-checker] Dashboard ciblé: tous
[2026-07-23T16:06:19Z] [viz-checker] Vérification des dashboards down...
[2026-07-23T16:06:19Z] [viz-checker] ✗ Monitoring (Chart.js) (:8081) — DOWN
[2026-07-23T16:06:19Z] [viz-checker] ✗ Monitoring (Chart.js) (:8081) — DOWN
[2026-07-23T16:06:19Z] [viz-checker] ✗ Wiki D3.js (:8082) — DOWN
[2026-07-23T16:06:19Z] [viz-checker] ✗ Wiki D3.js (:8082) — DOWN
[2026-07-23T16:06:19Z] [viz-checker] ✗ RAG Search (:8083) — DOWN
[2026-07-23T16:06:19Z] [viz-checker] ✗ RAG Search (:8083) — DOWN
[2026-07-23T16:06:19Z] [viz-checker] ✓ Adam-Viz 3D (Three.js) (:8084) — UP (0.01s)
[2026-07-23T16:06:19Z] [viz-checker] Vérification terminée
[2026-07-23T16:06:19Z] [viz-checker] ✓ Adam-Viz 3D (Three.js) (:8084) — UP (0.01s)
[2026-07-23T16:06:19Z] [viz-checker] Vérification terminée
[2026-07-23T16:10:26Z] [viz-checker] Canal: dashboard:down | Source: hive_cycler
[2026-07-23T16:10:26Z] [viz-checker] Dashboard ciblé: tous
[2026-07-23T16:10:26Z] [viz-checker] Vérification des dashboards down...
[2026-07-23T16:10:26Z] [viz-checker] ✗ Monitoring (Chart.js) (:8081) — DOWN
[2026-07-23T16:10:26Z] [viz-checker] ✗ Wiki D3.js (:8082) — DOWN
[2026-07-23T16:10:26Z] [viz-checker] ✗ RAG Search (:8083) — DOWN
[2026-07-23T16:10:26Z] [viz-checker] ✓ Adam-Viz 3D (Three.js) (:8084) — UP (0.01s)
[2026-07-23T16:10:26Z] [viz-checker] Vérification terminée
[2026-07-23T16:10:34Z] [viz-checker] Canal: dashboard:down | Source: adam-doctor
[2026-07-23T16:10:34Z] [viz-checker] Dashboard ciblé: tous
[2026-07-23T16:10:34Z] [viz-checker] Vérification des dashboards down...
[2026-07-23T16:10:34Z] [viz-checker] ✗ Monitoring (Chart.js) (:8081) — DOWN
[2026-07-23T16:10:34Z] [viz-checker] ✗ Wiki D3.js (:8082) — DOWN
[2026-07-23T16:10:34Z] [viz-checker] ✗ RAG Search (:8083) — DOWN
[2026-07-23T16:10:34Z] [viz-checker] ✓ Adam-Viz 3D (Three.js) (:8084) — UP (0.01s)
[2026-07-23T16:10:34Z] [viz-checker] Vérification terminée
[2026-07-23T16:10:40Z] [viz-checker] Canal: dashboard:down | Source: adam-doctor
[2026-07-23T16:10:40Z] [viz-checker] Dashboard ciblé: tous
[2026-07-23T16:10:40Z] [viz-checker] Vérification des dashboards down...
[2026-07-23T16:10:40Z] [viz-checker] ✗ Monitoring (Chart.js) (:8081) — DOWN
[2026-07-23T16:10:40Z] [viz-checker] ✗ Wiki D3.js (:8082) — DOWN
[2026-07-23T16:10:40Z] [viz-checker] ✗ RAG Search (:8083) — DOWN
[2026-07-23T16:10:40Z] [viz-checker] Canal: dashboard:down | Source: adam-doctor
[2026-07-23T16:10:40Z] [viz-checker] Dashboard ciblé: tous
[2026-07-23T16:10:40Z] [viz-checker] Vérification des dashboards down...
[2026-07-23T16:10:40Z] [viz-checker] ✗ Monitoring (Chart.js) (:8081) — DOWN
[2026-07-23T16:10:40Z] [viz-checker] ✗ Wiki D3.js (:8082) — DOWN
[2026-07-23T16:10:40Z] [viz-checker] ✗ RAG Search (:8083) — DOWN
[2026-07-23T16:10:40Z] [viz-checker] ✓ Adam-Viz 3D (Three.js) (:8084) — UP (0.01s)
[2026-07-23T16:10:40Z] [viz-checker] Vérification terminée
[2026-07-23T16:10:40Z] [viz-checker] ✓ Adam-Viz 3D (Three.js) (:8084) — UP (0.01s)
[2026-07-23T16:10:40Z] [viz-checker] Vérification terminée
[2026-07-23T16:14:44Z] [viz-checker] Canal: dashboard:down | Source: hive_cycler
[2026-07-23T16:14:44Z] [viz-checker] Dashboard ciblé: tous
[2026-07-23T16:14:44Z] [viz-checker] Vérification des dashboards down...
[2026-07-23T16:14:44Z] [viz-checker] ✗ Monitoring (Chart.js) (:8081) — DOWN
[2026-07-23T16:14:44Z] [viz-checker] ✗ Wiki D3.js (:8082) — DOWN
[2026-07-23T16:14:44Z] [viz-checker] ✗ RAG Search (:8083) — DOWN
[2026-07-23T16:14:44Z] [viz-checker] ✓ Adam-Viz 3D (Three.js) (:8084) — UP (0.01s)
[2026-07-23T16:14:44Z] [viz-checker] Vérification terminée
[2026-07-23T16:14:59Z] [viz-checker] Canal: dashboard:down | Source: adam-doctor
[2026-07-23T16:14:59Z] [viz-checker] Dashboard ciblé: tous
[2026-07-23T16:14:59Z] [viz-checker] Vérification des dashboards down...
[2026-07-23T16:14:59Z] [viz-checker] ✗ Monitoring (Chart.js) (:8081) — DOWN
[2026-07-23T16:14:59Z] [viz-checker] ✗ Wiki D3.js (:8082) — DOWN
[2026-07-23T16:14:59Z] [viz-checker] ✗ RAG Search (:8083) — DOWN
[2026-07-23T16:14:59Z] [viz-checker] Canal: dashboard:down | Source: adam-doctor
[2026-07-23T16:14:59Z] [viz-checker] Dashboard ciblé: tous
[2026-07-23T16:14:59Z] [viz-checker] Vérification des dashboards down...
[2026-07-23T16:14:59Z] [viz-checker] ✗ Monitoring (Chart.js) (:8081) — DOWN
[2026-07-23T16:14:59Z] [viz-checker] ✗ Wiki D3.js (:8082) — DOWN
[2026-07-23T16:14:59Z] [viz-checker] ✗ RAG Search (:8083) — DOWN
[2026-07-23T16:14:59Z] [viz-checker] Canal: dashboard:down | Source: adam-doctor
[2026-07-23T16:14:59Z] [viz-checker] Dashboard ciblé: tous
[2026-07-23T16:14:59Z] [viz-checker] Vérification des dashboards down...
[2026-07-23T16:14:59Z] [viz-checker] ✗ Monitoring (Chart.js) (:8081) — DOWN
[2026-07-23T16:14:59Z] [viz-checker] ✗ Wiki D3.js (:8082) — DOWN
[2026-07-23T16:14:59Z] [viz-checker] ✗ RAG Search (:8083) — DOWN
[2026-07-23T16:14:59Z] [viz-checker] ✓ Adam-Viz 3D (Three.js) (:8084) — UP (0.01s)
[2026-07-23T16:14:59Z] [viz-checker] Vérification terminée
[2026-07-23T16:14:59Z] [viz-checker] ✓ Adam-Viz 3D (Three.js) (:8084) — UP (0.01s)
[2026-07-23T16:14:59Z] [viz-checker] Vérification terminée
[2026-07-23T16:14:59Z] [viz-checker] ✓ Adam-Viz 3D (Three.js) (:8084) — UP (0.01s)
[2026-07-23T16:14:59Z] [viz-checker] Vérification terminée
[2026-07-23T16:19:09Z] [viz-checker] Canal: dashboard:down | Source: hive_cycler
[2026-07-23T16:19:09Z] [viz-checker] Dashboard ciblé: tous
[2026-07-23T16:19:09Z] [viz-checker] Vérification des dashboards down...
[2026-07-23T16:19:09Z] [viz-checker] ✗ Monitoring (Chart.js) (:8081) — DOWN
[2026-07-23T16:19:09Z] [viz-checker] ✗ Wiki D3.js (:8082) — DOWN
[2026-07-23T16:19:09Z] [viz-checker] ✗ RAG Search (:8083) — DOWN
[2026-07-23T16:19:09Z] [viz-checker] ✓ Adam-Viz 3D (Three.js) (:8084) — UP (0.01s)
[2026-07-23T16:19:09Z] [viz-checker] Vérification terminée
[2026-07-23T16:19:17Z] [viz-checker] Canal: dashboard:down | Source: adam-doctor
[2026-07-23T16:19:17Z] [viz-checker] Dashboard ciblé: tous
[2026-07-23T16:19:17Z] [viz-checker] Vérification des dashboards down...
[2026-07-23T16:19:17Z] [viz-checker] ✗ Monitoring (Chart.js) (:8081) — DOWN
[2026-07-23T16:19:17Z] [viz-checker] ✗ Wiki D3.js (:8082) — DOWN
[2026-07-23T16:19:17Z] [viz-checker] ✗ RAG Search (:8083) — DOWN
[2026-07-23T16:19:17Z] [viz-checker] ✓ Adam-Viz 3D (Three.js) (:8084) — UP (0.01s)
[2026-07-23T16:19:17Z] [viz-checker] Vérification terminée
[2026-07-23T16:19:23Z] [viz-checker] Canal: dashboard:down | Source: adam-doctor
[2026-07-23T16:19:23Z] [viz-checker] Dashboard ciblé: tous
[2026-07-23T16:19:23Z] [viz-checker] Vérification des dashboards down...
[2026-07-23T16:19:23Z] [viz-checker] ✗ Monitoring (Chart.js) (:8081) — DOWN
[2026-07-23T16:19:23Z] [viz-checker] ✗ Wiki D3.js (:8082) — DOWN
[2026-07-23T16:19:23Z] [viz-checker] ✗ RAG Search (:8083) — DOWN
[2026-07-23T16:19:23Z] [viz-checker] Canal: dashboard:down | Source: adam-doctor
[2026-07-23T16:19:23Z] [viz-checker] Dashboard ciblé: tous
[2026-07-23T16:19:23Z] [viz-checker] Vérification des dashboards down...
[2026-07-23T16:19:23Z] [viz-checker] ✗ Monitoring (Chart.js) (:8081) — DOWN
[2026-07-23T16:19:23Z] [viz-checker] ✗ Wiki D3.js (:8082) — DOWN
[2026-07-23T16:19:23Z] [viz-checker] ✗ RAG Search (:8083) — DOWN
[2026-07-23T16:19:23Z] [viz-checker] ✓ Adam-Viz 3D (Three.js) (:8084) — UP (0.01s)
[2026-07-23T16:19:23Z] [viz-checker] Vérification terminée
[2026-07-23T16:19:23Z] [viz-checker] ✓ Adam-Viz 3D (Three.js) (:8084) — UP (0.01s)
[2026-07-23T16:19:23Z] [viz-checker] Vérification terminée
[2026-07-23T16:23:32Z] [viz-checker] Canal: dashboard:down | Source: hive_cycler
[2026-07-23T16:23:32Z] [viz-checker] Dashboard ciblé: tous
[2026-07-23T16:23:32Z] [viz-checker] Vérification des dashboards down...
[2026-07-23T16:23:32Z] [viz-checker] ✗ Monitoring (Chart.js) (:8081) — DOWN
[2026-07-23T16:23:32Z] [viz-checker] ✗ Wiki D3.js (:8082) — DOWN
[2026-07-23T16:23:32Z] [viz-checker] ✗ RAG Search (:8083) — DOWN
[2026-07-23T16:23:32Z] [viz-checker] ✓ Adam-Viz 3D (Three.js) (:8084) — UP (0.01s)
[2026-07-23T16:23:32Z] [viz-checker] Vérification terminée
[2026-07-23T16:23:38Z] [viz-checker] Canal: dashboard:down | Source: adam-doctor
[2026-07-23T16:23:38Z] [viz-checker] Dashboard ciblé: tous
[2026-07-23T16:23:38Z] [viz-checker] Vérification des dashboards down...
[2026-07-23T16:23:38Z] [viz-checker] ✗ Monitoring (Chart.js) (:8081) — DOWN
[2026-07-23T16:23:38Z] [viz-checker] ✗ Wiki D3.js (:8082) — DOWN
[2026-07-23T16:23:38Z] [viz-checker] ✗ RAG Search (:8083) — DOWN
[2026-07-23T16:23:38Z] [viz-checker] ✓ Adam-Viz 3D (Three.js) (:8084) — UP (0.01s)
[2026-07-23T16:23:38Z] [viz-checker] Vérification terminée
[2026-07-23T16:23:46Z] [viz-checker] Canal: dashboard:down | Source: adam-doctor
[2026-07-23T16:23:46Z] [viz-checker] Dashboard ciblé: tous
[2026-07-23T16:23:46Z] [viz-checker] Vérification des dashboards down...
[2026-07-23T16:23:46Z] [viz-checker] ✗ Monitoring (Chart.js) (:8081) — DOWN
[2026-07-23T16:23:46Z] [viz-checker] ✗ Wiki D3.js (:8082) — DOWN
[2026-07-23T16:23:46Z] [viz-checker] ✗ RAG Search (:8083) — DOWN
[2026-07-23T16:23:46Z] [viz-checker] Canal: dashboard:down | Source: adam-doctor
[2026-07-23T16:23:46Z] [viz-checker] Dashboard ciblé: tous
[2026-07-23T16:23:46Z] [viz-checker] Vérification des dashboards down...
[2026-07-23T16:23:46Z] [viz-checker] ✗ Monitoring (Chart.js) (:8081) — DOWN
[2026-07-23T16:23:46Z] [viz-checker] ✗ Wiki D3.js (:8082) — DOWN
[2026-07-23T16:23:46Z] [viz-checker] ✗ RAG Search (:8083) — DOWN
[2026-07-23T16:23:46Z] [viz-checker] ✓ Adam-Viz 3D (Three.js) (:8084) — UP (0.01s)
[2026-07-23T16:23:46Z] [viz-checker] Vérification terminée
[2026-07-23T16:23:46Z] [viz-checker] ✓ Adam-Viz 3D (Three.js) (:8084) — UP (0.01s)
[2026-07-23T16:23:46Z] [viz-checker] Vérification terminée
[2026-07-23T16:27:48Z] [viz-checker] Canal: dashboard:down | Source: hive_cycler
[2026-07-23T16:27:48Z] [viz-checker] Dashboard ciblé: tous
[2026-07-23T16:27:48Z] [viz-checker] Vérification des dashboards down...
[2026-07-23T16:27:48Z] [viz-checker] ✗ Monitoring (Chart.js) (:8081) — DOWN
[2026-07-23T16:27:48Z] [viz-checker] ✗ Wiki D3.js (:8082) — DOWN
[2026-07-23T16:27:48Z] [viz-checker] ✗ RAG Search (:8083) — DOWN
[2026-07-23T16:27:48Z] [viz-checker] ✓ Adam-Viz 3D (Three.js) (:8084) — UP (0.01s)
[2026-07-23T16:27:48Z] [viz-checker] Vérification terminée
[2026-07-23T16:28:02Z] [viz-checker] Canal: dashboard:down | Source: adam-doctor
[2026-07-23T16:28:02Z] [viz-checker] Dashboard ciblé: tous
[2026-07-23T16:28:02Z] [viz-checker] Vérification des dashboards down...
[2026-07-23T16:28:02Z] [viz-checker] ✗ Monitoring (Chart.js) (:8081) — DOWN
[2026-07-23T16:28:02Z] [viz-checker] ✗ Wiki D3.js (:8082) — DOWN
[2026-07-23T16:28:02Z] [viz-checker] ✗ RAG Search (:8083) — DOWN
[2026-07-23T16:28:02Z] [viz-checker] Canal: dashboard:down | Source: adam-doctor
[2026-07-23T16:28:02Z] [viz-checker] Canal: dashboard:down | Source: adam-doctor
[2026-07-23T16:28:02Z] [viz-checker] Dashboard ciblé: tous
[2026-07-23T16:28:02Z] [viz-checker] Dashboard ciblé: tous
[2026-07-23T16:28:02Z] [viz-checker] Vérification des dashboards down...
[2026-07-23T16:28:02Z] [viz-checker] Vérification des dashboards down...
[2026-07-23T16:28:02Z] [viz-checker] ✗ Monitoring (Chart.js) (:8081) — DOWN
[2026-07-23T16:28:02Z] [viz-checker] ✗ Monitoring (Chart.js) (:8081) — DOWN
[2026-07-23T16:28:02Z] [viz-checker] ✗ Wiki D3.js (:8082) — DOWN
[2026-07-23T16:28:02Z] [viz-checker] ✗ Wiki D3.js (:8082) — DOWN
[2026-07-23T16:28:02Z] [viz-checker] ✗ RAG Search (:8083) — DOWN
[2026-07-23T16:28:02Z] [viz-checker] ✗ RAG Search (:8083) — DOWN
[2026-07-23T16:28:02Z] [viz-checker] ✓ Adam-Viz 3D (Three.js) (:8084) — UP (0.01s)
[2026-07-23T16:28:02Z] [viz-checker] Vérification terminée
[2026-07-23T16:28:02Z] [viz-checker] ✓ Adam-Viz 3D (Three.js) (:8084) — UP (0.01s)
[2026-07-23T16:28:02Z] [viz-checker] Vérification terminée
[2026-07-23T16:28:02Z] [viz-checker] ✓ Adam-Viz 3D (Three.js) (:8084) — UP (0.01s)
[2026-07-23T16:28:02Z] [viz-checker] Vérification terminée
[2026-07-23T16:32:11Z] [viz-checker] Canal: dashboard:down | Source: hive_cycler
[2026-07-23T16:32:11Z] [viz-checker] Dashboard ciblé: tous
[2026-07-23T16:32:11Z] [viz-checker] Vérification des dashboards down...
[2026-07-23T16:32:11Z] [viz-checker] ✗ Monitoring (Chart.js) (:8081) — DOWN
[2026-07-23T16:32:11Z] [viz-checker] ✗ Wiki D3.js (:8082) — DOWN
[2026-07-23T16:32:11Z] [viz-checker] ✗ RAG Search (:8083) — DOWN
[2026-07-23T16:32:11Z] [viz-checker] ✓ Adam-Viz 3D (Three.js) (:8084) — UP (0.01s)
[2026-07-23T16:32:11Z] [viz-checker] Vérification terminée
[2026-07-23T16:32:23Z] [viz-checker] Canal: dashboard:down | Source: adam-doctor
[2026-07-23T16:32:23Z] [viz-checker] Dashboard ciblé: tous
[2026-07-23T16:32:23Z] [viz-checker] Vérification des dashboards down...
[2026-07-23T16:32:23Z] [viz-checker] ✗ Monitoring (Chart.js) (:8081) — DOWN
[2026-07-23T16:32:23Z] [viz-checker] ✗ Wiki D3.js (:8082) — DOWN
[2026-07-23T16:32:23Z] [viz-checker] ✗ RAG Search (:8083) — DOWN
[2026-07-23T16:32:23Z] [viz-checker] Canal: dashboard:down | Source: adam-doctor
[2026-07-23T16:32:23Z] [viz-checker] Dashboard ciblé: tous
[2026-07-23T16:32:23Z] [viz-checker] Vérification des dashboards down...
[2026-07-23T16:32:23Z] [viz-checker] ✗ Monitoring (Chart.js) (:8081) — DOWN
[2026-07-23T16:32:23Z] [viz-checker] ✗ Wiki D3.js (:8082) — DOWN
[2026-07-23T16:32:23Z] [viz-checker] ✗ RAG Search (:8083) — DOWN
[2026-07-23T16:32:23Z] [viz-checker] ✓ Adam-Viz 3D (Three.js) (:8084) — UP (0.01s)
[2026-07-23T16:32:23Z] [viz-checker] Vérification terminée
[2026-07-23T16:32:23Z] [viz-checker] ✓ Adam-Viz 3D (Three.js) (:8084) — UP (0.01s)
[2026-07-23T16:32:23Z] [viz-checker] Vérification terminée
[2026-07-23T16:32:27Z] [viz-checker] Canal: dashboard:down | Source: adam-doctor
[2026-07-23T16:32:27Z] [viz-checker] Dashboard ciblé: tous
[2026-07-23T16:32:27Z] [viz-checker] Vérification des dashboards down...
[2026-07-23T16:32:27Z] [viz-checker] ✗ Monitoring (Chart.js) (:8081) — DOWN
[2026-07-23T16:32:27Z] [viz-checker] ✗ Wiki D3.js (:8082) — DOWN
[2026-07-23T16:32:27Z] [viz-checker] ✗ RAG Search (:8083) — DOWN
[2026-07-23T16:32:27Z] [viz-checker] ✓ Adam-Viz 3D (Three.js) (:8084) — UP (0.01s)
[2026-07-23T16:32:27Z] [viz-checker] Vérification terminée
[2026-07-23T16:36:34Z] [viz-checker] Canal: dashboard:down | Source: hive_cycler
[2026-07-23T16:36:34Z] [viz-checker] Dashboard ciblé: tous
[2026-07-23T16:36:34Z] [viz-checker] Vérification des dashboards down...
[2026-07-23T16:36:34Z] [viz-checker] ✗ Monitoring (Chart.js) (:8081) — DOWN
[2026-07-23T16:36:34Z] [viz-checker] ✗ Wiki D3.js (:8082) — DOWN
[2026-07-23T16:36:34Z] [viz-checker] ✗ RAG Search (:8083) — DOWN
[2026-07-23T16:36:34Z] [viz-checker] ✓ Adam-Viz 3D (Three.js) (:8084) — UP (0.01s)
[2026-07-23T16:36:34Z] [viz-checker] Vérification terminée
[2026-07-23T16:36:40Z] [viz-checker] Canal: dashboard:down | Source: adam-doctor
[2026-07-23T16:36:40Z] [viz-checker] Dashboard ciblé: tous
[2026-07-23T16:36:40Z] [viz-checker] Vérification des dashboards down...
[2026-07-23T16:36:40Z] [viz-checker] ✗ Monitoring (Chart.js) (:8081) — DOWN
[2026-07-23T16:36:40Z] [viz-checker] ✗ Wiki D3.js (:8082) — DOWN
[2026-07-23T16:36:40Z] [viz-checker] ✗ RAG Search (:8083) — DOWN
[2026-07-23T16:36:40Z] [viz-checker] ✓ Adam-Viz 3D (Three.js) (:8084) — UP (0.01s)
[2026-07-23T16:36:40Z] [viz-checker] Vérification terminée
[2026-07-23T16:36:48Z] [viz-checker] Canal: dashboard:down | Source: adam-doctor
[2026-07-23T16:36:48Z] [viz-checker] Dashboard ciblé: tous
[2026-07-23T16:36:48Z] [viz-checker] Vérification des dashboards down...
[2026-07-23T16:36:48Z] [viz-checker] ✗ Monitoring (Chart.js) (:8081) — DOWN
[2026-07-23T16:36:48Z] [viz-checker] ✗ Wiki D3.js (:8082) — DOWN
[2026-07-23T16:36:48Z] [viz-checker] ✗ RAG Search (:8083) — DOWN
[2026-07-23T16:36:48Z] [viz-checker] Canal: dashboard:down | Source: adam-doctor
[2026-07-23T16:36:48Z] [viz-checker] Dashboard ciblé: tous
[2026-07-23T16:36:48Z] [viz-checker] Vérification des dashboards down...
[2026-07-23T16:36:48Z] [viz-checker] ✗ Monitoring (Chart.js) (:8081) — DOWN
[2026-07-23T16:36:48Z] [viz-checker] ✗ Wiki D3.js (:8082) — DOWN
[2026-07-23T16:36:48Z] [viz-checker] ✗ RAG Search (:8083) — DOWN
[2026-07-23T16:36:48Z] [viz-checker] ✓ Adam-Viz 3D (Three.js) (:8084) — UP (0.01s)
[2026-07-23T16:36:48Z] [viz-checker] Vérification terminée
[2026-07-23T16:36:48Z] [viz-checker] ✓ Adam-Viz 3D (Three.js) (:8084) — UP (0.01s)
[2026-07-23T16:36:48Z] [viz-checker] Vérification terminée
[2026-07-23T16:40:54Z] [viz-checker] Canal: dashboard:down | Source: hive_cycler
[2026-07-23T16:40:54Z] [viz-checker] Dashboard ciblé: tous
[2026-07-23T16:40:54Z] [viz-checker] Vérification des dashboards down...
[2026-07-23T16:40:54Z] [viz-checker] ✗ Monitoring (Chart.js) (:8081) — DOWN
[2026-07-23T16:40:54Z] [viz-checker] ✗ Wiki D3.js (:8082) — DOWN
[2026-07-23T16:40:54Z] [viz-checker] ✗ RAG Search (:8083) — DOWN
[2026-07-23T16:40:54Z] [viz-checker] ✓ Adam-Viz 3D (Three.js) (:8084) — UP (0.01s)
[2026-07-23T16:40:54Z] [viz-checker] Vérification terminée
[2026-07-23T16:41:02Z] [viz-checker] Canal: dashboard:down | Source: adam-doctor
[2026-07-23T16:41:02Z] [viz-checker] Dashboard ciblé: tous
[2026-07-23T16:41:02Z] [viz-checker] Vérification des dashboards down...
[2026-07-23T16:41:02Z] [viz-checker] ✗ Monitoring (Chart.js) (:8081) — DOWN
[2026-07-23T16:41:02Z] [viz-checker] ✗ Wiki D3.js (:8082) — DOWN
[2026-07-23T16:41:02Z] [viz-checker] ✗ RAG Search (:8083) — DOWN
[2026-07-23T16:41:02Z] [viz-checker] ✓ Adam-Viz 3D (Three.js) (:8084) — UP (0.01s)
[2026-07-23T16:41:02Z] [viz-checker] Vérification terminée
[2026-07-23T16:41:08Z] [viz-checker] Canal: dashboard:down | Source: adam-doctor
[2026-07-23T16:41:08Z] [viz-checker] Dashboard ciblé: tous
[2026-07-23T16:41:08Z] [viz-checker] Vérification des dashboards down...
[2026-07-23T16:41:08Z] [viz-checker] ✗ Monitoring (Chart.js) (:8081) — DOWN
[2026-07-23T16:41:08Z] [viz-checker] ✗ Wiki D3.js (:8082) — DOWN
[2026-07-23T16:41:08Z] [viz-checker] ✗ RAG Search (:8083) — DOWN
[2026-07-23T16:41:08Z] [viz-checker] Canal: dashboard:down | Source: adam-doctor
[2026-07-23T16:41:08Z] [viz-checker] Dashboard ciblé: tous
[2026-07-23T16:41:08Z] [viz-checker] Vérification des dashboards down...
[2026-07-23T16:41:08Z] [viz-checker] ✗ Monitoring (Chart.js) (:8081) — DOWN
[2026-07-23T16:41:08Z] [viz-checker] ✗ Wiki D3.js (:8082) — DOWN
[2026-07-23T16:41:08Z] [viz-checker] ✗ RAG Search (:8083) — DOWN
[2026-07-23T16:41:08Z] [viz-checker] ✓ Adam-Viz 3D (Three.js) (:8084) — UP (0.01s)
[2026-07-23T16:41:08Z] [viz-checker] Vérification terminée
[2026-07-23T16:41:08Z] [viz-checker] ✓ Adam-Viz 3D (Three.js) (:8084) — UP (0.01s)
[2026-07-23T16:41:08Z] [viz-checker] Vérification terminée
[2026-07-23T16:45:13Z] [viz-checker] Canal: dashboard:down | Source: hive_cycler
[2026-07-23T16:45:13Z] [viz-checker] Dashboard ciblé: tous
[2026-07-23T16:45:13Z] [viz-checker] Vérification des dashboards down...
[2026-07-23T16:45:13Z] [viz-checker] ✗ Monitoring (Chart.js) (:8081) — DOWN
[2026-07-23T16:45:13Z] [viz-checker] ✗ Wiki D3.js (:8082) — DOWN
[2026-07-23T16:45:13Z] [viz-checker] ✗ RAG Search (:8083) — DOWN
[2026-07-23T16:45:13Z] [viz-checker] ✓ Adam-Viz 3D (Three.js) (:8084) — UP (0.01s)
[2026-07-23T16:45:13Z] [viz-checker] Vérification terminée
[2026-07-23T16:45:27Z] [viz-checker] Canal: dashboard:down | Source: adam-doctor
[2026-07-23T16:45:27Z] [viz-checker] Dashboard ciblé: tous
[2026-07-23T16:45:27Z] [viz-checker] Vérification des dashboards down...
[2026-07-23T16:45:27Z] [viz-checker] ✗ Monitoring (Chart.js) (:8081) — DOWN
[2026-07-23T16:45:27Z] [viz-checker] ✗ Wiki D3.js (:8082) — DOWN
[2026-07-23T16:45:27Z] [viz-checker] ✗ RAG Search (:8083) — DOWN
[2026-07-23T16:45:27Z] [viz-checker] Canal: dashboard:down | Source: adam-doctor
[2026-07-23T16:45:27Z] [viz-checker] Dashboard ciblé: tous
[2026-07-23T16:45:27Z] [viz-checker] Vérification des dashboards down...
[2026-07-23T16:45:27Z] [viz-checker] Canal: dashboard:down | Source: adam-doctor
[2026-07-23T16:45:27Z] [viz-checker] Dashboard ciblé: tous
[2026-07-23T16:45:27Z] [viz-checker] Vérification des dashboards down...
[2026-07-23T16:45:27Z] [viz-checker] ✗ Monitoring (Chart.js) (:8081) — DOWN
[2026-07-23T16:45:27Z] [viz-checker] ✗ Wiki D3.js (:8082) — DOWN
[2026-07-23T16:45:27Z] [viz-checker] ✗ RAG Search (:8083) — DOWN
[2026-07-23T16:45:27Z] [viz-checker] ✗ Monitoring (Chart.js) (:8081) — DOWN
[2026-07-23T16:45:27Z] [viz-checker] ✗ Wiki D3.js (:8082) — DOWN
[2026-07-23T16:45:27Z] [viz-checker] ✗ RAG Search (:8083) — DOWN
[2026-07-23T16:45:27Z] [viz-checker] ✓ Adam-Viz 3D (Three.js) (:8084) — UP (0.01s)
[2026-07-23T16:45:27Z] [viz-checker] Vérification terminée
[2026-07-23T16:45:27Z] [viz-checker] ✓ Adam-Viz 3D (Three.js) (:8084) — UP (0.01s)
[2026-07-23T16:45:27Z] [viz-checker] Vérification terminée
[2026-07-23T16:45:27Z] [viz-checker] ✓ Adam-Viz 3D (Three.js) (:8084) — UP (0.01s)
[2026-07-23T16:45:27Z] [viz-checker] Vérification terminée
[2026-07-23T16:49:50Z] [viz-checker] Canal: dashboard:down | Source: hive_cycler
[2026-07-23T16:49:50Z] [viz-checker] Dashboard ciblé: tous
[2026-07-23T16:49:50Z] [viz-checker] Vérification des dashboards down...
[2026-07-23T16:49:50Z] [viz-checker] ✗ Monitoring (Chart.js) (:8081) — DOWN
[2026-07-23T16:49:50Z] [viz-checker] ✗ Wiki D3.js (:8082) — DOWN
[2026-07-23T16:49:50Z] [viz-checker] ✗ RAG Search (:8083) — DOWN
[2026-07-23T16:49:50Z] [viz-checker] ✓ Adam-Viz 3D (Three.js) (:8084) — UP (0.01s)
[2026-07-23T16:49:50Z] [viz-checker] Vérification terminée
[2026-07-23T16:50:32Z] [viz-checker] Canal: dashboard:down | Source: adam-doctor
[2026-07-23T16:50:32Z] [viz-checker] Dashboard ciblé: tous
[2026-07-23T16:50:32Z] [viz-checker] Vérification des dashboards down...
[2026-07-23T16:50:32Z] [viz-checker] ✗ Monitoring (Chart.js) (:8081) — DOWN
[2026-07-23T16:50:32Z] [viz-checker] ✗ Wiki D3.js (:8082) — DOWN
[2026-07-23T16:50:32Z] [viz-checker] ✗ RAG Search (:8083) — DOWN
[2026-07-23T16:50:32Z] [viz-checker] Canal: dashboard:down | Source: adam-doctor
[2026-07-23T16:50:32Z] [viz-checker] Dashboard ciblé: tous
[2026-07-23T16:50:32Z] [viz-checker] Vérification des dashboards down...
[2026-07-23T16:50:32Z] [viz-checker] ✗ Monitoring (Chart.js) (:8081) — DOWN
[2026-07-23T16:50:32Z] [viz-checker] ✗ Wiki D3.js (:8082) — DOWN
[2026-07-23T16:50:32Z] [viz-checker] ✗ RAG Search (:8083) — DOWN
[2026-07-23T16:50:32Z] [viz-checker] ✓ Adam-Viz 3D (Three.js) (:8084) — UP (0.01s)
[2026-07-23T16:50:32Z] [viz-checker] Vérification terminée
[2026-07-23T16:50:32Z] [viz-checker] ✓ Adam-Viz 3D (Three.js) (:8084) — UP (0.01s)
[2026-07-23T16:50:32Z] [viz-checker] Vérification terminée
[2026-07-23T16:50:36Z] [viz-checker] Canal: dashboard:down | Source: adam-doctor
[2026-07-23T16:50:36Z] [viz-checker] Dashboard ciblé: tous
[2026-07-23T16:50:36Z] [viz-checker] Vérification des dashboards down...
[2026-07-23T16:50:36Z] [viz-checker] ✗ Monitoring (Chart.js) (:8081) — DOWN
[2026-07-23T16:50:36Z] [viz-checker] ✗ Wiki D3.js (:8082) — DOWN
[2026-07-23T16:50:36Z] [viz-checker] ✗ RAG Search (:8083) — DOWN
[2026-07-23T16:50:36Z] [viz-checker] ✓ Adam-Viz 3D (Three.js) (:8084) — UP (0.01s)
[2026-07-23T16:50:36Z] [viz-checker] Vérification terminée
[2026-07-23T16:53:59Z] [viz-checker] Canal: dashboard:down | Source: hive_cycler
[2026-07-23T16:53:59Z] [viz-checker] Dashboard ciblé: tous
[2026-07-23T16:53:59Z] [viz-checker] Vérification des dashboards down...
[2026-07-23T16:53:59Z] [viz-checker] ✗ Monitoring (Chart.js) (:8081) — DOWN
[2026-07-23T16:53:59Z] [viz-checker] ✗ Wiki D3.js (:8082) — DOWN
[2026-07-23T16:53:59Z] [viz-checker] ✗ RAG Search (:8083) — DOWN
[2026-07-23T16:53:59Z] [viz-checker] ✓ Adam-Viz 3D (Three.js) (:8084) — UP (0.01s)
[2026-07-23T16:53:59Z] [viz-checker] Vérification terminée
[2026-07-23T16:54:07Z] [viz-checker] Canal: dashboard:down | Source: adam-doctor
[2026-07-23T16:54:07Z] [viz-checker] Dashboard ciblé: tous
[2026-07-23T16:54:07Z] [viz-checker] Vérification des dashboards down...
[2026-07-23T16:54:07Z] [viz-checker] ✗ Monitoring (Chart.js) (:8081) — DOWN
[2026-07-23T16:54:07Z] [viz-checker] ✗ Wiki D3.js (:8082) — DOWN
[2026-07-23T16:54:07Z] [viz-checker] ✗ RAG Search (:8083) — DOWN
[2026-07-23T16:54:07Z] [viz-checker] ✓ Adam-Viz 3D (Three.js) (:8084) — UP (0.01s)
[2026-07-23T16:54:07Z] [viz-checker] Vérification terminée
[2026-07-23T16:54:13Z] [viz-checker] Canal: dashboard:down | Source: adam-doctor
[2026-07-23T16:54:13Z] [viz-checker] Dashboard ciblé: tous
[2026-07-23T16:54:13Z] [viz-checker] Vérification des dashboards down...
[2026-07-23T16:54:13Z] [viz-checker] ✗ Monitoring (Chart.js) (:8081) — DOWN
[2026-07-23T16:54:13Z] [viz-checker] ✗ Wiki D3.js (:8082) — DOWN
[2026-07-23T16:54:13Z] [viz-checker] ✗ RAG Search (:8083) — DOWN
[2026-07-23T16:54:13Z] [viz-checker] Canal: dashboard:down | Source: adam-doctor
[2026-07-23T16:54:13Z] [viz-checker] Dashboard ciblé: tous
[2026-07-23T16:54:13Z] [viz-checker] Vérification des dashboards down...
[2026-07-23T16:54:13Z] [viz-checker] ✗ Monitoring (Chart.js) (:8081) — DOWN
[2026-07-23T16:54:13Z] [viz-checker] ✗ Wiki D3.js (:8082) — DOWN
[2026-07-23T16:54:13Z] [viz-checker] ✗ RAG Search (:8083) — DOWN
[2026-07-23T16:54:13Z] [viz-checker] ✓ Adam-Viz 3D (Three.js) (:8084) — UP (0.01s)
[2026-07-23T16:54:13Z] [viz-checker] Vérification terminée
[2026-07-23T16:54:13Z] [viz-checker] ✓ Adam-Viz 3D (Three.js) (:8084) — UP (0.01s)
[2026-07-23T16:54:13Z] [viz-checker] Vérification terminée
[2026-07-23T16:58:20Z] [viz-checker] Canal: dashboard:down | Source: hive_cycler
[2026-07-23T16:58:20Z] [viz-checker] Dashboard ciblé: tous
[2026-07-23T16:58:20Z] [viz-checker] Vérification des dashboards down...
[2026-07-23T16:58:20Z] [viz-checker] ✗ Monitoring (Chart.js) (:8081) — DOWN
[2026-07-23T16:58:20Z] [viz-checker] ✗ Wiki D3.js (:8082) — DOWN
[2026-07-23T16:58:20Z] [viz-checker] ✗ RAG Search (:8083) — DOWN
[2026-07-23T16:58:20Z] [viz-checker] ✓ Adam-Viz 3D (Three.js) (:8084) — UP (0.01s)
[2026-07-23T16:58:20Z] [viz-checker] Vérification terminée
[2026-07-23T16:58:26Z] [viz-checker] Canal: dashboard:down | Source: adam-doctor
[2026-07-23T16:58:26Z] [viz-checker] Dashboard ciblé: tous
[2026-07-23T16:58:26Z] [viz-checker] Vérification des dashboards down...
[2026-07-23T16:58:26Z] [viz-checker] ✗ Monitoring (Chart.js) (:8081) — DOWN
[2026-07-23T16:58:26Z] [viz-checker] ✗ Wiki D3.js (:8082) — DOWN
[2026-07-23T16:58:26Z] [viz-checker] ✗ RAG Search (:8083) — DOWN
[2026-07-23T16:58:26Z] [viz-checker] ✓ Adam-Viz 3D (Three.js) (:8084) — UP (0.01s)
[2026-07-23T16:58:26Z] [viz-checker] Vérification terminée
[2026-07-23T16:58:34Z] [viz-checker] Canal: dashboard:down | Source: adam-doctor
[2026-07-23T16:58:34Z] [viz-checker] Dashboard ciblé: tous
[2026-07-23T16:58:34Z] [viz-checker] Vérification des dashboards down...
[2026-07-23T16:58:34Z] [viz-checker] ✗ Monitoring (Chart.js) (:8081) — DOWN
[2026-07-23T16:58:34Z] [viz-checker] ✗ Wiki D3.js (:8082) — DOWN
[2026-07-23T16:58:34Z] [viz-checker] ✗ RAG Search (:8083) — DOWN
[2026-07-23T16:58:34Z] [viz-checker] Canal: dashboard:down | Source: adam-doctor
[2026-07-23T16:58:34Z] [viz-checker] Dashboard ciblé: tous
[2026-07-23T16:58:34Z] [viz-checker] Vérification des dashboards down...
[2026-07-23T16:58:34Z] [viz-checker] ✗ Monitoring (Chart.js) (:8081) — DOWN
[2026-07-23T16:58:34Z] [viz-checker] ✗ Wiki D3.js (:8082) — DOWN
[2026-07-23T16:58:34Z] [viz-checker] ✗ RAG Search (:8083) — DOWN
[2026-07-23T16:58:34Z] [viz-checker] ✓ Adam-Viz 3D (Three.js) (:8084) — UP (0.01s)
[2026-07-23T16:58:34Z] [viz-checker] Vérification terminée
[2026-07-23T16:58:34Z] [viz-checker] ✓ Adam-Viz 3D (Three.js) (:8084) — UP (0.01s)
[2026-07-23T16:58:34Z] [viz-checker] Vérification terminée
[2026-07-23T17:02:41Z] [viz-checker] Canal: dashboard:down | Source: hive_cycler
[2026-07-23T17:02:41Z] [viz-checker] Dashboard ciblé: tous
[2026-07-23T17:02:41Z] [viz-checker] Vérification des dashboards down...
[2026-07-23T17:02:41Z] [viz-checker] ✗ Monitoring (Chart.js) (:8081) — DOWN
[2026-07-23T17:02:41Z] [viz-checker] ✗ Wiki D3.js (:8082) — DOWN
[2026-07-23T17:02:41Z] [viz-checker] ✗ RAG Search (:8083) — DOWN
[2026-07-23T17:02:41Z] [viz-checker] ✓ Adam-Viz 3D (Three.js) (:8084) — UP (0.01s)
[2026-07-23T17:02:41Z] [viz-checker] Vérification terminée
[2026-07-23T17:02:47Z] [viz-checker] Canal: dashboard:down | Source: adam-doctor
[2026-07-23T17:02:47Z] [viz-checker] Dashboard ciblé: tous
[2026-07-23T17:02:47Z] [viz-checker] Vérification des dashboards down...
[2026-07-23T17:02:47Z] [viz-checker] ✗ Monitoring (Chart.js) (:8081) — DOWN
[2026-07-23T17:02:47Z] [viz-checker] ✗ Wiki D3.js (:8082) — DOWN
[2026-07-23T17:02:47Z] [viz-checker] ✗ RAG Search (:8083) — DOWN
[2026-07-23T17:02:47Z] [viz-checker] ✓ Adam-Viz 3D (Three.js) (:8084) — UP (0.01s)
[2026-07-23T17:02:47Z] [viz-checker] Vérification terminée
[2026-07-23T17:02:55Z] [viz-checker] Canal: dashboard:down | Source: adam-doctor
[2026-07-23T17:02:55Z] [viz-checker] Dashboard ciblé: tous
[2026-07-23T17:02:55Z] [viz-checker] Vérification des dashboards down...
[2026-07-23T17:02:55Z] [viz-checker] ✗ Monitoring (Chart.js) (:8081) — DOWN
[2026-07-23T17:02:55Z] [viz-checker] ✗ Wiki D3.js (:8082) — DOWN
[2026-07-23T17:02:55Z] [viz-checker] ✗ RAG Search (:8083) — DOWN
[2026-07-23T17:02:55Z] [viz-checker] Canal: dashboard:down | Source: adam-doctor
[2026-07-23T17:02:55Z] [viz-checker] Dashboard ciblé: tous
[2026-07-23T17:02:55Z] [viz-checker] Vérification des dashboards down...
[2026-07-23T17:02:55Z] [viz-checker] ✗ Monitoring (Chart.js) (:8081) — DOWN
[2026-07-23T17:02:55Z] [viz-checker] ✗ Wiki D3.js (:8082) — DOWN
[2026-07-23T17:02:55Z] [viz-checker] ✗ RAG Search (:8083) — DOWN
[2026-07-23T17:02:55Z] [viz-checker] ✓ Adam-Viz 3D (Three.js) (:8084) — UP (0.01s)
[2026-07-23T17:02:55Z] [viz-checker] Vérification terminée
[2026-07-23T17:02:55Z] [viz-checker] ✓ Adam-Viz 3D (Three.js) (:8084) — UP (0.01s)
[2026-07-23T17:02:55Z] [viz-checker] Vérification terminée
[2026-07-23T17:07:02Z] [viz-checker] Canal: dashboard:down | Source: hive_cycler
[2026-07-23T17:07:02Z] [viz-checker] Dashboard ciblé: tous
[2026-07-23T17:07:02Z] [viz-checker] Vérification des dashboards down...
[2026-07-23T17:07:02Z] [viz-checker] ✗ Monitoring (Chart.js) (:8081) — DOWN
[2026-07-23T17:07:02Z] [viz-checker] ✗ Wiki D3.js (:8082) — DOWN
[2026-07-23T17:07:02Z] [viz-checker] ✗ RAG Search (:8083) — DOWN
[2026-07-23T17:07:02Z] [viz-checker] ✓ Adam-Viz 3D (Three.js) (:8084) — UP (0.01s)
[2026-07-23T17:07:02Z] [viz-checker] Vérification terminée
[2026-07-23T17:07:10Z] [viz-checker] Canal: dashboard:down | Source: adam-doctor
[2026-07-23T17:07:10Z] [viz-checker] Dashboard ciblé: tous
[2026-07-23T17:07:10Z] [viz-checker] Vérification des dashboards down...
[2026-07-23T17:07:10Z] [viz-checker] ✗ Monitoring (Chart.js) (:8081) — DOWN
[2026-07-23T17:07:10Z] [viz-checker] ✗ Wiki D3.js (:8082) — DOWN
[2026-07-23T17:07:10Z] [viz-checker] ✗ RAG Search (:8083) — DOWN
[2026-07-23T17:07:10Z] [viz-checker] ✓ Adam-Viz 3D (Three.js) (:8084) — UP (0.01s)
[2026-07-23T17:07:10Z] [viz-checker] Vérification terminée
[2026-07-23T17:07:16Z] [viz-checker] Canal: dashboard:down | Source: adam-doctor
[2026-07-23T17:07:16Z] [viz-checker] Dashboard ciblé: tous
[2026-07-23T17:07:16Z] [viz-checker] Vérification des dashboards down...
[2026-07-23T17:07:16Z] [viz-checker] ✗ Monitoring (Chart.js) (:8081) — DOWN
[2026-07-23T17:07:16Z] [viz-checker] ✗ Wiki D3.js (:8082) — DOWN
[2026-07-23T17:07:16Z] [viz-checker] ✗ RAG Search (:8083) — DOWN
[2026-07-23T17:07:16Z] [viz-checker] Canal: dashboard:down | Source: adam-doctor
[2026-07-23T17:07:16Z] [viz-checker] Dashboard ciblé: tous
[2026-07-23T17:07:16Z] [viz-checker] Vérification des dashboards down...
[2026-07-23T17:07:16Z] [viz-checker] ✗ Monitoring (Chart.js) (:8081) — DOWN
[2026-07-23T17:07:16Z] [viz-checker] ✗ Wiki D3.js (:8082) — DOWN
[2026-07-23T17:07:16Z] [viz-checker] ✗ RAG Search (:8083) — DOWN
[2026-07-23T17:07:16Z] [viz-checker] ✓ Adam-Viz 3D (Three.js) (:8084) — UP (0.01s)
[2026-07-23T17:07:16Z] [viz-checker] Vérification terminée
[2026-07-23T17:07:16Z] [viz-checker] ✓ Adam-Viz 3D (Three.js) (:8084) — UP (0.01s)
[2026-07-23T17:07:16Z] [viz-checker] Vérification terminée
[2026-07-23T17:11:20Z] [viz-checker] Canal: dashboard:down | Source: hive_cycler
[2026-07-23T17:11:20Z] [viz-checker] Dashboard ciblé: tous
[2026-07-23T17:11:20Z] [viz-checker] Vérification des dashboards down...
[2026-07-23T17:11:20Z] [viz-checker] ✗ Monitoring (Chart.js) (:8081) — DOWN
[2026-07-23T17:11:20Z] [viz-checker] ✗ Wiki D3.js (:8082) — DOWN
[2026-07-23T17:11:20Z] [viz-checker] ✗ RAG Search (:8083) — DOWN
[2026-07-23T17:11:20Z] [viz-checker] ✓ Adam-Viz 3D (Three.js) (:8084) — UP (0.01s)
[2026-07-23T17:11:20Z] [viz-checker] Vérification terminée
[2026-07-23T17:11:36Z] [viz-checker] Canal: dashboard:down | Source: adam-doctor
[2026-07-23T17:11:36Z] [viz-checker] Dashboard ciblé: tous
[2026-07-23T17:11:36Z] [viz-checker] Vérification des dashboards down...
[2026-07-23T17:11:36Z] [viz-checker] ✗ Monitoring (Chart.js) (:8081) — DOWN
[2026-07-23T17:11:36Z] [viz-checker] ✗ Wiki D3.js (:8082) — DOWN
[2026-07-23T17:11:36Z] [viz-checker] ✗ RAG Search (:8083) — DOWN
[2026-07-23T17:11:36Z] [viz-checker] ✓ Adam-Viz 3D (Three.js) (:8084) — UP (0.01s)
[2026-07-23T17:11:37Z] [viz-checker] Vérification terminée
[2026-07-23T17:11:38Z] [viz-checker] Canal: dashboard:down | Source: adam-doctor
[2026-07-23T17:11:38Z] [viz-checker] Dashboard ciblé: tous
[2026-07-23T17:11:38Z] [viz-checker] Vérification des dashboards down...
[2026-07-23T17:11:38Z] [viz-checker] ✗ Monitoring (Chart.js) (:8081) — DOWN
[2026-07-23T17:11:38Z] [viz-checker] ✗ Wiki D3.js (:8082) — DOWN
[2026-07-23T17:11:38Z] [viz-checker] ✗ RAG Search (:8083) — DOWN
[2026-07-23T17:11:38Z] [viz-checker] Canal: dashboard:down | Source: adam-doctor
[2026-07-23T17:11:38Z] [viz-checker] Dashboard ciblé: tous
[2026-07-23T17:11:38Z] [viz-checker] Vérification des dashboards down...
[2026-07-23T17:11:38Z] [viz-checker] ✗ Monitoring (Chart.js) (:8081) — DOWN
[2026-07-23T17:11:38Z] [viz-checker] ✗ Wiki D3.js (:8082) — DOWN
[2026-07-23T17:11:38Z] [viz-checker] ✗ RAG Search (:8083) — DOWN
[2026-07-23T17:11:39Z] [viz-checker] ✓ Adam-Viz 3D (Three.js) (:8084) — UP (0.01s)
[2026-07-23T17:11:39Z] [viz-checker] Vérification terminée
[2026-07-23T17:11:39Z] [viz-checker] ✓ Adam-Viz 3D (Three.js) (:8084) — UP (0.01s)
[2026-07-23T17:11:39Z] [viz-checker] Vérification terminée
[2026-07-23T17:15:41Z] [viz-checker] Canal: dashboard:down | Source: hive_cycler
[2026-07-23T17:15:41Z] [viz-checker] Dashboard ciblé: tous
[2026-07-23T17:15:41Z] [viz-checker] Vérification des dashboards down...
[2026-07-23T17:15:41Z] [viz-checker] ✗ Monitoring (Chart.js) (:8081) — DOWN
[2026-07-23T17:15:41Z] [viz-checker] ✗ Wiki D3.js (:8082) — DOWN
[2026-07-23T17:15:41Z] [viz-checker] ✗ RAG Search (:8083) — DOWN
[2026-07-23T17:15:41Z] [viz-checker] ✓ Adam-Viz 3D (Three.js) (:8084) — UP (0.01s)
[2026-07-23T17:15:41Z] [viz-checker] Vérification terminée
[2026-07-23T17:15:55Z] [viz-checker] Canal: dashboard:down | Source: adam-doctor
[2026-07-23T17:15:55Z] [viz-checker] Dashboard ciblé: tous
[2026-07-23T17:15:55Z] [viz-checker] Vérification des dashboards down...
[2026-07-23T17:15:55Z] [viz-checker] ✗ Monitoring (Chart.js) (:8081) — DOWN
[2026-07-23T17:15:55Z] [viz-checker] ✗ Wiki D3.js (:8082) — DOWN
[2026-07-23T17:15:55Z] [viz-checker] ✗ RAG Search (:8083) — DOWN
[2026-07-23T17:15:55Z] [viz-checker] Canal: dashboard:down | Source: adam-doctor
[2026-07-23T17:15:55Z] [viz-checker] Canal: dashboard:down | Source: adam-doctor
[2026-07-23T17:15:55Z] [viz-checker] Dashboard ciblé: tous
[2026-07-23T17:15:55Z] [viz-checker] Vérification des dashboards down...
[2026-07-23T17:15:55Z] [viz-checker] Dashboard ciblé: tous
[2026-07-23T17:15:55Z] [viz-checker] Vérification des dashboards down...
[2026-07-23T17:15:55Z] [viz-checker] ✗ Monitoring (Chart.js) (:8081) — DOWN
[2026-07-23T17:15:55Z] [viz-checker] ✗ Monitoring (Chart.js) (:8081) — DOWN
[2026-07-23T17:15:55Z] [viz-checker] ✗ Wiki D3.js (:8082) — DOWN
[2026-07-23T17:15:55Z] [viz-checker] ✗ Wiki D3.js (:8082) — DOWN
[2026-07-23T17:15:55Z] [viz-checker] ✗ RAG Search (:8083) — DOWN
[2026-07-23T17:15:55Z] [viz-checker] ✗ RAG Search (:8083) — DOWN
[2026-07-23T17:15:55Z] [viz-checker] ✓ Adam-Viz 3D (Three.js) (:8084) — UP (0.01s)
[2026-07-23T17:15:55Z] [viz-checker] Vérification terminée
[2026-07-23T17:15:55Z] [viz-checker] ✓ Adam-Viz 3D (Three.js) (:8084) — UP (0.01s)
[2026-07-23T17:15:55Z] [viz-checker] Vérification terminée
[2026-07-23T17:15:55Z] [viz-checker] ✓ Adam-Viz 3D (Three.js) (:8084) — UP (0.01s)
[2026-07-23T17:15:55Z] [viz-checker] Vérification terminée
[2026-07-23T17:20:06Z] [viz-checker] Canal: dashboard:down | Source: hive_cycler
[2026-07-23T17:20:06Z] [viz-checker] Dashboard ciblé: tous
[2026-07-23T17:20:06Z] [viz-checker] Vérification des dashboards down...
[2026-07-23T17:20:06Z] [viz-checker] ✗ Monitoring (Chart.js) (:8081) — DOWN
[2026-07-23T17:20:06Z] [viz-checker] ✗ Wiki D3.js (:8082) — DOWN
[2026-07-23T17:20:06Z] [viz-checker] ✗ RAG Search (:8083) — DOWN
[2026-07-23T17:20:06Z] [viz-checker] ✓ Adam-Viz 3D (Three.js) (:8084) — UP (0.01s)
[2026-07-23T17:20:06Z] [viz-checker] Vérification terminée
[2026-07-23T17:20:12Z] [viz-checker] Canal: dashboard:down | Source: adam-doctor
[2026-07-23T17:20:12Z] [viz-checker] Dashboard ciblé: tous
[2026-07-23T17:20:12Z] [viz-checker] Vérification des dashboards down...
[2026-07-23T17:20:12Z] [viz-checker] ✗ Monitoring (Chart.js) (:8081) — DOWN
[2026-07-23T17:20:12Z] [viz-checker] ✗ Wiki D3.js (:8082) — DOWN
[2026-07-23T17:20:12Z] [viz-checker] ✗ RAG Search (:8083) — DOWN
[2026-07-23T17:20:12Z] [viz-checker] ✓ Adam-Viz 3D (Three.js) (:8084) — UP (0.01s)
[2026-07-23T17:20:12Z] [viz-checker] Vérification terminée
[2026-07-23T17:20:18Z] [viz-checker] Canal: dashboard:down | Source: adam-doctor
[2026-07-23T17:20:18Z] [viz-checker] Dashboard ciblé: tous
[2026-07-23T17:20:18Z] [viz-checker] Vérification des dashboards down...
[2026-07-23T17:20:18Z] [viz-checker] ✗ Monitoring (Chart.js) (:8081) — DOWN
[2026-07-23T17:20:18Z] [viz-checker] ✗ Wiki D3.js (:8082) — DOWN
[2026-07-23T17:20:18Z] [viz-checker] ✗ RAG Search (:8083) — DOWN
[2026-07-23T17:20:18Z] [viz-checker] ✓ Adam-Viz 3D (Three.js) (:8084) — UP (0.01s)
[2026-07-23T17:20:18Z] [viz-checker] Vérification terminée
[2026-07-23T17:20:22Z] [viz-checker] Canal: dashboard:down | Source: adam-doctor
[2026-07-23T17:20:22Z] [viz-checker] Dashboard ciblé: tous
[2026-07-23T17:20:22Z] [viz-checker] Vérification des dashboards down...
[2026-07-23T17:20:22Z] [viz-checker] ✗ Monitoring (Chart.js) (:8081) — DOWN
[2026-07-23T17:20:22Z] [viz-checker] ✗ Wiki D3.js (:8082) — DOWN
[2026-07-23T17:20:22Z] [viz-checker] ✗ RAG Search (:8083) — DOWN
[2026-07-23T17:20:22Z] [viz-checker] ✓ Adam-Viz 3D (Three.js) (:8084) — UP (0.01s)
[2026-07-23T17:20:22Z] [viz-checker] Vérification terminée
[2026-07-23T17:24:27Z] [viz-checker] Canal: dashboard:down | Source: hive_cycler
[2026-07-23T17:24:27Z] [viz-checker] Dashboard ciblé: tous
[2026-07-23T17:24:27Z] [viz-checker] Vérification des dashboards down...
[2026-07-23T17:24:27Z] [viz-checker] ✗ Monitoring (Chart.js) (:8081) — DOWN
[2026-07-23T17:24:27Z] [viz-checker] ✗ Wiki D3.js (:8082) — DOWN
[2026-07-23T17:24:27Z] [viz-checker] ✗ RAG Search (:8083) — DOWN
[2026-07-23T17:24:27Z] [viz-checker] ✓ Adam-Viz 3D (Three.js) (:8084) — UP (0.01s)
[2026-07-23T17:24:27Z] [viz-checker] Vérification terminée
[2026-07-23T17:24:33Z] [viz-checker] Canal: dashboard:down | Source: adam-doctor
[2026-07-23T17:24:33Z] [viz-checker] Dashboard ciblé: tous
[2026-07-23T17:24:33Z] [viz-checker] Vérification des dashboards down...
[2026-07-23T17:24:33Z] [viz-checker] ✗ Monitoring (Chart.js) (:8081) — DOWN
[2026-07-23T17:24:33Z] [viz-checker] ✗ Wiki D3.js (:8082) — DOWN
[2026-07-23T17:24:33Z] [viz-checker] ✗ RAG Search (:8083) — DOWN
[2026-07-23T17:24:33Z] [viz-checker] ✓ Adam-Viz 3D (Three.js) (:8084) — UP (0.01s)
[2026-07-23T17:24:33Z] [viz-checker] Vérification terminée
[2026-07-23T17:24:41Z] [viz-checker] Canal: dashboard:down | Source: adam-doctor
[2026-07-23T17:24:41Z] [viz-checker] Dashboard ciblé: tous
[2026-07-23T17:24:41Z] [viz-checker] Vérification des dashboards down...
[2026-07-23T17:24:41Z] [viz-checker] ✗ Monitoring (Chart.js) (:8081) — DOWN
[2026-07-23T17:24:41Z] [viz-checker] ✗ Wiki D3.js (:8082) — DOWN
[2026-07-23T17:24:41Z] [viz-checker] ✗ RAG Search (:8083) — DOWN
[2026-07-23T17:24:41Z] [viz-checker] Canal: dashboard:down | Source: adam-doctor
[2026-07-23T17:24:41Z] [viz-checker] Dashboard ciblé: tous
[2026-07-23T17:24:41Z] [viz-checker] Vérification des dashboards down...
[2026-07-23T17:24:41Z] [viz-checker] ✗ Monitoring (Chart.js) (:8081) — DOWN
[2026-07-23T17:24:41Z] [viz-checker] ✗ Wiki D3.js (:8082) — DOWN
[2026-07-23T17:24:41Z] [viz-checker] ✗ RAG Search (:8083) — DOWN
[2026-07-23T17:24:41Z] [viz-checker] ✓ Adam-Viz 3D (Three.js) (:8084) — UP (0.01s)
[2026-07-23T17:24:41Z] [viz-checker] Vérification terminée
[2026-07-23T17:24:41Z] [viz-checker] ✓ Adam-Viz 3D (Three.js) (:8084) — UP (0.01s)
[2026-07-23T17:24:41Z] [viz-checker] Vérification terminée
[2026-07-23T17:28:47Z] [viz-checker] Canal: dashboard:down | Source: hive_cycler
[2026-07-23T17:28:47Z] [viz-checker] Dashboard ciblé: tous
[2026-07-23T17:28:47Z] [viz-checker] Vérification des dashboards down...
[2026-07-23T17:28:47Z] [viz-checker] ✗ Monitoring (Chart.js) (:8081) — DOWN
[2026-07-23T17:28:47Z] [viz-checker] ✗ Wiki D3.js (:8082) — DOWN
[2026-07-23T17:28:47Z] [viz-checker] ✗ RAG Search (:8083) — DOWN
[2026-07-23T17:28:47Z] [viz-checker] ✓ Adam-Viz 3D (Three.js) (:8084) — UP (0.01s)
[2026-07-23T17:28:47Z] [viz-checker] Vérification terminée
[2026-07-23T17:28:55Z] [viz-checker] Canal: dashboard:down | Source: adam-doctor
[2026-07-23T17:28:55Z] [viz-checker] Dashboard ciblé: tous
[2026-07-23T17:28:55Z] [viz-checker] Vérification des dashboards down...
[2026-07-23T17:28:55Z] [viz-checker] ✗ Monitoring (Chart.js) (:8081) — DOWN
[2026-07-23T17:28:55Z] [viz-checker] ✗ Wiki D3.js (:8082) — DOWN
[2026-07-23T17:28:55Z] [viz-checker] ✗ RAG Search (:8083) — DOWN
[2026-07-23T17:28:55Z] [viz-checker] ✓ Adam-Viz 3D (Three.js) (:8084) — UP (0.01s)
[2026-07-23T17:28:55Z] [viz-checker] Vérification terminée
[2026-07-23T17:29:01Z] [viz-checker] Canal: dashboard:down | Source: adam-doctor
[2026-07-23T17:29:01Z] [viz-checker] Dashboard ciblé: tous
[2026-07-23T17:29:01Z] [viz-checker] Vérification des dashboards down...
[2026-07-23T17:29:01Z] [viz-checker] ✗ Monitoring (Chart.js) (:8081) — DOWN
[2026-07-23T17:29:01Z] [viz-checker] ✗ Wiki D3.js (:8082) — DOWN
[2026-07-23T17:29:01Z] [viz-checker] ✗ RAG Search (:8083) — DOWN
[2026-07-23T17:29:01Z] [viz-checker] Canal: dashboard:down | Source: adam-doctor
[2026-07-23T17:29:01Z] [viz-checker] Dashboard ciblé: tous
[2026-07-23T17:29:01Z] [viz-checker] Vérification des dashboards down...
[2026-07-23T17:29:01Z] [viz-checker] ✗ Monitoring (Chart.js) (:8081) — DOWN
[2026-07-23T17:29:01Z] [viz-checker] ✗ Wiki D3.js (:8082) — DOWN
[2026-07-23T17:29:01Z] [viz-checker] ✗ RAG Search (:8083) — DOWN
[2026-07-23T17:29:01Z] [viz-checker] ✓ Adam-Viz 3D (Three.js) (:8084) — UP (0.01s)
[2026-07-23T17:29:01Z] [viz-checker] Vérification terminée
[2026-07-23T17:29:01Z] [viz-checker] ✓ Adam-Viz 3D (Three.js) (:8084) — UP (0.01s)
[2026-07-23T17:29:01Z] [viz-checker] Vérification terminée
[2026-07-23T17:33:06Z] [viz-checker] Canal: dashboard:down | Source: hive_cycler
[2026-07-23T17:33:06Z] [viz-checker] Dashboard ciblé: tous
[2026-07-23T17:33:06Z] [viz-checker] Vérification des dashboards down...
[2026-07-23T17:33:06Z] [viz-checker] ✗ Monitoring (Chart.js) (:8081) — DOWN
[2026-07-23T17:33:06Z] [viz-checker] ✗ Wiki D3.js (:8082) — DOWN
[2026-07-23T17:33:06Z] [viz-checker] ✗ RAG Search (:8083) — DOWN
[2026-07-23T17:33:06Z] [viz-checker] ✓ Adam-Viz 3D (Three.js) (:8084) — UP (0.01s)
[2026-07-23T17:33:06Z] [viz-checker] Vérification terminée
[2026-07-23T17:33:20Z] [viz-checker] Canal: dashboard:down | Source: adam-doctor
[2026-07-23T17:33:20Z] [viz-checker] Dashboard ciblé: tous
[2026-07-23T17:33:20Z] [viz-checker] Vérification des dashboards down...
[2026-07-23T17:33:20Z] [viz-checker] ✗ Monitoring (Chart.js) (:8081) — DOWN
[2026-07-23T17:33:20Z] [viz-checker] ✗ Wiki D3.js (:8082) — DOWN
[2026-07-23T17:33:20Z] [viz-checker] ✗ RAG Search (:8083) — DOWN
[2026-07-23T17:33:20Z] [viz-checker] Canal: dashboard:down | Source: adam-doctor
[2026-07-23T17:33:20Z] [viz-checker] Dashboard ciblé: tous
[2026-07-23T17:33:20Z] [viz-checker] Vérification des dashboards down...
[2026-07-23T17:33:20Z] [viz-checker] ✗ Monitoring (Chart.js) (:8081) — DOWN
[2026-07-23T17:33:20Z] [viz-checker] ✗ Wiki D3.js (:8082) — DOWN
[2026-07-23T17:33:20Z] [viz-checker] ✗ RAG Search (:8083) — DOWN
[2026-07-23T17:33:20Z] [viz-checker] Canal: dashboard:down | Source: adam-doctor
[2026-07-23T17:33:20Z] [viz-checker] Dashboard ciblé: tous
[2026-07-23T17:33:20Z] [viz-checker] Vérification des dashboards down...
[2026-07-23T17:33:20Z] [viz-checker] ✗ Monitoring (Chart.js) (:8081) — DOWN
[2026-07-23T17:33:20Z] [viz-checker] ✗ Wiki D3.js (:8082) — DOWN
[2026-07-23T17:33:20Z] [viz-checker] ✗ RAG Search (:8083) — DOWN
[2026-07-23T17:33:20Z] [viz-checker] ✓ Adam-Viz 3D (Three.js) (:8084) — UP (0.01s)
[2026-07-23T17:33:20Z] [viz-checker] Vérification terminée
[2026-07-23T17:33:20Z] [viz-checker] ✓ Adam-Viz 3D (Three.js) (:8084) — UP (0.01s)
[2026-07-23T17:33:20Z] [viz-checker] Vérification terminée
[2026-07-23T17:33:20Z] [viz-checker] ✓ Adam-Viz 3D (Three.js) (:8084) — UP (0.01s)
[2026-07-23T17:33:20Z] [viz-checker] Vérification terminée
[2026-07-23T17:37:31Z] [viz-checker] Canal: dashboard:down | Source: hive_cycler
[2026-07-23T17:37:31Z] [viz-checker] Dashboard ciblé: tous
[2026-07-23T17:37:31Z] [viz-checker] Vérification des dashboards down...
[2026-07-23T17:37:31Z] [viz-checker] ✗ Monitoring (Chart.js) (:8081) — DOWN
[2026-07-23T17:37:31Z] [viz-checker] ✗ Wiki D3.js (:8082) — DOWN
[2026-07-23T17:37:31Z] [viz-checker] ✗ RAG Search (:8083) — DOWN
[2026-07-23T17:37:31Z] [viz-checker] ✓ Adam-Viz 3D (Three.js) (:8084) — UP (0.01s)
[2026-07-23T17:37:31Z] [viz-checker] Vérification terminée
[2026-07-23T17:37:37Z] [viz-checker] Canal: dashboard:down | Source: adam-doctor
[2026-07-23T17:37:37Z] [viz-checker] Dashboard ciblé: tous
[2026-07-23T17:37:37Z] [viz-checker] Vérification des dashboards down...
[2026-07-23T17:37:37Z] [viz-checker] ✗ Monitoring (Chart.js) (:8081) — DOWN
[2026-07-23T17:37:37Z] [viz-checker] ✗ Wiki D3.js (:8082) — DOWN
[2026-07-23T17:37:37Z] [viz-checker] ✗ RAG Search (:8083) — DOWN
[2026-07-23T17:37:37Z] [viz-checker] ✓ Adam-Viz 3D (Three.js) (:8084) — UP (0.01s)
[2026-07-23T17:37:37Z] [viz-checker] Vérification terminée
[2026-07-23T17:37:45Z] [viz-checker] Canal: dashboard:down | Source: adam-doctor
[2026-07-23T17:37:45Z] [viz-checker] Dashboard ciblé: tous
[2026-07-23T17:37:45Z] [viz-checker] Vérification des dashboards down...
[2026-07-23T17:37:45Z] [viz-checker] Canal: dashboard:down | Source: adam-doctor
[2026-07-23T17:37:45Z] [viz-checker] Dashboard ciblé: tous
[2026-07-23T17:37:45Z] [viz-checker] Vérification des dashboards down...
[2026-07-23T17:37:45Z] [viz-checker] ✗ Monitoring (Chart.js) (:8081) — DOWN
[2026-07-23T17:37:45Z] [viz-checker] ✗ Wiki D3.js (:8082) — DOWN
[2026-07-23T17:37:45Z] [viz-checker] ✗ Monitoring (Chart.js) (:8081) — DOWN
[2026-07-23T17:37:45Z] [viz-checker] ✗ RAG Search (:8083) — DOWN
[2026-07-23T17:37:45Z] [viz-checker] ✗ Wiki D3.js (:8082) — DOWN
[2026-07-23T17:37:45Z] [viz-checker] ✗ RAG Search (:8083) — DOWN
[2026-07-23T17:37:45Z] [viz-checker] ✓ Adam-Viz 3D (Three.js) (:8084) — UP (0.01s)
[2026-07-23T17:37:45Z] [viz-checker] Vérification terminée
[2026-07-23T17:37:45Z] [viz-checker] ✓ Adam-Viz 3D (Three.js) (:8084) — UP (0.02s)
[2026-07-23T17:37:45Z] [viz-checker] Vérification terminée
[2026-07-23T17:41:52Z] [viz-checker] Canal: dashboard:down | Source: hive_cycler
[2026-07-23T17:41:52Z] [viz-checker] Dashboard ciblé: tous
[2026-07-23T17:41:52Z] [viz-checker] Vérification des dashboards down...
[2026-07-23T17:41:52Z] [viz-checker] ✗ Monitoring (Chart.js) (:8081) — DOWN
[2026-07-23T17:41:52Z] [viz-checker] ✗ Wiki D3.js (:8082) — DOWN
[2026-07-23T17:41:52Z] [viz-checker] ✗ RAG Search (:8083) — DOWN
[2026-07-23T17:41:52Z] [viz-checker] ✓ Adam-Viz 3D (Three.js) (:8084) — UP (0.01s)
[2026-07-23T17:41:52Z] [viz-checker] Vérification terminée
[2026-07-23T17:41:56Z] [viz-checker] Canal: dashboard:down | Source: adam-doctor
[2026-07-23T17:41:56Z] [viz-checker] Dashboard ciblé: tous
[2026-07-23T17:41:56Z] [viz-checker] Vérification des dashboards down...
[2026-07-23T17:41:56Z] [viz-checker] ✗ Monitoring (Chart.js) (:8081) — DOWN
[2026-07-23T17:41:56Z] [viz-checker] ✗ Wiki D3.js (:8082) — DOWN
[2026-07-23T17:41:56Z] [viz-checker] ✗ RAG Search (:8083) — DOWN
[2026-07-23T17:41:56Z] [viz-checker] ✓ Adam-Viz 3D (Three.js) (:8084) — UP (0.01s)
[2026-07-23T17:41:56Z] [viz-checker] Vérification terminée
[2026-07-23T17:42:02Z] [viz-checker] Canal: dashboard:down | Source: adam-doctor
[2026-07-23T17:42:02Z] [viz-checker] Dashboard ciblé: tous
[2026-07-23T17:42:02Z] [viz-checker] Vérification des dashboards down...
[2026-07-23T17:42:02Z] [viz-checker] ✗ Monitoring (Chart.js) (:8081) — DOWN
[2026-07-23T17:42:02Z] [viz-checker] ✗ Wiki D3.js (:8082) — DOWN
[2026-07-23T17:42:02Z] [viz-checker] ✗ RAG Search (:8083) — DOWN
[2026-07-23T17:42:02Z] [viz-checker] ✓ Adam-Viz 3D (Three.js) (:8084) — UP (0.01s)
[2026-07-23T17:42:02Z] [viz-checker] Vérification terminée
[2026-07-23T17:42:06Z] [viz-checker] Canal: dashboard:down | Source: adam-doctor
[2026-07-23T17:42:06Z] [viz-checker] Dashboard ciblé: tous
[2026-07-23T17:42:06Z] [viz-checker] Vérification des dashboards down...
[2026-07-23T17:42:06Z] [viz-checker] ✗ Monitoring (Chart.js) (:8081) — DOWN
[2026-07-23T17:42:06Z] [viz-checker] ✗ Wiki D3.js (:8082) — DOWN
[2026-07-23T17:42:06Z] [viz-checker] ✗ RAG Search (:8083) — DOWN
[2026-07-23T17:42:06Z] [viz-checker] ✓ Adam-Viz 3D (Three.js) (:8084) — UP (0.01s)
[2026-07-23T17:42:06Z] [viz-checker] Vérification terminée
[2026-07-23T17:46:12Z] [viz-checker] Canal: dashboard:down | Source: hive_cycler
[2026-07-23T17:46:12Z] [viz-checker] Dashboard ciblé: tous
[2026-07-23T17:46:12Z] [viz-checker] Vérification des dashboards down...
[2026-07-23T17:46:12Z] [viz-checker] ✗ Monitoring (Chart.js) (:8081) — DOWN
[2026-07-23T17:46:12Z] [viz-checker] ✗ Wiki D3.js (:8082) — DOWN
[2026-07-23T17:46:12Z] [viz-checker] ✗ RAG Search (:8083) — DOWN
[2026-07-23T17:46:12Z] [viz-checker] ✓ Adam-Viz 3D (Three.js) (:8084) — UP (0.01s)
[2026-07-23T17:46:12Z] [viz-checker] Vérification terminée
[2026-07-23T17:46:20Z] [viz-checker] Canal: dashboard:down | Source: adam-doctor
[2026-07-23T17:46:20Z] [viz-checker] Dashboard ciblé: tous
[2026-07-23T17:46:20Z] [viz-checker] Vérification des dashboards down...
[2026-07-23T17:46:20Z] [viz-checker] ✗ Monitoring (Chart.js) (:8081) — DOWN
[2026-07-23T17:46:20Z] [viz-checker] ✗ Wiki D3.js (:8082) — DOWN
[2026-07-23T17:46:20Z] [viz-checker] ✗ RAG Search (:8083) — DOWN
[2026-07-23T17:46:20Z] [viz-checker] ✓ Adam-Viz 3D (Three.js) (:8084) — UP (0.01s)
[2026-07-23T17:46:20Z] [viz-checker] Vérification terminée
[2026-07-23T17:46:26Z] [viz-checker] Canal: dashboard:down | Source: adam-doctor
[2026-07-23T17:46:26Z] [viz-checker] Dashboard ciblé: tous
[2026-07-23T17:46:26Z] [viz-checker] Vérification des dashboards down...
[2026-07-23T17:46:26Z] [viz-checker] ✗ Monitoring (Chart.js) (:8081) — DOWN
[2026-07-23T17:46:26Z] [viz-checker] ✗ Wiki D3.js (:8082) — DOWN
[2026-07-23T17:46:26Z] [viz-checker] ✗ RAG Search (:8083) — DOWN
[2026-07-23T17:46:26Z] [viz-checker] Canal: dashboard:down | Source: adam-doctor
[2026-07-23T17:46:26Z] [viz-checker] Dashboard ciblé: tous
[2026-07-23T17:46:26Z] [viz-checker] Vérification des dashboards down...
[2026-07-23T17:46:26Z] [viz-checker] ✗ Monitoring (Chart.js) (:8081) — DOWN
[2026-07-23T17:46:26Z] [viz-checker] ✗ Wiki D3.js (:8082) — DOWN
[2026-07-23T17:46:26Z] [viz-checker] ✗ RAG Search (:8083) — DOWN
[2026-07-23T17:46:26Z] [viz-checker] ✓ Adam-Viz 3D (Three.js) (:8084) — UP (0.01s)
[2026-07-23T17:46:26Z] [viz-checker] Vérification terminée
[2026-07-23T17:46:26Z] [viz-checker] ✓ Adam-Viz 3D (Three.js) (:8084) — UP (0.01s)
[2026-07-23T17:46:26Z] [viz-checker] Vérification terminée
[2026-07-23T17:50:31Z] [viz-checker] Canal: dashboard:down | Source: hive_cycler
[2026-07-23T17:50:31Z] [viz-checker] Dashboard ciblé: tous
[2026-07-23T17:50:31Z] [viz-checker] Vérification des dashboards down...
[2026-07-23T17:50:31Z] [viz-checker] ✗ Monitoring (Chart.js) (:8081) — DOWN
[2026-07-23T17:50:31Z] [viz-checker] ✗ Wiki D3.js (:8082) — DOWN
[2026-07-23T17:50:31Z] [viz-checker] ✗ RAG Search (:8083) — DOWN
[2026-07-23T17:50:31Z] [viz-checker] ✓ Adam-Viz 3D (Three.js) (:8084) — UP (0.01s)
[2026-07-23T17:50:31Z] [viz-checker] Vérification terminée
[2026-07-23T17:50:45Z] [viz-checker] Canal: dashboard:down | Source: adam-doctor
[2026-07-23T17:50:45Z] [viz-checker] Dashboard ciblé: tous
[2026-07-23T17:50:45Z] [viz-checker] Vérification des dashboards down...
[2026-07-23T17:50:45Z] [viz-checker] ✗ Monitoring (Chart.js) (:8081) — DOWN
[2026-07-23T17:50:45Z] [viz-checker] ✗ Wiki D3.js (:8082) — DOWN
[2026-07-23T17:50:45Z] [viz-checker] ✗ RAG Search (:8083) — DOWN
[2026-07-23T17:50:45Z] [viz-checker] Canal: dashboard:down | Source: adam-doctor
[2026-07-23T17:50:45Z] [viz-checker] Dashboard ciblé: tous
[2026-07-23T17:50:45Z] [viz-checker] Vérification des dashboards down...
[2026-07-23T17:50:45Z] [viz-checker] ✗ Monitoring (Chart.js) (:8081) — DOWN
[2026-07-23T17:50:45Z] [viz-checker] ✗ Wiki D3.js (:8082) — DOWN
[2026-07-23T17:50:45Z] [viz-checker] ✗ RAG Search (:8083) — DOWN
[2026-07-23T17:50:45Z] [viz-checker] Canal: dashboard:down | Source: adam-doctor
[2026-07-23T17:50:45Z] [viz-checker] Dashboard ciblé: tous
[2026-07-23T17:50:45Z] [viz-checker] Vérification des dashboards down...
[2026-07-23T17:50:45Z] [viz-checker] ✗ Monitoring (Chart.js) (:8081) — DOWN
[2026-07-23T17:50:45Z] [viz-checker] ✗ Wiki D3.js (:8082) — DOWN
[2026-07-23T17:50:45Z] [viz-checker] ✗ RAG Search (:8083) — DOWN
[2026-07-23T17:50:45Z] [viz-checker] ✓ Adam-Viz 3D (Three.js) (:8084) — UP (0.01s)
[2026-07-23T17:50:45Z] [viz-checker] Vérification terminée
[2026-07-23T17:50:45Z] [viz-checker] ✓ Adam-Viz 3D (Three.js) (:8084) — UP (0.01s)
[2026-07-23T17:50:45Z] [viz-checker] Vérification terminée
[2026-07-23T17:50:45Z] [viz-checker] ✓ Adam-Viz 3D (Three.js) (:8084) — UP (0.01s)
[2026-07-23T17:50:45Z] [viz-checker] Vérification terminée
[2026-07-23T17:54:54Z] [viz-checker] Canal: dashboard:down | Source: hive_cycler
[2026-07-23T17:54:54Z] [viz-checker] Dashboard ciblé: tous
[2026-07-23T17:54:54Z] [viz-checker] Vérification des dashboards down...
[2026-07-23T17:54:54Z] [viz-checker] ✗ Monitoring (Chart.js) (:8081) — DOWN
[2026-07-23T17:54:54Z] [viz-checker] ✗ Wiki D3.js (:8082) — DOWN
[2026-07-23T17:54:54Z] [viz-checker] ✗ RAG Search (:8083) — DOWN
[2026-07-23T17:54:54Z] [viz-checker] ✓ Adam-Viz 3D (Three.js) (:8084) — UP (0.01s)
[2026-07-23T17:54:54Z] [viz-checker] Vérification terminée
[2026-07-23T17:55:06Z] [viz-checker] Canal: dashboard:down | Source: adam-doctor
[2026-07-23T17:55:06Z] [viz-checker] Canal: dashboard:down | Source: adam-doctor
[2026-07-23T17:55:06Z] [viz-checker] Dashboard ciblé: tous
[2026-07-23T17:55:06Z] [viz-checker] Dashboard ciblé: tous
[2026-07-23T17:55:06Z] [viz-checker] Vérification des dashboards down...
[2026-07-23T17:55:06Z] [viz-checker] Vérification des dashboards down...
[2026-07-23T17:55:06Z] [viz-checker] ✗ Monitoring (Chart.js) (:8081) — DOWN
[2026-07-23T17:55:06Z] [viz-checker] ✗ Monitoring (Chart.js) (:8081) — DOWN
[2026-07-23T17:55:06Z] [viz-checker] ✗ Wiki D3.js (:8082) — DOWN
[2026-07-23T17:55:06Z] [viz-checker] ✗ Wiki D3.js (:8082) — DOWN
[2026-07-23T17:55:06Z] [viz-checker] ✗ RAG Search (:8083) — DOWN
[2026-07-23T17:55:06Z] [viz-checker] ✗ RAG Search (:8083) — DOWN
[2026-07-23T17:55:06Z] [viz-checker] ✓ Adam-Viz 3D (Three.js) (:8084) — UP (0.01s)
[2026-07-23T17:55:06Z] [viz-checker] Vérification terminée
[2026-07-23T17:55:06Z] [viz-checker] ✓ Adam-Viz 3D (Three.js) (:8084) — UP (0.01s)
[2026-07-23T17:55:06Z] [viz-checker] Vérification terminée
[2026-07-23T17:55:10Z] [viz-checker] Canal: dashboard:down | Source: adam-doctor
[2026-07-23T17:55:10Z] [viz-checker] Dashboard ciblé: tous
[2026-07-23T17:55:10Z] [viz-checker] Vérification des dashboards down...
[2026-07-23T17:55:10Z] [viz-checker] ✗ Monitoring (Chart.js) (:8081) — DOWN
[2026-07-23T17:55:10Z] [viz-checker] ✗ Wiki D3.js (:8082) — DOWN
[2026-07-23T17:55:10Z] [viz-checker] ✗ RAG Search (:8083) — DOWN
[2026-07-23T17:55:10Z] [viz-checker] ✓ Adam-Viz 3D (Three.js) (:8084) — UP (0.01s)
[2026-07-23T17:55:10Z] [viz-checker] Vérification terminée
[2026-07-23T17:59:17Z] [viz-checker] Canal: dashboard:down | Source: hive_cycler
[2026-07-23T17:59:17Z] [viz-checker] Dashboard ciblé: tous
[2026-07-23T17:59:17Z] [viz-checker] Vérification des dashboards down...
[2026-07-23T17:59:17Z] [viz-checker] ✗ Monitoring (Chart.js) (:8081) — DOWN
[2026-07-23T17:59:17Z] [viz-checker] ✗ Wiki D3.js (:8082) — DOWN
[2026-07-23T17:59:17Z] [viz-checker] ✓ RAG Search (:8083) — UP (0.01s)
[2026-07-23T17:59:17Z] [viz-checker] ✓ Adam-Viz 3D (Three.js) (:8084) — UP (0.00s)
[2026-07-23T17:59:17Z] [viz-checker] Vérification terminée
[2026-07-23T17:59:23Z] [viz-checker] Canal: dashboard:down | Source: adam-doctor
[2026-07-23T17:59:23Z] [viz-checker] Dashboard ciblé: tous
[2026-07-23T17:59:23Z] [viz-checker] Vérification des dashboards down...
[2026-07-23T17:59:23Z] [viz-checker] ✗ Monitoring (Chart.js) (:8081) — DOWN
[2026-07-23T17:59:23Z] [viz-checker] ✗ Wiki D3.js (:8082) — DOWN
[2026-07-23T17:59:23Z] [viz-checker] ✓ RAG Search (:8083) — UP (0.01s)
[2026-07-23T17:59:23Z] [viz-checker] ✓ Adam-Viz 3D (Three.js) (:8084) — UP (0.00s)
[2026-07-23T17:59:23Z] [viz-checker] Vérification terminée
[2026-07-23T17:59:33Z] [viz-checker] Canal: dashboard:down | Source: adam-doctor
[2026-07-23T17:59:33Z] [viz-checker] Dashboard ciblé: tous
[2026-07-23T17:59:33Z] [viz-checker] Vérification des dashboards down...
[2026-07-23T17:59:33Z] [viz-checker] ✗ Monitoring (Chart.js) (:8081) — DOWN
[2026-07-23T17:59:33Z] [viz-checker] ✗ Wiki D3.js (:8082) — DOWN
[2026-07-23T17:59:33Z] [viz-checker] Canal: dashboard:down | Source: adam-doctor
[2026-07-23T17:59:33Z] [viz-checker] Dashboard ciblé: tous
[2026-07-23T17:59:33Z] [viz-checker] Vérification des dashboards down...
[2026-07-23T17:59:33Z] [viz-checker] ✗ Monitoring (Chart.js) (:8081) — DOWN
[2026-07-23T17:59:33Z] [viz-checker] ✗ Wiki D3.js (:8082) — DOWN
[2026-07-23T17:59:33Z] [viz-checker] ✓ RAG Search (:8083) — UP (0.01s)
[2026-07-23T17:59:33Z] [viz-checker] ✓ RAG Search (:8083) — UP (0.01s)
[2026-07-23T17:59:33Z] [viz-checker] ✓ Adam-Viz 3D (Three.js) (:8084) — UP (0.00s)
[2026-07-23T17:59:33Z] [viz-checker] Vérification terminée
[2026-07-23T17:59:33Z] [viz-checker] ✓ Adam-Viz 3D (Three.js) (:8084) — UP (0.00s)
[2026-07-23T17:59:33Z] [viz-checker] Vérification terminée
[2026-07-23T18:03:38Z] [viz-checker] Canal: dashboard:down | Source: hive_cycler
[2026-07-23T18:03:38Z] [viz-checker] Dashboard ciblé: tous
[2026-07-23T18:03:38Z] [viz-checker] Vérification des dashboards down...
[2026-07-23T18:03:38Z] [viz-checker] ✗ Monitoring (Chart.js) (:8081) — DOWN
[2026-07-23T18:03:38Z] [viz-checker] ✗ Wiki D3.js (:8082) — DOWN
[2026-07-23T18:03:38Z] [viz-checker] ✓ RAG Search (:8083) — UP (0.01s)
[2026-07-23T18:03:38Z] [viz-checker] ✓ Adam-Viz 3D (Three.js) (:8084) — UP (0.00s)
[2026-07-23T18:03:38Z] [viz-checker] Vérification terminée
[2026-07-23T18:03:44Z] [viz-checker] Canal: dashboard:down | Source: adam-doctor
[2026-07-23T18:03:44Z] [viz-checker] Dashboard ciblé: tous
[2026-07-23T18:03:44Z] [viz-checker] Vérification des dashboards down...
[2026-07-23T18:03:44Z] [viz-checker] ✗ Monitoring (Chart.js) (:8081) — DOWN
[2026-07-23T18:03:44Z] [viz-checker] ✗ Wiki D3.js (:8082) — DOWN
[2026-07-23T18:03:44Z] [viz-checker] ✓ RAG Search (:8083) — UP (0.01s)
[2026-07-23T18:03:44Z] [viz-checker] ✓ Adam-Viz 3D (Three.js) (:8084) — UP (0.00s)
[2026-07-23T18:03:44Z] [viz-checker] Vérification terminée
[2026-07-23T18:03:52Z] [viz-checker] Canal: dashboard:down | Source: adam-doctor
[2026-07-23T18:03:52Z] [viz-checker] Dashboard ciblé: tous
[2026-07-23T18:03:52Z] [viz-checker] Vérification des dashboards down...
[2026-07-23T18:03:52Z] [viz-checker] ✗ Monitoring (Chart.js) (:8081) — DOWN
[2026-07-23T18:03:52Z] [viz-checker] ✗ Wiki D3.js (:8082) — DOWN
[2026-07-23T18:03:52Z] [viz-checker] Canal: dashboard:down | Source: adam-doctor
[2026-07-23T18:03:52Z] [viz-checker] Dashboard ciblé: tous
[2026-07-23T18:03:52Z] [viz-checker] Vérification des dashboards down...
[2026-07-23T18:03:52Z] [viz-checker] ✗ Monitoring (Chart.js) (:8081) — DOWN
[2026-07-23T18:03:52Z] [viz-checker] ✗ Wiki D3.js (:8082) — DOWN
[2026-07-23T18:03:52Z] [viz-checker] ✓ RAG Search (:8083) — UP (0.01s)
[2026-07-23T18:03:52Z] [viz-checker] ✓ RAG Search (:8083) — UP (0.01s)
[2026-07-23T18:03:52Z] [viz-checker] ✓ Adam-Viz 3D (Three.js) (:8084) — UP (0.00s)
[2026-07-23T18:03:52Z] [viz-checker] Vérification terminée
[2026-07-23T18:03:52Z] [viz-checker] ✓ Adam-Viz 3D (Three.js) (:8084) — UP (0.00s)
[2026-07-23T18:03:52Z] [viz-checker] Vérification terminée
[2026-07-23T18:07:58Z] [viz-checker] Canal: dashboard:down | Source: hive_cycler
[2026-07-23T18:07:58Z] [viz-checker] Dashboard ciblé: tous
[2026-07-23T18:07:58Z] [viz-checker] Vérification des dashboards down...
[2026-07-23T18:07:58Z] [viz-checker] ✗ Monitoring (Chart.js) (:8081) — DOWN
[2026-07-23T18:07:58Z] [viz-checker] ✗ Wiki D3.js (:8082) — DOWN
[2026-07-23T18:07:58Z] [viz-checker] ✓ RAG Search (:8083) — UP (0.01s)
[2026-07-23T18:07:58Z] [viz-checker] ✓ Adam-Viz 3D (Three.js) (:8084) — UP (0.00s)
[2026-07-23T18:07:58Z] [viz-checker] Vérification terminée
[2026-07-23T18:08:07Z] [viz-checker] Canal: dashboard:down | Source: adam-doctor
[2026-07-23T18:08:07Z] [viz-checker] Dashboard ciblé: tous
[2026-07-23T18:08:07Z] [viz-checker] Vérification des dashboards down...
[2026-07-23T18:08:07Z] [viz-checker] ✗ Monitoring (Chart.js) (:8081) — DOWN
[2026-07-23T18:08:07Z] [viz-checker] ✗ Wiki D3.js (:8082) — DOWN
[2026-07-23T18:08:07Z] [viz-checker] ✓ RAG Search (:8083) — UP (0.01s)
[2026-07-23T18:08:07Z] [viz-checker] ✓ Adam-Viz 3D (Three.js) (:8084) — UP (0.00s)
[2026-07-23T18:08:07Z] [viz-checker] Vérification terminée
[2026-07-23T18:08:13Z] [viz-checker] Canal: dashboard:down | Source: adam-doctor
[2026-07-23T18:08:13Z] [viz-checker] Dashboard ciblé: tous
[2026-07-23T18:08:13Z] [viz-checker] Vérification des dashboards down...
[2026-07-23T18:08:13Z] [viz-checker] ✗ Monitoring (Chart.js) (:8081) — DOWN
[2026-07-23T18:08:13Z] [viz-checker] ✗ Wiki D3.js (:8082) — DOWN
[2026-07-23T18:08:13Z] [viz-checker] Canal: dashboard:down | Source: adam-doctor
[2026-07-23T18:08:13Z] [viz-checker] Dashboard ciblé: tous
[2026-07-23T18:08:13Z] [viz-checker] Vérification des dashboards down...
[2026-07-23T18:08:13Z] [viz-checker] ✗ Monitoring (Chart.js) (:8081) — DOWN
[2026-07-23T18:08:13Z] [viz-checker] ✗ Wiki D3.js (:8082) — DOWN
[2026-07-23T18:08:13Z] [viz-checker] ✓ RAG Search (:8083) — UP (0.01s)
[2026-07-23T18:08:13Z] [viz-checker] ✓ Adam-Viz 3D (Three.js) (:8084) — UP (0.00s)
[2026-07-23T18:08:13Z] [viz-checker] Vérification terminée
[2026-07-23T18:08:13Z] [viz-checker] ✓ RAG Search (:8083) — UP (0.01s)
[2026-07-23T18:08:13Z] [viz-checker] ✓ Adam-Viz 3D (Three.js) (:8084) — UP (0.00s)
[2026-07-23T18:08:13Z] [viz-checker] Vérification terminée
[2026-07-23T18:12:19Z] [viz-checker] Canal: dashboard:down | Source: hive_cycler
[2026-07-23T18:12:19Z] [viz-checker] Dashboard ciblé: tous
[2026-07-23T18:12:19Z] [viz-checker] Vérification des dashboards down...
[2026-07-23T18:12:19Z] [viz-checker] ✗ Monitoring (Chart.js) (:8081) — DOWN
[2026-07-23T18:12:19Z] [viz-checker] ✗ Wiki D3.js (:8082) — DOWN
[2026-07-23T18:12:19Z] [viz-checker] ✓ RAG Search (:8083) — UP (0.01s)
[2026-07-23T18:12:19Z] [viz-checker] ✓ Adam-Viz 3D (Three.js) (:8084) — UP (0.00s)
[2026-07-23T18:12:19Z] [viz-checker] Vérification terminée
[2026-07-23T18:12:27Z] [viz-checker] Canal: dashboard:down | Source: adam-doctor
[2026-07-23T18:12:27Z] [viz-checker] Dashboard ciblé: tous
[2026-07-23T18:12:27Z] [viz-checker] Vérification des dashboards down...
[2026-07-23T18:12:27Z] [viz-checker] ✗ Monitoring (Chart.js) (:8081) — DOWN
[2026-07-23T18:12:27Z] [viz-checker] ✗ Wiki D3.js (:8082) — DOWN
[2026-07-23T18:12:27Z] [viz-checker] ✓ RAG Search (:8083) — UP (0.01s)
[2026-07-23T18:12:27Z] [viz-checker] ✓ Adam-Viz 3D (Three.js) (:8084) — UP (0.00s)
[2026-07-23T18:12:27Z] [viz-checker] Vérification terminée
[2026-07-23T18:12:33Z] [viz-checker] Canal: dashboard:down | Source: adam-doctor
[2026-07-23T18:12:33Z] [viz-checker] Dashboard ciblé: tous
[2026-07-23T18:12:33Z] [viz-checker] Vérification des dashboards down...
[2026-07-23T18:12:33Z] [viz-checker] ✗ Monitoring (Chart.js) (:8081) — DOWN
[2026-07-23T18:12:33Z] [viz-checker] ✗ Wiki D3.js (:8082) — DOWN
[2026-07-23T18:12:33Z] [viz-checker] Canal: dashboard:down | Source: adam-doctor
[2026-07-23T18:12:33Z] [viz-checker] Dashboard ciblé: tous
[2026-07-23T18:12:33Z] [viz-checker] Vérification des dashboards down...
[2026-07-23T18:12:33Z] [viz-checker] ✗ Monitoring (Chart.js) (:8081) — DOWN
[2026-07-23T18:12:33Z] [viz-checker] ✗ Wiki D3.js (:8082) — DOWN
[2026-07-23T18:12:33Z] [viz-checker] ✓ RAG Search (:8083) — UP (0.01s)
[2026-07-23T18:12:33Z] [viz-checker] ✓ RAG Search (:8083) — UP (0.01s)
[2026-07-23T18:12:33Z] [viz-checker] ✓ Adam-Viz 3D (Three.js) (:8084) — UP (0.00s)
[2026-07-23T18:12:33Z] [viz-checker] Vérification terminée
[2026-07-23T18:12:33Z] [viz-checker] ✓ Adam-Viz 3D (Three.js) (:8084) — UP (0.00s)
[2026-07-23T18:12:33Z] [viz-checker] Vérification terminée
[2026-07-23T18:16:38Z] [viz-checker] Canal: dashboard:down | Source: hive_cycler
[2026-07-23T18:16:38Z] [viz-checker] Dashboard ciblé: tous
[2026-07-23T18:16:38Z] [viz-checker] Vérification des dashboards down...
[2026-07-23T18:16:38Z] [viz-checker] ✗ Monitoring (Chart.js) (:8081) — DOWN
[2026-07-23T18:16:38Z] [viz-checker] ✗ Wiki D3.js (:8082) — DOWN
[2026-07-23T18:16:38Z] [viz-checker] ✓ RAG Search (:8083) — UP (0.01s)
[2026-07-23T18:16:38Z] [viz-checker] ✓ Adam-Viz 3D (Three.js) (:8084) — UP (0.00s)
[2026-07-23T18:16:38Z] [viz-checker] Vérification terminée
[2026-07-23T18:16:52Z] [viz-checker] Canal: dashboard:down | Source: adam-doctor
[2026-07-23T18:16:52Z] [viz-checker] Dashboard ciblé: tous
[2026-07-23T18:16:52Z] [viz-checker] Vérification des dashboards down...
[2026-07-23T18:16:52Z] [viz-checker] ✗ Monitoring (Chart.js) (:8081) — DOWN
[2026-07-23T18:16:52Z] [viz-checker] ✗ Wiki D3.js (:8082) — DOWN
[2026-07-23T18:16:52Z] [viz-checker] Canal: dashboard:down | Source: adam-doctor
[2026-07-23T18:16:52Z] [viz-checker] Dashboard ciblé: tous
[2026-07-23T18:16:52Z] [viz-checker] Vérification des dashboards down...
[2026-07-23T18:16:52Z] [viz-checker] ✗ Monitoring (Chart.js) (:8081) — DOWN
[2026-07-23T18:16:52Z] [viz-checker] ✗ Wiki D3.js (:8082) — DOWN
[2026-07-23T18:16:52Z] [viz-checker] Canal: dashboard:down | Source: adam-doctor
[2026-07-23T18:16:52Z] [viz-checker] Dashboard ciblé: tous
[2026-07-23T18:16:52Z] [viz-checker] Vérification des dashboards down...
[2026-07-23T18:16:52Z] [viz-checker] ✗ Monitoring (Chart.js) (:8081) — DOWN
[2026-07-23T18:16:52Z] [viz-checker] ✗ Wiki D3.js (:8082) — DOWN
[2026-07-23T18:16:52Z] [viz-checker] ✓ RAG Search (:8083) — UP (0.01s)
[2026-07-23T18:16:52Z] [viz-checker] ✓ RAG Search (:8083) — UP (0.01s)
[2026-07-23T18:16:52Z] [viz-checker] ✓ Adam-Viz 3D (Three.js) (:8084) — UP (0.00s)
[2026-07-23T18:16:52Z] [viz-checker] Vérification terminée
[2026-07-23T18:16:52Z] [viz-checker] ✓ RAG Search (:8083) — UP (0.01s)
[2026-07-23T18:16:52Z] [viz-checker] ✓ Adam-Viz 3D (Three.js) (:8084) — UP (0.00s)
[2026-07-23T18:16:52Z] [viz-checker] Vérification terminée
[2026-07-23T18:16:52Z] [viz-checker] ✓ Adam-Viz 3D (Three.js) (:8084) — UP (0.00s)
[2026-07-23T18:16:52Z] [viz-checker] Vérification terminée
[2026-07-23T18:20:59Z] [viz-checker] Canal: dashboard:down | Source: hive_cycler
[2026-07-23T18:20:59Z] [viz-checker] Dashboard ciblé: tous
[2026-07-23T18:20:59Z] [viz-checker] Vérification des dashboards down...
[2026-07-23T18:20:59Z] [viz-checker] ✗ Monitoring (Chart.js) (:8081) — DOWN
[2026-07-23T18:20:59Z] [viz-checker] ✗ Wiki D3.js (:8082) — DOWN
[2026-07-23T18:20:59Z] [viz-checker] ✓ RAG Search (:8083) — UP (0.01s)
[2026-07-23T18:20:59Z] [viz-checker] ✓ Adam-Viz 3D (Three.js) (:8084) — UP (0.00s)
[2026-07-23T18:20:59Z] [viz-checker] Vérification terminée
[2026-07-23T18:21:13Z] [viz-checker] Canal: dashboard:down | Source: adam-doctor
[2026-07-23T18:21:13Z] [viz-checker] Dashboard ciblé: tous
[2026-07-23T18:21:13Z] [viz-checker] Vérification des dashboards down...
[2026-07-23T18:21:13Z] [viz-checker] ✗ Monitoring (Chart.js) (:8081) — DOWN
[2026-07-23T18:21:13Z] [viz-checker] ✗ Wiki D3.js (:8082) — DOWN
[2026-07-23T18:21:13Z] [viz-checker] Canal: dashboard:down | Source: adam-doctor
[2026-07-23T18:21:13Z] [viz-checker] Dashboard ciblé: tous
[2026-07-23T18:21:13Z] [viz-checker] Vérification des dashboards down...
[2026-07-23T18:21:13Z] [viz-checker] ✗ Monitoring (Chart.js) (:8081) — DOWN
[2026-07-23T18:21:13Z] [viz-checker] ✗ Wiki D3.js (:8082) — DOWN
[2026-07-23T18:21:13Z] [viz-checker] Canal: dashboard:down | Source: adam-doctor
[2026-07-23T18:21:13Z] [viz-checker] Dashboard ciblé: tous
[2026-07-23T18:21:13Z] [viz-checker] Vérification des dashboards down...
[2026-07-23T18:21:13Z] [viz-checker] ✗ Monitoring (Chart.js) (:8081) — DOWN
[2026-07-23T18:21:13Z] [viz-checker] ✗ Wiki D3.js (:8082) — DOWN
[2026-07-23T18:21:13Z] [viz-checker] ✓ RAG Search (:8083) — UP (0.01s)
[2026-07-23T18:21:13Z] [viz-checker] ✓ Adam-Viz 3D (Three.js) (:8084) — UP (0.00s)
[2026-07-23T18:21:13Z] [viz-checker] Vérification terminée
[2026-07-23T18:21:13Z] [viz-checker] ✓ RAG Search (:8083) — UP (0.01s)
[2026-07-23T18:21:13Z] [viz-checker] ✓ RAG Search (:8083) — UP (0.01s)
[2026-07-23T18:21:13Z] [viz-checker] ✓ Adam-Viz 3D (Three.js) (:8084) — UP (0.00s)
[2026-07-23T18:21:13Z] [viz-checker] Vérification terminée
[2026-07-23T18:21:13Z] [viz-checker] ✓ Adam-Viz 3D (Three.js) (:8084) — UP (0.00s)
[2026-07-23T18:21:13Z] [viz-checker] Vérification terminée
[2026-07-23T18:25:24Z] [viz-checker] Canal: dashboard:down | Source: hive_cycler
[2026-07-23T18:25:24Z] [viz-checker] Dashboard ciblé: tous
[2026-07-23T18:25:24Z] [viz-checker] Vérification des dashboards down...
[2026-07-23T18:25:24Z] [viz-checker] ✗ Monitoring (Chart.js) (:8081) — DOWN
[2026-07-23T18:25:24Z] [viz-checker] ✗ Wiki D3.js (:8082) — DOWN
[2026-07-23T18:25:24Z] [viz-checker] ✓ RAG Search (:8083) — UP (0.01s)
[2026-07-23T18:25:24Z] [viz-checker] ✓ Adam-Viz 3D (Three.js) (:8084) — UP (0.00s)
[2026-07-23T18:25:24Z] [viz-checker] Vérification terminée
[2026-07-23T18:25:30Z] [viz-checker] Canal: dashboard:down | Source: adam-doctor
[2026-07-23T18:25:30Z] [viz-checker] Dashboard ciblé: tous
[2026-07-23T18:25:30Z] [viz-checker] Vérification des dashboards down...
[2026-07-23T18:25:30Z] [viz-checker] ✗ Monitoring (Chart.js) (:8081) — DOWN
[2026-07-23T18:25:30Z] [viz-checker] ✗ Wiki D3.js (:8082) — DOWN
[2026-07-23T18:25:30Z] [viz-checker] ✓ RAG Search (:8083) — UP (0.01s)
[2026-07-23T18:25:30Z] [viz-checker] ✓ Adam-Viz 3D (Three.js) (:8084) — UP (0.00s)
[2026-07-23T18:25:30Z] [viz-checker] Vérification terminée
[2026-07-23T18:25:36Z] [viz-checker] Canal: dashboard:down | Source: adam-doctor
[2026-07-23T18:25:36Z] [viz-checker] Dashboard ciblé: tous
[2026-07-23T18:25:36Z] [viz-checker] Vérification des dashboards down...
[2026-07-23T18:25:36Z] [viz-checker] ✗ Monitoring (Chart.js) (:8081) — DOWN
[2026-07-23T18:25:36Z] [viz-checker] ✗ Wiki D3.js (:8082) — DOWN
[2026-07-23T18:25:36Z] [viz-checker] Canal: dashboard:down | Source: adam-doctor
[2026-07-23T18:25:36Z] [viz-checker] Dashboard ciblé: tous
[2026-07-23T18:25:36Z] [viz-checker] Vérification des dashboards down...
[2026-07-23T18:25:36Z] [viz-checker] ✗ Monitoring (Chart.js) (:8081) — DOWN
[2026-07-23T18:25:36Z] [viz-checker] ✗ Wiki D3.js (:8082) — DOWN
[2026-07-23T18:25:36Z] [viz-checker] ✓ RAG Search (:8083) — UP (0.01s)
[2026-07-23T18:25:36Z] [viz-checker] ✓ Adam-Viz 3D (Three.js) (:8084) — UP (0.00s)
[2026-07-23T18:25:36Z] [viz-checker] Vérification terminée
[2026-07-23T18:25:36Z] [viz-checker] ✓ RAG Search (:8083) — UP (0.01s)
[2026-07-23T18:25:36Z] [viz-checker] ✓ Adam-Viz 3D (Three.js) (:8084) — UP (0.00s)
[2026-07-23T18:25:36Z] [viz-checker] Vérification terminée
[2026-07-23T18:29:45Z] [viz-checker] Canal: dashboard:down | Source: hive_cycler
[2026-07-23T18:29:45Z] [viz-checker] Dashboard ciblé: tous
[2026-07-23T18:29:45Z] [viz-checker] Vérification des dashboards down...
[2026-07-23T18:29:45Z] [viz-checker] ✗ Monitoring (Chart.js) (:8081) — DOWN
[2026-07-23T18:29:45Z] [viz-checker] ✗ Wiki D3.js (:8082) — DOWN
[2026-07-23T18:29:45Z] [viz-checker] ✓ RAG Search (:8083) — UP (0.01s)
[2026-07-23T18:29:45Z] [viz-checker] ✓ Adam-Viz 3D (Three.js) (:8084) — UP (0.00s)
[2026-07-23T18:29:45Z] [viz-checker] Vérification terminée
[2026-07-23T18:29:51Z] [viz-checker] Canal: dashboard:down | Source: adam-doctor
[2026-07-23T18:29:51Z] [viz-checker] Dashboard ciblé: tous
[2026-07-23T18:29:51Z] [viz-checker] Vérification des dashboards down...
[2026-07-23T18:29:51Z] [viz-checker] ✗ Monitoring (Chart.js) (:8081) — DOWN
[2026-07-23T18:29:51Z] [viz-checker] ✗ Wiki D3.js (:8082) — DOWN
[2026-07-23T18:29:51Z] [viz-checker] ✓ RAG Search (:8083) — UP (0.01s)
[2026-07-23T18:29:51Z] [viz-checker] ✓ Adam-Viz 3D (Three.js) (:8084) — UP (0.00s)
[2026-07-23T18:29:51Z] [viz-checker] Vérification terminée
[2026-07-23T18:29:59Z] [viz-checker] Canal: dashboard:down | Source: adam-doctor
[2026-07-23T18:29:59Z] [viz-checker] Dashboard ciblé: tous
[2026-07-23T18:29:59Z] [viz-checker] Vérification des dashboards down...
[2026-07-23T18:29:59Z] [viz-checker] ✗ Monitoring (Chart.js) (:8081) — DOWN
[2026-07-23T18:29:59Z] [viz-checker] ✗ Wiki D3.js (:8082) — DOWN
[2026-07-23T18:29:59Z] [viz-checker] Canal: dashboard:down | Source: adam-doctor
[2026-07-23T18:29:59Z] [viz-checker] Dashboard ciblé: tous
[2026-07-23T18:29:59Z] [viz-checker] Vérification des dashboards down...
[2026-07-23T18:29:59Z] [viz-checker] ✗ Monitoring (Chart.js) (:8081) — DOWN
[2026-07-23T18:29:59Z] [viz-checker] ✗ Wiki D3.js (:8082) — DOWN
[2026-07-23T18:29:59Z] [viz-checker] ✓ RAG Search (:8083) — UP (0.01s)
[2026-07-23T18:29:59Z] [viz-checker] ✓ Adam-Viz 3D (Three.js) (:8084) — UP (0.00s)
[2026-07-23T18:29:59Z] [viz-checker] Vérification terminée
[2026-07-23T18:29:59Z] [viz-checker] ✓ RAG Search (:8083) — UP (0.01s)
[2026-07-23T18:29:59Z] [viz-checker] ✓ Adam-Viz 3D (Three.js) (:8084) — UP (0.00s)
[2026-07-23T18:29:59Z] [viz-checker] Vérification terminée
[2026-07-23T18:34:06Z] [viz-checker] Canal: dashboard:down | Source: hive_cycler
[2026-07-23T18:34:06Z] [viz-checker] Dashboard ciblé: tous
[2026-07-23T18:34:06Z] [viz-checker] Vérification des dashboards down...
[2026-07-23T18:34:06Z] [viz-checker] ✗ Monitoring (Chart.js) (:8081) — DOWN
[2026-07-23T18:34:06Z] [viz-checker] ✗ Wiki D3.js (:8082) — DOWN
[2026-07-23T18:34:06Z] [viz-checker] ✓ RAG Search (:8083) — UP (0.01s)
[2026-07-23T18:34:06Z] [viz-checker] ✓ Adam-Viz 3D (Three.js) (:8084) — UP (0.00s)
[2026-07-23T18:34:06Z] [viz-checker] Vérification terminée
[2026-07-23T18:34:12Z] [viz-checker] Canal: dashboard:down | Source: adam-doctor
[2026-07-23T18:34:12Z] [viz-checker] Dashboard ciblé: tous
[2026-07-23T18:34:12Z] [viz-checker] Vérification des dashboards down...
[2026-07-23T18:34:12Z] [viz-checker] ✗ Monitoring (Chart.js) (:8081) — DOWN
[2026-07-23T18:34:12Z] [viz-checker] ✗ Wiki D3.js (:8082) — DOWN
[2026-07-23T18:34:12Z] [viz-checker] ✓ RAG Search (:8083) — UP (0.01s)
[2026-07-23T18:34:12Z] [viz-checker] ✓ Adam-Viz 3D (Three.js) (:8084) — UP (0.00s)
[2026-07-23T18:34:12Z] [viz-checker] Vérification terminée
[2026-07-23T18:34:20Z] [viz-checker] Canal: dashboard:down | Source: adam-doctor
[2026-07-23T18:34:20Z] [viz-checker] Dashboard ciblé: tous
[2026-07-23T18:34:20Z] [viz-checker] Vérification des dashboards down...
[2026-07-23T18:34:20Z] [viz-checker] ✗ Monitoring (Chart.js) (:8081) — DOWN
[2026-07-23T18:34:20Z] [viz-checker] ✗ Wiki D3.js (:8082) — DOWN
[2026-07-23T18:34:20Z] [viz-checker] Canal: dashboard:down | Source: adam-doctor
[2026-07-23T18:34:20Z] [viz-checker] Dashboard ciblé: tous
[2026-07-23T18:34:20Z] [viz-checker] Vérification des dashboards down...
[2026-07-23T18:34:20Z] [viz-checker] ✗ Monitoring (Chart.js) (:8081) — DOWN
[2026-07-23T18:34:20Z] [viz-checker] ✗ Wiki D3.js (:8082) — DOWN
[2026-07-23T18:34:20Z] [viz-checker] ✓ RAG Search (:8083) — UP (0.01s)
[2026-07-23T18:34:20Z] [viz-checker] ✓ RAG Search (:8083) — UP (0.01s)
[2026-07-23T18:34:20Z] [viz-checker] ✓ Adam-Viz 3D (Three.js) (:8084) — UP (0.00s)
[2026-07-23T18:34:20Z] [viz-checker] Vérification terminée
[2026-07-23T18:34:20Z] [viz-checker] ✓ Adam-Viz 3D (Three.js) (:8084) — UP (0.00s)
[2026-07-23T18:34:20Z] [viz-checker] Vérification terminée
[2026-07-23T18:38:27Z] [viz-checker] Canal: dashboard:down | Source: hive_cycler
[2026-07-23T18:38:27Z] [viz-checker] Dashboard ciblé: tous
[2026-07-23T18:38:27Z] [viz-checker] Vérification des dashboards down...
[2026-07-23T18:38:27Z] [viz-checker] ✗ Monitoring (Chart.js) (:8081) — DOWN
[2026-07-23T18:38:27Z] [viz-checker] ✗ Wiki D3.js (:8082) — DOWN
[2026-07-23T18:38:27Z] [viz-checker] ✓ RAG Search (:8083) — UP (0.01s)
[2026-07-23T18:38:27Z] [viz-checker] ✓ Adam-Viz 3D (Three.js) (:8084) — UP (0.00s)
[2026-07-23T18:38:27Z] [viz-checker] Vérification terminée
[2026-07-23T18:38:33Z] [viz-checker] Canal: dashboard:down | Source: adam-doctor
[2026-07-23T18:38:33Z] [viz-checker] Dashboard ciblé: tous
[2026-07-23T18:38:33Z] [viz-checker] Vérification des dashboards down...
[2026-07-23T18:38:33Z] [viz-checker] ✗ Monitoring (Chart.js) (:8081) — DOWN
[2026-07-23T18:38:33Z] [viz-checker] ✗ Wiki D3.js (:8082) — DOWN
[2026-07-23T18:38:33Z] [viz-checker] ✓ RAG Search (:8083) — UP (0.01s)
[2026-07-23T18:38:33Z] [viz-checker] ✓ Adam-Viz 3D (Three.js) (:8084) — UP (0.00s)
[2026-07-23T18:38:33Z] [viz-checker] Vérification terminée
[2026-07-23T18:38:41Z] [viz-checker] Canal: dashboard:down | Source: adam-doctor
[2026-07-23T18:38:41Z] [viz-checker] Dashboard ciblé: tous
[2026-07-23T18:38:41Z] [viz-checker] Vérification des dashboards down...
[2026-07-23T18:38:41Z] [viz-checker] ✗ Monitoring (Chart.js) (:8081) — DOWN
[2026-07-23T18:38:41Z] [viz-checker] ✗ Wiki D3.js (:8082) — DOWN
[2026-07-23T18:38:41Z] [viz-checker] Canal: dashboard:down | Source: adam-doctor
[2026-07-23T18:38:41Z] [viz-checker] Dashboard ciblé: tous
[2026-07-23T18:38:41Z] [viz-checker] Vérification des dashboards down...
[2026-07-23T18:38:41Z] [viz-checker] ✗ Monitoring (Chart.js) (:8081) — DOWN
[2026-07-23T18:38:41Z] [viz-checker] ✗ Wiki D3.js (:8082) — DOWN
[2026-07-23T18:38:41Z] [viz-checker] ✓ RAG Search (:8083) — UP (0.01s)
[2026-07-23T18:38:41Z] [viz-checker] ✓ Adam-Viz 3D (Three.js) (:8084) — UP (0.00s)
[2026-07-23T18:38:41Z] [viz-checker] Vérification terminée
[2026-07-23T18:38:41Z] [viz-checker] ✓ RAG Search (:8083) — UP (0.01s)
[2026-07-23T18:38:41Z] [viz-checker] ✓ Adam-Viz 3D (Three.js) (:8084) — UP (0.00s)
[2026-07-23T18:38:41Z] [viz-checker] Vérification terminée
[2026-07-23T18:42:48Z] [viz-checker] Canal: dashboard:down | Source: hive_cycler
[2026-07-23T18:42:48Z] [viz-checker] Dashboard ciblé: tous
[2026-07-23T18:42:48Z] [viz-checker] Vérification des dashboards down...
[2026-07-23T18:42:48Z] [viz-checker] ✗ Monitoring (Chart.js) (:8081) — DOWN
[2026-07-23T18:42:48Z] [viz-checker] ✗ Wiki D3.js (:8082) — DOWN
[2026-07-23T18:42:48Z] [viz-checker] ✓ RAG Search (:8083) — UP (0.01s)
[2026-07-23T18:42:48Z] [viz-checker] ✓ Adam-Viz 3D (Three.js) (:8084) — UP (0.00s)
[2026-07-23T18:42:48Z] [viz-checker] Vérification terminée
[2026-07-23T18:42:56Z] [viz-checker] Canal: dashboard:down | Source: adam-doctor
[2026-07-23T18:42:56Z] [viz-checker] Dashboard ciblé: tous
[2026-07-23T18:42:56Z] [viz-checker] Vérification des dashboards down...
[2026-07-23T18:42:56Z] [viz-checker] ✗ Monitoring (Chart.js) (:8081) — DOWN
[2026-07-23T18:42:56Z] [viz-checker] ✗ Wiki D3.js (:8082) — DOWN
[2026-07-23T18:42:56Z] [viz-checker] ✓ RAG Search (:8083) — UP (0.01s)
[2026-07-23T18:42:56Z] [viz-checker] ✓ Adam-Viz 3D (Three.js) (:8084) — UP (0.00s)
[2026-07-23T18:42:56Z] [viz-checker] Vérification terminée
[2026-07-23T18:43:02Z] [viz-checker] Canal: dashboard:down | Source: adam-doctor
[2026-07-23T18:43:02Z] [viz-checker] Dashboard ciblé: tous
[2026-07-23T18:43:02Z] [viz-checker] Vérification des dashboards down...
[2026-07-23T18:43:02Z] [viz-checker] ✗ Monitoring (Chart.js) (:8081) — DOWN
[2026-07-23T18:43:02Z] [viz-checker] ✗ Wiki D3.js (:8082) — DOWN
[2026-07-23T18:43:02Z] [viz-checker] Canal: dashboard:down | Source: adam-doctor
[2026-07-23T18:43:02Z] [viz-checker] Dashboard ciblé: tous
[2026-07-23T18:43:02Z] [viz-checker] Vérification des dashboards down...
[2026-07-23T18:43:02Z] [viz-checker] ✗ Monitoring (Chart.js) (:8081) — DOWN
[2026-07-23T18:43:02Z] [viz-checker] ✗ Wiki D3.js (:8082) — DOWN
[2026-07-23T18:43:02Z] [viz-checker] ✓ RAG Search (:8083) — UP (0.19s)
[2026-07-23T18:43:02Z] [viz-checker] ✓ RAG Search (:8083) — UP (0.19s)
[2026-07-23T18:43:02Z] [viz-checker] ✓ Adam-Viz 3D (Three.js) (:8084) — UP (0.00s)
[2026-07-23T18:43:02Z] [viz-checker] Vérification terminée
[2026-07-23T18:43:02Z] [viz-checker] ✓ Adam-Viz 3D (Three.js) (:8084) — UP (0.00s)
[2026-07-23T18:43:02Z] [viz-checker] Vérification terminée
[2026-07-23T18:47:09Z] [viz-checker] Canal: dashboard:down | Source: hive_cycler
[2026-07-23T18:47:09Z] [viz-checker] Dashboard ciblé: tous
[2026-07-23T18:47:09Z] [viz-checker] Vérification des dashboards down...
[2026-07-23T18:47:09Z] [viz-checker] ✗ Monitoring (Chart.js) (:8081) — DOWN
[2026-07-23T18:47:09Z] [viz-checker] ✗ Wiki D3.js (:8082) — DOWN
[2026-07-23T18:47:09Z] [viz-checker] ✓ RAG Search (:8083) — UP (0.01s)
[2026-07-23T18:47:09Z] [viz-checker] ✓ Adam-Viz 3D (Three.js) (:8084) — UP (0.00s)
[2026-07-23T18:47:09Z] [viz-checker] Vérification terminée
[2026-07-23T18:47:17Z] [viz-checker] Canal: dashboard:down | Source: adam-doctor
[2026-07-23T18:47:17Z] [viz-checker] Dashboard ciblé: tous
[2026-07-23T18:47:17Z] [viz-checker] Vérification des dashboards down...
[2026-07-23T18:47:17Z] [viz-checker] ✗ Monitoring (Chart.js) (:8081) — DOWN
[2026-07-23T18:47:17Z] [viz-checker] ✗ Wiki D3.js (:8082) — DOWN
[2026-07-23T18:47:17Z] [viz-checker] ✓ RAG Search (:8083) — UP (0.01s)
[2026-07-23T18:47:17Z] [viz-checker] ✓ Adam-Viz 3D (Three.js) (:8084) — UP (0.00s)
[2026-07-23T18:47:17Z] [viz-checker] Vérification terminée
[2026-07-23T18:47:23Z] [viz-checker] Canal: dashboard:down | Source: adam-doctor
[2026-07-23T18:47:23Z] [viz-checker] Dashboard ciblé: tous
[2026-07-23T18:47:23Z] [viz-checker] Vérification des dashboards down...
[2026-07-23T18:47:23Z] [viz-checker] ✗ Monitoring (Chart.js) (:8081) — DOWN
[2026-07-23T18:47:23Z] [viz-checker] ✗ Wiki D3.js (:8082) — DOWN
[2026-07-23T18:47:23Z] [viz-checker] Canal: dashboard:down | Source: adam-doctor
[2026-07-23T18:47:23Z] [viz-checker] Dashboard ciblé: tous
[2026-07-23T18:47:23Z] [viz-checker] Vérification des dashboards down...
[2026-07-23T18:47:23Z] [viz-checker] ✗ Monitoring (Chart.js) (:8081) — DOWN
[2026-07-23T18:47:23Z] [viz-checker] ✗ Wiki D3.js (:8082) — DOWN
[2026-07-23T18:47:23Z] [viz-checker] ✓ RAG Search (:8083) — UP (0.01s)
[2026-07-23T18:47:23Z] [viz-checker] ✓ Adam-Viz 3D (Three.js) (:8084) — UP (0.00s)
[2026-07-23T18:47:23Z] [viz-checker] Vérification terminée
[2026-07-23T18:47:23Z] [viz-checker] ✓ RAG Search (:8083) — UP (0.01s)
[2026-07-23T18:47:23Z] [viz-checker] ✓ Adam-Viz 3D (Three.js) (:8084) — UP (0.00s)
[2026-07-23T18:47:23Z] [viz-checker] Vérification terminée
[2026-07-23T18:51:28Z] [viz-checker] Canal: dashboard:down | Source: hive_cycler
[2026-07-23T18:51:28Z] [viz-checker] Dashboard ciblé: tous
[2026-07-23T18:51:28Z] [viz-checker] Vérification des dashboards down...
[2026-07-23T18:51:28Z] [viz-checker] ✗ Monitoring (Chart.js) (:8081) — DOWN
[2026-07-23T18:51:28Z] [viz-checker] ✗ Wiki D3.js (:8082) — DOWN
[2026-07-23T18:51:28Z] [viz-checker] ✓ RAG Search (:8083) — UP (0.01s)
[2026-07-23T18:51:28Z] [viz-checker] ✓ Adam-Viz 3D (Three.js) (:8084) — UP (0.00s)
[2026-07-23T18:51:28Z] [viz-checker] Vérification terminée
[2026-07-23T18:51:42Z] [viz-checker] Canal: dashboard:down | Source: adam-doctor
[2026-07-23T18:51:42Z] [viz-checker] Dashboard ciblé: tous
[2026-07-23T18:51:42Z] [viz-checker] Vérification des dashboards down...
[2026-07-23T18:51:42Z] [viz-checker] ✗ Monitoring (Chart.js) (:8081) — DOWN
[2026-07-23T18:51:42Z] [viz-checker] ✗ Wiki D3.js (:8082) — DOWN
[2026-07-23T18:51:42Z] [viz-checker] ✓ RAG Search (:8083) — UP (0.01s)
[2026-07-23T18:51:42Z] [viz-checker] ✓ Adam-Viz 3D (Three.js) (:8084) — UP (0.00s)
[2026-07-23T18:51:42Z] [viz-checker] Vérification terminée
[2026-07-23T18:51:44Z] [viz-checker] Canal: dashboard:down | Source: adam-doctor
[2026-07-23T18:51:44Z] [viz-checker] Dashboard ciblé: tous
[2026-07-23T18:51:44Z] [viz-checker] Vérification des dashboards down...
[2026-07-23T18:51:44Z] [viz-checker] ✗ Monitoring (Chart.js) (:8081) — DOWN
[2026-07-23T18:51:44Z] [viz-checker] ✗ Wiki D3.js (:8082) — DOWN
[2026-07-23T18:51:44Z] [viz-checker] ✓ RAG Search (:8083) — UP (0.01s)
[2026-07-23T18:51:44Z] [viz-checker] ✓ Adam-Viz 3D (Three.js) (:8084) — UP (0.00s)
[2026-07-23T18:51:44Z] [viz-checker] Vérification terminée
[2026-07-23T18:51:46Z] [viz-checker] Canal: dashboard:down | Source: adam-doctor
[2026-07-23T18:51:46Z] [viz-checker] Dashboard ciblé: tous
[2026-07-23T18:51:46Z] [viz-checker] Vérification des dashboards down...
[2026-07-23T18:51:46Z] [viz-checker] ✗ Monitoring (Chart.js) (:8081) — DOWN
[2026-07-23T18:51:46Z] [viz-checker] ✗ Wiki D3.js (:8082) — DOWN
[2026-07-23T18:51:46Z] [viz-checker] ✓ RAG Search (:8083) — UP (0.01s)
[2026-07-23T18:51:46Z] [viz-checker] ✓ Adam-Viz 3D (Three.js) (:8084) — UP (0.00s)
[2026-07-23T18:51:46Z] [viz-checker] Vérification terminée
[2026-07-23T18:55:49Z] [viz-checker] Canal: dashboard:down | Source: hive_cycler
[2026-07-23T18:55:49Z] [viz-checker] Dashboard ciblé: tous
[2026-07-23T18:55:49Z] [viz-checker] Vérification des dashboards down...
[2026-07-23T18:55:49Z] [viz-checker] ✗ Monitoring (Chart.js) (:8081) — DOWN
[2026-07-23T18:55:49Z] [viz-checker] ✗ Wiki D3.js (:8082) — DOWN
[2026-07-23T18:55:49Z] [viz-checker] ✓ RAG Search (:8083) — UP (0.01s)
[2026-07-23T18:55:49Z] [viz-checker] ✓ Adam-Viz 3D (Three.js) (:8084) — UP (0.00s)
[2026-07-23T18:55:49Z] [viz-checker] Vérification terminée
[2026-07-23T18:56:03Z] [viz-checker] Canal: dashboard:down | Source: adam-doctor
[2026-07-23T18:56:03Z] [viz-checker] Dashboard ciblé: tous
[2026-07-23T18:56:03Z] [viz-checker] Vérification des dashboards down...
[2026-07-23T18:56:03Z] [viz-checker] ✗ Monitoring (Chart.js) (:8081) — DOWN
[2026-07-23T18:56:03Z] [viz-checker] ✗ Wiki D3.js (:8082) — DOWN
[2026-07-23T18:56:03Z] [viz-checker] Canal: dashboard:down | Source: adam-doctor
[2026-07-23T18:56:03Z] [viz-checker] Dashboard ciblé: tous
[2026-07-23T18:56:03Z] [viz-checker] Vérification des dashboards down...
[2026-07-23T18:56:03Z] [viz-checker] ✗ Monitoring (Chart.js) (:8081) — DOWN
[2026-07-23T18:56:03Z] [viz-checker] ✗ Wiki D3.js (:8082) — DOWN
[2026-07-23T18:56:03Z] [viz-checker] Canal: dashboard:down | Source: adam-doctor
[2026-07-23T18:56:03Z] [viz-checker] Dashboard ciblé: tous
[2026-07-23T18:56:03Z] [viz-checker] Vérification des dashboards down...
[2026-07-23T18:56:03Z] [viz-checker] ✗ Monitoring (Chart.js) (:8081) — DOWN
[2026-07-23T18:56:03Z] [viz-checker] ✗ Wiki D3.js (:8082) — DOWN
[2026-07-23T18:56:03Z] [viz-checker] ✓ RAG Search (:8083) — UP (0.01s)
[2026-07-23T18:56:03Z] [viz-checker] ✓ RAG Search (:8083) — UP (0.01s)
[2026-07-23T18:56:03Z] [viz-checker] ✓ Adam-Viz 3D (Three.js) (:8084) — UP (0.00s)
[2026-07-23T18:56:03Z] [viz-checker] Vérification terminée
[2026-07-23T18:56:03Z] [viz-checker] ✓ RAG Search (:8083) — UP (0.01s)
[2026-07-23T18:56:03Z] [viz-checker] ✓ Adam-Viz 3D (Three.js) (:8084) — UP (0.00s)
[2026-07-23T18:56:03Z] [viz-checker] Vérification terminée
[2026-07-23T18:56:03Z] [viz-checker] ✓ Adam-Viz 3D (Three.js) (:8084) — UP (0.00s)
[2026-07-23T18:56:03Z] [viz-checker] Vérification terminée
[2026-07-23T19:00:14Z] [viz-checker] Canal: dashboard:down | Source: hive_cycler
[2026-07-23T19:00:14Z] [viz-checker] Dashboard ciblé: tous
[2026-07-23T19:00:14Z] [viz-checker] Vérification des dashboards down...
[2026-07-23T19:00:14Z] [viz-checker] ✗ Monitoring (Chart.js) (:8081) — DOWN
[2026-07-23T19:00:14Z] [viz-checker] ✗ Wiki D3.js (:8082) — DOWN
[2026-07-23T19:00:14Z] [viz-checker] ✓ RAG Search (:8083) — UP (0.01s)
[2026-07-23T19:00:14Z] [viz-checker] ✓ Adam-Viz 3D (Three.js) (:8084) — UP (0.00s)
[2026-07-23T19:00:14Z] [viz-checker] Vérification terminée
[2026-07-23T19:00:20Z] [viz-checker] Canal: dashboard:down | Source: adam-doctor
[2026-07-23T19:00:20Z] [viz-checker] Dashboard ciblé: tous
[2026-07-23T19:00:20Z] [viz-checker] Vérification des dashboards down...
[2026-07-23T19:00:20Z] [viz-checker] ✗ Monitoring (Chart.js) (:8081) — DOWN
[2026-07-23T19:00:20Z] [viz-checker] ✗ Wiki D3.js (:8082) — DOWN
[2026-07-23T19:00:20Z] [viz-checker] ✓ RAG Search (:8083) — UP (0.01s)
[2026-07-23T19:00:20Z] [viz-checker] ✓ Adam-Viz 3D (Three.js) (:8084) — UP (0.00s)
[2026-07-23T19:00:20Z] [viz-checker] Vérification terminée
[2026-07-23T19:00:26Z] [viz-checker] Canal: dashboard:down | Source: adam-doctor
[2026-07-23T19:00:26Z] [viz-checker] Dashboard ciblé: tous
[2026-07-23T19:00:26Z] [viz-checker] Vérification des dashboards down...
[2026-07-23T19:00:26Z] [viz-checker] ✗ Monitoring (Chart.js) (:8081) — DOWN
[2026-07-23T19:00:26Z] [viz-checker] ✗ Wiki D3.js (:8082) — DOWN
[2026-07-23T19:00:26Z] [viz-checker] Canal: dashboard:down | Source: adam-doctor
[2026-07-23T19:00:26Z] [viz-checker] Dashboard ciblé: tous
[2026-07-23T19:00:26Z] [viz-checker] Vérification des dashboards down...
[2026-07-23T19:00:26Z] [viz-checker] ✗ Monitoring (Chart.js) (:8081) — DOWN
[2026-07-23T19:00:26Z] [viz-checker] ✗ Wiki D3.js (:8082) — DOWN
[2026-07-23T19:00:26Z] [viz-checker] ✓ RAG Search (:8083) — UP (0.01s)
[2026-07-23T19:00:26Z] [viz-checker] ✓ Adam-Viz 3D (Three.js) (:8084) — UP (0.00s)
[2026-07-23T19:00:26Z] [viz-checker] Vérification terminée
[2026-07-23T19:00:26Z] [viz-checker] ✓ RAG Search (:8083) — UP (0.01s)
[2026-07-23T19:00:26Z] [viz-checker] ✓ Adam-Viz 3D (Three.js) (:8084) — UP (0.00s)
[2026-07-23T19:00:26Z] [viz-checker] Vérification terminée
[2026-07-23T19:04:35Z] [viz-checker] Canal: dashboard:down | Source: hive_cycler
[2026-07-23T19:04:35Z] [viz-checker] Dashboard ciblé: tous
[2026-07-23T19:04:35Z] [viz-checker] Vérification des dashboards down...
[2026-07-23T19:04:35Z] [viz-checker] ✗ Monitoring (Chart.js) (:8081) — DOWN
[2026-07-23T19:04:35Z] [viz-checker] ✗ Wiki D3.js (:8082) — DOWN
[2026-07-23T19:04:35Z] [viz-checker] ✓ RAG Search (:8083) — UP (0.01s)
[2026-07-23T19:04:35Z] [viz-checker] ✓ Adam-Viz 3D (Three.js) (:8084) — UP (0.00s)
[2026-07-23T19:04:35Z] [viz-checker] Vérification terminée
[2026-07-23T19:04:41Z] [viz-checker] Canal: dashboard:down | Source: adam-doctor
[2026-07-23T19:04:41Z] [viz-checker] Dashboard ciblé: tous
[2026-07-23T19:04:41Z] [viz-checker] Vérification des dashboards down...
[2026-07-23T19:04:41Z] [viz-checker] ✗ Monitoring (Chart.js) (:8081) — DOWN
[2026-07-23T19:04:41Z] [viz-checker] ✗ Wiki D3.js (:8082) — DOWN
[2026-07-23T19:04:41Z] [viz-checker] ✓ RAG Search (:8083) — UP (0.01s)
[2026-07-23T19:04:41Z] [viz-checker] ✓ Adam-Viz 3D (Three.js) (:8084) — UP (0.00s)
[2026-07-23T19:04:41Z] [viz-checker] Vérification terminée
[2026-07-23T19:04:47Z] [viz-checker] Canal: dashboard:down | Source: adam-doctor
[2026-07-23T19:04:47Z] [viz-checker] Dashboard ciblé: tous
[2026-07-23T19:04:47Z] [viz-checker] Vérification des dashboards down...
[2026-07-23T19:04:47Z] [viz-checker] ✗ Monitoring (Chart.js) (:8081) — DOWN
[2026-07-23T19:04:47Z] [viz-checker] ✗ Wiki D3.js (:8082) — DOWN
[2026-07-23T19:04:47Z] [viz-checker] Canal: dashboard:down | Source: adam-doctor
[2026-07-23T19:04:47Z] [viz-checker] Dashboard ciblé: tous
[2026-07-23T19:04:47Z] [viz-checker] Vérification des dashboards down...
[2026-07-23T19:04:47Z] [viz-checker] ✗ Monitoring (Chart.js) (:8081) — DOWN
[2026-07-23T19:04:47Z] [viz-checker] ✗ Wiki D3.js (:8082) — DOWN
[2026-07-23T19:04:47Z] [viz-checker] ✓ RAG Search (:8083) — UP (0.01s)
[2026-07-23T19:04:47Z] [viz-checker] ✓ Adam-Viz 3D (Three.js) (:8084) — UP (0.00s)
[2026-07-23T19:04:47Z] [viz-checker] Vérification terminée
[2026-07-23T19:04:47Z] [viz-checker] ✓ RAG Search (:8083) — UP (0.01s)
[2026-07-23T19:04:47Z] [viz-checker] ✓ Adam-Viz 3D (Three.js) (:8084) — UP (0.00s)
[2026-07-23T19:04:47Z] [viz-checker] Vérification terminée
[2026-07-23T19:08:56Z] [viz-checker] Canal: dashboard:down | Source: hive_cycler
[2026-07-23T19:08:56Z] [viz-checker] Dashboard ciblé: tous
[2026-07-23T19:08:56Z] [viz-checker] Vérification des dashboards down...
[2026-07-23T19:08:56Z] [viz-checker] ✗ Monitoring (Chart.js) (:8081) — DOWN
[2026-07-23T19:08:56Z] [viz-checker] ✗ Wiki D3.js (:8082) — DOWN
[2026-07-23T19:08:56Z] [viz-checker] ✓ RAG Search (:8083) — UP (0.01s)
[2026-07-23T19:08:56Z] [viz-checker] ✓ Adam-Viz 3D (Three.js) (:8084) — UP (0.00s)
[2026-07-23T19:08:56Z] [viz-checker] Vérification terminée
[2026-07-23T19:09:02Z] [viz-checker] Canal: dashboard:down | Source: adam-doctor
[2026-07-23T19:09:02Z] [viz-checker] Dashboard ciblé: tous
[2026-07-23T19:09:02Z] [viz-checker] Vérification des dashboards down...
[2026-07-23T19:09:02Z] [viz-checker] ✗ Monitoring (Chart.js) (:8081) — DOWN
[2026-07-23T19:09:02Z] [viz-checker] ✗ Wiki D3.js (:8082) — DOWN
[2026-07-23T19:09:02Z] [viz-checker] ✓ RAG Search (:8083) — UP (0.01s)
[2026-07-23T19:09:02Z] [viz-checker] ✓ Adam-Viz 3D (Three.js) (:8084) — UP (0.00s)
[2026-07-23T19:09:02Z] [viz-checker] Vérification terminée
[2026-07-23T19:09:10Z] [viz-checker] Canal: dashboard:down | Source: adam-doctor
[2026-07-23T19:09:10Z] [viz-checker] Dashboard ciblé: tous
[2026-07-23T19:09:10Z] [viz-checker] Vérification des dashboards down...
[2026-07-23T19:09:10Z] [viz-checker] ✗ Monitoring (Chart.js) (:8081) — DOWN
[2026-07-23T19:09:10Z] [viz-checker] ✗ Wiki D3.js (:8082) — DOWN
[2026-07-23T19:09:10Z] [viz-checker] Canal: dashboard:down | Source: adam-doctor
[2026-07-23T19:09:10Z] [viz-checker] Dashboard ciblé: tous
[2026-07-23T19:09:10Z] [viz-checker] Vérification des dashboards down...
[2026-07-23T19:09:10Z] [viz-checker] ✗ Monitoring (Chart.js) (:8081) — DOWN
[2026-07-23T19:09:10Z] [viz-checker] ✗ Wiki D3.js (:8082) — DOWN
[2026-07-23T19:09:10Z] [viz-checker] ✓ RAG Search (:8083) — UP (0.01s)
[2026-07-23T19:09:10Z] [viz-checker] ✓ Adam-Viz 3D (Three.js) (:8084) — UP (0.00s)
[2026-07-23T19:09:10Z] [viz-checker] Vérification terminée
[2026-07-23T19:09:10Z] [viz-checker] ✓ RAG Search (:8083) — UP (0.01s)
[2026-07-23T19:09:10Z] [viz-checker] ✓ Adam-Viz 3D (Three.js) (:8084) — UP (0.00s)
[2026-07-23T19:09:10Z] [viz-checker] Vérification terminée
[2026-07-23T19:13:17Z] [viz-checker] Canal: dashboard:down | Source: hive_cycler
[2026-07-23T19:13:17Z] [viz-checker] Dashboard ciblé: tous
[2026-07-23T19:13:17Z] [viz-checker] Vérification des dashboards down...
[2026-07-23T19:13:17Z] [viz-checker] ✗ Monitoring (Chart.js) (:8081) — DOWN
[2026-07-23T19:13:17Z] [viz-checker] ✗ Wiki D3.js (:8082) — DOWN
[2026-07-23T19:13:17Z] [viz-checker] ✓ RAG Search (:8083) — UP (0.01s)
[2026-07-23T19:13:17Z] [viz-checker] ✓ Adam-Viz 3D (Three.js) (:8084) — UP (0.00s)
[2026-07-23T19:13:17Z] [viz-checker] Vérification terminée
[2026-07-23T19:13:23Z] [viz-checker] Canal: dashboard:down | Source: adam-doctor
[2026-07-23T19:13:23Z] [viz-checker] Dashboard ciblé: tous
[2026-07-23T19:13:23Z] [viz-checker] Vérification des dashboards down...
[2026-07-23T19:13:23Z] [viz-checker] ✗ Monitoring (Chart.js) (:8081) — DOWN
[2026-07-23T19:13:23Z] [viz-checker] ✗ Wiki D3.js (:8082) — DOWN
[2026-07-23T19:13:23Z] [viz-checker] ✓ RAG Search (:8083) — UP (0.01s)
[2026-07-23T19:13:23Z] [viz-checker] ✓ Adam-Viz 3D (Three.js) (:8084) — UP (0.00s)
[2026-07-23T19:13:23Z] [viz-checker] Vérification terminée
[2026-07-23T19:13:31Z] [viz-checker] Canal: dashboard:down | Source: adam-doctor
[2026-07-23T19:13:31Z] [viz-checker] Dashboard ciblé: tous
[2026-07-23T19:13:31Z] [viz-checker] Vérification des dashboards down...
[2026-07-23T19:13:31Z] [viz-checker] ✗ Monitoring (Chart.js) (:8081) — DOWN
[2026-07-23T19:13:31Z] [viz-checker] ✗ Wiki D3.js (:8082) — DOWN
[2026-07-23T19:13:31Z] [viz-checker] Canal: dashboard:down | Source: adam-doctor
[2026-07-23T19:13:31Z] [viz-checker] Dashboard ciblé: tous
[2026-07-23T19:13:31Z] [viz-checker] Vérification des dashboards down...
[2026-07-23T19:13:31Z] [viz-checker] ✗ Monitoring (Chart.js) (:8081) — DOWN
[2026-07-23T19:13:31Z] [viz-checker] ✗ Wiki D3.js (:8082) — DOWN
[2026-07-23T19:13:31Z] [viz-checker] ✓ RAG Search (:8083) — UP (0.01s)
[2026-07-23T19:13:31Z] [viz-checker] ✓ RAG Search (:8083) — UP (0.01s)
[2026-07-23T19:13:31Z] [viz-checker] ✓ Adam-Viz 3D (Three.js) (:8084) — UP (0.00s)
[2026-07-23T19:13:31Z] [viz-checker] Vérification terminée
[2026-07-23T19:13:31Z] [viz-checker] ✓ Adam-Viz 3D (Three.js) (:8084) — UP (0.00s)
[2026-07-23T19:13:31Z] [viz-checker] Vérification terminée
[2026-07-23T19:17:38Z] [viz-checker] Canal: dashboard:down | Source: hive_cycler
[2026-07-23T19:17:38Z] [viz-checker] Dashboard ciblé: tous
[2026-07-23T19:17:38Z] [viz-checker] Vérification des dashboards down...
[2026-07-23T19:17:38Z] [viz-checker] ✗ Monitoring (Chart.js) (:8081) — DOWN
[2026-07-23T19:17:38Z] [viz-checker] ✗ Wiki D3.js (:8082) — DOWN
[2026-07-23T19:17:38Z] [viz-checker] ✓ RAG Search (:8083) — UP (0.01s)
[2026-07-23T19:17:38Z] [viz-checker] ✓ Adam-Viz 3D (Three.js) (:8084) — UP (0.00s)
[2026-07-23T19:17:38Z] [viz-checker] Vérification terminée
[2026-07-23T19:17:44Z] [viz-checker] Canal: dashboard:down | Source: adam-doctor
[2026-07-23T19:17:44Z] [viz-checker] Dashboard ciblé: tous
[2026-07-23T19:17:44Z] [viz-checker] Vérification des dashboards down...
[2026-07-23T19:17:44Z] [viz-checker] ✗ Monitoring (Chart.js) (:8081) — DOWN
[2026-07-23T19:17:44Z] [viz-checker] ✗ Wiki D3.js (:8082) — DOWN
[2026-07-23T19:17:44Z] [viz-checker] ✓ RAG Search (:8083) — UP (0.01s)
[2026-07-23T19:17:44Z] [viz-checker] ✓ Adam-Viz 3D (Three.js) (:8084) — UP (0.00s)
[2026-07-23T19:17:44Z] [viz-checker] Vérification terminée
[2026-07-23T19:17:52Z] [viz-checker] Canal: dashboard:down | Source: adam-doctor
[2026-07-23T19:17:52Z] [viz-checker] Dashboard ciblé: tous
[2026-07-23T19:17:52Z] [viz-checker] Vérification des dashboards down...
[2026-07-23T19:17:52Z] [viz-checker] ✗ Monitoring (Chart.js) (:8081) — DOWN
[2026-07-23T19:17:52Z] [viz-checker] ✗ Wiki D3.js (:8082) — DOWN
[2026-07-23T19:17:52Z] [viz-checker] Canal: dashboard:down | Source: adam-doctor
[2026-07-23T19:17:52Z] [viz-checker] Dashboard ciblé: tous
[2026-07-23T19:17:52Z] [viz-checker] Vérification des dashboards down...
[2026-07-23T19:17:52Z] [viz-checker] ✗ Monitoring (Chart.js) (:8081) — DOWN
[2026-07-23T19:17:52Z] [viz-checker] ✗ Wiki D3.js (:8082) — DOWN
[2026-07-23T19:17:52Z] [viz-checker] ✓ RAG Search (:8083) — UP (0.01s)
[2026-07-23T19:17:52Z] [viz-checker] ✓ Adam-Viz 3D (Three.js) (:8084) — UP (0.00s)
[2026-07-23T19:17:52Z] [viz-checker] Vérification terminée
[2026-07-23T19:17:52Z] [viz-checker] ✓ RAG Search (:8083) — UP (0.01s)
[2026-07-23T19:17:52Z] [viz-checker] ✓ Adam-Viz 3D (Three.js) (:8084) — UP (0.00s)
[2026-07-23T19:17:52Z] [viz-checker] Vérification terminée
[2026-07-23T19:21:59Z] [viz-checker] Canal: dashboard:down | Source: hive_cycler
[2026-07-23T19:21:59Z] [viz-checker] Dashboard ciblé: tous
[2026-07-23T19:21:59Z] [viz-checker] Vérification des dashboards down...
[2026-07-23T19:21:59Z] [viz-checker] ✗ Monitoring (Chart.js) (:8081) — DOWN
[2026-07-23T19:21:59Z] [viz-checker] ✗ Wiki D3.js (:8082) — DOWN
[2026-07-23T19:21:59Z] [viz-checker] ✓ RAG Search (:8083) — UP (0.01s)
[2026-07-23T19:21:59Z] [viz-checker] ✓ Adam-Viz 3D (Three.js) (:8084) — UP (0.00s)
[2026-07-23T19:21:59Z] [viz-checker] Vérification terminée
[2026-07-23T19:22:07Z] [viz-checker] Canal: dashboard:down | Source: adam-doctor
[2026-07-23T19:22:07Z] [viz-checker] Dashboard ciblé: tous
[2026-07-23T19:22:07Z] [viz-checker] Vérification des dashboards down...
[2026-07-23T19:22:07Z] [viz-checker] ✗ Monitoring (Chart.js) (:8081) — DOWN
[2026-07-23T19:22:07Z] [viz-checker] ✗ Wiki D3.js (:8082) — DOWN
[2026-07-23T19:22:07Z] [viz-checker] ✓ RAG Search (:8083) — UP (0.01s)
[2026-07-23T19:22:07Z] [viz-checker] ✓ Adam-Viz 3D (Three.js) (:8084) — UP (0.00s)
[2026-07-23T19:22:07Z] [viz-checker] Vérification terminée
[2026-07-23T19:22:13Z] [viz-checker] Canal: dashboard:down | Source: adam-doctor
[2026-07-23T19:22:13Z] [viz-checker] Dashboard ciblé: tous
[2026-07-23T19:22:13Z] [viz-checker] Vérification des dashboards down...
[2026-07-23T19:22:13Z] [viz-checker] ✗ Monitoring (Chart.js) (:8081) — DOWN
[2026-07-23T19:22:13Z] [viz-checker] ✗ Wiki D3.js (:8082) — DOWN
[2026-07-23T19:22:13Z] [viz-checker] Canal: dashboard:down | Source: adam-doctor
[2026-07-23T19:22:13Z] [viz-checker] Dashboard ciblé: tous
[2026-07-23T19:22:13Z] [viz-checker] Vérification des dashboards down...
[2026-07-23T19:22:13Z] [viz-checker] ✗ Monitoring (Chart.js) (:8081) — DOWN
[2026-07-23T19:22:13Z] [viz-checker] ✗ Wiki D3.js (:8082) — DOWN
[2026-07-23T19:22:13Z] [viz-checker] ✓ RAG Search (:8083) — UP (0.01s)
[2026-07-23T19:22:13Z] [viz-checker] ✓ RAG Search (:8083) — UP (0.01s)
[2026-07-23T19:22:13Z] [viz-checker] ✓ Adam-Viz 3D (Three.js) (:8084) — UP (0.00s)
[2026-07-23T19:22:13Z] [viz-checker] Vérification terminée
[2026-07-23T19:22:13Z] [viz-checker] ✓ Adam-Viz 3D (Three.js) (:8084) — UP (0.00s)
[2026-07-23T19:22:13Z] [viz-checker] Vérification terminée
[2026-07-23T19:26:18Z] [viz-checker] Canal: dashboard:down | Source: hive_cycler
[2026-07-23T19:26:18Z] [viz-checker] Dashboard ciblé: tous
[2026-07-23T19:26:18Z] [viz-checker] Vérification des dashboards down...
[2026-07-23T19:26:18Z] [viz-checker] ✗ Monitoring (Chart.js) (:8081) — DOWN
[2026-07-23T19:26:18Z] [viz-checker] ✗ Wiki D3.js (:8082) — DOWN
[2026-07-23T19:26:18Z] [viz-checker] ✓ RAG Search (:8083) — UP (0.01s)
[2026-07-23T19:26:18Z] [viz-checker] ✓ Adam-Viz 3D (Three.js) (:8084) — UP (0.00s)
[2026-07-23T19:26:18Z] [viz-checker] Vérification terminée
[2026-07-23T19:26:32Z] [viz-checker] Canal: dashboard:down | Source: adam-doctor
[2026-07-23T19:26:32Z] [viz-checker] Dashboard ciblé: tous
[2026-07-23T19:26:32Z] [viz-checker] Vérification des dashboards down...
[2026-07-23T19:26:32Z] [viz-checker] ✗ Monitoring (Chart.js) (:8081) — DOWN
[2026-07-23T19:26:32Z] [viz-checker] ✗ Wiki D3.js (:8082) — DOWN
[2026-07-23T19:26:32Z] [viz-checker] Canal: dashboard:down | Source: adam-doctor
[2026-07-23T19:26:32Z] [viz-checker] Dashboard ciblé: tous
[2026-07-23T19:26:32Z] [viz-checker] Vérification des dashboards down...
[2026-07-23T19:26:32Z] [viz-checker] ✗ Monitoring (Chart.js) (:8081) — DOWN
[2026-07-23T19:26:32Z] [viz-checker] ✗ Wiki D3.js (:8082) — DOWN
[2026-07-23T19:26:32Z] [viz-checker] Canal: dashboard:down | Source: adam-doctor
[2026-07-23T19:26:32Z] [viz-checker] Dashboard ciblé: tous
[2026-07-23T19:26:32Z] [viz-checker] Vérification des dashboards down...
[2026-07-23T19:26:32Z] [viz-checker] ✗ Monitoring (Chart.js) (:8081) — DOWN
[2026-07-23T19:26:32Z] [viz-checker] ✗ Wiki D3.js (:8082) — DOWN
[2026-07-23T19:26:32Z] [viz-checker] ✓ RAG Search (:8083) — UP (0.01s)
[2026-07-23T19:26:32Z] [viz-checker] ✓ Adam-Viz 3D (Three.js) (:8084) — UP (0.00s)
[2026-07-23T19:26:32Z] [viz-checker] Vérification terminée
[2026-07-23T19:26:32Z] [viz-checker] ✓ RAG Search (:8083) — UP (0.01s)
[2026-07-23T19:26:32Z] [viz-checker] ✓ Adam-Viz 3D (Three.js) (:8084) — UP (0.00s)
[2026-07-23T19:26:32Z] [viz-checker] Vérification terminée
[2026-07-23T19:26:32Z] [viz-checker] ✓ RAG Search (:8083) — UP (0.01s)
[2026-07-23T19:26:32Z] [viz-checker] ✓ Adam-Viz 3D (Three.js) (:8084) — UP (0.00s)
[2026-07-23T19:26:32Z] [viz-checker] Vérification terminée
[2026-07-23T19:30:39Z] [viz-checker] Canal: dashboard:down | Source: hive_cycler
[2026-07-23T19:30:39Z] [viz-checker] Dashboard ciblé: tous
[2026-07-23T19:30:39Z] [viz-checker] Vérification des dashboards down...
[2026-07-23T19:30:39Z] [viz-checker] ✗ Monitoring (Chart.js) (:8081) — DOWN
[2026-07-23T19:30:39Z] [viz-checker] ✗ Wiki D3.js (:8082) — DOWN
[2026-07-23T19:30:39Z] [viz-checker] ✓ RAG Search (:8083) — UP (0.01s)
[2026-07-23T19:30:39Z] [viz-checker] ✓ Adam-Viz 3D (Three.js) (:8084) — UP (0.00s)
[2026-07-23T19:30:39Z] [viz-checker] Vérification terminée
[2026-07-23T19:30:53Z] [viz-checker] Canal: dashboard:down | Source: adam-doctor
[2026-07-23T19:30:53Z] [viz-checker] Dashboard ciblé: tous
[2026-07-23T19:30:53Z] [viz-checker] Vérification des dashboards down...
[2026-07-23T19:30:53Z] [viz-checker] ✗ Monitoring (Chart.js) (:8081) — DOWN
[2026-07-23T19:30:53Z] [viz-checker] ✗ Wiki D3.js (:8082) — DOWN
[2026-07-23T19:30:53Z] [viz-checker] Canal: dashboard:down | Source: adam-doctor
[2026-07-23T19:30:53Z] [viz-checker] Dashboard ciblé: tous
[2026-07-23T19:30:53Z] [viz-checker] Vérification des dashboards down...
[2026-07-23T19:30:53Z] [viz-checker] ✗ Monitoring (Chart.js) (:8081) — DOWN
[2026-07-23T19:30:53Z] [viz-checker] ✗ Wiki D3.js (:8082) — DOWN
[2026-07-23T19:30:53Z] [viz-checker] Canal: dashboard:down | Source: adam-doctor
[2026-07-23T19:30:53Z] [viz-checker] Dashboard ciblé: tous
[2026-07-23T19:30:53Z] [viz-checker] Vérification des dashboards down...
[2026-07-23T19:30:53Z] [viz-checker] ✗ Monitoring (Chart.js) (:8081) — DOWN
[2026-07-23T19:30:53Z] [viz-checker] ✗ Wiki D3.js (:8082) — DOWN
[2026-07-23T19:30:53Z] [viz-checker] ✓ RAG Search (:8083) — UP (0.01s)
[2026-07-23T19:30:53Z] [viz-checker] ✓ RAG Search (:8083) — UP (0.01s)
[2026-07-23T19:30:53Z] [viz-checker] ✓ Adam-Viz 3D (Three.js) (:8084) — UP (0.00s)
[2026-07-23T19:30:53Z] [viz-checker] Vérification terminée
[2026-07-23T19:30:53Z] [viz-checker] ✓ RAG Search (:8083) — UP (0.01s)
[2026-07-23T19:30:53Z] [viz-checker] ✓ Adam-Viz 3D (Three.js) (:8084) — UP (0.00s)
[2026-07-23T19:30:53Z] [viz-checker] Vérification terminée
[2026-07-23T19:30:53Z] [viz-checker] ✓ Adam-Viz 3D (Three.js) (:8084) — UP (0.00s)
[2026-07-23T19:30:53Z] [viz-checker] Vérification terminée
[2026-07-23T19:35:00Z] [viz-checker] Canal: dashboard:down | Source: hive_cycler
[2026-07-23T19:35:00Z] [viz-checker] Dashboard ciblé: tous
[2026-07-23T19:35:00Z] [viz-checker] Vérification des dashboards down...
[2026-07-23T19:35:00Z] [viz-checker] ✗ Monitoring (Chart.js) (:8081) — DOWN
[2026-07-23T19:35:00Z] [viz-checker] ✗ Wiki D3.js (:8082) — DOWN
[2026-07-23T19:35:00Z] [viz-checker] ✓ RAG Search (:8083) — UP (0.01s)
[2026-07-23T19:35:00Z] [viz-checker] ✓ Adam-Viz 3D (Three.js) (:8084) — UP (0.00s)
[2026-07-23T19:35:00Z] [viz-checker] Vérification terminée
[2026-07-23T19:35:14Z] [viz-checker] Canal: dashboard:down | Source: adam-doctor
[2026-07-23T19:35:14Z] [viz-checker] Dashboard ciblé: tous
[2026-07-23T19:35:14Z] [viz-checker] Vérification des dashboards down...
[2026-07-23T19:35:14Z] [viz-checker] ✗ Monitoring (Chart.js) (:8081) — DOWN
[2026-07-23T19:35:14Z] [viz-checker] ✗ Wiki D3.js (:8082) — DOWN
[2026-07-23T19:35:14Z] [viz-checker] Canal: dashboard:down | Source: adam-doctor
[2026-07-23T19:35:14Z] [viz-checker] Dashboard ciblé: tous
[2026-07-23T19:35:14Z] [viz-checker] Vérification des dashboards down...
[2026-07-23T19:35:14Z] [viz-checker] ✗ Monitoring (Chart.js) (:8081) — DOWN
[2026-07-23T19:35:14Z] [viz-checker] ✗ Wiki D3.js (:8082) — DOWN
[2026-07-23T19:35:14Z] [viz-checker] Canal: dashboard:down | Source: adam-doctor
[2026-07-23T19:35:14Z] [viz-checker] Dashboard ciblé: tous
[2026-07-23T19:35:14Z] [viz-checker] Vérification des dashboards down...
[2026-07-23T19:35:14Z] [viz-checker] ✗ Monitoring (Chart.js) (:8081) — DOWN
[2026-07-23T19:35:14Z] [viz-checker] ✗ Wiki D3.js (:8082) — DOWN
[2026-07-23T19:35:14Z] [viz-checker] ✓ RAG Search (:8083) — UP (0.01s)
[2026-07-23T19:35:14Z] [viz-checker] ✓ RAG Search (:8083) — UP (0.01s)
[2026-07-23T19:35:14Z] [viz-checker] ✓ Adam-Viz 3D (Three.js) (:8084) — UP (0.00s)
[2026-07-23T19:35:14Z] [viz-checker] Vérification terminée
[2026-07-23T19:35:14Z] [viz-checker] ✓ RAG Search (:8083) — UP (0.01s)
[2026-07-23T19:35:14Z] [viz-checker] ✓ Adam-Viz 3D (Three.js) (:8084) — UP (0.00s)
[2026-07-23T19:35:14Z] [viz-checker] Vérification terminée
[2026-07-23T19:35:14Z] [viz-checker] ✓ Adam-Viz 3D (Three.js) (:8084) — UP (0.00s)
[2026-07-23T19:35:14Z] [viz-checker] Vérification terminée
[2026-07-23T19:39:23Z] [viz-checker] Canal: dashboard:down | Source: hive_cycler
[2026-07-23T19:39:23Z] [viz-checker] Dashboard ciblé: tous
[2026-07-23T19:39:23Z] [viz-checker] Vérification des dashboards down...
[2026-07-23T19:39:23Z] [viz-checker] ✗ Monitoring (Chart.js) (:8081) — DOWN
[2026-07-23T19:39:23Z] [viz-checker] ✗ Wiki D3.js (:8082) — DOWN
[2026-07-23T19:39:23Z] [viz-checker] ✓ RAG Search (:8083) — UP (0.01s)
[2026-07-23T19:39:23Z] [viz-checker] ✓ Adam-Viz 3D (Three.js) (:8084) — UP (0.00s)
[2026-07-23T19:39:23Z] [viz-checker] Vérification terminée
[2026-07-23T19:39:35Z] [viz-checker] Canal: dashboard:down | Source: adam-doctor
[2026-07-23T19:39:35Z] [viz-checker] Dashboard ciblé: tous
[2026-07-23T19:39:35Z] [viz-checker] Vérification des dashboards down...
[2026-07-23T19:39:35Z] [viz-checker] ✗ Monitoring (Chart.js) (:8081) — DOWN
[2026-07-23T19:39:35Z] [viz-checker] ✗ Wiki D3.js (:8082) — DOWN
[2026-07-23T19:39:35Z] [viz-checker] Canal: dashboard:down | Source: adam-doctor
[2026-07-23T19:39:35Z] [viz-checker] Dashboard ciblé: tous
[2026-07-23T19:39:35Z] [viz-checker] Vérification des dashboards down...
[2026-07-23T19:39:35Z] [viz-checker] ✗ Monitoring (Chart.js) (:8081) — DOWN
[2026-07-23T19:39:35Z] [viz-checker] ✗ Wiki D3.js (:8082) — DOWN
[2026-07-23T19:39:35Z] [viz-checker] ✓ RAG Search (:8083) — UP (0.01s)
[2026-07-23T19:39:35Z] [viz-checker] ✓ RAG Search (:8083) — UP (0.01s)
[2026-07-23T19:39:35Z] [viz-checker] ✓ Adam-Viz 3D (Three.js) (:8084) — UP (0.00s)
[2026-07-23T19:39:35Z] [viz-checker] Vérification terminée
[2026-07-23T19:39:35Z] [viz-checker] ✓ Adam-Viz 3D (Three.js) (:8084) — UP (0.00s)
[2026-07-23T19:39:35Z] [viz-checker] Vérification terminée
[2026-07-23T19:39:39Z] [viz-checker] Canal: dashboard:down | Source: adam-doctor
[2026-07-23T19:39:39Z] [viz-checker] Dashboard ciblé: tous
[2026-07-23T19:39:39Z] [viz-checker] Vérification des dashboards down...
[2026-07-23T19:39:39Z] [viz-checker] ✗ Monitoring (Chart.js) (:8081) — DOWN
[2026-07-23T19:39:39Z] [viz-checker] ✗ Wiki D3.js (:8082) — DOWN
[2026-07-23T19:39:39Z] [viz-checker] ✓ RAG Search (:8083) — UP (0.01s)
[2026-07-23T19:39:39Z] [viz-checker] ✓ Adam-Viz 3D (Three.js) (:8084) — UP (0.00s)
[2026-07-23T19:39:39Z] [viz-checker] Vérification terminée
[2026-07-23T19:43:46Z] [viz-checker] Canal: dashboard:down | Source: hive_cycler
[2026-07-23T19:43:46Z] [viz-checker] Dashboard ciblé: tous
[2026-07-23T19:43:46Z] [viz-checker] Vérification des dashboards down...
[2026-07-23T19:43:46Z] [viz-checker] ✗ Monitoring (Chart.js) (:8081) — DOWN
[2026-07-23T19:43:46Z] [viz-checker] ✗ Wiki D3.js (:8082) — DOWN
[2026-07-23T19:43:46Z] [viz-checker] ✓ RAG Search (:8083) — UP (0.01s)
[2026-07-23T19:43:46Z] [viz-checker] ✓ Adam-Viz 3D (Three.js) (:8084) — UP (0.00s)
[2026-07-23T19:43:46Z] [viz-checker] Vérification terminée
[2026-07-23T19:43:52Z] [viz-checker] Canal: dashboard:down | Source: adam-doctor
[2026-07-23T19:43:52Z] [viz-checker] Dashboard ciblé: tous
[2026-07-23T19:43:52Z] [viz-checker] Vérification des dashboards down...
[2026-07-23T19:43:52Z] [viz-checker] ✗ Monitoring (Chart.js) (:8081) — DOWN
[2026-07-23T19:43:52Z] [viz-checker] ✗ Wiki D3.js (:8082) — DOWN
[2026-07-23T19:43:52Z] [viz-checker] ✓ RAG Search (:8083) — UP (0.01s)
[2026-07-23T19:43:52Z] [viz-checker] ✓ Adam-Viz 3D (Three.js) (:8084) — UP (0.00s)
[2026-07-23T19:43:52Z] [viz-checker] Vérification terminée
[2026-07-23T19:43:58Z] [viz-checker] Canal: dashboard:down | Source: adam-doctor
[2026-07-23T19:43:58Z] [viz-checker] Dashboard ciblé: tous
[2026-07-23T19:43:58Z] [viz-checker] Vérification des dashboards down...
[2026-07-23T19:43:58Z] [viz-checker] ✗ Monitoring (Chart.js) (:8081) — DOWN
[2026-07-23T19:43:58Z] [viz-checker] ✗ Wiki D3.js (:8082) — DOWN
[2026-07-23T19:43:58Z] [viz-checker] Canal: dashboard:down | Source: adam-doctor
[2026-07-23T19:43:58Z] [viz-checker] Dashboard ciblé: tous
[2026-07-23T19:43:58Z] [viz-checker] Vérification des dashboards down...
[2026-07-23T19:43:58Z] [viz-checker] ✗ Monitoring (Chart.js) (:8081) — DOWN
[2026-07-23T19:43:58Z] [viz-checker] ✗ Wiki D3.js (:8082) — DOWN
[2026-07-23T19:43:58Z] [viz-checker] ✓ RAG Search (:8083) — UP (0.01s)
[2026-07-23T19:43:58Z] [viz-checker] ✓ RAG Search (:8083) — UP (0.01s)
[2026-07-23T19:43:58Z] [viz-checker] ✓ Adam-Viz 3D (Three.js) (:8084) — UP (0.00s)
[2026-07-23T19:43:58Z] [viz-checker] Vérification terminée
[2026-07-23T19:43:58Z] [viz-checker] ✓ Adam-Viz 3D (Three.js) (:8084) — UP (0.00s)
[2026-07-23T19:43:58Z] [viz-checker] Vérification terminée
[2026-07-23T19:48:06Z] [viz-checker] Canal: dashboard:down | Source: hive_cycler
[2026-07-23T19:48:06Z] [viz-checker] Dashboard ciblé: tous
[2026-07-23T19:48:06Z] [viz-checker] Vérification des dashboards down...
[2026-07-23T19:48:06Z] [viz-checker] ✗ Monitoring (Chart.js) (:8081) — DOWN
[2026-07-23T19:48:06Z] [viz-checker] ✗ Wiki D3.js (:8082) — DOWN
[2026-07-23T19:48:07Z] [viz-checker] ✓ RAG Search (:8083) — UP (0.01s)
[2026-07-23T19:48:07Z] [viz-checker] ✓ Adam-Viz 3D (Three.js) (:8084) — UP (0.00s)
[2026-07-23T19:48:07Z] [viz-checker] Vérification terminée
[2026-07-23T19:48:13Z] [viz-checker] Canal: dashboard:down | Source: adam-doctor
[2026-07-23T19:48:13Z] [viz-checker] Dashboard ciblé: tous
[2026-07-23T19:48:13Z] [viz-checker] Vérification des dashboards down...
[2026-07-23T19:48:13Z] [viz-checker] ✗ Monitoring (Chart.js) (:8081) — DOWN
[2026-07-23T19:48:13Z] [viz-checker] ✗ Wiki D3.js (:8082) — DOWN
[2026-07-23T19:48:13Z] [viz-checker] ✓ RAG Search (:8083) — UP (0.01s)
[2026-07-23T19:48:13Z] [viz-checker] ✓ Adam-Viz 3D (Three.js) (:8084) — UP (0.00s)
[2026-07-23T19:48:13Z] [viz-checker] Vérification terminée
[2026-07-23T19:48:21Z] [viz-checker] Canal: dashboard:down | Source: adam-doctor
[2026-07-23T19:48:21Z] [viz-checker] Dashboard ciblé: tous
[2026-07-23T19:48:21Z] [viz-checker] Vérification des dashboards down...
[2026-07-23T19:48:21Z] [viz-checker] ✗ Monitoring (Chart.js) (:8081) — DOWN
[2026-07-23T19:48:21Z] [viz-checker] ✗ Wiki D3.js (:8082) — DOWN
[2026-07-23T19:48:21Z] [viz-checker] ✓ RAG Search (:8083) — UP (0.01s)
[2026-07-23T19:48:21Z] [viz-checker] ✓ Adam-Viz 3D (Three.js) (:8084) — UP (0.00s)
[2026-07-23T19:48:21Z] [viz-checker] Vérification terminée
[2026-07-23T19:48:23Z] [viz-checker] Canal: dashboard:down | Source: adam-doctor
[2026-07-23T19:48:23Z] [viz-checker] Dashboard ciblé: tous
[2026-07-23T19:48:23Z] [viz-checker] Vérification des dashboards down...
[2026-07-23T19:48:23Z] [viz-checker] ✗ Monitoring (Chart.js) (:8081) — DOWN
[2026-07-23T19:48:23Z] [viz-checker] ✗ Wiki D3.js (:8082) — DOWN
[2026-07-23T19:48:23Z] [viz-checker] ✓ RAG Search (:8083) — UP (0.01s)
[2026-07-23T19:48:23Z] [viz-checker] ✓ Adam-Viz 3D (Three.js) (:8084) — UP (0.00s)
[2026-07-23T19:48:23Z] [viz-checker] Vérification terminée
[2026-07-23T19:52:27Z] [viz-checker] Canal: dashboard:down | Source: hive_cycler
[2026-07-23T19:52:27Z] [viz-checker] Dashboard ciblé: tous
[2026-07-23T19:52:27Z] [viz-checker] Vérification des dashboards down...
[2026-07-23T19:52:27Z] [viz-checker] ✗ Monitoring (Chart.js) (:8081) — DOWN
[2026-07-23T19:52:27Z] [viz-checker] ✗ Wiki D3.js (:8082) — DOWN
[2026-07-23T19:52:27Z] [viz-checker] ✓ RAG Search (:8083) — UP (0.01s)
[2026-07-23T19:52:27Z] [viz-checker] ✓ Adam-Viz 3D (Three.js) (:8084) — UP (0.00s)
[2026-07-23T19:52:27Z] [viz-checker] Vérification terminée
[2026-07-23T19:52:33Z] [viz-checker] Canal: dashboard:down | Source: adam-doctor
[2026-07-23T19:52:33Z] [viz-checker] Dashboard ciblé: tous
[2026-07-23T19:52:33Z] [viz-checker] Vérification des dashboards down...
[2026-07-23T19:52:33Z] [viz-checker] ✗ Monitoring (Chart.js) (:8081) — DOWN
[2026-07-23T19:52:33Z] [viz-checker] ✗ Wiki D3.js (:8082) — DOWN
[2026-07-23T19:52:33Z] [viz-checker] ✓ RAG Search (:8083) — UP (0.01s)
[2026-07-23T19:52:33Z] [viz-checker] ✓ Adam-Viz 3D (Three.js) (:8084) — UP (0.00s)
[2026-07-23T19:52:33Z] [viz-checker] Vérification terminée
[2026-07-23T19:52:41Z] [viz-checker] Canal: dashboard:down | Source: adam-doctor
[2026-07-23T19:52:41Z] [viz-checker] Dashboard ciblé: tous
[2026-07-23T19:52:41Z] [viz-checker] Vérification des dashboards down...
[2026-07-23T19:52:41Z] [viz-checker] ✗ Monitoring (Chart.js) (:8081) — DOWN
[2026-07-23T19:52:41Z] [viz-checker] ✗ Wiki D3.js (:8082) — DOWN
[2026-07-23T19:52:41Z] [viz-checker] Canal: dashboard:down | Source: adam-doctor
[2026-07-23T19:52:41Z] [viz-checker] Dashboard ciblé: tous
[2026-07-23T19:52:41Z] [viz-checker] Vérification des dashboards down...
[2026-07-23T19:52:41Z] [viz-checker] ✗ Monitoring (Chart.js) (:8081) — DOWN
[2026-07-23T19:52:41Z] [viz-checker] ✗ Wiki D3.js (:8082) — DOWN
[2026-07-23T19:52:41Z] [viz-checker] ✓ RAG Search (:8083) — UP (0.01s)
[2026-07-23T19:52:41Z] [viz-checker] ✓ RAG Search (:8083) — UP (0.01s)
[2026-07-23T19:52:41Z] [viz-checker] ✓ Adam-Viz 3D (Three.js) (:8084) — UP (0.00s)
[2026-07-23T19:52:41Z] [viz-checker] Vérification terminée
[2026-07-23T19:52:41Z] [viz-checker] ✓ Adam-Viz 3D (Three.js) (:8084) — UP (0.00s)
[2026-07-23T19:52:41Z] [viz-checker] Vérification terminée
[2026-07-23T19:56:48Z] [viz-checker] Canal: dashboard:down | Source: hive_cycler
[2026-07-23T19:56:48Z] [viz-checker] Dashboard ciblé: tous
[2026-07-23T19:56:48Z] [viz-checker] Vérification des dashboards down...
[2026-07-23T19:56:48Z] [viz-checker] ✗ Monitoring (Chart.js) (:8081) — DOWN
[2026-07-23T19:56:48Z] [viz-checker] ✗ Wiki D3.js (:8082) — DOWN
[2026-07-23T19:56:48Z] [viz-checker] ✓ RAG Search (:8083) — UP (0.01s)
[2026-07-23T19:56:48Z] [viz-checker] ✓ Adam-Viz 3D (Three.js) (:8084) — UP (0.00s)
[2026-07-23T19:56:48Z] [viz-checker] Vérification terminée
[2026-07-23T19:56:56Z] [viz-checker] Canal: dashboard:down | Source: adam-doctor
[2026-07-23T19:56:56Z] [viz-checker] Dashboard ciblé: tous
[2026-07-23T19:56:56Z] [viz-checker] Vérification des dashboards down...
[2026-07-23T19:56:56Z] [viz-checker] ✗ Monitoring (Chart.js) (:8081) — DOWN
[2026-07-23T19:56:56Z] [viz-checker] ✗ Wiki D3.js (:8082) — DOWN
[2026-07-23T19:56:56Z] [viz-checker] ✓ RAG Search (:8083) — UP (0.01s)
[2026-07-23T19:56:56Z] [viz-checker] ✓ Adam-Viz 3D (Three.js) (:8084) — UP (0.00s)
[2026-07-23T19:56:56Z] [viz-checker] Vérification terminée
[2026-07-23T19:57:02Z] [viz-checker] Canal: dashboard:down | Source: adam-doctor
[2026-07-23T19:57:02Z] [viz-checker] Dashboard ciblé: tous
[2026-07-23T19:57:02Z] [viz-checker] Vérification des dashboards down...
[2026-07-23T19:57:02Z] [viz-checker] ✗ Monitoring (Chart.js) (:8081) — DOWN
[2026-07-23T19:57:02Z] [viz-checker] ✗ Wiki D3.js (:8082) — DOWN
[2026-07-23T19:57:02Z] [viz-checker] Canal: dashboard:down | Source: adam-doctor
[2026-07-23T19:57:02Z] [viz-checker] Dashboard ciblé: tous
[2026-07-23T19:57:02Z] [viz-checker] Vérification des dashboards down...
[2026-07-23T19:57:02Z] [viz-checker] ✗ Monitoring (Chart.js) (:8081) — DOWN
[2026-07-23T19:57:02Z] [viz-checker] ✗ Wiki D3.js (:8082) — DOWN
[2026-07-23T19:57:02Z] [viz-checker] ✓ RAG Search (:8083) — UP (0.01s)
[2026-07-23T19:57:02Z] [viz-checker] ✓ RAG Search (:8083) — UP (0.01s)
[2026-07-23T19:57:02Z] [viz-checker] ✓ Adam-Viz 3D (Three.js) (:8084) — UP (0.00s)
[2026-07-23T19:57:02Z] [viz-checker] Vérification terminée
[2026-07-23T19:57:02Z] [viz-checker] ✓ Adam-Viz 3D (Three.js) (:8084) — UP (0.00s)
[2026-07-23T19:57:02Z] [viz-checker] Vérification terminée
[2026-07-23T20:01:09Z] [viz-checker] Canal: dashboard:down | Source: hive_cycler
[2026-07-23T20:01:09Z] [viz-checker] Dashboard ciblé: tous
[2026-07-23T20:01:09Z] [viz-checker] Vérification des dashboards down...
[2026-07-23T20:01:09Z] [viz-checker] ✗ Monitoring (Chart.js) (:8081) — DOWN
[2026-07-23T20:01:09Z] [viz-checker] ✗ Wiki D3.js (:8082) — DOWN
[2026-07-23T20:01:09Z] [viz-checker] ✓ RAG Search (:8083) — UP (0.01s)
[2026-07-23T20:01:09Z] [viz-checker] ✓ Adam-Viz 3D (Three.js) (:8084) — UP (0.00s)
[2026-07-23T20:01:09Z] [viz-checker] Vérification terminée
[2026-07-23T20:01:17Z] [viz-checker] Canal: dashboard:down | Source: adam-doctor
[2026-07-23T20:01:17Z] [viz-checker] Dashboard ciblé: tous
[2026-07-23T20:01:17Z] [viz-checker] Vérification des dashboards down...
[2026-07-23T20:01:17Z] [viz-checker] ✗ Monitoring (Chart.js) (:8081) — DOWN
[2026-07-23T20:01:17Z] [viz-checker] ✗ Wiki D3.js (:8082) — DOWN
[2026-07-23T20:01:17Z] [viz-checker] ✓ RAG Search (:8083) — UP (0.01s)
[2026-07-23T20:01:17Z] [viz-checker] ✓ Adam-Viz 3D (Three.js) (:8084) — UP (0.00s)
[2026-07-23T20:01:17Z] [viz-checker] Vérification terminée
[2026-07-23T20:01:23Z] [viz-checker] Canal: dashboard:down | Source: adam-doctor
[2026-07-23T20:01:23Z] [viz-checker] Dashboard ciblé: tous
[2026-07-23T20:01:23Z] [viz-checker] Vérification des dashboards down...
[2026-07-23T20:01:23Z] [viz-checker] ✗ Monitoring (Chart.js) (:8081) — DOWN
[2026-07-23T20:01:23Z] [viz-checker] ✗ Wiki D3.js (:8082) — DOWN
[2026-07-23T20:01:23Z] [viz-checker] Canal: dashboard:down | Source: adam-doctor
[2026-07-23T20:01:23Z] [viz-checker] Dashboard ciblé: tous
[2026-07-23T20:01:23Z] [viz-checker] Vérification des dashboards down...
[2026-07-23T20:01:23Z] [viz-checker] ✗ Monitoring (Chart.js) (:8081) — DOWN
[2026-07-23T20:01:23Z] [viz-checker] ✗ Wiki D3.js (:8082) — DOWN
[2026-07-23T20:01:23Z] [viz-checker] ✓ RAG Search (:8083) — UP (0.01s)
[2026-07-23T20:01:23Z] [viz-checker] ✓ Adam-Viz 3D (Three.js) (:8084) — UP (0.00s)
[2026-07-23T20:01:23Z] [viz-checker] Vérification terminée
[2026-07-23T20:01:23Z] [viz-checker] ✓ RAG Search (:8083) — UP (0.01s)
[2026-07-23T20:01:23Z] [viz-checker] ✓ Adam-Viz 3D (Three.js) (:8084) — UP (0.00s)
[2026-07-23T20:01:23Z] [viz-checker] Vérification terminée
[2026-07-23T20:05:30Z] [viz-checker] Canal: dashboard:down | Source: hive_cycler
[2026-07-23T20:05:30Z] [viz-checker] Dashboard ciblé: tous
[2026-07-23T20:05:30Z] [viz-checker] Vérification des dashboards down...
[2026-07-23T20:05:30Z] [viz-checker] ✗ Monitoring (Chart.js) (:8081) — DOWN
[2026-07-23T20:05:30Z] [viz-checker] ✗ Wiki D3.js (:8082) — DOWN
[2026-07-23T20:05:30Z] [viz-checker] ✓ RAG Search (:8083) — UP (0.01s)
[2026-07-23T20:05:30Z] [viz-checker] ✓ Adam-Viz 3D (Three.js) (:8084) — UP (0.00s)
[2026-07-23T20:05:30Z] [viz-checker] Vérification terminée
[2026-07-23T20:05:39Z] [viz-checker] Canal: dashboard:down | Source: adam-doctor
[2026-07-23T20:05:39Z] [viz-checker] Dashboard ciblé: tous
[2026-07-23T20:05:39Z] [viz-checker] Vérification des dashboards down...
[2026-07-23T20:05:39Z] [viz-checker] ✗ Monitoring (Chart.js) (:8081) — DOWN
[2026-07-23T20:05:39Z] [viz-checker] ✗ Wiki D3.js (:8082) — DOWN
[2026-07-23T20:05:39Z] [viz-checker] ✓ RAG Search (:8083) — UP (0.01s)
[2026-07-23T20:05:39Z] [viz-checker] ✓ Adam-Viz 3D (Three.js) (:8084) — UP (0.00s)
[2026-07-23T20:05:39Z] [viz-checker] Vérification terminée
[2026-07-23T20:05:51Z] [viz-checker] Canal: dashboard:down | Source: adam-doctor
[2026-07-23T20:05:51Z] [viz-checker] Dashboard ciblé: tous
[2026-07-23T20:05:51Z] [viz-checker] Vérification des dashboards down...
[2026-07-23T20:05:51Z] [viz-checker] ✗ Monitoring (Chart.js) (:8081) — DOWN
[2026-07-23T20:05:51Z] [viz-checker] ✗ Wiki D3.js (:8082) — DOWN
[2026-07-23T20:05:51Z] [viz-checker] ✓ RAG Search (:8083) — UP (0.01s)
[2026-07-23T20:05:51Z] [viz-checker] ✓ Adam-Viz 3D (Three.js) (:8084) — UP (0.00s)
[2026-07-23T20:05:51Z] [viz-checker] Vérification terminée
[2026-07-23T20:05:53Z] [viz-checker] Canal: dashboard:down | Source: adam-doctor
[2026-07-23T20:05:53Z] [viz-checker] Dashboard ciblé: tous
[2026-07-23T20:05:53Z] [viz-checker] Vérification des dashboards down...
[2026-07-23T20:05:53Z] [viz-checker] ✗ Monitoring (Chart.js) (:8081) — DOWN
[2026-07-23T20:05:53Z] [viz-checker] ✗ Wiki D3.js (:8082) — DOWN
[2026-07-23T20:05:53Z] [viz-checker] ✓ RAG Search (:8083) — UP (0.01s)
[2026-07-23T20:05:53Z] [viz-checker] ✓ Adam-Viz 3D (Three.js) (:8084) — UP (0.00s)
[2026-07-23T20:05:53Z] [viz-checker] Vérification terminée
[2026-07-23T20:09:49Z] [viz-checker] Canal: dashboard:down | Source: hive_cycler
[2026-07-23T20:09:49Z] [viz-checker] Dashboard ciblé: tous
[2026-07-23T20:09:49Z] [viz-checker] Vérification des dashboards down...
[2026-07-23T20:09:49Z] [viz-checker] ✗ Monitoring (Chart.js) (:8081) — DOWN
[2026-07-23T20:09:49Z] [viz-checker] ✗ Wiki D3.js (:8082) — DOWN
[2026-07-23T20:09:49Z] [viz-checker] ✓ RAG Search (:8083) — UP (0.01s)
[2026-07-23T20:09:50Z] [viz-checker] ✓ Adam-Viz 3D (Three.js) (:8084) — UP (0.00s)
[2026-07-23T20:09:50Z] [viz-checker] Vérification terminée
[2026-07-23T20:10:04Z] [viz-checker] Canal: dashboard:down | Source: adam-doctor
[2026-07-23T20:10:04Z] [viz-checker] Dashboard ciblé: tous
[2026-07-23T20:10:04Z] [viz-checker] Vérification des dashboards down...
[2026-07-23T20:10:04Z] [viz-checker] ✗ Monitoring (Chart.js) (:8081) — DOWN
[2026-07-23T20:10:04Z] [viz-checker] ✗ Wiki D3.js (:8082) — DOWN
[2026-07-23T20:10:04Z] [viz-checker] Canal: dashboard:down | Source: adam-doctor
[2026-07-23T20:10:04Z] [viz-checker] Dashboard ciblé: tous
[2026-07-23T20:10:04Z] [viz-checker] Vérification des dashboards down...
[2026-07-23T20:10:04Z] [viz-checker] ✗ Monitoring (Chart.js) (:8081) — DOWN
[2026-07-23T20:10:04Z] [viz-checker] ✗ Wiki D3.js (:8082) — DOWN
[2026-07-23T20:10:04Z] [viz-checker] Canal: dashboard:down | Source: adam-doctor
[2026-07-23T20:10:04Z] [viz-checker] Dashboard ciblé: tous
[2026-07-23T20:10:04Z] [viz-checker] Vérification des dashboards down...
[2026-07-23T20:10:04Z] [viz-checker] ✗ Monitoring (Chart.js) (:8081) — DOWN
[2026-07-23T20:10:04Z] [viz-checker] ✗ Wiki D3.js (:8082) — DOWN
[2026-07-23T20:10:04Z] [viz-checker] ✓ RAG Search (:8083) — UP (0.01s)
[2026-07-23T20:10:04Z] [viz-checker] ✓ Adam-Viz 3D (Three.js) (:8084) — UP (0.00s)
[2026-07-23T20:10:04Z] [viz-checker] Vérification terminée
[2026-07-23T20:10:04Z] [viz-checker] ✓ RAG Search (:8083) — UP (0.01s)
[2026-07-23T20:10:04Z] [viz-checker] ✓ RAG Search (:8083) — UP (0.01s)
[2026-07-23T20:10:04Z] [viz-checker] ✓ Adam-Viz 3D (Three.js) (:8084) — UP (0.00s)
[2026-07-23T20:10:04Z] [viz-checker] Vérification terminée
[2026-07-23T20:10:04Z] [viz-checker] ✓ Adam-Viz 3D (Three.js) (:8084) — UP (0.00s)
[2026-07-23T20:10:04Z] [viz-checker] Vérification terminée
[2026-07-23T20:14:11Z] [viz-checker] Canal: dashboard:down | Source: hive_cycler
[2026-07-23T20:14:11Z] [viz-checker] Dashboard ciblé: tous
[2026-07-23T20:14:11Z] [viz-checker] Vérification des dashboards down...
[2026-07-23T20:14:11Z] [viz-checker] ✗ Monitoring (Chart.js) (:8081) — DOWN
[2026-07-23T20:14:11Z] [viz-checker] ✗ Wiki D3.js (:8082) — DOWN
[2026-07-23T20:14:11Z] [viz-checker] ✓ RAG Search (:8083) — UP (0.01s)
[2026-07-23T20:14:11Z] [viz-checker] ✓ Adam-Viz 3D (Three.js) (:8084) — UP (0.00s)
[2026-07-23T20:14:11Z] [viz-checker] Vérification terminée
[2026-07-23T20:14:25Z] [viz-checker] Canal: dashboard:down | Source: adam-doctor
[2026-07-23T20:14:25Z] [viz-checker] Dashboard ciblé: tous
[2026-07-23T20:14:25Z] [viz-checker] Vérification des dashboards down...
[2026-07-23T20:14:25Z] [viz-checker] ✗ Monitoring (Chart.js) (:8081) — DOWN
[2026-07-23T20:14:25Z] [viz-checker] ✗ Wiki D3.js (:8082) — DOWN
[2026-07-23T20:14:25Z] [viz-checker] Canal: dashboard:down | Source: adam-doctor
[2026-07-23T20:14:25Z] [viz-checker] Dashboard ciblé: tous
[2026-07-23T20:14:25Z] [viz-checker] Vérification des dashboards down...
[2026-07-23T20:14:25Z] [viz-checker] ✗ Monitoring (Chart.js) (:8081) — DOWN
[2026-07-23T20:14:25Z] [viz-checker] ✗ Wiki D3.js (:8082) — DOWN
[2026-07-23T20:14:25Z] [viz-checker] Canal: dashboard:down | Source: adam-doctor
[2026-07-23T20:14:25Z] [viz-checker] Dashboard ciblé: tous
[2026-07-23T20:14:25Z] [viz-checker] Vérification des dashboards down...
[2026-07-23T20:14:25Z] [viz-checker] ✗ Monitoring (Chart.js) (:8081) — DOWN
[2026-07-23T20:14:25Z] [viz-checker] ✗ Wiki D3.js (:8082) — DOWN
[2026-07-23T20:14:25Z] [viz-checker] ✓ RAG Search (:8083) — UP (0.01s)
[2026-07-23T20:14:25Z] [viz-checker] ✓ RAG Search (:8083) — UP (0.01s)
[2026-07-23T20:14:25Z] [viz-checker] ✓ Adam-Viz 3D (Three.js) (:8084) — UP (0.00s)
[2026-07-23T20:14:25Z] [viz-checker] Vérification terminée
[2026-07-23T20:14:25Z] [viz-checker] ✓ RAG Search (:8083) — UP (0.01s)
[2026-07-23T20:14:25Z] [viz-checker] ✓ Adam-Viz 3D (Three.js) (:8084) — UP (0.00s)
[2026-07-23T20:14:25Z] [viz-checker] Vérification terminée
[2026-07-23T20:14:25Z] [viz-checker] ✓ Adam-Viz 3D (Three.js) (:8084) — UP (0.00s)
[2026-07-23T20:14:25Z] [viz-checker] Vérification terminée
[2026-07-23T20:18:32Z] [viz-checker] Canal: dashboard:down | Source: hive_cycler
[2026-07-23T20:18:32Z] [viz-checker] Dashboard ciblé: tous
[2026-07-23T20:18:32Z] [viz-checker] Vérification des dashboards down...
[2026-07-23T20:18:32Z] [viz-checker] ✗ Monitoring (Chart.js) (:8081) — DOWN
[2026-07-23T20:18:32Z] [viz-checker] ✗ Wiki D3.js (:8082) — DOWN
[2026-07-23T20:18:32Z] [viz-checker] ✓ RAG Search (:8083) — UP (0.01s)
[2026-07-23T20:18:32Z] [viz-checker] ✓ Adam-Viz 3D (Three.js) (:8084) — UP (0.00s)
[2026-07-23T20:18:32Z] [viz-checker] Vérification terminée
[2026-07-23T20:18:46Z] [viz-checker] Canal: dashboard:down | Source: adam-doctor
[2026-07-23T20:18:46Z] [viz-checker] Dashboard ciblé: tous
[2026-07-23T20:18:46Z] [viz-checker] Vérification des dashboards down...
[2026-07-23T20:18:46Z] [viz-checker] ✗ Monitoring (Chart.js) (:8081) — DOWN
[2026-07-23T20:18:46Z] [viz-checker] ✗ Wiki D3.js (:8082) — DOWN
[2026-07-23T20:18:46Z] [viz-checker] Canal: dashboard:down | Source: adam-doctor
[2026-07-23T20:18:46Z] [viz-checker] Dashboard ciblé: tous
[2026-07-23T20:18:46Z] [viz-checker] Vérification des dashboards down...
[2026-07-23T20:18:46Z] [viz-checker] Canal: dashboard:down | Source: adam-doctor
[2026-07-23T20:18:46Z] [viz-checker] Dashboard ciblé: tous
[2026-07-23T20:18:46Z] [viz-checker] Vérification des dashboards down...
[2026-07-23T20:18:46Z] [viz-checker] ✗ Monitoring (Chart.js) (:8081) — DOWN
[2026-07-23T20:18:46Z] [viz-checker] ✗ Wiki D3.js (:8082) — DOWN
[2026-07-23T20:18:46Z] [viz-checker] ✗ Monitoring (Chart.js) (:8081) — DOWN
[2026-07-23T20:18:46Z] [viz-checker] ✗ Wiki D3.js (:8082) — DOWN
[2026-07-23T20:18:46Z] [viz-checker] ✓ RAG Search (:8083) — UP (0.01s)
[2026-07-23T20:18:46Z] [viz-checker] ✓ Adam-Viz 3D (Three.js) (:8084) — UP (0.00s)
[2026-07-23T20:18:46Z] [viz-checker] Vérification terminée
[2026-07-23T20:18:46Z] [viz-checker] ✓ RAG Search (:8083) — UP (0.01s)
[2026-07-23T20:18:46Z] [viz-checker] ✓ RAG Search (:8083) — UP (0.01s)
[2026-07-23T20:18:46Z] [viz-checker] ✓ Adam-Viz 3D (Three.js) (:8084) — UP (0.00s)
[2026-07-23T20:18:46Z] [viz-checker] Vérification terminée
[2026-07-23T20:18:46Z] [viz-checker] ✓ Adam-Viz 3D (Three.js) (:8084) — UP (0.00s)
[2026-07-23T20:18:46Z] [viz-checker] Vérification terminée
[2026-07-23T20:22:55Z] [viz-checker] Canal: dashboard:down | Source: hive_cycler
[2026-07-23T20:22:55Z] [viz-checker] Dashboard ciblé: tous
[2026-07-23T20:22:55Z] [viz-checker] Vérification des dashboards down...
[2026-07-23T20:22:55Z] [viz-checker] ✗ Monitoring (Chart.js) (:8081) — DOWN
[2026-07-23T20:22:55Z] [viz-checker] ✗ Wiki D3.js (:8082) — DOWN
[2026-07-23T20:22:55Z] [viz-checker] ✓ RAG Search (:8083) — UP (0.01s)
[2026-07-23T20:22:55Z] [viz-checker] ✓ Adam-Viz 3D (Three.js) (:8084) — UP (0.00s)
[2026-07-23T20:22:55Z] [viz-checker] Vérification terminée
[2026-07-23T20:23:07Z] [viz-checker] Canal: dashboard:down | Source: adam-doctor
[2026-07-23T20:23:07Z] [viz-checker] Dashboard ciblé: tous
[2026-07-23T20:23:07Z] [viz-checker] Vérification des dashboards down...
[2026-07-23T20:23:07Z] [viz-checker] Canal: dashboard:down | Source: adam-doctor
[2026-07-23T20:23:07Z] [viz-checker] Dashboard ciblé: tous
[2026-07-23T20:23:07Z] [viz-checker] Vérification des dashboards down...
[2026-07-23T20:23:07Z] [viz-checker] ✗ Monitoring (Chart.js) (:8081) — DOWN
[2026-07-23T20:23:07Z] [viz-checker] ✗ Wiki D3.js (:8082) — DOWN
[2026-07-23T20:23:07Z] [viz-checker] ✗ Monitoring (Chart.js) (:8081) — DOWN
[2026-07-23T20:23:07Z] [viz-checker] ✗ Wiki D3.js (:8082) — DOWN
[2026-07-23T20:23:07Z] [viz-checker] ✓ RAG Search (:8083) — UP (0.01s)
[2026-07-23T20:23:07Z] [viz-checker] ✓ RAG Search (:8083) — UP (0.01s)
[2026-07-23T20:23:07Z] [viz-checker] ✓ Adam-Viz 3D (Three.js) (:8084) — UP (0.00s)
[2026-07-23T20:23:07Z] [viz-checker] Vérification terminée
[2026-07-23T20:23:07Z] [viz-checker] ✓ Adam-Viz 3D (Three.js) (:8084) — UP (0.00s)
[2026-07-23T20:23:07Z] [viz-checker] Vérification terminée
[2026-07-23T20:23:11Z] [viz-checker] Canal: dashboard:down | Source: adam-doctor
[2026-07-23T20:23:11Z] [viz-checker] Dashboard ciblé: tous
[2026-07-23T20:23:11Z] [viz-checker] Vérification des dashboards down...
[2026-07-23T20:23:11Z] [viz-checker] ✗ Monitoring (Chart.js) (:8081) — DOWN
[2026-07-23T20:23:11Z] [viz-checker] ✗ Wiki D3.js (:8082) — DOWN
[2026-07-23T20:23:11Z] [viz-checker] ✓ RAG Search (:8083) — UP (0.01s)
[2026-07-23T20:23:11Z] [viz-checker] ✓ Adam-Viz 3D (Three.js) (:8084) — UP (0.00s)
[2026-07-23T20:23:11Z] [viz-checker] Vérification terminée
[2026-07-23T20:27:18Z] [viz-checker] Canal: dashboard:down | Source: hive_cycler
[2026-07-23T20:27:18Z] [viz-checker] Dashboard ciblé: tous
[2026-07-23T20:27:18Z] [viz-checker] Vérification des dashboards down...
[2026-07-23T20:27:18Z] [viz-checker] ✗ Monitoring (Chart.js) (:8081) — DOWN
[2026-07-23T20:27:18Z] [viz-checker] ✗ Wiki D3.js (:8082) — DOWN
[2026-07-23T20:27:18Z] [viz-checker] ✓ RAG Search (:8083) — UP (0.01s)
[2026-07-23T20:27:18Z] [viz-checker] ✓ Adam-Viz 3D (Three.js) (:8084) — UP (0.00s)
[2026-07-23T20:27:18Z] [viz-checker] Vérification terminée
[2026-07-23T20:27:24Z] [viz-checker] Canal: dashboard:down | Source: adam-doctor
[2026-07-23T20:27:24Z] [viz-checker] Dashboard ciblé: tous
[2026-07-23T20:27:24Z] [viz-checker] Vérification des dashboards down...
[2026-07-23T20:27:24Z] [viz-checker] ✗ Monitoring (Chart.js) (:8081) — DOWN
[2026-07-23T20:27:24Z] [viz-checker] ✗ Wiki D3.js (:8082) — DOWN
[2026-07-23T20:27:24Z] [viz-checker] ✓ RAG Search (:8083) — UP (0.01s)
[2026-07-23T20:27:24Z] [viz-checker] ✓ Adam-Viz 3D (Three.js) (:8084) — UP (0.00s)
[2026-07-23T20:27:24Z] [viz-checker] Vérification terminée
[2026-07-23T20:27:30Z] [viz-checker] Canal: dashboard:down | Source: adam-doctor
[2026-07-23T20:27:30Z] [viz-checker] Dashboard ciblé: tous
[2026-07-23T20:27:30Z] [viz-checker] Vérification des dashboards down...
[2026-07-23T20:27:30Z] [viz-checker] ✗ Monitoring (Chart.js) (:8081) — DOWN
[2026-07-23T20:27:30Z] [viz-checker] ✗ Wiki D3.js (:8082) — DOWN
[2026-07-23T20:27:30Z] [viz-checker] Canal: dashboard:down | Source: adam-doctor
[2026-07-23T20:27:30Z] [viz-checker] Dashboard ciblé: tous
[2026-07-23T20:27:30Z] [viz-checker] Vérification des dashboards down...
[2026-07-23T20:27:30Z] [viz-checker] ✗ Monitoring (Chart.js) (:8081) — DOWN
[2026-07-23T20:27:30Z] [viz-checker] ✗ Wiki D3.js (:8082) — DOWN
[2026-07-23T20:27:30Z] [viz-checker] ✓ RAG Search (:8083) — UP (0.01s)
[2026-07-23T20:27:30Z] [viz-checker] ✓ RAG Search (:8083) — UP (0.01s)
[2026-07-23T20:27:30Z] [viz-checker] ✓ Adam-Viz 3D (Three.js) (:8084) — UP (0.00s)
[2026-07-23T20:27:30Z] [viz-checker] Vérification terminée
[2026-07-23T20:27:30Z] [viz-checker] ✓ Adam-Viz 3D (Three.js) (:8084) — UP (0.00s)
[2026-07-23T20:27:30Z] [viz-checker] Vérification terminée
[2026-07-23T20:31:39Z] [viz-checker] Canal: dashboard:down | Source: hive_cycler
[2026-07-23T20:31:39Z] [viz-checker] Dashboard ciblé: tous
[2026-07-23T20:31:39Z] [viz-checker] Vérification des dashboards down...
[2026-07-23T20:31:39Z] [viz-checker] ✗ Monitoring (Chart.js) (:8081) — DOWN
[2026-07-23T20:31:39Z] [viz-checker] ✗ Wiki D3.js (:8082) — DOWN
[2026-07-23T20:31:39Z] [viz-checker] ✓ RAG Search (:8083) — UP (0.01s)
[2026-07-23T20:31:39Z] [viz-checker] ✓ Adam-Viz 3D (Three.js) (:8084) — UP (0.00s)
[2026-07-23T20:31:39Z] [viz-checker] Vérification terminée
[2026-07-23T20:31:45Z] [viz-checker] Canal: dashboard:down | Source: adam-doctor
[2026-07-23T20:31:45Z] [viz-checker] Dashboard ciblé: tous
[2026-07-23T20:31:45Z] [viz-checker] Vérification des dashboards down...
[2026-07-23T20:31:45Z] [viz-checker] ✗ Monitoring (Chart.js) (:8081) — DOWN
[2026-07-23T20:31:45Z] [viz-checker] ✗ Wiki D3.js (:8082) — DOWN
[2026-07-23T20:31:45Z] [viz-checker] ✓ RAG Search (:8083) — UP (0.01s)
[2026-07-23T20:31:45Z] [viz-checker] ✓ Adam-Viz 3D (Three.js) (:8084) — UP (0.00s)
[2026-07-23T20:31:45Z] [viz-checker] Vérification terminée
[2026-07-23T20:31:51Z] [viz-checker] Canal: dashboard:down | Source: adam-doctor
[2026-07-23T20:31:51Z] [viz-checker] Dashboard ciblé: tous
[2026-07-23T20:31:51Z] [viz-checker] Vérification des dashboards down...
[2026-07-23T20:31:51Z] [viz-checker] ✗ Monitoring (Chart.js) (:8081) — DOWN
[2026-07-23T20:31:51Z] [viz-checker] ✗ Wiki D3.js (:8082) — DOWN
[2026-07-23T20:31:51Z] [viz-checker] Canal: dashboard:down | Source: adam-doctor
[2026-07-23T20:31:51Z] [viz-checker] Dashboard ciblé: tous
[2026-07-23T20:31:51Z] [viz-checker] Vérification des dashboards down...
[2026-07-23T20:31:51Z] [viz-checker] ✗ Monitoring (Chart.js) (:8081) — DOWN
[2026-07-23T20:31:51Z] [viz-checker] ✗ Wiki D3.js (:8082) — DOWN
[2026-07-23T20:31:51Z] [viz-checker] ✓ RAG Search (:8083) — UP (0.01s)
[2026-07-23T20:31:51Z] [viz-checker] ✓ RAG Search (:8083) — UP (0.01s)
[2026-07-23T20:31:51Z] [viz-checker] ✓ Adam-Viz 3D (Three.js) (:8084) — UP (0.00s)
[2026-07-23T20:31:51Z] [viz-checker] Vérification terminée
[2026-07-23T20:31:51Z] [viz-checker] ✓ Adam-Viz 3D (Three.js) (:8084) — UP (0.00s)
[2026-07-23T20:31:51Z] [viz-checker] Vérification terminée
[2026-07-23T20:36:00Z] [viz-checker] Canal: dashboard:down | Source: hive_cycler
[2026-07-23T20:36:00Z] [viz-checker] Dashboard ciblé: tous
[2026-07-23T20:36:00Z] [viz-checker] Vérification des dashboards down...
[2026-07-23T20:36:00Z] [viz-checker] ✗ Monitoring (Chart.js) (:8081) — DOWN
[2026-07-23T20:36:00Z] [viz-checker] ✗ Wiki D3.js (:8082) — DOWN
[2026-07-23T20:36:00Z] [viz-checker] ✓ RAG Search (:8083) — UP (0.01s)
[2026-07-23T20:36:00Z] [viz-checker] ✓ Adam-Viz 3D (Three.js) (:8084) — UP (0.00s)
[2026-07-23T20:36:00Z] [viz-checker] Vérification terminée
[2026-07-23T20:36:06Z] [viz-checker] Canal: dashboard:down | Source: adam-doctor
[2026-07-23T20:36:06Z] [viz-checker] Dashboard ciblé: tous
[2026-07-23T20:36:06Z] [viz-checker] Vérification des dashboards down...
[2026-07-23T20:36:06Z] [viz-checker] ✗ Monitoring (Chart.js) (:8081) — DOWN
[2026-07-23T20:36:06Z] [viz-checker] ✗ Wiki D3.js (:8082) — DOWN
[2026-07-23T20:36:06Z] [viz-checker] ✓ RAG Search (:8083) — UP (0.01s)
[2026-07-23T20:36:06Z] [viz-checker] ✓ Adam-Viz 3D (Three.js) (:8084) — UP (0.00s)
[2026-07-23T20:36:06Z] [viz-checker] Vérification terminée
[2026-07-23T20:36:18Z] [viz-checker] Canal: dashboard:down | Source: adam-doctor
[2026-07-23T20:36:18Z] [viz-checker] Dashboard ciblé: tous
[2026-07-23T20:36:18Z] [viz-checker] Vérification des dashboards down...
[2026-07-23T20:36:18Z] [viz-checker] ✗ Monitoring (Chart.js) (:8081) — DOWN
[2026-07-23T20:36:18Z] [viz-checker] ✗ Wiki D3.js (:8082) — DOWN
[2026-07-23T20:36:18Z] [viz-checker] Canal: dashboard:down | Source: adam-doctor
[2026-07-23T20:36:18Z] [viz-checker] Dashboard ciblé: tous
[2026-07-23T20:36:18Z] [viz-checker] Vérification des dashboards down...
[2026-07-23T20:36:18Z] [viz-checker] ✗ Monitoring (Chart.js) (:8081) — DOWN
[2026-07-23T20:36:18Z] [viz-checker] ✗ Wiki D3.js (:8082) — DOWN
[2026-07-23T20:36:18Z] [viz-checker] ✓ RAG Search (:8083) — UP (0.01s)
[2026-07-23T20:36:18Z] [viz-checker] ✓ RAG Search (:8083) — UP (0.01s)
[2026-07-23T20:36:18Z] [viz-checker] ✓ Adam-Viz 3D (Three.js) (:8084) — UP (0.00s)
[2026-07-23T20:36:18Z] [viz-checker] Vérification terminée
[2026-07-23T20:36:18Z] [viz-checker] ✓ Adam-Viz 3D (Three.js) (:8084) — UP (0.00s)
[2026-07-23T20:36:18Z] [viz-checker] Vérification terminée
